stem,products,distinct_labels,dimensions,dimension,text_order,magnitude_order,text_sort_is_correct
BOX AGOGO,14,7,1,volume,1200 ML | 1600 ML | 2000 ML | 3000 ML | 5000 ML | 7000 ML | 750 ML,750 ML | 1200 ML | 1600 ML | 2000 ML | 3000 ML | 5000 ML | 7000 ML,false
BARBEL WINSTAR,12,8,1,mass,1 KG | 10 KG | 2 KG | 3 KG | 5 KG | 6 KG | 7 KG | 9 KG,1 KG | 2 KG | 3 KG | 5 KG | 6 KG | 7 KG | 9 KG | 10 KG,false
PANTENE SHAMPOO ANTI KETOMBE,8,8,1,volume,110 ML | 145 ML | 210 ML | 290 ML | 400 ML | 70 ML | 750 ML | 900 ML,70 ML | 110 ML | 145 ML | 210 ML | 290 ML | 400 ML | 750 ML | 900 ML,false
DAIA PUTIH DETERJEN BUBUK,7,7,1,mass,1.5 KG | 2.7 KG | 245 GR | 4 KG | 46 GR | 470 GR | 800 GR,46 GR | 245 GR | 470 GR | 800 GR | 1.5 KG | 2.7 KG | 4 KG,false
NATURAL PACK,7,7,1,volume,1700 ML | 1800 ML | 1900 ML | 250 ML | 400 ML | 500 ML | 800 ML,250 ML | 400 ML | 500 ML | 800 ML | 1700 ML | 1800 ML | 1900 ML,false
PANTENE SHAMPOO PERAWATAN RAMBUT RONTOK,7,7,1,volume,145 ML | 210 ML | 290 ML | 400 ML | 70 ML | 750 ML | 990 ML,70 ML | 145 ML | 210 ML | 290 ML | 400 ML | 750 ML | 990 ML,false
ABC SAMBAL ASLI,6,6,2,mass,130 ML | 270 ML | 335 ML | 380 GR | 600 ML | 65 GR,65 GR | 130 ML | 270 ML | 335 ML | 380 GR | 600 ML,false
AJINOMOTO,6,6,1,mass,1 KG | 100 GR | 250 GR | 50 GR | 500 GR | 90 GR,50 GR | 90 GR | 100 GR | 250 GR | 500 GR | 1 KG,false
AQUA,6,6,1,volume,1500 ML | 200 ML | 330 ML | 450 ML | 600 ML | 750 ML,200 ML | 330 ML | 450 ML | 600 ML | 750 ML | 1500 ML,false
DAIA PINK DETERJEN BUBUK,6,6,1,mass,1.5 KG | 2.7 KG | 245 GR | 46 GR | 470 GR | 800 GR,46 GR | 245 GR | 470 GR | 800 GR | 1.5 KG | 2.7 KG,false
DAIA VIOLET DETERJEN BUBUK,6,6,1,mass,1.5 KG | 2.7 KG | 245 GR | 46 GR | 470 GR | 800 GR,46 GR | 245 GR | 470 GR | 800 GR | 1.5 KG | 2.7 KG,false
MI-WON,6,6,1,mass,1 KG | 100 GR | 250 GR | 50 GR | 500 GR | 95 GR,50 GR | 95 GR | 100 GR | 250 GR | 500 GR | 1 KG,false
MY BABY POWDER SOFT & GENTLE,6,6,1,mass,100 GR | 169 GR | 281 GR | 350 GR | 50 GR | 500 GR,50 GR | 100 GR | 169 GR | 281 GR | 350 GR | 500 GR,false
PEPSODENT WHITE,6,6,1,mass,120 GR | 150 GR | 180 GR | 225 GR | 25 GR | 75 GR,25 GR | 75 GR | 120 GR | 150 GR | 180 GR | 225 GR,false
SASA MSG,6,6,1,mass,1 KG | 100 GR | 250 GR | 50 GR | 500 GR | 85 GR,50 GR | 85 GR | 100 GR | 250 GR | 500 GR | 1 KG,false
ABC SAMBAL EXTRA PEDAS,5,5,2,mass,130 ML | 270 ML | 335 ML | 380 GR | 65 GR,65 GR | 130 ML | 270 ML | 335 ML | 380 GR,false
CETAPHIL GENTLE SKIN CLEANSER,5,5,1,volume,1000 ML | 118 ML | 236 ML | 473 ML | 59 ML,59 ML | 118 ML | 236 ML | 473 ML | 1000 ML,false
CHITATO LITE NORI SEAWEED,5,5,1,mass,115 GR | 14 GR | 168 GR | 35 GR | 68 GR,14 GR | 35 GR | 68 GR | 115 GR | 168 GR,false
DAIA BUNGA DETERJEN BUBUK,5,5,1,mass,1.5 KG | 2.7 KG | 245 GR | 470 GR | 800 GR,245 GR | 470 GR | 800 GR | 1.5 KG | 2.7 KG,false
DAIA LEMON DETERJEN BUBUK,5,5,1,mass,1.5 KG | 245 GR | 46 GR | 470 GR | 800 GR,46 GR | 245 GR | 470 GR | 800 GR | 1.5 KG,false
DETTOL ANTISEPTIK LIQUID,5,5,1,volume,245 ML | 45 ML | 495 ML | 750 ML | 95 ML,45 ML | 95 ML | 245 ML | 495 ML | 750 ML,false
DUA KELINCI KACANG GARING,5,5,1,mass,180 GR | 35 GR | 370 GR | 75 GR | 750 GR,35 GR | 75 GR | 180 GR | 370 GR | 750 GR,false
FOOD STORAGE INTERLOCK,5,4,1,volume,180 ML | 300 ML | 500 ML | 700 ML,180 ML | 300 ML | 500 ML | 700 ML,true
HEAD & SHOULDERS SHAMPOO COOL MENTHOL,5,5,1,volume,110 ML | 300 ML | 400 ML | 70 ML | 740 ML,70 ML | 110 ML | 300 ML | 400 ML | 740 ML,false
JOHNSON'S BABY POWDER CLASSIC,5,5,1,mass,100 GR | 200 GR | 300 GR | 50 GR | 500 GR,50 GR | 100 GR | 200 GR | 300 GR | 500 GR,false
KECAP MANIS BANGO REFILL,5,5,2,mass,1.5 KG | 210 ML | 540 GR | 700 GR | 950 GR,210 ML | 540 GR | 700 GR | 950 GR | 1.5 KG,false
MAMA LIME HIGIENIS LIME & MINERAL SALT REFILL,5,5,1,volume,105 ML | 230 ML | 430 ML | 58 ML | 680 ML,58 ML | 105 ML | 230 ML | 430 ML | 680 ML,false
MASAKO KALDU AYAM,5,5,1,mass,1 KG | 100 GR | 123 GR | 250 GR | 500 GR,100 GR | 123 GR | 250 GR | 500 GR | 1 KG,false
MINYAK ANGIN CAP KAPAK,5,5,1,volume,10 ML | 28 ML | 3 ML | 5 ML | 56 ML,3 ML | 5 ML | 10 ML | 28 ML | 56 ML,false
MINYAK KAYU PUTIH CAP LANG,5,5,1,volume,120 ML | 15 ML | 210 ML | 30 ML | 60 ML,15 ML | 30 ML | 60 ML | 120 ML | 210 ML,false
MY BABY POWDER SWEET FLORAL,5,5,1,mass,100 GR | 169 GR | 350 GR | 450 GR | 50 GR,50 GR | 100 GR | 169 GR | 350 GR | 450 GR,false
PANTENE SHAMPOO ANTI LEPEK,5,5,1,volume,145 ML | 290 ML | 480 ML | 70 ML | 750 ML,70 ML | 145 ML | 290 ML | 480 ML | 750 ML,false
RINSO MOLTO PERFUME ESSENCE POWDER,5,5,1,mass,1.8 KG | 215 GR | 38 GR | 380 GR | 700 GR,38 GR | 215 GR | 380 GR | 700 GR | 1.8 KG,false
RINSO MOLTO ROSE FRESH POWDER,5,5,1,mass,1.8 KG | 195 GR | 38 GR | 380 GRAM | 700 GRAM,38 GR | 195 GR | 380 GRAM | 700 GRAM | 1.8 KG,false
SABUN CREAM EKONOMI LEMON,5,3,1,mass,145 GR | 380 GR | 67 GR,67 GR | 145 GR | 380 GR,false
SUNSILK ANTI KETOMBE RAMBUT SEHAT KUAT AI,5,5,1,volume,160 ML | 320 ML | 400 ML | 650 ML | 70 ML,70 ML | 160 ML | 320 ML | 400 ML | 650 ML,false
SUNSILK SHAMPOO BLACK SHINE,5,5,1,volume,125 ML | 160 ML | 320 ML | 650 ML | 70 ML,70 ML | 125 ML | 160 ML | 320 ML | 650 ML,false
SUNSILK SHAMPOO SOFT & SMOOTH,5,5,1,volume,125 ML | 160 ML | 320 ML | 650 ML | 70 ML,70 ML | 125 ML | 160 ML | 320 ML | 650 ML,false
AL SHIFA NATURAL HONEY,4,4,1,mass,1 KG | 125 GR | 250 GR | 500 GR,125 GR | 250 GR | 500 GR | 1 KG,false
ATTACK PLUS SOFTENER,4,4,1,mass,1.2 KG | 40 GR | 450 GR | 750 GR,40 GR | 450 GR | 750 GR | 1.2 KG,false
BAYGON AEROSOL FLOWER GARDEN,4,4,1,volume,10 ML | 400 ML | 600 ML | 750 ML,10 ML | 400 ML | 600 ML | 750 ML,true
BEBELOVE 6-12 GREAT+,4,4,1,mass,1.8 KG | 175 GR | 350 GR | 800 GR,175 GR | 350 GR | 800 GR | 1.8 KG,false
BOTOL KECAP ASTRA,4,4,1,volume,1000 ML | 200 ML | 400 ML | 500 ML,200 ML | 400 ML | 500 ML | 1000 ML,false
CHIKI TWIST ROASTED CORN,4,4,1,mass,120 GR | 15 GR | 40 GR | 75 GR,15 GR | 40 GR | 75 GR | 120 GR,false
CITRA BODY LOTION BENGKOANG NATURAL GLOW UV,4,4,1,volume,110 ML | 210 ML | 380 ML | 60 ML,60 ML | 110 ML | 210 ML | 380 ML,false
CITRA BODY LOTION PEARLY GLOW UV,4,4,1,volume,110 ML | 210 ML | 380 ML | 60 ML,60 ML | 110 ML | 210 ML | 380 ML,false
CLEAR SHAMPOO COMPLETE SOFT CARE,4,4,1,volume,125 ML | 160 ML | 300 ML | 70 ML,70 ML | 125 ML | 160 ML | 300 ML,false
CLEAR SHAMPOO ICE COOL MENTHOL UNISEX,4,4,1,volume,125 ML | 160 ML | 300 ML | 660 ML,125 ML | 160 ML | 300 ML | 660 ML,true
COUNTERPAIN COOL,4,4,1,mass,15 GR | 30 GR | 5 GR | 60 GR,5 GR | 15 GR | 30 GR | 60 GR,false
COUNTERPAIN CREAM,4,4,1,mass,15 GR | 30 GR | 5 GR | 60 GR,5 GR | 15 GR | 30 GR | 60 GR,false
DANCOW 1+ MADU,4,4,1,mass,1 KG | 160 GR | 350 GR | 750 GR,160 GR | 350 GR | 750 GR | 1 KG,false
DANCOW 1+ VANILA,4,4,1,mass,1 KG | 120 GR | 350 GR | 750 GR,120 GR | 350 GR | 750 GR | 1 KG,false
DOVE SERUM SHAMPOO PERAWATAN RAMBUT RUSAK,4,4,1,volume,135 ML | 290 ML | 680 ML | 70 ML,70 ML | 135 ML | 290 ML | 680 ML,false
DUA BELIBIS SAUS CABE,4,4,1,volume,135 ML | 235 ML | 340 ML | 535 ML,135 ML | 235 ML | 340 ML | 535 ML,true
GARUDA KACANG GARING,4,4,1,mass,200 GR | 375 GR | 50 GR | 750 GR,50 GR | 200 GR | 375 GR | 750 GR,false
GATSBY WATER GLOSS HYPER SOLID,4,4,1,mass,150 GR | 30 GR | 300 GR | 75 GR,30 GR | 75 GR | 150 GR | 300 GR,false
GIV BODY WASH MULBERRY & COLLAGEN REFILL,4,4,1,volume,250 ML | 400 ML | 60 ML | 825 ML,60 ML | 250 ML | 400 ML | 825 ML,false
GIV BODY WASH PASSION FLOWERS & SWEET BERRY REFILL,4,4,1,volume,250 ML | 400 ML | 60 ML | 825 ML,60 ML | 250 ML | 400 ML | 825 ML,false
GREENFIELDS UHT CHOCOLATE,4,4,1,volume,105 ML | 200 ML | 250 ML | 950 ML,105 ML | 200 ML | 250 ML | 950 ML,true
GREENFIELDS YOGURT BLUEBERRY,4,4,1,mass,1 KG | 110 GR | 125 GR | 500 GR,110 GR | 125 GR | 500 GR | 1 KG,false
GREENFIELDS YOGURT ORIGINAL,4,4,1,mass,1 KG | 110 GR | 125 GR | 500 GR,110 GR | 125 GR | 500 GR | 1 KG,false
GREENFIELDS YOGURT STRAWBERRY,4,4,1,mass,1 KG | 110 GR | 125 GR | 500 GR,110 GR | 125 GR | 500 GR | 1 KG,false
HARIBO GOLDBEARS,4,4,1,mass,160 GR | 200 GR | 30 GR | 80 GR,30 GR | 80 GR | 160 GR | 200 GR,false
HARIBO HAPPY COLA,4,4,1,mass,160 GR | 200 GR | 30 GR | 80 GR,30 GR | 80 GR | 160 GR | 200 GR,false
HEAD & SHOULDERS SHAMPOO LEMON FRESH,4,4,1,volume,300 ML | 400 ML | 70 ML | 740 ML,70 ML | 300 ML | 400 ML | 740 ML,false
HEAD & SHOULDERS SHAMPOO SMOOTH & SILKY,4,4,1,volume,160 ML | 300 ML | 400 ML | 70 ML,70 ML | 160 ML | 300 ML | 400 ML,false
HIT AEROSOL LILY BLOSSOM,4,4,1,volume,180 ML | 400 ML | 600 ML | 750 ML,180 ML | 400 ML | 600 ML | 750 ML,true
HIT AEROSOL ORANGE,4,4,1,volume,180 ML | 400 ML | 600 ML | 750 ML,180 ML | 400 ML | 600 ML | 750 ML,true
INDOFOOD SAMBAL EXTRA PEDAS,4,4,2,mass,1 KG | 135 ML | 275 ML | 335 ML,135 ML | 275 ML | 335 ML | 1 KG,false
JAR,4,3,1,volume,120 ML | 250 ML | 300 ML,120 ML | 250 ML | 300 ML,true
JAZ 1 PESONA SEGAR,4,4,1,mass,1.5 KG | 250 GR | 50 GR | 800 GR,50 GR | 250 GR | 800 GR | 1.5 KG,false
KECAP MANIS ABC REFILL,4,4,2,mass,250 ML | 62 ML | 685 ML | 825 GR,62 ML | 250 ML | 685 ML | 825 GR,false
KOMET SEALWARE HONEY,4,4,1,mass,0.8 KG | 1 KG | 1.5 KG | 2.5 KG,0.8 KG | 1 KG | 1.5 KG | 2.5 KG,true
KORNET SAPI PRONAS,4,3,1,mass,120 GR | 198 GR | 340 GR,120 GR | 198 GR | 340 GR,true
LIFEBUOY SHAMPOO ANTI DANDRUFF,4,4,1,volume,170 ML | 340 ML | 680 ML | 91 ML,91 ML | 170 ML | 340 ML | 680 ML,false
MADURASA MURNI,4,4,2,mass,150 GR | 250 GR | 280 GR | 910 ML,150 GR | 250 GR | 280 GR | 910 ML,true
MADURASA PREMIUM,4,4,2,mass,150 GR | 250 GR | 280 GR | 910 ML,150 GR | 250 GR | 280 GR | 910 ML,true
MAESTRO MAYONNAISE,4,4,1,mass,100 GR | 180 GR | 25 GR | 300 GR,25 GR | 100 GR | 180 GR | 300 GR,false
MAMA LEMON REFILL,4,4,1,volume,105 ML | 430 ML | 58 ML | 680 ML,58 ML | 105 ML | 430 ML | 680 ML,false
MARINA NATURAL BODY LOTION NUTRI FRESH,4,4,1,volume,190 ML | 335 ML | 475 ML | 95 ML,95 ML | 190 ML | 335 ML | 475 ML,false
MARINA NATURAL BODY LOTION RICH MOISTURIZING,4,4,1,volume,190 ML | 335 ML | 475 ML | 95 ML,95 ML | 190 ML | 335 ML | 475 ML,false
MARINA NATURAL BODY LOTION SMOOTH & GLOW,4,4,1,volume,190 ML | 335 ML | 475 ML | 95 ML,95 ML | 190 ML | 335 ML | 475 ML,false
MASAKO KALDU SAPI,4,4,1,mass,100 GR | 130 GR | 250 GR | 500 GR,100 GR | 130 GR | 250 GR | 500 GR,true
MAYONAISE KEWPIE ORIGINAL,4,4,1,mass,1 KG | 150 GR | 300 GR | 70 GR,70 GR | 150 GR | 300 GR | 1 KG,false
MINYAK TELON LANG,4,4,1,volume,100 ML | 150 ML | 30 ML | 60 ML,30 ML | 60 ML | 100 ML | 150 ML,false
NARAYA UNIQCORN POPCORN CARAMEL,4,4,1,mass,120 GR | 170 GR | 260 GR | 55 GR,55 GR | 120 GR | 170 GR | 260 GR,false
NARAYA UNIQCORN POPCORN CHOCOLATE,4,4,1,mass,120 GR | 170 GR | 260 GR | 55 GR,55 GR | 120 GR | 170 GR | 260 GR,false
NATURAL PACK KOMET,4,4,1,volume,1700 ML | 1800 ML | 400 ML | 500 ML,400 ML | 500 ML | 1700 ML | 1800 ML,false
NUTELLA,4,3,1,mass,200 GR | 350 GR | 680 GR,200 GR | 350 GR | 680 GR,true
NUVO BODY WASH TOTAL PROTECT REFILL,4,4,2,mass,250 ML | 400 ML | 60 ML | 800 GR,60 ML | 250 ML | 400 ML | 800 GR,false
PANTENE CONDITIONER PERAWATAN RAMBUT RONTOK,4,4,1,volume,145 ML | 210 ML | 260 ML | 75 ML,75 ML | 145 ML | 210 ML | 260 ML,false
PANTENE SHAMPOO HITAM & PANJANG,4,4,1,volume,145 ML | 210 ML | 290 ML | 70 ML,70 ML | 145 ML | 210 ML | 290 ML,false
PANTENE SHAMPOO PERAWATAN HALUS & LEMBUT,4,4,1,volume,145 ML | 210 ML | 290 ML | 70 ML,70 ML | 145 ML | 210 ML | 290 ML,false
PANTENE SHAMPOO PERAWATAN TOTAL RAMBUT RUSAK,4,4,1,volume,210 ML | 290 ML | 70 ML | 750 ML,70 ML | 210 ML | 290 ML | 750 ML,false
PAPER BOWL AYAM JAGO + TUTUP ISI 5 PCS,4,4,1,volume,360 ML | 500 ML | 650 ML | 800 ML,360 ML | 500 ML | 650 ML | 800 ML,true
PEPSODENT ACTION 123 HERBAL,4,4,1,mass,100 GR | 120 GR | 150 GR | 75 GR,75 GR | 100 GR | 120 GR | 150 GR,false
PERFECT,4,4,1,volume,1000 ML | 200 ML | 300 ML | 500 ML,200 ML | 300 ML | 500 ML | 1000 ML,false
REJOICE SHAMPOO MOISTURE SMOOTH,4,4,1,volume,135 ML | 340 ML | 600 ML | 70 ML,70 ML | 135 ML | 340 ML | 600 ML,false
REJOICE SHAMPOO RICH SOFT SMOOTH,4,4,1,volume,105 ML | 290 ML | 640 ML | 70 ML,70 ML | 105 ML | 290 ML | 640 ML,false
SIDOLA KAYU PUTIH,4,4,1,volume,100 ML | 15 ML | 30 ML | 60 ML,15 ML | 30 ML | 60 ML | 100 ML,false
SIWAK-F,4,4,1,mass,120 GR | 190 GR | 50 GR | 80 GR,50 GR | 80 GR | 120 GR | 190 GR,false
SOKLIN LIQUID SOFTERGENT PINK REFILL,4,4,1,volume,100 ML | 210 ML | 400 ML | 700 ML,100 ML | 210 ML | 400 ML | 700 ML,true
SOKLIN SOFTERGENT MAGNOLIA & BERRIES,4,4,1,mass,1.5 KG | 215 GR | 41 GR | 700 GR,41 GR | 215 GR | 700 GR | 1.5 KG,false
SOKLIN SOFTERGENT SAKURA STRAWBERRY,4,4,1,mass,1.44 KG | 2.7 KG | 215 GR | 720 GR,215 GR | 720 GR | 1.44 KG | 2.7 KG,false
TANGO WAFER CHOCOLATE,4,4,1,mass,133 GR | 35 GR | 5 GR | 75 GR,5 GR | 35 GR | 75 GR | 133 GR,false
TEH UPET,4,4,1,mass,125 GR | 250 GR | 35 GR | 60 GR,35 GR | 60 GR | 125 GR | 250 GR,false
TEMPAT KECAP DP (WARNA RANDOM),4,4,1,volume,1000 ML | 200 ML | 400 ML | 500 ML,200 ML | 400 ML | 500 ML | 1000 ML,false
TEPUNG BUMBU SERBAGUNA SAJIKU,4,4,1,mass,220 GR | 40 GR | 80 GR | 900 GR,40 GR | 80 GR | 220 GR | 900 GR,false
TEPUNG MAIZENA HONIG,4,4,1,mass,100 GR | 150 GR | 300 GR | 750 GR,100 GR | 150 GR | 300 GR | 750 GR,true
THINWALL MANGKOK BULAT + TUTUP ISI 5 PCS,4,4,1,volume,1000 ML | 500 ML | 650 ML | 750 ML,500 ML | 650 ML | 750 ML | 1000 ML,false
ULTRA MILK UHT COKELAT,4,4,1,volume,1000 ML | 125 ML | 200 ML | 250 ML,125 ML | 200 ML | 250 ML | 1000 ML,false
ULTRA MILK UHT FULL CREAM,4,4,1,volume,1000 ML | 125 ML | 200 ML | 250 ML,125 ML | 200 ML | 250 ML | 1000 ML,false
VAPE AEROSOL ORANGE,4,4,1,volume,240 ML | 400 ML | 600 ML | 750 ML,240 ML | 400 ML | 600 ML | 750 ML,true
VIT,4,4,1,volume,1500 ML | 200 ML | 220 ML | 550 ML,200 ML | 220 ML | 550 ML | 1500 ML,false
A SATU ROSE BRAND MSG,3,3,1,mass,100 GR | 250 GR | 50 GR,50 GR | 100 GR | 250 GR,false
ABC SAMBAL EXTREME PEDAS,3,3,2,mass,130 ML | 270 ML | 65 GR,65 GR | 130 ML | 270 ML,false
AL SHIFA ACACIA HONEY,3,3,1,mass,125 GR | 250 GR | 500 GR,125 GR | 250 GR | 500 GR,true
AL SHIFA BLACK FOREST HONEY,3,3,1,mass,125 GR | 250 GR | 500 GR,125 GR | 250 GR | 500 GR,true
ANLENE GOLD PLUS COKLAT,3,3,1,mass,230 GR | 560 GR | 825 GR,230 GR | 560 GR | 825 GR,true
ANTIPLAQUE TOOTHPASTE,3,3,1,mass,110 GR | 180 GR | 75 GR,75 GR | 110 GR | 180 GR,false
ASTOR DOUBLE COKLAT,3,3,1,mass,330 GR | 40 GR | 80 GR,40 GR | 80 GR | 330 GR,false
ASTRA FACIAL COTTON,3,3,1,mass,30 GR | 40 GR | 50 GR,30 GR | 40 GR | 50 GR,true
ATLANTA TOPLES,3,3,1,mass,1 KG | 1.5 KG | 2.5 KG,1 KG | 1.5 KG | 2.5 KG,true
BAGUS SERAP AIR,3,3,1,mass,125 GR | 25 GR | 260 GR,25 GR | 125 GR | 260 GR,false
BALSEM OTOT GELIGA,3,3,1,mass,10 GR | 20 GR | 40 GR,10 GR | 20 GR | 40 GR,true
BARBEL,3,3,1,mass,2 KG | 3 KG | 4 KG,2 KG | 3 KG | 4 KG,true
BAYCLIN REGULAR,3,3,1,volume,100 ML | 200 ML | 500 ML,100 ML | 200 ML | 500 ML,true
BAYGON AEROSOL SILKY LAVENDER,3,3,1,volume,200 ML | 450 ML | 600 ML,200 ML | 450 ML | 600 ML,true
BEBELAC 1+ HONEY GREAT+,3,3,1,mass,1000 GR | 175 GR | 600 GR,175 GR | 600 GR | 1000 GR,false
BEBELAC 1+ VANILLA GREAT+,3,3,1,mass,1000 GR | 350 GR | 600 GR,350 GR | 600 GR | 1000 GR,false
BEBELOVE 0-6 GREAT+,3,3,1,mass,1.800 GR | 175 GR | 350 GR,1.800 GR | 175 GR | 350 GR,true
BERAS ANAK RAJA FORTIFIKASI PULEN WANGI,3,3,1,mass,1 KG | 2.5 KG | 5 KG,1 KG | 2.5 KG | 5 KG,true
BERAS KEPALA PANDAN WANGI BUDI ASIH,3,3,1,mass,1 KG | 10 KG | 5 KG,1 KG | 5 KG | 10 KG,false
BERAS PREMIUM 818 ORANGE,3,3,1,mass,1 KG | 2 KG | 5 KG,1 KG | 2 KG | 5 KG,true
BETADINE ANTISEPTIC SOLUTION,3,3,1,volume,15 ML | 30 ML | 60 ML,15 ML | 30 ML | 60 ML,true
BIORE BODY FOAM PURE MILD REFILL,3,3,1,volume,250 ML | 400 ML | 800 ML,250 ML | 400 ML | 800 ML,true
BIORE BODY FOAM RELAXING AROMATIC REFILL,3,3,1,volume,250 ML | 400 ML | 800 ML,250 ML | 400 ML | 800 ML,true
BIORE GUARD BODY FOAM ACTIVE ANTIBACTERIAL BOTOL,3,3,1,volume,100 ML | 250 ML | 550 ML,100 ML | 250 ML | 550 ML,true
BOTOL ASI,3,3,1,volume,100 ML | 1000 ML | 500 ML,100 ML | 500 ML | 1000 ML,false
BUAVITA JUICE APPLE,3,3,1,volume,1000 ML | 245 ML | 500 ML,245 ML | 500 ML | 1000 ML,false
BUAVITA JUICE MANGO,3,3,1,volume,1000 ML | 245 ML | 500 ML,245 ML | 500 ML | 1000 ML,false
C- KOTAK PENYIMPANAN SUS316,3,3,1,volume,1200 ML | 1500 ML | 600 ML,600 ML | 1200 ML | 1500 ML,false
CADBURY DAIRY MILK,3,3,1,mass,135 GR | 22 GR | 52 GR,22 GR | 52 GR | 135 GR,false
CADBURY DAIRY MILK OREO,3,3,1,mass,40 GR | 58.5 GR | 60 GR,40 GR | 58.5 GR | 60 GR,true
CARRERA SHAMPOO MOBIL REFILL,3,2,1,volume,400 ML | 800 ML,400 ML | 800 ML,true
CERES CLASSIC,3,3,1,mass,140 GR | 320 GR | 80 GR,80 GR | 140 GR | 320 GR,false
CHIKI TWIST GRILLED CHICKEN,3,3,1,mass,15 GR | 40 GR | 75 GR,15 GR | 40 GR | 75 GR,true
CHITATO SAPI PANGGANG,3,3,1,mass,115 GR | 35 GR | 65 GR,35 GR | 65 GR | 115 GR,false
CHOMP CHOMP MALLOW PLAIN,3,3,1,mass,200 GR | 24 GRAM | 60 GR,24 GRAM | 60 GR | 200 GR,false
CORINA HAIR SPRAY,3,3,1,volume,150 ML | 160 ML | 75 ML,75 ML | 150 ML | 160 ML,false
CUKA DIXI,3,3,2,mass,100 ML | 150 ML | 650 GR,100 ML | 150 ML | 650 GR,true
CUP DM PLASTIK + TUTUP ISI 5,3,3,1,volume,1000 ML | 200 ML | 500 ML,200 ML | 500 ML | 1000 ML,false
CUP DM PLASTIK + TUTUP ISI 5 PCS,3,3,1,volume,400 ML | 650 ML | 750 ML,400 ML | 650 ML | 750 ML,true
CUSSONS BABY HAIR LOTION CANDLE NUT & CELERY,3,3,1,volume,100 ML | 200 ML | 50 ML,50 ML | 100 ML | 200 ML,false
CUSSONS BABY HAIR LOTION COCONUT OIL & ALOE VERA,3,3,1,volume,100 ML | 200 ML | 50 ML,50 ML | 100 ML | 200 ML,false
CUSSONS BABY POWDER FRESH & NOURISH,3,3,1,mass,130 GR | 300 GR | 75 GR,75 GR | 130 GR | 300 GR,false
CUSSONS BABY POWDER MILD & GENTLE,3,3,1,mass,130 GR | 300 GR | 50 GR,50 GR | 130 GR | 300 GR,false
DAIA CLEAN & FRESH HIJAB DETERJEN BUBUK,3,3,1,mass,1.5 KG | 4 KG | 800 GR,800 GR | 1.5 KG | 4 KG,false
DANCOW 3+ MADU,3,3,1,mass,1 KG | 200 GR | 800 GR,200 GR | 800 GR | 1 KG,false
DANCOW 3+ VANILA,3,3,1,mass,1 KG | 350 GR | 750 GR,350 GR | 750 GR | 1 KG,false
DANCOW 5+ COKLAT,3,3,1,mass,1 KG | 400 GR | 750 GR,400 GR | 750 GR | 1 KG,false
DANCOW 5+ MADU,3,3,1,mass,1 KG | 350 GR | 800 GR,350 GR | 800 GR | 1 KG,false
DANCOW FORTIGRO,3,3,1,mass,195 GR | 390 GR | 780 GR,195 GR | 390 GR | 780 GR,true
DANCOW FORTIGRO COKLAT,3,3,1,mass,195 GR | 390 GR | 780 GR,195 GR | 390 GR | 780 GR,true
DARLIE DOUBLE ACTION ORIGINAL STRONG MINT,3,3,1,mass,120 GR | 225 GR | 75 GR,75 GR | 120 GR | 225 GR,false
DETTOL BODY WASH ORIGINAL BOTOL,3,3,2,mass,100 GR | 300 ML | 500 GR,100 GR | 300 ML | 500 GR,true
DETTOL BODY WASH SENSITIVE LAVENDER & WHITE MUSK BOTOL,3,3,1,volume,100 ML | 300 ML | 625 ML,100 ML | 300 ML | 625 ML,true
DETTOL HAND SANITIZER ORIGINAL,3,2,1,volume,200 ML | 50 ML,50 ML | 200 ML,false
DORA UMPAN TIKUS,3,3,1,mass,100 GR | 200 GR | 50 GR,50 GR | 100 GR | 200 GR,false
DOVE SERUM SHAMPOO PERAWATAN RAMBUT RONTOK,3,3,1,volume,290 ML | 680 ML | 70 ML,70 ML | 290 ML | 680 ML,false
DOVE SHAMPOO BIOTIN HAIRFALL CONTROL,3,3,1,volume,155 ML | 290 ML | 400 ML,155 ML | 290 ML | 400 ML,true
DOWNY ALLURE REFILL,3,3,1,volume,590 ML | 650 ML | 850 ML,590 ML | 650 ML | 850 ML,true
DOWNY PASSION REFILL,3,3,1,volume,1.35 ML | 550 ML | 875 ML,1.35 ML | 550 ML | 875 ML,true
DOWNY PERFUME SERUM MILKY TOUCH REFILL,3,3,1,volume,1350 ML | 500 ML | 820 ML,500 ML | 820 ML | 1350 ML,false
ELLENKA FIBER CREAMER,3,3,1,mass,100 GR | 168 GR | 450 GR,100 GR | 168 GR | 450 GR,true
EMERON LOVELY NATURALS BODY LOTION DEEP CARING,3,3,1,volume,100 ML | 200 ML | 400 ML,100 ML | 200 ML | 400 ML,true
EMERON SHAMPOO DAMAGE CARE AVOCADO,3,3,1,volume,170 ML | 340 ML | 70 ML,70 ML | 170 ML | 340 ML,false
EMERON SHAMPOO SOFT SMOOTH,3,3,1,volume,170 ML | 340 ML | 70 ML,70 ML | 170 ML | 340 ML,false
ENFAGROW ESSENTIAL 3 VANILLA,3,3,1,mass,240 GR | 400 GR | 800 GR,240 GR | 400 GR | 800 GR,true
ENTRASOL GOLD VANILLA,3,3,1,mass,170 GR | 340 GR | 560 GR,170 GR | 340 GR | 560 GR,true
ENZIM FRESH MINT,3,3,1,mass,124 GR | 160 GR | 63 GR,63 GR | 124 GR | 160 GR,false
FAIR & LOVELY KRIM VIT C,3,3,1,mass,20 GR | 40 GR | 7 GR,7 GR | 20 GR | 40 GR,false
FC FACIAL COTTON,3,3,1,mass,35 GR | 50 GR | 75 GR,35 GR | 50 GR | 75 GR,true
FRENCH FRIES PREMIUM,3,3,1,mass,130 GR | 24 GR | 62 GR,24 GR | 62 GR | 130 GR,false
FRES & NATURAL HIJAB REFRESH COTTON DREAMS,3,3,2,mass,100 ML | 18 ML | 76 GR,18 ML | 76 GR | 100 ML,false
GARAM DOLPIN,3,3,1,mass,1 KG | 250 GR | 500 GR,250 GR | 500 GR | 1 KG,false
GARAM GURIH,3,3,1,mass,250 GR | 300 GR | 500 GR,250 GR | 300 GR | 500 GR,true
GARAM LODAN,3,3,1,mass,1 KG | 250 GR | 600 GR,250 GR | 600 GR | 1 KG,false
GARNIER MICELLAR CLEANSING WATER SALICYLIC BHA,3,3,1,volume,125 ML | 400 ML | 50 ML,50 ML | 125 ML | 400 ML,false
GATSBY DEO PERFUME SPRAY GOLD,3,3,1,volume,100 ML | 175 ML | 50 ML,50 ML | 100 ML | 175 ML,false
GATSBY TREATMENT HAIR CREAM NORMAL,3,3,1,mass,125 GR | 250 GR | 70 GR,70 GR | 125 GR | 250 GR,false
GIV BODY WASH BENGKOANG & YOGHURT REFILL,3,3,1,volume,250 ML | 400 ML | 60 ML,60 ML | 250 ML | 400 ML,false
GIV BODY WASH DAMASK ROSE & CHERRY BLOSSOM REFILL,3,3,1,volume,250 ML | 400 ML | 60 ML,60 ML | 250 ML | 400 ML,false
GIV BODY WASH PAPAYA & HONEY REFILL,3,3,1,volume,250 ML | 450 ML | 60 ML,60 ML | 250 ML | 450 ML,false
GIV BODY WASH WATER LILY & CHAMOMILE REFILL,3,3,1,volume,250 ML | 450 ML | 60 ML,60 ML | 250 ML | 450 ML,false
GIV BODY WASH WHITE FLOWERS & VANILLA REFILL,3,3,1,volume,250 ML | 400 ML | 60 ML,60 ML | 250 ML | 400 ML,false
GOALPARA TEH,3,3,1,mass,100 GR | 250 GR | 50 GR,50 GR | 100 GR | 250 GR,false
GRANOLA CREATIONS DARK CHOCOLATE & BANANA,3,3,1,mass,200 GR | 400 GR | 60 GR,60 GR | 200 GR | 400 GR,false
GREENFIELDS UHT STRAWBERRY,3,3,1,volume,105 ML | 200 ML | 250 ML,105 ML | 200 ML | 250 ML,true
GREENFIELDS YOGURT MANGO,3,3,1,mass,110 GR | 125 GR | 500 GR,110 GR | 125 GR | 500 GR,true
GUNUNG MAS TEA,3,3,1,mass,100 GR | 250 GR | 50 GR,50 GR | 100 GR | 250 GR,false
HAMSTER FOOD,3,3,1,mass,1 KG | 100 GR | 300 GR,100 GR | 300 GR | 1 KG,false
HEAD & SHOULDERS SHAMPOO SUPREME MOISTURE,3,3,1,volume,135 ML | 330 ML | 480 ML,135 ML | 330 ML | 480 ML,true
HEAD & SHOULDERS SHAMPOO SUPREME SMOOTH,3,3,1,volume,135 ML | 330 ML | 480 ML,135 ML | 330 ML | 480 ML,true
HILO TEEN COKLAT,3,3,1,mass,250 GR | 500 GR | 750 GR,250 GR | 500 GR | 750 GR,true
HIT AER JAPANESE SAKURA,3,3,1,volume,180 ML | 400 ML | 600 ML,180 ML | 400 ML | 600 ML,true
HIT AEROSOL COTTON POWDER,3,3,1,volume,400 ML | 600 ML | 750 ML,400 ML | 600 ML | 750 ML,true
HIT AEROSOL EXPERT FRESH CITRUS,3,3,1,volume,225 ML | 400 ML | 600 ML,225 ML | 400 ML | 600 ML,true
HIT AEROSOL LAVENDER BREEZE,3,3,1,volume,400 ML | 600 ML | 750 ML,400 ML | 600 ML | 750 ML,true
HONEY,3,3,1,mass,1 KG | 1.5 KG | 2.5 KG,1 KG | 1.5 KG | 2.5 KG,true
INDOCAFE ORIGINAL BLEND BOTOL,3,3,1,mass,100 GR | 200 GR | 50 GR,50 GR | 100 GR | 200 GR,false
INDOFOOD SAMBAL PEDAS,3,3,1,volume,135 ML | 275 ML | 335 ML,135 ML | 275 ML | 335 ML,true
INDOFOOD SAMBAL PEDAS DAHSYAT,3,3,1,volume,135 ML | 275 ML | 335 ML,135 ML | 275 ML | 335 ML,true
JAR HEXA,3,3,1,volume,100 ML | 190 ML | 320 ML,100 ML | 190 ML | 320 ML,true
JAZ 1 SEMERBAK CINTA,3,3,1,mass,1.5 KG | 50 GR | 800 GR,50 GR | 800 GR | 1.5 KG,false
JETZ CHOCO FIESTA,3,3,1,mass,12 GR | 40 GR | 65 GR,12 GR | 40 GR | 65 GR,true
JOHNSON'S BABY OIL REGULAR,3,3,1,volume,125 ML | 200 ML | 50 ML,50 ML | 125 ML | 200 ML,false
JOHNSON'S BABY POWDER BLOSSOMS,3,3,1,mass,300 GR | 50 GR | 500 GR,50 GR | 300 GR | 500 GR,false
JOHNSON'S BABY SHAMPOO GOLD,3,3,1,volume,100 ML | 200 ML | 50 ML,50 ML | 100 ML | 200 ML,false
K NATURAL WHITE BODY WASH COTTON FLOWER REFILL,3,3,1,volume,200 ML | 400 ML | 60 ML,60 ML | 200 ML | 400 ML,false
KACANG ATOM JAMBU,3,3,1,mass,150 GR | 225 GR | 65 GR,65 GR | 150 GR | 225 GR,false
KACANG MENTARI DISCO DUS,3,3,1,mass,100 GR | 200 GR | 400 GR,100 GR | 200 GR | 400 GR,true
KAPAL API SPECIAL MERAH,3,3,1,mass,150 GR | 250 GR | 350 GR,150 GR | 250 GR | 350 GR,true
KECAP INGGRIS ASIA,3,3,1,volume,135 ML | 320 ML | 620 ML,135 ML | 320 ML | 620 ML,true
KECAP MANIS ABC,3,3,1,volume,130 ML | 275 ML | 620 ML,130 ML | 275 ML | 620 ML,true
KECAP MANIS SEDAAP REFILL,3,3,2,mass,250 GR | 63 ML | 700 GR,63 ML | 250 GR | 700 GR,false
KECAP MANIS SEDAAP SPECIAL REFILL,3,3,2,mass,270 GR | 60 ML | 725 GR,60 ML | 270 GR | 725 GR,false
KECAP MANIS SEDANG BOROBUDUR,3,3,1,volume,140 ML | 400 ML | 600 ML,140 ML | 400 ML | 600 ML,true
KELLY LEMON SOAP,3,3,1,mass,15 GR | 25 GR | 75 GR,15 GR | 25 GR | 75 GR,true
KHONG GUAN CREAM CRACKERS,3,3,1,mass,120 GR | 200 GR | 300 GR,120 GR | 200 GR | 300 GR,true
KIMCHI MOM PREMIUM,3,3,1,mass,150 GR | 220 GR | 75 GR,75 GR | 150 GR | 220 GR,false
KIWI PASTE SP BLACK,3,3,1,volume,100 ML | 17.5 ML | 45 ML,17.5 ML | 45 ML | 100 ML,false
KONICARE MINYAK KAYU PUTIH PLUS,3,3,1,volume,125 ML | 30 ML | 60 ML,30 ML | 60 ML | 125 ML,false
KORNET SAPI PRONAS RASA PEDAS,3,3,1,mass,198 GR | 340 GR | 50 GR,50 GR | 198 GR | 340 GR,false
KUSUKA KERIPIK SINGKONG BBQ,3,3,1,mass,180 GR | 400 GR | 60 GR,60 GR | 180 GR | 400 GR,false
LACTACYD BABY BLUE GENTLE CARE,3,3,1,volume,150 ML | 250 ML | 60 ML,60 ML | 150 ML | 250 ML,false
LACTOGROW PRO 1+ HAPPYNUTRI MADU,3,3,1,mass,180 GR | 350 GR | 735 GR,180 GR | 350 GR | 735 GR,true
LAY'S RUMPUT LAUT,3,3,1,mass,120 GR | 168 GR | 45 GR,45 GR | 120 GR | 168 GR,false
LE MINERALE,3,3,1,volume,1500 ML | 330 ML | 600 ML,330 ML | 600 ML | 1500 ML,false
LIFEBUOY BODY WASH CHARCOAL & MINT REFILL,3,3,1,volume,250 ML | 400 ML | 850 ML,250 ML | 400 ML | 850 ML,true
LIFEBUOY BODY WASH JAPANESE SHISO & SANDALWOOD SCENT REFILL,3,3,1,volume,250 ML | 400 ML | 825 ML,250 ML | 400 ML | 825 ML,true
LIFEBUOY BODY WASH LEMON FRESH BOTOL,3,3,1,volume,100 ML | 300 ML | 500 ML,100 ML | 300 ML | 500 ML,true
LIFEBUOY BODY WASH LEMON FRESH REFILL,3,3,1,volume,240 ML | 380 ML | 800 ML,240 ML | 380 ML | 800 ML,true
LIFEBUOY BODY WASH MILD CARE BOTOL,3,3,1,volume,100 ML | 300 ML | 500 ML,100 ML | 300 ML | 500 ML,true
LIFEBUOY BODY WASH MILD CARE REFILL,3,3,1,volume,250 ML | 380 ML | 800 ML,250 ML | 380 ML | 800 ML,true
LIFEBUOY BODY WASH TOTAL 10 BOTOL,3,3,2,mass,100 GR | 300 ML | 500 ML,100 GR | 300 ML | 500 ML,true
LIFEBUOY HAND WASH TOTAL 10 REFILL,3,3,1,volume,180 ML | 220 ML | 400 ML,180 ML | 220 ML | 400 ML,true
LIFEBUOY SHAMPO ANTI KETOMBE MENTHOL DINGIN,3,2,1,volume,170 ML | 340 ML,170 ML | 340 ML,true
LIFEBUOY SHAMPOO ANTI KETOMBE,3,3,1,volume,10 ML | 170 ML | 340 ML,10 ML | 170 ML | 340 ML,true
LIFEBUOY SHAMPOO STRONG & SHINY,3,3,1,volume,340 ML | 680 ML | 91 ML,91 ML | 340 ML | 680 ML,false
LISTERINE COOL MINT,3,3,1,volume,100 ML | 250 ML | 500 ML,100 ML | 250 ML | 500 ML,true
LISTERINE FRESHBURST,3,3,1,volume,100 ML | 250 ML | 500 ML,100 ML | 250 ML | 500 ML,true
LISTERINE NATURAL GREEN TEA,3,3,1,volume,100 ML | 250 ML | 500 ML,100 ML | 250 ML | 500 ML,true
LISTERINE ZERO,3,3,1,volume,100 ML | 250 ML | 500 ML,100 ML | 250 ML | 500 ML,true
LOVE BEAUTY & PLANET BODY WASH PETAL SOFT,3,3,1,volume,200 ML | 400 ML | 900 ML,200 ML | 400 ML | 900 ML,true
LUX BOTANICALS MAGICAL ORCHID REFILL,3,3,1,volume,250 ML | 380 ML | 800 ML,250 ML | 380 ML | 800 ML,true
LUX BOTANICALS VELVET JASMINE REFILL,3,3,2,mass,250 ML | 380 GR | 800 ML,250 ML | 380 GR | 800 ML,true
MADU FLORA MADU HUTAN TROPIS,3,3,1,volume,100 ML | 350 ML | 650 ML,100 ML | 350 ML | 650 ML,true
MADU FLORA MADU PUTIH SUMBAWA,3,3,1,volume,100 ML | 350 ML | 650 ML,100 ML | 350 ML | 650 ML,true
MADU MURNI NUSANTARA,3,3,1,volume,100 ML | 250 ML | 650 ML,100 ML | 250 ML | 650 ML,true
MADU SUPER NUSANTARA,3,3,1,volume,100 ML | 250 ML | 650 ML,100 ML | 250 ML | 650 ML,true
MADU TERNAKAN MULTISARI,3,3,2,mass,100 GR | 250 ML | 650 ML,100 GR | 250 ML | 650 ML,true
MADU TJ JAHE MERAH MINT,3,3,1,mass,150 GR | 250 GR | 500 GR,150 GR | 250 GR | 500 GR,true
MADU TJ MURNI,3,3,1,mass,150 GR | 250 GR | 500 GR,150 GR | 250 GR | 500 GR,true
MADU TJ SUPER,3,3,1,mass,150 GR | 250 GR | 500 GR,150 GR | 250 GR | 500 GR,true
MAKURA MINI,3,2,1,mass,120 GR | 30 GR,30 GR | 120 GR,false
MAMA LEMON JERUK NIPIS REFILL,3,3,1,volume,105 ML | 430 ML | 610 ML,105 ML | 430 ML | 610 ML,true
MARGARIN BLUE BAND SERBAGUNA,3,3,1,mass,1 KG | 200 GR | 230 GR,200 GR | 230 GR | 1 KG,false
MARINA NATURAL BODY LOTION NOURISHED & HEALTHY,3,3,1,volume,190 ML | 335 ML | 95 ML,95 ML | 190 ML | 335 ML,false
MARINA NATURAL BODY LOTION PROTECTS & CARES,3,3,1,volume,190 ML | 335 ML | 95 ML,95 ML | 190 ML | 335 ML,false
MARINA UV WHITE BODY LOTION BRIGHT & FRESH,3,3,1,volume,185 ML | 460 ML | 92 ML,92 ML | 185 ML | 460 ML,false
MARINA UV WHITE BODY LOTION E COLLAGEN ASTA,3,3,1,volume,185 ML | 460 ML | 92 ML,92 ML | 185 ML | 460 ML,false
MARINA UV WHITE BODY LOTION HEALTHY & GLOW,3,3,1,volume,185 ML | 460 ML | 92 ML,92 ML | 185 ML | 460 ML,false
MARIZA PEANUT BUTTER JAM,3,3,1,mass,155 GR | 225 GR | 325 GR,155 GR | 225 GR | 325 GR,true
MAX CREAMER JAR,3,3,1,mass,200 GR | 280 GR | 450 GR,200 GR | 280 GR | 450 GR,true
MAXICORN ROASTED CORN,3,3,1,mass,140 GR | 25 GR | 55 GR,25 GR | 55 GR | 140 GR,false
MINYAK ANGIN LANG,3,3,1,volume,24 ML | 3 ML | 6 ML,3 ML | 6 ML | 24 ML,false
MINYAK CAP LANG EKALIPTUS AROMATHERAPY GREEN TEA,3,3,1,volume,120 ML | 15 ML | 60 ML,15 ML | 60 ML | 120 ML,false
MINYAK CAP LANG EKALIPTUS AROMATHERAPY LAVENDER,3,3,1,volume,120 ML | 15 ML | 60 ML,15 ML | 60 ML | 120 ML,false
MINYAK GOSOK IKA GANDAPURA 100%,3,3,1,volume,100 ML | 30 ML | 60 ML,30 ML | 60 ML | 100 ML,false
MINYAK KAYU PUTIH GAJAH,3,3,1,volume,120 ML | 30 ML | 60 ML,30 ML | 60 ML | 120 ML,false
MINYAK URUT GPU SEREH,3,3,1,volume,100 ML | 30 ML | 60 ML,30 ML | 60 ML | 100 ML,false
MORINAGA CHIL KID MADU,3,3,1,mass,190 GR | 390 GR | 780 GR,190 GR | 390 GR | 780 GR,true
MY BABY M.TELON PLUS LAVENDER,3,3,1,volume,150 ML | 60 ML | 90 ML,60 ML | 90 ML | 150 ML,false
MY BABY MINYAK TELON PLUS,3,3,1,volume,150 ML | 60 ML | 90 ML,60 ML | 90 ML | 150 ML,false
MY BABY MINYAK TELON PLUS LONGER PROTECTION,3,3,1,volume,150 ML | 60 ML | 90 ML,60 ML | 90 ML | 150 ML,false
MY BABY POWDER FRESH FRUITY,3,3,1,mass,50 GR | 500 GR | 75 GR,50 GR | 75 GR | 500 GR,false
MY BABY POWDER TELON PLUS,3,3,1,mass,100 GR | 50 GR | 94 GR,50 GR | 94 GR | 100 GR,false
NARAYA UNIQCORN POPCORN SWEET & SALTY,3,3,1,mass,120 GR | 170 GR | 260 GR,120 GR | 170 GR | 260 GR,true
NATUR SHAMPOO ALOE VERA EXTRACT,3,3,1,volume,140 ML | 270 ML | 80 ML,80 ML | 140 ML | 270 ML,false
NATUR SHAMPOO GINSENG EXTRACT,3,3,1,volume,140 ML | 270 ML | 80 ML,80 ML | 140 ML | 270 ML,false
NESTLE PURE LIFE BOTOL,3,3,1,volume,1500 ML | 330 ML | 600 ML,330 ML | 600 ML | 1500 ML,false
NEXTAR CHOCO BROWNIES,3,3,1,mass,140 GR | 34 GR | 90 GR,34 GR | 90 GR | 140 GR,false
NIVEA BODY LOTION DEEP MOISTURE ESSENCE,3,3,1,volume,100 ML | 190 ML | 400 ML,100 ML | 190 ML | 400 ML,true
NIVEA BODY LOTION EXTRA WHITE RADIANT & SMOOTH,3,3,1,volume,100 ML | 200 ML | 400 ML,100 ML | 200 ML | 400 ML,true
NIVEA BODY LOTION EXTRA WHITE REPAIR & PROTECT,3,3,1,volume,100 ML | 190 ML | 400 ML,100 ML | 190 ML | 400 ML,true
NUVO BODY WASH ACTIVE COOL REFILL,3,3,1,volume,250 ML | 400 ML | 60 ML,60 ML | 250 ML | 400 ML,false
NUVO BODY WASH FRESH PROTECT REFILL,3,3,1,volume,250 ML | 400 ML | 60 ML,60 ML | 250 ML | 400 ML,false
NUVO BODY WASH MILD PROTECT REFILL,3,3,1,volume,250 ML | 400 ML | 60 ML,60 ML | 250 ML | 400 ML,false
NUVO BODY WASH NATURE PROTECT REFILL,3,3,1,volume,250 ML | 400 ML | 60 ML,60 ML | 250 ML | 400 ML,false
NUVO HAND SANITIZER COOL BREEZE,3,3,1,volume,250 ML | 50 ML | 85 ML,50 ML | 85 ML | 250 ML,false
NUVO HAND SANITIZER SPRING NATURE,3,3,1,volume,250 ML | 50 ML | 85 ML,50 ML | 85 ML | 250 ML,false
OVALE 2IN1 FACIAL LOTION ANTI ACNE,3,3,1,volume,100 ML | 200 ML | 60 ML,60 ML | 100 ML | 200 ML,false
OVOMALTINE CRUNCHY CREAM,3,3,1,mass,230 GR | 380 GR | 680 GR,230 GR | 380 GR | 680 GR,true
PANTENE CONDITIONER 3MM GOLD KERATIN,3,3,1,volume,130 ML | 250 ML | 70 ML,70 ML | 130 ML | 250 ML,false
PANTENE CONDITIONER ANTI LEPEK,3,3,1,volume,160 ML | 290 ML | 75 ML,75 ML | 160 ML | 290 ML,false
PANTENE CONDITIONER GOLD SERIES BLACK & GLOSSY,3,3,1,volume,190 ML | 320 ML | 90 ML,90 ML | 190 ML | 320 ML,false
PANTENE CONDITIONER GOLD SERIES SMOOTH & SLEEK,3,3,1,volume,190 ML | 320 ML | 90 ML,90 ML | 190 ML | 320 ML,false
PANTENE CONDITIONER GOLD SERIES STRONG & THICK,3,3,1,volume,190 ML | 320 ML | 90 ML,90 ML | 190 ML | 320 ML,false
PANTENE SHAMPOO AQUA PURE,3,3,1,volume,200 ML | 400 ML | 750 ML,200 ML | 400 ML | 750 ML,true
PANTENE SHAMPOO NATURE CARE FULLNESS & LIFE,3,3,1,volume,135 ML | 290 ML | 70 ML,70 ML | 135 ML | 290 ML,false
PEDIGREE CAN BEEF,3,3,1,mass,1.15 KG | 400 GR | 700 GR,400 GR | 700 GR | 1.15 KG,false
PEPSODENT ACTION 123 SIWAK,3,3,1,mass,110 GR | 175 GR | 65 GR,65 GR | 110 GR | 175 GR,false
PEPSODENT SENSITIVE EXPERT COMPLETE CARE,3,3,2,mass,100 GR | 160 ML | 60 GR,60 GR | 100 GR | 160 ML,false
PONDS AGE MIRACLE YOUTHFUL GLOW DAY CREAM,3,3,1,mass,10 GR | 20 GR | 50 GR,10 GR | 20 GR | 50 GR,true
PONDS BRIGHT BEAUTY SERUM DAY CREAM,3,3,1,mass,20 GR | 40 GR | 7.5 GR,7.5 GR | 20 GR | 40 GR,false
POUCH SKINCARE,3,3,1,volume,100 ML | 30 ML | 50 ML,30 ML | 50 ML | 100 ML,false
PRINGLES ORIGINAL,3,3,1,mass,102 GR | 42 GR | 66 GR,42 GR | 66 GR | 102 GR,false
PROCLIN PENGHILANG NODA REFILL,3,3,1,volume,150 ML | 400 ML | 800 ML,150 ML | 400 ML | 800 ML,true
REAL GOOD UHT STRAWBERRY,3,3,1,volume,125 ML | 150 ML | 50 ML,50 ML | 125 ML | 150 ML,false
REAL GOOD UHT SWEET CHEESE,3,3,2,mass,125 ML | 150 GR | 50 ML,50 ML | 125 ML | 150 GR,false
REJOICE HIJAB SHAMPOO 3IN1 PERFECT COOL,3,3,1,volume,170 ML | 340 ML | 600 ML,170 ML | 340 ML | 600 ML,true
REJOICE SHAMPOO PERFUME FRESH,3,3,1,volume,170 ML | 340 ML | 600 ML,170 ML | 340 ML | 600 ML,true
REJOICE SHAMPOO PERFUME SMOOTH,3,3,1,volume,170 ML | 340 ML | 600 ML,170 ML | 340 ML | 600 ML,true
RESIK-V KHASIAT MANJAKANI,3,3,1,volume,200 ML | 50 ML | 90 ML,50 ML | 90 ML | 200 ML,false
RICHEESE WAFER KEJU,3,3,1,mass,110 GR | 240 GR | 75 GR,75 GR | 110 GR | 240 GR,false
RICHOCO WAFER COKLAT,3,3,1,mass,110 GR | 240 GR | 75 GR,75 GR | 110 GR | 240 GR,false
RINSO ANTI NODA CLASSIC FRESH POWDER,3,3,1,mass,1.2 KG | 380 GR | 700 GR,380 GR | 700 GR | 1.2 KG,false
RINSO ANTI NODA PURE POWDER,3,3,1,mass,1.440 GR | 2.750 GR | 700 GR,1.440 GR | 2.750 GR | 700 GR,true
RINSO MOLTO CLASSIC FRESH POWDER,3,3,1,mass,1.4 KG | 1.8 KG | 38 GR,38 GR | 1.4 KG | 1.8 KG,false
RINSO MOLTO JAPANESE PEACH POWDER,3,3,1,mass,1.2 KG | 38 GR | 700 GR,38 GR | 700 GR | 1.2 KG,false
ROMA MALKIST KELAPA KOPYOR,3,3,1,mass,105 GR | 190 GR | 200 GR,105 GR | 190 GR | 200 GR,true
ROMA SLAI O-LAI BLUEBERRY,3,3,1,mass,128 GR | 192 GR | 32 GR,32 GR | 128 GR | 192 GR,false
ROYAL CHOICE,3,3,1,mass,240 GR | 480 GR | 960 GR,240 GR | 480 GR | 960 GR,true
SABUN CREAM EKONOMI PINK FLOWER,3,3,1,mass,145 GR | 380 GR | 67 GR,67 GR | 145 GR | 380 GR,false
SABUN CREAM EKONOMI PUTIH,3,3,1,mass,145 GR | 380 GR | 67 GR,67 GR | 145 GR | 380 GR,false
SAMBAL PEDAS MANIS CAP IBU JARI JEMPOL,3,3,1,volume,140 ML | 235 ML | 320 ML,140 ML | 235 ML | 320 ML,true
SANTAN BUBUK SASA,3,3,1,mass,20 GR | 500 GR | 75 GR,20 GR | 75 GR | 500 GR,false
SANTAN KELAPA KARA SUN,3,3,1,volume,1000 ML | 200 ML | 65 ML,65 ML | 200 ML | 1000 ML,false
SAORI SAUS TERIYAKI,3,3,1,volume,135 ML | 22 ML | 275 ML,22 ML | 135 ML | 275 ML,false
SAUS SAMBAL ASLI SASA,3,3,2,mass,135 ML | 340 ML | 950 GR,135 ML | 340 ML | 950 GR,true
SAUS TIRAM ABC,3,3,1,volume,135 ML | 195 ML | 425 ML,135 ML | 195 ML | 425 ML,true
SAUS TOMAT SASA,3,3,2,mass,135 ML | 340 ML | 950 GR,135 ML | 340 ML | 950 GR,true
SELECTION FACIAL COTTON,3,3,1,mass,35 GR | 50 GR | 75 GR,35 GR | 50 GR | 75 GR,true
SELSUN GOLD,3,3,1,volume,120 ML | 200 ML | 60 ML,60 ML | 120 ML | 200 ML,false
SERASOFT SHAMPOO DANDRUFF TREATMENT,3,3,1,volume,170 ML | 340 ML | 70 ML,70 ML | 170 ML | 340 ML,false
SESAME OIL MINYAK WIJEN MATAHARI,3,2,1,volume,300 ML | 600 ML,300 ML | 600 ML,true
SGM ANANDA 0-6 BULAN BOX,3,3,1,mass,1000 GR | 400 GR | 550 GR,400 GR | 550 GR | 1000 GR,false
SGM EKSPLOR BELAJAR 3+ MADU,3,3,1,mass,150 GR | 400 GR | 900 GR,150 GR | 400 GR | 900 GR,true
SIYEM,3,2,1,mass,230 GR | 250 GR,230 GR | 250 GR,true
SKIPPY CHUNKY,3,3,1,mass,170 GR | 340 GR | 500 GR,170 GR | 340 GR | 500 GR,true
SKIPPY CREAMY,3,3,1,mass,170 GR | 340 GR | 500 GR,170 GR | 340 GR | 500 GR,true
"SLEEK BOTTLE, NIPPLE & ACCESSORIES CLEANSER REFILL",3,3,1,volume,450 ML | 70 ML | 900 ML,70 ML | 450 ML | 900 ML,false
SMAX RING CHEESE,3,3,1,mass,12 GR | 20 GR | 40 GR,12 GR | 20 GR | 40 GR,true
SOKLIN ANTISEP DETERJEN BUBUK,3,3,1,mass,1.4 KG | 218 GR | 700 GR,218 GR | 700 GR | 1.4 KG,false
SOKLIN LANTAI CITRUS LEMON REFILL,3,3,1,volume,310 ML | 52 ML | 770 ML,52 ML | 310 ML | 770 ML,false
SOKLIN LANTAI ROSE BOUQUET REFILL,3,3,1,volume,310 ML | 52 ML | 770 ML,52 ML | 310 ML | 770 ML,false
SOKLIN LIQUID DETERJEN BLUE REFILL,3,3,1,volume,210 ML | 400 ML | 700 ML,210 ML | 400 ML | 700 ML,true
SOKLIN LIQUID DETERJEN VIOLET BLOSSOM REFILL,3,3,1,volume,230 ML | 400 ML | 700 ML,230 ML | 400 ML | 700 ML,true
SOKLIN SOFTERGENT LAVENDER & LILY,3,3,1,mass,1.44 KG | 41 GR | 700 GR,41 GR | 700 GR | 1.44 KG,false
SOS PEMBERSIH LANTAI APPLE REFILL,3,3,1,volume,1.400 ML | 325 ML | 700 ML,1.400 ML | 325 ML | 700 ML,true
SOSRO TEH BOTOL KOTAK,3,3,1,volume,1000 ML | 200 ML | 250 ML,200 ML | 250 ML | 1000 ML,false
SOUN NAGA XIANGLONG VERMICELLI,3,2,1,mass,100 GR | 250 GR,100 GR | 250 GR,true
SUMBER AYU DAUN SIRIH FRUITY,3,3,1,volume,200 ML | 50 ML | 90 ML,50 ML | 90 ML | 200 ML,false
SUMBER AYU DAUN SIRIH MUSK,3,3,1,volume,200 ML | 50 ML | 90 ML,50 ML | 90 ML | 200 ML,false
SUMBER AYU DAUN SIRIH ORCHID,3,3,1,volume,200 ML | 50 ML | 90 ML,50 ML | 90 ML | 200 ML,false
SUMBER AYU DAUN SIRIH ROSE,3,3,1,volume,200 ML | 50 ML | 90 ML,50 ML | 90 ML | 200 ML,false
SUNLIGHT JERUK NIPIS & HABBATUSSAUDA REFILL,3,3,1,volume,210 ML | 700 ML | 90 ML,90 ML | 210 ML | 700 ML,false
SUNLIGHT JERUK NIPIS 100 REFILL,3,3,1,volume,210 ML | 400 ML | 90 ML,90 ML | 210 ML | 400 ML,false
SUNSILK HIJAB SHAMPOO REFRESH & ANTI DANDRUFF,3,3,1,volume,160 ML | 300 ML | 70 ML,70 ML | 160 ML | 300 ML,false
SUNSILK SHAMPOO ANTI DANDRUFF & SILKY,3,3,1,volume,160 ML | 320 ML | 70 ML,70 ML | 160 ML | 320 ML,false
SUNSILK SHAMPOO GLOSSY BLACK,3,3,1,volume,160 ML | 320 ML | 70 ML,70 ML | 160 ML | 320 ML,false
SUNSILK SHAMPOO SILKY SMOOTH,3,3,1,volume,160 ML | 320 ML | 70 ML,70 ML | 160 ML | 320 ML,false
SUPERSOL KARBOL WANGI PINE REFILL,3,3,1,volume,1.500 ML | 430 ML | 750 ML,1.500 ML | 430 ML | 750 ML,true
SUSU BENDERA FRISIAN FLAG 3+ MADU,3,3,1,mass,360 GR | 600 GR | 900 GR,360 GR | 600 GR | 900 GR,true
SYSTEMA NANO SPRING FRESH,3,3,1,mass,120 GR | 190 GR | 75 GR,75 GR | 120 GR | 190 GR,false
TANGO CHOCO JAVAMOCCA,3,3,1,mass,115 GR | 163 GR | 30 GR,30 GR | 115 GR | 163 GR,false
TANGO CHOCO TIRAMISU,3,3,1,mass,115 GR | 163 GR | 30 GR,30 GR | 115 GR | 163 GR,false
TARO NET POTATO BBQ,3,3,1,mass,115 GR | 32 GR | 62 GR,32 GR | 62 GR | 115 GR,false
TATAKAN TABUNG GAS HERCULES,3,3,1,mass,12 KG | 3 KG | 5.5 KG,3 KG | 5.5 KG | 12 KG,false
TEH GELAS ORIGINAL,3,2,1,volume,160 ML | 250 ML,160 ML | 250 ML,true
TEH KOTAK JASMINE,3,3,1,volume,200 ML | 300 ML | 500 ML,200 ML | 300 ML | 500 ML,true
TEH PUCUK HARUM JASMINE,3,3,1,volume,1300 ML | 350 ML | 500 ML,350 ML | 500 ML | 1300 ML,false
TEPUNG BUMBU KENTUCKY SASA,3,3,1,mass,200 GR | 70 GR | 850 GR,70 GR | 200 GR | 850 GR,false
TEPUNG BUMBU KRISPI MAMASUKA,3,3,1,mass,210 GR | 70 GR | 900 GR,70 GR | 210 GR | 900 GR,false
TEPUNG BUMBU PUTIH KOBE,3,3,1,mass,180 GR | 70 GR | 850 GR,70 GR | 180 GR | 850 GR,false
TEPUNG ROTI PUTIH MAMASUKA,3,3,1,mass,100 GR | 200 GR | 500 GR,100 GR | 200 GR | 500 GR,true
TEPUNG TEMPE KRIUK KOBE,3,3,1,mass,200 GR | 30 GR | 70 GR,30 GR | 70 GR | 200 GR,false
TERIGU GATOT KACA,3,2,1,mass,1 KG | 500 GR,500 GR | 1 KG,false
TERIGU KOMPAS,3,2,1,mass,1 KG | 500 GR,500 GR | 1 KG,false
THINWALL + TUTUP ISI 5 PCS,3,3,1,volume,1500 ML | 2000 ML | 3000 ML,1500 ML | 2000 ML | 3000 ML,true
TIC TIC BAWANG ASLI,3,3,1,mass,135 GR | 34 GR | 70 GR,34 GR | 70 GR | 135 GR,false
TONG TJI TEH SEDUH SUPER,3,3,1,mass,250 GR | 40 GR | 80 GR,40 GR | 80 GR | 250 GR,false
TOPLES,3,3,1,volume,1000 ML | 600 ML | 800 ML,600 ML | 800 ML | 1000 ML,false
TOPLES RIBSTON,3,3,1,volume,1000 ML | 1800 ML | 2500 ML,1000 ML | 1800 ML | 2500 ML,true
TOPLES ZAYN,3,3,1,volume,1000 ML | 500 ML | 800 ML,500 ML | 800 ML | 1000 ML,false
TOTAL CARE MOUTHWASH COOL MINT,3,3,1,volume,100 ML | 250 ML | 500 ML,100 ML | 250 ML | 500 ML,true
TOTOLE KALDU RASA JAMUR,3,3,1,mass,200 GR | 400 GR | 80 GR,80 GR | 200 GR | 400 GR,false
TRESEMME KERATIN SMOOTH SHAMPOO,3,3,1,volume,170 ML | 340 ML | 670 ML,170 ML | 340 ML | 670 ML,true
TROPICANA SLIM CLASSIC,3,3,1,mass,100 GR | 250 GR | 500 GR,100 GR | 250 GR | 500 GR,true
TUNGGAL SUKRO NINJA,3,3,1,mass,100 GR | 250 GR | 500 GR,100 GR | 250 GR | 500 GR,true
ULTRA MILK UHT STROBERI,3,3,1,volume,125 ML | 200 ML | 250 ML,125 ML | 200 ML | 250 ML,true
VANISH CAIR REFILL,3,3,1,volume,150 ML | 425 ML | 750 ML,150 ML | 425 ML | 750 ML,true
VAPE AERO SWEET POWDER,3,3,1,volume,240 ML | 400 ML | 600 ML,240 ML | 400 ML | 600 ML,true
VAPE AEROSOL FRUITY FRESH,3,3,1,volume,240 ML | 400 ML | 600 ML,240 ML | 400 ML | 600 ML,true
VICKS FORMULA 44,3,3,1,volume,100 ML | 27 ML | 54 ML,27 ML | 54 ML | 100 ML,false
VICKS FORMULA JAHE MADU,3,3,1,volume,105 ML | 28 ML | 56 ML,28 ML | 56 ML | 105 ML,false
VICKS VAPORUB,3,3,1,mass,10 GR | 25 GR | 50 GR,10 GR | 25 GR | 50 GR,true
VIDORAN XMART MILK MADU 1+,3,3,1,mass,325 GR | 700 GR | 900 GR,325 GR | 700 GR | 900 GR,true
WARDAH NATURE DAILY ALOE HYDRAMILD HAND GEL,3,3,1,volume,100 ML | 240 ML | 50 ML,50 ML | 100 ML | 240 ML,false
WINDMOLEN COCOA,3,3,1,mass,165 GR | 40 GR | 80 GR,40 GR | 80 GR | 165 GR,false
WIPOL KARBOL CEMARA REFILL,3,3,2,mass,190 GR | 450 ML | 750 ML,190 GR | 450 ML | 750 ML,true
WIPOL KARBOL LEMON REFILL,3,3,2,mass,190 GR | 720 ML | 750 ML,190 GR | 720 ML | 750 ML,true
WONGCOCO NATA DE COCO CUBES COCOPANDAN,3,3,1,mass,220 GR | 360 GR | 850 GR,220 GR | 360 GR | 850 GR,true
ZINC MEN SHAMPOO ACTIVE COOL MENTHOL,3,3,1,volume,170 ML | 340 ML | 70 ML,70 ML | 170 ML | 340 ML,false
ZINC SHAMPOO ACTIVE FRESH LEMON MINT,3,3,1,volume,170 ML | 340 ML | 70 ML,70 ML | 170 ML | 340 ML,false
ZINC SHAMPOO BLACK SHINE URANG ARING,3,3,1,volume,170 ML | 340 ML | 70 ML,70 ML | 170 ML | 340 ML,false
ZINC SHAMPOO CLEAN ACTIVE SEA SALT,3,3,1,volume,170 ML | 340 ML | 70 ML,70 ML | 170 ML | 340 ML,false
ZINC SHAMPOO HAIR FALL TREATMENT JAPANESE GINSENG,3,3,1,volume,170 ML | 340 ML | 70 ML,70 ML | 170 ML | 340 ML,false
ZINC SHAMPOO REFRESHING COOL GREEN TEA MINT,3,3,1,volume,170 ML | 340 ML | 70 ML,70 ML | 170 ML | 340 ML,false
ZWITSAL BABY BATH HAIR & BODY ANTIBACTERIAL,3,3,1,volume,200 ML | 300 ML | 450 ML,200 ML | 300 ML | 450 ML,true
ABC KECAP MANIS PEDAS,2,2,1,volume,135 ML | 275 ML,135 ML | 275 ML,true
ABC SAMBAL AYAM GORENG,2,2,1,volume,130 ML | 335 ML,130 ML | 335 ML,true
ABC SAMBAL BAWANG PEDAS,2,2,1,volume,270 ML | 335 ML,270 ML | 335 ML,true
ABC SAMBAL FRUITY APEL MANGGA BOTOL,2,2,1,volume,135 ML | 275 ML,135 ML | 275 ML,true
ABC SAMBAL FRUITY NANAS JERUK BOTOL,2,2,1,volume,135 ML | 275 ML,135 ML | 275 ML,true
ABC SARDEN BUMBU SERUNDENG,2,2,1,mass,155 GR | 400 GR,155 GR | 400 GR,true
ABC TOMATO KETCHUP,2,2,1,volume,135 ML | 335 ML,135 ML | 335 ML,true
ABON AYAM MIRASA,2,2,1,mass,100 GR | 180 GR,100 GR | 180 GR,true
ABON SAPI ASLI,2,2,1,mass,200 GR | 75 GR,75 GR | 200 GR,false
ABON SAPI BAWANG GLORIA,2,2,1,mass,100 GR | 250 GR,100 GR | 250 GR,true
ABON SAPI CAP AYAM K,2,2,1,mass,100 GR | 200 GR,100 GR | 200 GR,true
ABON SAPI CAP KOKI,2,2,1,mass,200 GR | 80 GR,80 GR | 200 GR,false
ABON SAPI DIAMOND,2,2,1,mass,100 GR | 200 GR,100 GR | 200 GR,true
ACNES COMPLETE WHITE FACE WASH,2,2,1,mass,100 GR | 50 GR,50 GR | 100 GR,false
ACNES CREAMY WASH,2,2,1,mass,100 GR | 50 GR,50 GR | 100 GR,false
ACNES DEEP PORE CLEANSER FACIAL WASH,2,2,1,mass,100 GR | 50 GR,50 GR | 100 GR,false
ACNES OIL CONTROL FACE WASH,2,2,1,mass,100 GR | 50 GR,50 GR | 100 GR,false
ACNES SEALING JELL,2,2,1,mass,18 GR | 9 GR,9 GR | 18 GR,false
ACNES YOGHURT TOUCH FACE WASH,2,2,1,mass,100 GR | 50 GR,50 GR | 100 GR,false
ADABI PERENCAH TOM YAM,2,2,1,mass,200 GR | 40 GR,40 GR | 200 GR,false
AGRO ANTI RAYAP,2,2,1,volume,1 LTR | 500 ML,500 ML | 1 LTR,false
AGRO CAUSTIC SODA API CAIR,2,2,1,volume,1 LTR | 500 ML,500 ML | 1 LTR,false
AGRO H.C.L PEMBERSIH KERAMIK,2,2,1,volume,1 LTR | 500 ML,500 ML | 1 LTR,false
AIM ROASTED CORN,2,2,1,mass,180 GR | 80 GR,80 GR | 180 GR,false
AIR CUP,2,2,1,volume,240 ML | 600 ML,240 ML | 600 ML,true
AJIB BANDENG SAMBAL BALADO,2,2,1,mass,155 GR | 425 GR,155 GR | 425 GR,true
AJIB BANDENG SAUS TOMAT,2,2,1,mass,155 GR | 425 GR,155 GR | 425 GR,true
AJIB CORNED BEEF RENDANG,2,2,1,mass,200 GR | 340 GR,200 GR | 340 GR,true
AKUMO CHICKEN NUGGET,2,2,1,mass,250 GR | 500 GR,250 GR | 500 GR,true
AL SHIFA NATURAL HONEY SQUEEZE PACK,2,2,1,mass,250 GR | 400 GR,250 GR | 400 GR,true
ALAMII CHEESE PUFFS,2,2,1,mass,15 GR | 25 GR,15 GR | 25 GR,true
ALAMII CHEESY TOMATO PUFFS,2,2,1,mass,15 GR | 25 GR,15 GR | 25 GR,true
ALAMII CHOCOLATE PUFFS,2,2,1,mass,18 GR | 25 GR,18 GR | 25 GR,true
ALAMII GOLDEN VEGGIE PUFFS,2,2,1,mass,15 GRAM | 25 GR,15 GRAM | 25 GR,true
ALAMII PEANUT BUTTER PUFFS,2,2,1,mass,18 GR | 30 GR,18 GR | 30 GR,true
ALAMINA COKLAT,2,2,1,mass,150 GR | 400 GR,150 GR | 400 GR,true
ALAMINA NATURAL,2,2,1,mass,150 GR | 400 GR,150 GR | 400 GR,true
ALAMINA VANILA,2,2,1,mass,150 GR | 400 GR,150 GR | 400 GR,true
ALKOHOL 70% IKA FRESH,2,2,1,volume,100 ML | 500 ML,100 ML | 500 ML,true
ALLERIN EXPECT,2,2,1,volume,120 ML | 60 ML,60 ML | 120 ML,false
AMIDIS,2,2,1,volume,330 ML | 600 ML,330 ML | 600 ML,true
ANCHOR PURE NEW ZEALAND SALTED BUTTER,2,2,1,mass,100 GR | 200 GR,100 GR | 200 GR,true
ANLENE ACTIFIT COKLAT,2,2,1,mass,230 GR | 560 GR,230 GR | 560 GR,true
ANLENE ACTIFIT PLAIN,2,2,1,mass,230 GR | 560 GR,230 GR | 560 GR,true
ANLENE ACTIFIT VANILA,2,2,1,mass,230 GR | 560 GR,230 GR | 560 GR,true
ANLENE GOLD 5X HABBATUSSAUDA,2,2,1,mass,160 GR | 580 GR,160 GR | 580 GR,true
ANLENE GOLD 5X VANILLA,2,2,1,mass,230 GR | 825 GR,230 GR | 825 GR,true
ANLENE GOLD PLUS ORIGINAL,2,2,1,mass,570 GR | 825 GR,570 GR | 825 GR,true
ANMUM LACTA CHOCO,2,2,1,mass,200 GR | 400 GR,200 GR | 400 GR,true
ANMUM MATERNA COKLAT BOX,2,2,1,mass,200 GR | 400 GR,200 GR | 400 GR,true
ANMUM MATERNA STRAWBERRY WHITE CHOCO,2,2,1,mass,200 GR | 400 GR,200 GR | 400 GR,true
ANMUM MATERNA VANILLA DELIGHT,2,2,1,mass,200 GR | 400 GR,200 GR | 400 GR,true
ANTIS HAND SANITIZER SPRAY TIMUN,2,2,1,volume,200 ML | 55 ML,55 ML | 200 ML,false
ARBIE KERIPIK BAYAM,2,2,1,mass,200 GR | 400 GR,200 GR | 400 GR,true
ARLA PUREGROW ORGANIC PLAIN,2,2,1,mass,360 GR | 720 GR,360 GR | 720 GR,true
ARNET BAGELEN BUTTER,2,2,1,mass,150 GR | 250 GR,150 GR | 250 GR,true
ARNON CREAM MESSES,2,2,1,mass,200 GR | 40 GR,40 GR | 200 GR,false
ATLANTA ( WARNA RANDOM ),2,2,1,mass,1 KG | 2.5 KG,1 KG | 2.5 KG,true
ATTACK EASY SPARKLING BLOOMING,2,2,1,mass,1.2 KG | 700 GR,700 GR | 1.2 KG,false
ATTACK HYGIENE PLUS PROTECTION,2,2,1,mass,1.2 KG | 750 GR,750 GR | 1.2 KG,false
ATTACK JAZ1 SOFTENER,2,2,1,mass,75 GR | 750 GR,75 GR | 750 GR,true
ATTACK JAZ1 SOFTENER PURPLE BLOSSOM,2,2,1,mass,1.4 KG | 750 GR,750 GR | 1.4 KG,false
AXE DEO BODY SPRAY BLACK,2,2,1,volume,135 ML | 150 ML,135 ML | 150 ML,true
AXE DEO BODY SPRAY HARUMKAN INDONESIA,2,2,1,volume,135 ML | 150 ML,135 ML | 150 ML,true
AYUDYA LULUR PENGANTIN AROMATHERAPY MUTIARA,2,2,1,mass,1 KG | 300 GR,300 GR | 1 KG,false
AYUDYA LULUR PENGANTIN AROMATHERAPY SPA,2,2,1,mass,1 KG | 300 GR,300 GR | 1 KG,false
AYUDYA LULUR PENGANTIN BENGKOANG,2,2,1,mass,1 KG | 300 GR,300 GR | 1 KG,false
AYUDYA LULUR PENGANTIN COFFEE SCRUB + LAVENDER,2,2,1,mass,1 KG | 300 GR,300 GR | 1 KG,false
AYUDYA LULUR PENGANTIN HERBAL SPA,2,2,1,mass,1 KG | 300 GR,300 GR | 1 KG,false
AYUDYA LULUR PENGANTIN SUSU,2,2,1,mass,1 KG | 300 GR,300 GR | 1 KG,false
BADRANAYA SOSIS SAPI,2,2,1,mass,250 GR | 500 GR,250 GR | 500 GR,true
BAGUS ANTI BAU LEMARI ES,2,2,1,mass,40 GR | 60 GR,40 GR | 60 GR,true
BAGUS ANTIBACTERIAL HANDSANITIZER BOTOL,2,2,1,volume,100 ML | 250 ML,100 ML | 250 ML,true
BAGUS NAPHTHALENE BALL,2,2,1,mass,150 GR | 35 GR,35 GR | 150 GR,false
BAGUS PARA HANGER,2,2,1,mass,100 GR | 200 GR,100 GR | 200 GR,true
BAGUS PARA KAMPER,2,2,1,mass,150 GR | 300 GR,150 GR | 300 GR,true
BAGUS PARA KAMPER MOTH BALLS,2,2,1,mass,150 GR | 300 GR,150 GR | 300 GR,true
BALSEM LANG AROMA TERAPI,2,2,1,mass,10 GR | 40 GR,10 GR | 40 GR,true
BALSEM TJING TJAU,2,2,1,mass,20 GR | 36 GR,20 GR | 36 GR,true
BAWANG GORENG SUMENEP,2,2,1,mass,100 GR | 150 GR,100 GR | 150 GR,true
BAYFRESH AIR FRESHENER LEMON YUZU,2,2,1,volume,225 ML | 320 ML,225 ML | 320 ML,true
BAYFRESH AIR FRESHENER MORNING COFFEE,2,2,1,volume,225 ML | 320 ML,225 ML | 320 ML,true
BAYFRESH AIR FRESHENER ORANGE VERBENA,2,2,1,volume,225 ML | 320 ML,225 ML | 320 ML,true
BAYFRESH AIR FRESHENER SAKURA BLOOM,2,2,1,volume,225 ML | 320 ML,225 ML | 320 ML,true
BAYFRESH AIR FRESHENER STRAWBERRY BUBBLEGUM,2,2,1,volume,225 ML | 320 ML,225 ML | 320 ML,true
BAYGON AEROSOL ORANGE BLOSSOM,2,2,1,volume,200 ML | 600 ML,200 ML | 600 ML,true
BAYGON WATERBASE TANPA AROMA,2,2,1,volume,400 ML | 800 ML,400 ML | 800 ML,true
BEBELAC GOLD 3 MADU,2,2,1,mass,360 GR | 700 GR,360 GR | 700 GR,true
BEBELAC GOLD 3 VANILLA,2,2,1,mass,360 GR | 700 GR,360 GR | 700 GR,true
BEBELAC RTD UHT CHOCOLATE,2,2,1,volume,105 ML | 165 ML,105 ML | 165 ML,true
BEBELOVE GOLD 2,2,2,1,mass,360 GR | 700 GR,360 GR | 700 GR,true
BELFOODS CHICKEN NUGGET CERIA,2,2,1,mass,250 GR | 500 GR,250 GR | 500 GR,true
BELFOODS CHICKEN NUGGET STICK,2,2,1,mass,250 GR | 500 GR,250 GR | 500 GR,true
BELLA RICE,2,2,1,mass,225 GR | 90 GR,90 GR | 225 GR,false
BELLA RICE MIX,2,2,1,mass,225 GR | 90 GR,90 GR | 225 GR,false
BELYCS COCKTAIL,2,2,1,mass,565 GR | 850 GR,565 GR | 850 GR,true
BENDICO COCOA POWDER,2,2,1,mass,50 GR | 80 GR,50 GR | 80 GR,true
BERAS 818 HIJAU,2,2,1,mass,2.5 KG | 5 KG,2.5 KG | 5 KG,true
BERAS ANAK RAJA,2,2,1,mass,10 KG | 5 KG,5 KG | 10 KG,false
BERAS EXTRA PANDAN WANGI BUDI ASIH,2,2,1,mass,25 KG | 5 KG,5 KG | 25 KG,false
BERAS PREMIUM BEFOOD PUNOKAWAN,2,2,1,mass,3 KG | 5 KG,3 KG | 5 KG,true
BERAS SANIA,2,2,1,mass,2.5 KG | 5 KG,2.5 KG | 5 KG,true
BERTOLLI CLASSICO OLIVE OIL,2,2,1,volume,250 ML | 500 ML,250 ML | 500 ML,true
BERTOLLI EXTRA LIGHT OLIVE OIL,2,2,1,volume,250 ML | 500 ML,250 ML | 500 ML,true
BETADINE ANTISEPTIC OINTMENT,2,2,1,mass,10 GR | 20 GR,10 GR | 20 GR,true
BIHUN AAA,2,2,1,mass,220 GR | 450 GR,220 GR | 450 GR,true
BIHUN JAGUNG,2,2,1,mass,320 GR | 60 GR,60 GR | 320 GR,false
BIHUN ROSE BRAND,2,2,1,mass,250 GR | 400 GR,250 GR | 400 GR,true
BIOKUL GREEK YOGURT HONEY,2,2,1,mass,473 GR | 80 GR,80 GR | 473 GR,false
BIOKUL GREEK YOGURT PLAIN,2,2,1,mass,473 GR | 80 GR,80 GR | 473 GR,false
BIOLYSIN SYRUP,2,2,1,volume,100 ML | 60 ML,60 ML | 100 ML,false
BIORE BODY FOAM BERRY HAPPY REFFIL,2,2,1,volume,400 ML | 800 ML,400 ML | 800 ML,true
BIORE BODY FOAM BRIGHT MATCHA SCENT BOTOL,2,2,1,volume,100 ML | 220 ML,100 ML | 220 ML,true
BIORE BODY FOAM CALMING NATURE REFFIL,2,2,1,volume,400 ML | 800 ML,400 ML | 800 ML,true
BIORE BODY FOAM CLEAR FRESH REFILL,2,2,1,volume,250 ML | 450 ML,250 ML | 450 ML,true
BIORE BODY FOAM FLORAL SPA BOTOL,2,2,1,volume,100 ML | 250 ML,100 ML | 250 ML,true
BIORE BODY FOAM FLORAL SPA REFILL,2,2,1,volume,250 ML | 400 ML,250 ML | 400 ML,true
BIORE BODY FOAM FRESH POMEGRANATE PEACH BOTOL,2,2,1,volume,100 ML | 250 ML,100 ML | 250 ML,true
BIORE BODY FOAM FRESH POMEGRANATE PEACH REFILL,2,2,1,volume,250 ML | 400 ML,250 ML | 400 ML,true
BIORE BODY FOAM PURE MILD BOTOL,2,2,1,volume,100 ML | 250 ML,100 ML | 250 ML,true
BIORE BODY FOAM RELAXING AROMATIC BOTOL,2,2,1,volume,100 ML | 250 ML,100 ML | 250 ML,true
BIORE BRIGHT GLOW UP LILAC PCH,2,2,1,volume,220 ML | 400 ML,220 ML | 400 ML,true
BIORE FACIAL FOAM ACNE CARE,2,2,1,volume,100 ML | 40 ML,40 ML | 100 ML,false
BIORE FACIAL FOAM MILD SMOOTH,2,2,2,mass,100 GR | 40 ML,40 ML | 100 GR,false
BIORE GUARD BODY FOAM ACTIVE ANTIBACTERIAL REFILL,2,2,1,volume,250 ML | 800 ML,250 ML | 800 ML,true
BIORE GUARD BODY FOAM CARING PROTECT BOTOL,2,2,1,volume,100 ML | 250 ML,100 ML | 250 ML,true
BIORE GUARD BODY FOAM COMFORT MILD SCRUB BOTOL,2,2,1,volume,100 ML | 250 ML,100 ML | 250 ML,true
BIORE GUARD BODY FOAM COMFORT MILD SCRUB REFILL,2,2,1,volume,250 ML | 450 ML,250 ML | 450 ML,true
BIORE GUARD BODY FOAM ENERGETIC COOL REFILL,2,2,1,volume,250 ML | 800 ML,250 ML | 800 ML,true
BIORE GUARD BODY FOAM ENERGIZED YUZU LEMON,2,2,1,volume,400 ML | 800 ML,400 ML | 800 ML,true
BIORE GUARD BODY FOAM HYGIENIC ANTIBACTERIAL PLUS REFILL,2,2,1,volume,250 ML | 400 ML,250 ML | 400 ML,true
BIORE GUARD BODY FOAM LIVELY REFRESH REFILL,2,2,1,volume,400 ML | 800 ML,400 ML | 800 ML,true
BIORE GUARD DEO PROTECT TAWAS & DELIMA REFF,2,2,1,volume,400 ML | 800 ML,400 ML | 800 ML,true
BIOSOL PINE REFILL,2,2,1,volume,400 ML | 700 ML,400 ML | 700 ML,true
BLASTOZ CHOCOLATE,2,2,1,mass,24 GR | 240 GR,24 GR | 240 GR,true
BLENUTEN VANILA,2,2,1,mass,400 GR | 800 GR,400 GR | 800 GR,true
BLUE BAND MASTER CAKE MARGARINE,2,2,1,mass,1 KG | 500 GR,500 GR | 1 KG,false
BLUE DIAMOND ALMOND MILK ORIGINAL,2,2,1,volume,180 ML | 946 ML,180 ML | 946 ML,true
BLUE DIAMOND ROASTED ALMONDS SALTED,2,2,1,mass,130 GR | 30 GR,30 GR | 130 GR,false
BORGES EXTRA LIGHT OLIVE OIL,2,2,1,volume,250 ML | 500 ML,250 ML | 500 ML,true
BORGES EXTRA VIRGIN OLIVE OIL,2,2,1,volume,250 ML | 500 ML,250 ML | 500 ML,true
BOROBUDUR KECAP MANIS SPECIAL,2,2,1,volume,140 ML | 275 ML,140 ML | 275 ML,true
BOTOL,2,2,1,volume,35 ML | 50 ML,35 ML | 50 ML,true
BOTOL KALE,2,2,1,volume,100 ML | 500 ML,100 ML | 500 ML,true
BOTOL KECAP CITRA,2,2,1,volume,300 ML | 500 ML,300 ML | 500 ML,true
BOTOL KECAP HOMEWELL (WARNA RANDOM),2,2,1,volume,300 ML | 500 ML,300 ML | 500 ML,true
BOTOL KECAP PIKKO,2,2,1,volume,300 ML | 500 ML,300 ML | 500 ML,true
BOTOL LUCKY SUNRISE,2,2,1,volume,500 ML | 750 ML,500 ML | 750 ML,true
BOTOL PENGKOLAN,2,2,1,volume,100 ML | 75 ML,75 ML | 100 ML,false
BOTOL REFIIL,2,2,1,volume,100 ML | 50 ML,50 ML | 100 ML,false
BOTOL SAUCE PLASTIK BS1- (WARNA RANDOM),2,2,1,volume,300 ML | 400 ML,300 ML | 400 ML,true
BTL SPRAY HTM,2,2,1,volume,100 ML | 250 ML,100 ML | 250 ML,true
BTL SPRAY PTH,2,2,1,volume,100 ML | 250 ML,100 ML | 250 ML,true
BTL SPRAY TRANS,2,2,1,volume,100 ML | 60 ML,60 ML | 100 ML,false
BUAVITA JUICE JAMBU,2,2,1,volume,245 ML | 500 ML,245 ML | 500 ML,true
BUAVITA JUICE ORANGE,2,2,1,volume,1000 ML | 245 ML,245 ML | 1000 ML,false
"BUBUK DAUN KELOR ""BUMBU"" GROMA",2,2,1,mass,100 GR | 150 GR,100 GR | 150 GR,true
"BUBUK DAUN KELOR PREMIUM ""BUMBU"" GROMA",2,2,1,mass,125 GR | 75 GR,75 GR | 125 GR,false
BUMBU BUAH PEDAS,2,2,1,mass,100 GR | 150 GR,100 GR | 150 GR,true
BUMBU INTI TURMENIC KOKITA,2,2,1,mass,350 GR | 50 GR,50 GR | 350 GR,false
BUMBU NASI GORENG EXTRA MILD KOKITA,2,2,1,mass,200 GR | 60 GR,60 GR | 200 GR,false
BUMBU NASI GORENG SEDAP KOKITA,2,2,1,mass,250 GR | 60 GR,60 GR | 250 GR,false
BUMBU PECEL MADIUN IBU YUTY,2,2,1,mass,200 GR | 450 GR,200 GR | 450 GR,true
BUMBU RUJAK CIHERANG,2,2,1,mass,300 GR | 600 GR,300 GR | 600 GR,true
CADBURY CASHEW & NUT,2,2,1,mass,25 GR | 52 GR,25 GR | 52 GR,true
CADBURY FRUIT NUT,2,2,1,mass,30 GR | 57 GR,30 GR | 57 GR,true
CAIRAN SOFTLENS X2,2,2,1,volume,120 ML | 60 ML,60 ML | 120 ML,false
CALADINE POWDER ACTIVE FRESH,2,2,1,mass,100 GR | 60 GR,60 GR | 100 GR,false
CALADINE POWDER ORIGINAL,2,2,1,mass,100 GR | 60 GR,60 GR | 100 GR,false
CANNON BALL CHOCOLATE,2,2,1,mass,20 GR | 40 GR,20 GR | 40 GR,true
CANNON BALL CHOCOLATE MOCHA,2,2,1,mass,20 GR | 40 GR,20 GR | 40 GR,true
CAP ENAAK KENTAL MANIS BELGIAN CHOCO ( 24 ),2,2,1,mass,260 GR | 545 GR,260 GR | 545 GR,true
CAP LANG TELON PLUS,2,2,1,volume,100 ML | 15 ML,15 ML | 100 ML,false
CAPTAIN OATS INSTANT OATMEAL,2,2,1,mass,200 GR | 800 GR,200 GR | 800 GR,true
CAPTAIN OATS QUICK COOK OATMEAL,2,2,1,mass,200 GR | 800 GR,200 GR | 800 GR,true
CASABLANCA HOMME BODY SPRAY BLEU,2,2,1,volume,100 ML | 200 ML,100 ML | 200 ML,true
CEDEA CHIKUWA,2,2,1,mass,1 KG | 250 GR,250 GR | 1 KG,false
CEDEA CRAB STICK,2,2,1,mass,1 KG | 250 GR,250 GR | 1 KG,false
CEDEA FISH & CHICKEN NUGGET ORIGINAL,2,2,1,mass,120 GR | 500 GR,120 GR | 500 GR,true
CEDEA FISH DUMPLING CHICKEN,2,2,1,mass,200 GR | 500 GR,200 GR | 500 GR,true
CEDEA FISH ROLL,2,2,1,mass,1 KG | 200 GR,200 GR | 1 KG,false
CEDEA SALMON BALL,2,2,1,mass,200 GR | 500 GR,200 GR | 500 GR,true
CEDEA STEAMBOAT SHABU-SHABU,2,2,1,mass,300 GR | 500 GR,300 GR | 500 GR,true
CERES MILK,2,2,1,mass,200 GR | 80 GR,80 GR | 200 GR,false
CERES WARNA FESTIVE,2,2,1,mass,140 GR | 80 GR,80 GR | 140 GR,false
CETAPHIL BABY MOISTURIZING BATH & WASH,2,2,1,volume,230 ML | 400 ML,230 ML | 400 ML,true
CHAMP CHICKEN NUGGET ABC,2,2,1,mass,225 GR | 450 GR,225 GR | 450 GR,true
CHAMP CHICKEN NUGGET COIN,2,2,1,mass,200 GR | 450 GR,200 GR | 450 GR,true
CHAMP CHICKEN STICK,2,2,1,mass,225 GR | 450 GR,225 GR | 450 GR,true
CHAMP COMBINATION CHICKEN NUGGET,2,2,1,mass,250 GR | 450 GR,250 GR | 450 GR,true
CHEESY EASY MELT,2,2,1,mass,160 GR | 480 GR,160 GR | 480 GR,true
CHEETOS CHEESE,2,2,1,mass,120 GR | 50 GR,50 GR | 120 GR,false
CHEETOS JAGUNG BAKAR,2,2,1,mass,15 GR | 40 GR,15 GR | 40 GR,true
CHEETOS NET BBQ,2,2,1,mass,10 GR | 30 GR,10 GR | 30 GR,true
CHIA YO GRANOLA ORIGINAL,2,2,1,mass,1000 GR | 250 GR,250 GR | 1000 GR,false
CHIKI BALLS CHEEKY CHICKEN,2,2,1,mass,200 GR | 55 GR,55 GR | 200 GR,false
CHIKI BALLS CRAFTY CHEESE,2,2,1,mass,200 GR | 55 GR,55 GR | 200 GR,false
CHIKI BALLS CURIOUS CHOCO,2,2,1,mass,200 GR | 55 GR,55 GR | 200 GR,false
CHILLI SARDEN SAUS TOMAT,2,2,1,mass,155 GR | 425 GR,155 GR | 425 GR,true
CHITATO AYAM BUMBU SPECIAL,2,2,1,mass,168 GR | 65 GR,65 GR | 168 GR,false
CHIZ KING KEJU,2,2,1,mass,20 GR | 45 GR,20 GR | 45 GR,true
CHIZMILL WAFFLE CRANCH CHEESE,2,2,1,mass,130 GR | 35 GR,35 GR | 130 GR,false
CHO CHO WAFER STICK CHOCO,2,2,1,mass,260 GR | 500 GR,260 GR | 500 GR,true
CHOCO CHIPS 1/2 BULAT,2,2,1,mass,400 GR | 45 GR,45 GR | 400 GR,false
CHOMP CHOMP MALLOW FLOWER,2,2,1,mass,200 GR | 60 GR,60 GR | 200 GR,false
CIMORY FRESH MILK CASHEW,2,2,1,volume,125 ML | 250 ML,125 ML | 250 ML,true
CIMORY FRESH MILK CHOCO MALT,2,2,1,volume,125 ML | 250 ML,125 ML | 250 ML,true
CIMORY FRESH MILK MATCHA,2,2,1,volume,250 ML | 950 ML,250 ML | 950 ML,true
CIMORY YOGURT DRINK STRAWBERRY,2,2,1,volume,200 ML | 240 ML,200 ML | 240 ML,true
CIP CORNED BEEF,2,2,1,mass,198 GR | 340 GR,198 GR | 340 GR,true
CIPTADENT MAXI HERBAL,2,2,1,mass,190 GR | 75 GR,75 GR | 190 GR,false
CIPTADENT WHITENING MAXI WHITE,2,2,1,mass,190 GR | 75 GR,75 GR | 190 GR,false
CITRA BODY LOTION SAKURA GLOW UV,2,2,1,volume,120 ML | 210 ML,120 ML | 210 ML,true
CITRA BODY WASH NATURAL GLOW REFILL,2,2,1,volume,220 ML | 400 ML,220 ML | 400 ML,true
CITRA BODY WASH PEARLY GLOW REFILL,2,2,1,volume,220 ML | 400 ML,220 ML | 400 ML,true
CITRA GREEN TEA ANTIACNE FACIAL FOAM,2,2,1,mass,100 GR | 50 GR,50 GR | 100 GR,false
CITRA HAND BODY LOTION PERFECT BRIGHT BENGKOANG BUNDLE 2@,2,2,1,volume,110 ML | 210 ML,110 ML | 210 ML,true
CITRA HBL SERUM COMPLETE GLOW,2,2,1,volume,100 ML | 180 ML,100 ML | 180 ML,true
CITRA PEARLY WHITE UV TONE UP CREAM,2,2,1,mass,20 GR | 40 GR,20 GR | 40 GR,true
CITRA UV BODY LOTION EXTRA MOIST & BRIGHT AVOCADO WITH CERAMIDE,2,2,1,volume,110 ML | 210 ML,110 ML | 210 ML,true
CITRA UV BODY LOTION PERFECT BRIGHT BENGKOANG,2,2,1,volume,110 ML | 210 ML,110 ML | 210 ML,true
CITRA UV BODY LOTION RADIANT GLOW PEARL,2,2,1,volume,110 ML | 210 ML,110 ML | 210 ML,true
CITRA UV BODY LOTION SUPPLE & BRIGHT SAKURA WITH COLLAGEN,2,2,1,volume,110 ML | 210 ML,110 ML | 210 ML,true
CLARIS KOTAK MAKAN PLASTIK FOODSAVER,2,2,1,volume,100 ML | 1350 ML,100 ML | 1350 ML,true
CLEAN & CLEAR ACNE CLEARING CLEANSER,2,2,1,mass,100 GR | 50 GR,50 GR | 100 GR,false
CLEAN & CLEAR DAILY PORE CLEANSER APPLE,2,2,1,mass,100 GR | 50 GR,50 GR | 100 GR,false
CLEAN & CLEAR DEEP ACTION CLEANSER,2,2,1,mass,100 GR | 50 GR,50 GR | 100 GR,false
CLEAN & CLEAR FOAMING FACE WASH,2,2,1,volume,100 ML | 50 ML,50 ML | 100 ML,false
CLEAN & CLEAR NATURAL BRIGHT FACE WASH,2,2,1,volume,100 ML | 50 ML,50 ML | 100 ML,false
CLEAR MEN SHAMPOO MENTHOL FRESH ACTIVE,2,2,1,volume,160 ML | 300 ML,160 ML | 300 ML,true
CLEAR MEN SHAMPOO PERAWATAN TOTAL ACTIVE,2,2,1,volume,160 ML | 300 ML,160 ML | 300 ML,true
CLEAR SHAMPOO ANTI KETOMBE & ANTI RONTOK,2,2,1,volume,160 ML | 300 ML,160 ML | 300 ML,true
CLEAR SHAMPOO COCONUT FRESH & FRAGRANT,2,2,1,volume,160 ML | 300 ML,160 ML | 300 ML,true
CLEAR SHAMPOO LEMON BERSIH & SEGAR,2,2,1,volume,160 ML | 300 ML,160 ML | 300 ML,true
CLEO,2,2,1,volume,330 ML | 550 ML,330 ML | 550 ML,true
CLEO BOTOL,2,2,1,volume,1500 ML | 220 ML,220 ML | 1500 ML,false
CLEVO UHT COKLAT,2,2,1,volume,115 ML | 190 ML,115 ML | 190 ML,true
CLOSE UP COMPLETE FRESH PROTECTION,2,2,1,mass,100 GR | 160 GR,100 GR | 160 GR,true
CLOSE UP GREEN TRIPLE FRESH,2,2,1,mass,160 GR | 65 GR,65 GR | 160 GR,false
CLOSE UP ICY WHITE,2,2,1,mass,160 GR | 65 GR,65 GR | 160 GR,false
CLOSE UP WHITE ATTRACTION LEMON FRESH,2,2,1,mass,170 GR | 95 GR,95 GR | 170 GR,false
COLGATE MOUTHWASH PLAX FRESHMINT SPLASH,2,2,1,volume,250 ML | 750 ML,250 ML | 750 ML,true
COLGATE MOUTHWASH PLAX PEPPERMINT FRESH,2,2,1,volume,250 ML | 750 ML,250 ML | 750 ML,true
CONFIDENCE INSERT PADS 49 CM ISI 18,2,2,1,volume,600 ML | 800 ML,600 ML | 800 ML,true
CUKA APEL S&W,2,2,1,volume,473 ML | 946 ML,473 ML | 946 ML,true
CUKA BELIBIS,2,2,1,volume,150 ML | 650 ML,150 ML | 650 ML,true
CUKA PRENDJAK,2,2,1,volume,150 ML | 300 ML,150 ML | 300 ML,true
CUSSON BABY LOTION MILD & GENTLE,2,2,1,volume,100 ML | 200 ML,100 ML | 200 ML,true
CUSSONS BABY CREAM MILD & GENTLE,2,2,1,mass,100 GR | 50 GR,50 GR | 100 GR,false
CUSSONS BABY CREAM SOFT & SMOOTH,2,2,1,mass,100 GR | 50 GR,50 GR | 100 GR,false
CUSSONS BABY HAIR LOTION ALMOND OIL & HONEY,2,2,1,volume,100 ML | 200 ML,100 ML | 200 ML,true
CUSSONS BABY MOSCARE NATURAL SKIN PROTECTION LOTION,2,2,1,mass,100 GR | 50 GR,50 GR | 100 GR,false
CUSSONS BABY NEWBORN CREAM OLIVE OIL & NATURAL CHAMOMILE,2,2,2,mass,100 ML | 50 GR,50 GR | 100 ML,false
CUSSONS BABY NEWBORN HAIR & BODY WASH OLIVE OIL & NATURAL CHAMOMILE,2,2,1,volume,100 ML | 400 ML,100 ML | 400 ML,true
CUSSONS BABY OIL MILD & GENTLE,2,2,1,volume,100 ML | 50 ML,50 ML | 100 ML,false
CUSSONS BABY POWDER SOFT & SMOOTH,2,2,1,mass,130 GR | 300 GR,130 GR | 300 GR,true
CUSSONS BABY SOAP MILD & GENTLE,2,2,1,mass,60 GR | 85 GR,60 GR | 85 GR,true
CUSSONS BABY SOAP SOFT & SMOOTH,2,2,1,mass,60 GR | 85 GR,60 GR | 85 GR,true
CUSSONS HAIR & BODY WASH MILD & GENTLE,2,2,1,volume,200 ML | 600 ML,200 ML | 600 ML,true
CUSSONS KIDS SHAMPOO FRESH & NOURISHING,2,2,1,volume,180 ML | 90 ML,90 ML | 180 ML,false
CUSSONS KIDS SHAMPOO SOFT & SMOOTH,2,2,1,volume,180 ML | 90 ML,90 ML | 180 ML,false
DAESANG DRIED SEAWEED,2,2,1,mass,100 GR | 50 GR,50 GR | 100 GR,false
DAHLIA BLUE CLEAN DISINFECTANT SPRAY,2,2,1,volume,200 ML | 500 ML,200 ML | 500 ML,true
DAHLIA NAPHTHALENE,2,2,1,mass,100 GR | 300 GR,100 GR | 300 GR,true
DAITSABU CRAB STICK,2,2,1,mass,250 GR | 500 GR,250 GR | 500 GR,true
DANCOW 1+ COKLAT,2,2,1,mass,400 GR | 750 GR,400 GR | 750 GR,true
DANCOW 3+ COKLAT,2,2,1,mass,400 GR | 750 GR,400 GR | 750 GR,true
DANCOW 5+ VANILA,2,2,1,mass,350 GR | 750 GR,350 GR | 750 GR,true
DANCOW BABY 6-12 IMONUTRI,2,2,1,mass,120 GR | 550 GR,120 GR | 550 GR,true
DANCOW FORTIGRO FULL CREAM,2,2,1,mass,195 GR | 780 GR,195 GR | 780 GR,true
DARLIE ALL SHINY WHITE LIME MINT,2,2,1,mass,140 GR | 80 GR,80 GR | 140 GR,false
DEE DEE FACE WASH GRAPE TUBE,2,2,1,mass,100 GR | 50 GR,50 GR | 100 GR,false
DEE DEE SHAMPOO APEL,2,2,1,volume,125 ML | 45 ML,45 ML | 125 ML,false
DEE DEE SHAMPOO STRAWBERRY,2,2,1,volume,125 ML | 45 ML,45 ML | 125 ML,false
DEE DEE TALC APPLE,2,2,1,mass,150 GR | 45 GR,45 GR | 150 GR,false
DEKA CREPES CHOCONUT,2,2,1,mass,70 GR | 90 GR,70 GR | 90 GR,true
DELBIS SPESIAL GANDUM STRAWBERRY,2,2,1,mass,115 GR | 39 GR,39 GR | 115 GR,false
DELFI ALMOND,2,2,1,mass,25 GR | 40 GR,25 GR | 40 GR,true
DELFI CASHEW,2,2,1,mass,25 GR | 40 GR,25 GR | 40 GR,true
DELFI FRUIT & NUT,2,2,1,mass,25 GR | 40 GR,25 GR | 40 GR,true
DELISAOS HOT LAVA VOLCANO,2,2,1,volume,160 ML | 310 ML,160 ML | 310 ML,true
DELMONTE EXTRA HOT CHILI SAUCE,2,2,1,volume,135 ML | 190 ML,135 ML | 190 ML,true
DELMONTE EXTRA HOT POUCH,2,2,1,mass,1 KG | 500 GR,500 GR | 1 KG,false
DELMONTE KETCHUP TOMATO,2,2,2,mass,190 ML | 500 GR,190 ML | 500 GR,true
DELMONTE SARDINES TOMAT,2,2,1,mass,155 GR | 425 GR,155 GR | 425 GR,true
DESAKU KETUMBAR,2,2,1,mass,15 GR | 150 GR,15 GR | 150 GR,true
DESAKU KUNYIT BUBUK,2,2,1,mass,100 GR | 7.5 GR,7.5 GR | 100 GR,false
DETTOL ALL IN ONE DISINFECTANT SPRAY,2,2,1,volume,225 ML | 450 ML,225 ML | 450 ML,true
DETTOL ALL IN ONE DISINFECTANT SPRAY CRISP BREEZE,2,2,1,volume,225 ML | 450 ML,225 ML | 450 ML,true
DETTOL BAR SOAP COOL ISI 3 @,2,2,1,mass,100 GR | 65 GR,65 GR | 100 GR,false
DETTOL BAR SOAP COOL ISI 5 @,2,2,1,mass,100 GR | 65 GR,65 GR | 100 GR,false
DETTOL BAR SOAP ORIGINAL ISI 3 @,2,2,1,mass,100 GR | 65 GR,65 GR | 100 GR,false
DETTOL BAR SOAP ORIGINAL ISI 5 @,2,2,1,mass,100 GR | 65 GR,65 GR | 100 GR,false
DETTOL BAR SOAP RE-ENERGIZE ISI 5 @,2,2,1,mass,100 GR | 65 GR,65 GR | 100 GR,false
DETTOL BAR SOAP SENSITIVE ISI 5 @,2,2,1,mass,100 GR | 65 GR,65 GR | 100 GR,false
DETTOL BODY WASH COOL BOTOL,2,2,2,mass,300 ML | 500 GR,300 ML | 500 GR,true
DETTOL BODY WASH COOL REFILL,2,2,2,mass,200 GR | 410 ML,200 GR | 410 ML,true
DETTOL BODY WASH FRESH YUZU CITRUS BOTOL,2,2,2,mass,300 ML | 500 GR,300 ML | 500 GR,true
DETTOL BODY WASH FRESH YUZU CITRUS REFILL,2,2,2,mass,250 GR | 410 ML,250 GR | 410 ML,true
DETTOL BODY WASH LASTING FRESH REFILL,2,2,1,volume,250 ML | 410 ML,250 ML | 410 ML,true
DETTOL BODY WASH ORIGINAL REFILL,2,2,2,mass,200 GR | 410 ML,200 GR | 410 ML,true
DETTOL BODY WASH SKINCARE SAKURA BLOSSOM,2,2,2,mass,100 ML | 200 GR,100 ML | 200 GR,true
DETTOL HAND WASH ORIGINAL PUMP,2,2,1,volume,110 ML | 245 ML,110 ML | 245 ML,true
DETTOL HAND WASH ORIGINAL REFILL,2,2,2,mass,150 GR | 200 ML,150 GR | 200 ML,true
DETTOL HAND WASH SENSITIVE PUMP,2,2,1,volume,110 ML | 245 ML,110 ML | 245 ML,true
DETTOL HAND WASH SKINCARE PUMP,2,2,1,volume,110 ML | 245 ML,110 ML | 245 ML,true
DETTOL HYGIENE LIQUID LIME FRESH,2,2,1,volume,200 ML | 500 ML,200 ML | 500 ML,true
DETTOL SOAP FRESH ISI 3 @,2,2,1,mass,100 GR | 60 GR,60 GR | 100 GR,false
DETTOL SOAP LASTING FRESH,2,2,1,mass,60 GR | 65 GR,60 GR | 65 GR,true
DETTOL SOAP SKINCARE,2,2,1,mass,100 GR | 60 GR,60 GR | 100 GR,false
DETTOL SOAP SKINCARE ISI 3 @,2,2,1,mass,100 GR | 65 GR,65 GR | 100 GR,false
DETTOL SOAP SKINCARE ISI 5 @,2,2,1,mass,100 GR | 65 GR,65 GR | 100 GR,false
DIABETASOL CAPPUCCINO,2,2,1,mass,170 GR | 570 GR,170 GR | 570 GR,true
DIABETASOL VANILLA,2,2,1,mass,170 GR | 950 GR,170 GR | 950 GR,true
DIAMOND FRESH MILK STRAWBERRY,2,2,1,volume,350 ML | 946 ML,350 ML | 946 ML,true
DIAMOND JUICE CRANBERRY,2,2,1,volume,200 ML | 946 ML,200 ML | 946 ML,true
DIAMOND MILK UHT CHOCOLATE,2,2,1,volume,125 ML | 200 ML,125 ML | 200 ML,true
DIAMOND UHT MILK BUBBLE GUM,2,2,1,volume,125 ML | 200 ML,125 ML | 200 ML,true
DIAMOND UHT MILK HONEY,2,2,1,volume,125 ML | 200 ML,125 ML | 200 ML,true
DIAMOND UHT MILK MARSHMALLOW,2,2,1,volume,125 ML | 200 ML,125 ML | 200 ML,true
DJAGO KACANG HIJAU YULEK,2,2,1,mass,250 GR | 500 GR,250 GR | 500 GR,true
DJAGO KACANG TANAH,2,2,1,mass,250 GR | 500 GR,250 GR | 500 GR,true
DJAGO POP CORN,2,2,1,mass,250 GR | 500 GR,250 GR | 500 GR,true
DJEPATI LADA PUTIH BUBUK,2,2,1,mass,40 GR | 50 GR,40 GR | 50 GR,true
DOREMI KIDS COLOGNE ANNIE,2,2,1,volume,100 ML | 60 ML,60 ML | 100 ML,false
DOREMI KIDS COLOGNE DAISY,2,2,1,volume,100 ML | 60 ML,60 ML | 100 ML,false
DOREMI KIDS COLOGNE LOVELY JINNY,2,2,1,volume,100 ML | 60 ML,60 ML | 100 ML,false
DORITOS ROASTED CORN,2,2,1,mass,120 GR | 55 GR,55 GR | 120 GR,false
DORITOS SAMBAL SALSA,2,2,1,mass,120 GR | 55 GR,55 GR | 120 GR,false
DOUBLE PAGODA SESAME OIL,2,2,1,volume,150 ML | 250 ML,150 ML | 250 ML,true
DOVE CLEANSE NOURISHMENT MICELLAR SHAMPOO,2,2,1,volume,190 ML | 430 ML,190 ML | 430 ML,true
DOVE CONDITIONER MICELLAR HAIRFALL CONTROL,2,2,1,volume,135 ML | 90 ML,90 ML | 135 ML,false
DOVE CONDITIONER PERAWATAN RAMBUT RUSAK,2,2,1,volume,160 ML | 320 ML,160 ML | 320 ML,true
DOVE SERUM BODY WASH PAMPERING CARE POUCH,2,2,1,volume,400 ML | 800 ML,400 ML | 800 ML,true
DOVE SERUM BODY WASH SENSITIVE RELIEF POUCH,2,2,1,volume,400 ML | 800 ML,400 ML | 800 ML,true
DOVE SERUM SHAMPOO ANTI KETOMBE,2,2,1,volume,290 ML | 680 ML,290 ML | 680 ML,true
DOVE SHAMPOO ANTI KETOMBE & RAMBUT RONTOK,2,2,1,volume,135 ML | 290 ML,135 ML | 290 ML,true
DOWNY ADORABLE BOUQUET REFILL,2,2,1,volume,550 ML | 875 ML,550 ML | 875 ML,true
DOWNY FLORAL PINK REFILL,2,2,1,volume,630 ML | 875 ML,630 ML | 875 ML,true
DOWNY FRENCH LAVENDER REFILL,2,2,1,volume,550 ML | 900 ML,550 ML | 900 ML,true
DOWNY FRESH BOUQUET REFILL,2,2,1,volume,550 ML | 875 ML,550 ML | 875 ML,true
DOWNY MYSTIQUE REFILL,2,2,1,volume,550 ML | 875 ML,550 ML | 875 ML,true
DOWNY PASHMINA ROSE REFFIL,2,2,1,volume,550 ML | 875 ML,550 ML | 875 ML,true
DOWNY PURE COTTON REFFIL,2,2,1,volume,550 ML | 900 ML,550 ML | 900 ML,true
DOWNY SUNRISE FRESH REFILL,2,2,1,volume,550 ML | 875 ML,550 ML | 875 ML,true
DRAGON MINYAK KAYU PUTIH,2,2,1,volume,15 ML | 30 ML,15 ML | 30 ML,true
DRYLI BUAH STRAWBERRY,2,2,1,mass,200 GR | 250 GR,200 GR | 250 GR,true
DUA KELINCI KACANG SHANGHAI,2,2,1,mass,200 GR | 65 GR,65 GR | 200 GR,false
DUA KELINCI SUKRO ORIGINAL,2,2,1,mass,60 GR | 95 GR,60 GR | 95 GR,true
EKONOMI POWER LIQUID SIWAK & JERUK LIMAU REFILL,2,2,1,volume,290 ML | 650 ML,290 ML | 650 ML,true
ELLIPS DRY SHAMPOO BLOSSOM,2,2,1,volume,200 ML | 50 ML,50 ML | 200 ML,false
ELLIPS DRY SHAMPOO BREEZE,2,2,1,volume,200 ML | 50 ML,50 ML | 200 ML,false
ELLIPS DRY SHAMPOO EXOTIC,2,2,1,volume,200 ML | 50 ML,50 ML | 200 ML,false
ELLIPS DRY SHAMPOO FRUITY,2,2,1,volume,200 ML | 50 ML,50 ML | 200 ML,false
ELVAN TRUFFLE CARAMEL,2,2,1,mass,115 GR | 400 GR,115 GR | 400 GR,true
EMERON HIJAB SHAMPOO ANTI DANDRUFF,2,2,1,volume,170 ML | 340 ML,170 ML | 340 ML,true
EMERON LOVELY NATURALS BODY LOTION HYDRATING,2,2,1,volume,100 ML | 200 ML,100 ML | 200 ML,true
EMERON LOVELY NATURALS BODY LOTION NOURISHING,2,2,1,volume,100 ML | 200 ML,100 ML | 200 ML,true
EMERON LOVELY WHITE UV BODY LOTION ALOE VERA,2,2,1,volume,100 ML | 200 ML,100 ML | 200 ML,true
EMERON LOVELY WHITE UV BODY LOTION JEJU ORANGE,2,2,1,volume,100 ML | 200 ML,100 ML | 200 ML,true
EMERON LOVELY WHITE UV BODY LOTION RED POMEGRANATE,2,2,1,volume,100 ML | 200 ML,100 ML | 200 ML,true
EMERON LOVELY WHITE UV BODY LOTION WHITE PEARL,2,2,1,volume,100 ML | 200 ML,100 ML | 200 ML,true
EMERON SHAMPOO ANTI DANDRUFF,2,2,1,volume,170 ML | 70 ML,70 ML | 170 ML,false
EMERON SHAMPOO BLACK SHINE URANG ARING,2,2,1,volume,170 ML | 70 ML,70 ML | 170 ML,false
EMERON SHAMPOO HAIR FALL CONTROL ALOE VERA,2,2,1,volume,170 ML | 70 ML,70 ML | 170 ML,false
EMERON SHAMPOO HIJAB ANTI HAIRFALL,2,2,2,mass,120 GR | 340 ML,120 GR | 340 ML,true
EMERON SWEET BODY LOTION BENGKUANG + VIT C,2,2,1,volume,100 ML | 200 ML,100 ML | 200 ML,true
EMERON SWEET BODY LOTION MANGIR + VIT E,2,2,1,volume,100 ML | 200 ML,100 ML | 200 ML,true
EMERON SWEET BODY LOTION WILD ROSE + VIT C,2,2,1,volume,100 ML | 200 ML,100 ML | 200 ML,true
EMINA BRIGHT STUFF ACNE PRONE SKIN FACE WASH,2,2,1,volume,100 ML | 50 ML,50 ML | 100 ML,false
EMINA BRIGHT STUFF FACE SERUM,2,2,1,volume,30 ML | 7.5 ML,7.5 ML | 30 ML,false
EMINA BRIGHT STUFF FACE WASH,2,2,1,volume,100 ML | 50 ML,50 ML | 100 ML,false
EMINA MICELLAR WATER LOW PH MADE-CALM & PURIFY,2,2,1,volume,125 ML | 300 ML,125 ML | 300 ML,true
EMINA SKIN BUDDY MICELLAR WATER,2,2,1,volume,100 ML | 50 ML,50 ML | 100 ML,false
ENCHANTEUR BODY LOTION ALLURING,2,2,1,volume,100 ML | 200 ML,100 ML | 200 ML,true
ENFAGROW A+ 3 PLAIN,2,2,1,mass,400 GR | 800 GR,400 GR | 800 GR,true
ENFAGROW ESSENTIAL 4 VANILLA,2,2,1,mass,400 GR | 800 GR,400 GR | 800 GR,true
ENFAMIL A+ STAGE 1,2,2,1,mass,400 GR | 800 GR,400 GR | 800 GR,true
ENSURE FOS COKLAT TIN,2,2,1,mass,400 GR | 900 GR,400 GR | 900 GR,true
ENTRASOL ACTIVE COKLAT,2,2,1,mass,150 GR | 340 GR,150 GR | 340 GR,true
ENTRASOL ACTIVE MOCHACCINO,2,2,1,mass,160 GR | 350 GR,160 GR | 350 GR,true
ENTRASOL ACTIVE VANILLA LATTE,2,2,1,mass,150 GR | 340 GR,150 GR | 340 GR,true
ENTRASOL GOLD COKLAT,2,2,1,mass,170 GR | 340 GR,170 GR | 340 GR,true
ENTRASOL GOLD PLAIN,2,2,1,mass,170 GR | 340 GR,170 GR | 340 GR,true
ES ER CE AIR MINERAL,2,2,1,volume,1500 ML | 600 ML,600 ML | 1500 ML,false
ESKULIN COLOGNE GEL ADORABLE PINK,2,2,1,volume,100 ML | 50 ML,50 ML | 100 ML,false
ESKULIN COLOGNE GEL CONFIDENT PEACH,2,2,1,volume,100 ML | 50 ML,50 ML | 100 ML,false
ESKULIN COLOGNE GEL DREAMY BLUE,2,2,1,volume,100 ML | 50 ML,50 ML | 100 ML,false
ESKULIN COLOGNE GEL ENCHANTING WHITE,2,2,1,volume,100 ML | 50 ML,50 ML | 100 ML,false
ESKULIN COLOGNE GEL GLAMOROUS RED,2,2,1,volume,100 ML | 50 ML,50 ML | 100 ML,false
ESKULIN COLOGNE GEL GLEEFUL YELLOW,2,2,1,volume,100 ML | 50 ML,50 ML | 100 ML,false
ESKULIN COLOGNE GEL ROMANTIC PURPLE,2,2,1,volume,100 ML | 50 ML,50 ML | 100 ML,false
ESKULIN COLOGNE GEL WEDNESDAY MUSIC DAY,2,2,1,volume,100 ML | 50 ML,50 ML | 100 ML,false
ESKULIN KIDS SPLASH COLOGNE BLOSSOM ICE ANNA,2,2,1,volume,125 ML | 60 ML,60 ML | 125 ML,false
ESKULIN SPLASH COLOGNE ARIEL,2,2,1,volume,125 ML | 60 ML,60 ML | 125 ML,false
ESKULIN SPLASH COLOGNE BELLE,2,2,1,volume,125 ML | 60 ML,60 ML | 125 ML,false
ESKULIN SPLASH COLOGNE CINDERELLA,2,2,1,volume,125 ML | 60 ML,60 ML | 125 ML,false
ESKULIN SPLASH COLOGNE SNOW WHITE,2,2,1,volume,125 ML | 60 ML,60 ML | 125 ML,false
ESKULIN SPRAY COLOGNE WAKE UP GIRLS,2,2,1,volume,105 ML | 65 ML,65 ML | 105 ML,false
ETIRA JAMUR KANCING WHOLE,2,2,1,mass,250 GR | 450 GR,250 GR | 450 GR,true
EURO GOURMET ORIGINAL MAYONNAISE,2,2,1,mass,1 KG | 290 GR,290 GR | 1 KG,false
EXCELSO ROBUSTA GOLD,2,2,1,mass,100 GR | 200 GR,100 GR | 200 GR,true
FAIR & LOVELY BB CREAM,2,2,1,mass,15 GR | 30 GR,15 GR | 30 GR,true
FAIR & LOVELY MULTI VITAMIN FACIAL FOAM,2,2,1,mass,100 GR | 50 GR,50 GR | 100 GR,false
FAIR & LOVELY MULTIVITAMIN CREAM,2,2,1,mass,15 GR | 46 GR,15 GR | 46 GR,true
FAIR & LOVELY POWDER CREAM,2,2,1,mass,20 GR | 40 GR,20 GR | 40 GR,true
FAIR & LOVELY VITAMIN C GLOW FACIAL FOAM,2,2,1,mass,100 GR | 50 GR,50 GR | 100 GR,false
FANTA STRAWBERRY,2,2,1,volume,330 ML | 390 ML,330 ML | 390 ML,true
FARMHOUSE SMOKED BEEF,2,2,1,mass,225 GR | 450 GR,225 GR | 450 GR,true
FARMHOUSE SOSIS COCKTAIL,2,2,1,mass,200 GR | 800 GR,200 GR | 800 GR,true
FERRERO ROCHER CHOCOLATE,2,2,1,mass,200 GR | 300 GR,200 GR | 300 GR,true
FIESTA CHEESY LOVER,2,2,1,mass,400 GR | 500 GR,400 GR | 500 GR,true
FIESTA CHICKEN NUGGET,2,2,1,mass,200 GR | 500 GR,200 GR | 500 GR,true
FIESTA CHICKEN NUGGET STIKIE,2,2,1,mass,200 GR | 500 GR,200 GR | 500 GR,true
FIESTA CRISPY & HOT FRIED CHICKEN,2,2,1,mass,400 GR | 500 GR,400 GR | 500 GR,true
FIESTA DELISTRIPE,2,2,1,mass,400 GR | 500 GR,400 GR | 500 GR,true
FIESTA FRIED CHICKEN,2,2,1,mass,400 GR | 500 GR,400 GR | 500 GR,true
FIESTA GARLIC CHEESE,2,2,1,mass,400 GR | 500 GR,400 GR | 500 GR,true
FIESTA KARAGE,2,2,1,mass,250 GR | 400 GR,250 GR | 400 GR,true
FIESTA SPICY NUGGET,2,2,1,mass,400 GR | 500 GR,400 GR | 500 GR,true
FINNA KERUPUK DUA MENARA,2,2,1,mass,250 GR | 500 GR,250 GR | 500 GR,true
FOX LEM KUNING,2,2,1,mass,185 GR | 70 GR,70 GR | 185 GR,false
FRES & NATURAL BODY WASH COTTON DREAMS REFILL,2,2,1,volume,400 ML | 60 ML,60 ML | 400 ML,false
FRES & NATURAL BODY WASH MIDNIGHT SECRET REFILL,2,2,1,volume,400 ML | 60 ML,60 ML | 400 ML,false
FRES & NATURAL DESSERT COLLECTION BERRY MACARON,2,2,2,mass,100 ML | 76 GR,76 GR | 100 ML,false
FRES & NATURAL HIJAB REFRESH GREEN MIRAGE,2,2,2,mass,100 ML | 76 GR,76 GR | 100 ML,false
FRESTEA LYCHEE,2,2,1,volume,350 ML | 500 ML,350 ML | 500 ML,true
FRISIAN FLAG KARYA 4-6 VANILA,2,2,1,mass,360 GR | 750 GR,360 GR | 750 GR,true
FRISIAN FLAG PRIMAGRO 3+ MADU,2,2,1,mass,150 GR | 750 GR,150 GR | 750 GR,true
FRISIAN FLAG SUSU KENTAL MANIS COKLAT POUCH,2,2,1,mass,200 GR | 280 GR,200 GR | 280 GR,true
FRISIAN FLAG SUSU KENTAL MANIS GOLD POUCH,2,2,1,mass,200 GR | 280 GR,200 GR | 280 GR,true
FRISIAN FLAG UHT COCONUT DELIGHT,2,2,1,volume,225 ML | 900 ML,225 ML | 900 ML,true
FRISIAN FLAG UHT DISNEY CHOCO,2,2,1,volume,115 ML | 180 ML,115 ML | 180 ML,true
FRISIAN FLAG UHT DISNEY STRAWBERRY,2,2,1,volume,115 ML | 180 ML,115 ML | 180 ML,true
FRISIAN FLAG UHT FULL CREAM,2,2,1,volume,225 ML | 900 ML,225 ML | 900 ML,true
FRISIAN FLAG UHT SWISS CHOCOLATE,2,2,1,volume,180 ML | 900 ML,180 ML | 900 ML,true
FRISKIES KITTEN DISCOVERIES,2,2,1,mass,1 KG | 400 GR,400 GR | 1 KG,false
FRISKIES MEATY GRILLS,2,2,1,mass,1 KG | 2.5 KG,1 KG | 2.5 KG,true
FRISKIES SEAFOOD SENSATIONS,2,2,1,mass,1 KG | 2.5 KG,1 KG | 2.5 KG,true
FRISOLAC GOLD 2,2,2,1,mass,400 GR | 900 GR,400 GR | 900 GR,true
FRUIT TEA LEMON,2,2,1,volume,350 ML | 500 ML,350 ML | 500 ML,true
GAGA SARDEN CHILI BALADO,2,2,1,mass,155 GR | 425 GR,155 GR | 425 GR,true
GARAM DOLINA,2,2,1,mass,250 GR | 500 GR,250 GR | 500 GR,true
GARAM KAPAL,2,2,1,mass,250 GR | 500 GR,250 GR | 500 GR,true
GARAM MAMASUKA,2,2,1,mass,250 GR | 500 GR,250 GR | 500 GR,true
GAREMIN GARAM LAUT,2,2,1,mass,250 GR | 500 GR,250 GR | 500 GR,true
GARNIER BRIGHT COMPLETE ANTIACNE 3IN1 FOAM,2,2,1,volume,50 ML | 90 ML,50 ML | 90 ML,true
GARNIER BRIGHT COMPLETE VITAMIN C WATER GEL,2,2,1,volume,20 ML | 50 ML,20 ML | 50 ML,true
GARNIER LIGHT COMPLETE BRIGHTENING FOAM,2,2,1,volume,100 ML | 50 ML,50 ML | 100 ML,false
GARNIER LIGHT COMPLETE VITAMIN C BOOSTER SERUM,2,2,1,volume,30 ML | 7.5 ML,7.5 ML | 30 ML,false
GARNIER LIGHT COMPLETE WHITENING SERUM CREAM,2,2,1,volume,20 ML | 40 ML,20 ML | 40 ML,true
GARNIER LIGHT COMPLETE YOGHURT SLEEPING MASK NIGHT,2,2,1,volume,20 ML | 50 ML,20 ML | 50 ML,true
GARNIER MEN ACNO FIGHT SCRUB IN FOAM,2,2,1,volume,100 ML | 50 ML,50 ML | 100 ML,false
GARNIER MEN ACNO FIGHT WASABI BRIGHTENING FOAM,2,2,2,mass,100 ML | 50 GR,50 GR | 100 ML,false
GARNIER MEN POWER WHITE BRIGHTENING FOAM,2,2,1,volume,100 ML | 50 ML,50 ML | 100 ML,false
GARNIER MEN POWER WHITE SUPER DUO FOAM,2,2,1,volume,100 ML | 50 ML,50 ML | 100 ML,false
GARNIER MEN TURBO LIGHT OIL CONTROL MATCHA FOAMING GEL,2,2,1,volume,100 ML | 50 ML,50 ML | 100 ML,false
GARNIER MEN TURBOLIGHT OIL CONTROL 3IN1 CHARCOAL,2,2,1,volume,100 ML | 50 ML,50 ML | 100 ML,false
GARNIER MEN TURBOLIGHT OIL CONTROL ICY SCRUB,2,2,1,volume,100 ML | 150 ML,100 ML | 150 ML,true
GARNIER MICELLAR CLEANSING WATER PINK,2,2,1,volume,125 ML | 400 ML,125 ML | 400 ML,true
GARNIER MICELLAR WATER EXFO 1%PHA+AHA,2,2,1,volume,125 ML | 400 ML,125 ML | 400 ML,true
GARNIER NERIL HAIR TREATMENT SHAMPOO LOSS GUARD,2,2,1,volume,100 ML | 200 ML,100 ML | 200 ML,true
GARNIER SAKURA GLOW CERAMIDE WATER GEL,2,2,1,volume,20 ML | 50 ML,20 ML | 50 ML,true
GARNIER SAKURA GLOW WATER-GLOW ESSENCE,2,2,1,volume,100 ML | 30 ML,30 ML | 100 ML,false
GARNIER SAKURA WHITE PINKISH GLOW FOAM,2,2,1,volume,100 ML | 50 ML,50 ML | 100 ML,false
GARNIER SAKURA WHITE PINKISH GLOW WHIP FOAM,2,2,2,mass,100 ML | 50 GR,50 GR | 100 ML,false
GARUDA KACANG ATOM PEDAS,2,2,1,mass,100 GR | 220 GR,100 GR | 220 GR,true
GARUDA KACANG KULIT RASA BAWANG,2,2,1,mass,180 GR | 90 GR,90 GR | 180 GR,false
GARUDA KACANG TELOR,2,2,1,mass,100 GR | 210 GR,100 GR | 210 GR,true
GATSBY STYLING POMADE PERFECT RISE EDGY QUIFF,2,2,1,mass,30 GR | 75 GR,30 GR | 75 GR,true
GATSBY STYLING POMADE URBAN DRY SIDE SWEPT,2,2,1,mass,30 GR | 75 GR,30 GR | 75 GR,true
GATSBY STYLING WAX HYPER QUIFF EXTREME & VOLUME,2,2,1,mass,25 GR | 75 GR,25 GR | 75 GR,true
GATSBY STYLING WAX TOUGH SPIKES POWER & SPIKES,2,2,1,mass,25 GR | 75 GR,25 GR | 75 GR,true
GATSBY TREATMENT HAIR CREAM ANTI DANDRUFF,2,2,1,volume,28 ML | 70 ML,28 ML | 70 ML,true
GATSBY WATER GLOSS SOFT 2,2,2,1,mass,150 GR | 75 GR,75 GR | 150 GR,false
GATSBY WATER GLOSS SUPER HARD 5,2,2,1,mass,150 GR | 30 GR,30 GR | 150 GR,false
GATSBY WHITE UP EDT BLANC WOOD,2,2,1,volume,17 ML | 50 ML,17 ML | 50 ML,true
GATSBY WHITE UP EDT PLATINUM WAVE,2,2,1,volume,17 ML | 50 ML,17 ML | 50 ML,true
GATSBY WHITE UP EDT SKY REFLECTION,2,2,1,volume,17 ML | 50 ML,17 ML | 50 ML,true
GELAS TAKAR CORNELIUS,2,2,1,volume,1000 ML | 500 ML,500 ML | 1000 ML,false
GELIGA KRIM OTOT,2,2,1,mass,30 GR | 60 GR,30 GR | 60 GR,true
GERRY BUTTER COOKIES,2,2,1,mass,225 GR | 450 GR,225 GR | 450 GR,true
GERY CHOCOLATOS,2,2,1,mass,14 GR | 7 GR,7 GR | 14 GR,false
GET GIT COKLAT,2,2,1,mass,102 GR | 42 GR,42 GR | 102 GR,false
GET GIT KEJU,2,2,1,mass,102 GR | 35 GR,35 GR | 102 GR,false
GET GIT LEMON,2,2,1,mass,102 GR | 42 GR,42 GR | 102 GR,false
GILLETTE FOAMY LEMON LIME,2,2,1,mass,175 GR | 50 GR,50 GR | 175 GR,false
GISI MARIE PACK,2,2,1,mass,120 GR | 234 GR,120 GR | 234 GR,true
GIV BODYWASH CHARMING PEACH REF.,2,2,1,volume,400 ML | 800 ML,400 ML | 800 ML,true
GIV HIJAB PERFUMED BEAUTY BODY WASH ROSE WATER&ARGAN OIL POUCH,2,2,1,volume,250 ML | 400 ML,250 ML | 400 ML,true
GLAD2GLOW MICELLAR WATER TREMELLA PANTHENOL SENSITIVE CARE,2,2,1,volume,130 ML | 300 ML,130 ML | 300 ML,true
GLADE AIR FRESHENER ELEGANT VANILLA & OUD WOOD,2,2,1,volume,225 ML | 350 ML,225 ML | 350 ML,true
GLADE AIR FRESHENER WILD BERIES,2,2,1,volume,225 ML | 350 ML,225 ML | 350 ML,true
GLADE SPRAY FRESH LEMON,2,2,1,volume,225 ML | 400 ML,225 ML | 400 ML,true
GLADE SPRAY OCEAN ESCAPE,2,2,1,volume,225 ML | 350 ML,225 ML | 350 ML,true
GLADE SPRAY WILD LAVENDER,2,2,1,volume,225 ML | 350 ML,225 ML | 350 ML,true
GLADE SURFACE DISINFECTANT & AIR SANITIZER CLEAN FRESH 3 IN 1,2,2,1,volume,250 ML | 400 ML,250 ML | 400 ML,true
GLOREN GULA SEMUT AREN,2,2,1,mass,1000 GR | 500 GR,500 GR | 1000 GR,false
GOCHUJANG RED PEPPER SAUCE,2,2,1,mass,200 GR | 500 GR,200 GR | 500 GR,true
GOLDEN CITY MINI,2,2,1,mass,50 GR | 75 GR,50 GR | 75 GR,true
GOLDEN FARM FRENCH FRIES COATED,2,2,1,mass,1 KG | 500 GR,500 GR | 1 KG,false
GOLDEN FARM FRENCH FRIES SHOESTRING,2,2,1,mass,1 KG | 500 GR,500 GR | 1 KG,false
GOOD SHAMPOO LEMON WITH VITAMIN B5,2,2,1,volume,210 ML | 450 ML,210 ML | 450 ML,true
GOOD TIME DOUBLE CHOC,2,2,1,mass,10.6 GR | 26.5 GR,10.6 GR | 26.5 GR,true
GOOD TIME MINI DOUBLE CHOC,2,2,1,mass,18 GR | 50 GR,18 GR | 50 GR,true
GOOD TIME PANDAN COCONUT,2,2,1,mass,16 GR | 72 GR,16 GR | 72 GR,true
GPU KRIM SEREH,2,2,1,mass,150 GR | 250 GR,150 GR | 250 GR,true
GRANOLA CREATIONS PEANUT BUTTER & CHOCOLATE,2,2,1,mass,400 GR | 60 GR,60 GR | 400 GR,false
GRANOVA GRANOLA ORIGINAL,2,2,1,mass,100 GR | 350 GR,100 GR | 350 GR,true
GRANOVA GRANOLA PUMPKIN SPICE,2,2,1,mass,100 GR | 350 GR,100 GR | 350 GR,true
GREEN SAND APPLE LIME CAN,2,2,1,volume,250 ML | 330 ML,250 ML | 330 ML,true
GREENFIELDS FRESH MILK,2,2,1,volume,320 ML | 950 ML,320 ML | 950 ML,true
GREENFIELDS FRESH MILK CHOCO MALT,2,2,1,volume,200 ML | 320 ML,200 ML | 320 ML,true
GREENFIELDS FRESH MILK STRAWBERRY,2,2,1,volume,200 ML | 950 ML,200 ML | 950 ML,true
GREENFIELDS UHT CHOCOMALT,2,2,1,volume,125 ML | 200 ML,125 ML | 200 ML,true
GREENFIELDS UHT FULL CREAM,2,2,1,volume,105 ML | 950 ML,105 ML | 950 ML,true
GREENFIELDS UHT FULL CREAM MILK,2,2,1,volume,200 ML | 250 ML,200 ML | 250 ML,true
GREENFIELDS YOGURT MIXED BERRY,2,2,1,mass,110 GR | 125 GR,110 GR | 125 GR,true
GULA AREN,2,2,1,mass,250 GR | 500 GR,250 GR | 500 GR,true
GULA BATU KURNIA,2,2,1,mass,250 GR | 500 GR,250 GR | 500 GR,true
GULA MERAH RF,2,2,1,mass,250 GR | 500 GR,250 GR | 500 GR,true
GULA ROSINA,2,2,1,mass,200 GR | 500 GR,200 GR | 500 GR,true
GULAKU POUCH,2,2,1,mass,300 GR | 750 GR,300 GR | 750 GR,true
HAAN WIPPY CREAM POUCH,2,2,1,mass,200 GR | 400 GR,200 GR | 400 GR,true
HADA LABO FACE WASH GOKUJYUN ANTI AGING,2,2,1,mass,100 GR | 50 GR,50 GR | 100 GR,false
HADA LABO SHIROJYUN ULTIMATE WHITENING FACE WASH,2,2,2,mass,100 GR | 50 ML,50 ML | 100 GR,false
HADA LABO TAMAGOHADA MILD PEELING AHA + BHA FACE WASH,2,2,1,mass,100 GR | 50 GR,50 GR | 100 GR,false
HADA LABO TAMAGOHADA MILD PEELING AHA + BHA MAKE UP REMOVER + FACE WASH,2,2,1,mass,100 GR | 50 GR,50 GR | 100 GR,false
HARPIC PEMBERSIH KAMAR MANDI LIME REFILL,2,2,1,volume,400 ML | 700 ML,400 ML | 700 ML,true
HEAD & SHOULDERS MEN SHAMPOO COOL BLAST,2,2,1,volume,450 ML | 70 ML,70 ML | 450 ML,false
HEAD & SHOULDERS SHAMPOO + CONDITIONER MENTHOL DINGIN 2 IN 1,2,2,1,volume,145 ML | 300 ML,145 ML | 300 ML,true
HEAD & SHOULDERS SHAMPOO ANTI APEK WITH CHARCOAL,2,2,1,volume,145 ML | 300 ML,145 ML | 300 ML,true
HEAD & SHOULDERS SHAMPOO ANTI GATAL,2,2,1,volume,300 ML | 400 ML,300 ML | 400 ML,true
HEAD & SHOULDERS SHAMPOO CLEAN & BALANCED,2,2,1,volume,300 ML | 70 ML,70 ML | 300 ML,false
HEAD & SHOULDERS SHAMPOO COOL BLAST,2,2,1,volume,165 ML | 315 ML,165 ML | 315 ML,true
HEAD & SHOULDERS SHAMPOO COOL MENTHOL FC BARCA,2,2,1,volume,160 ML | 300 ML,160 ML | 300 ML,true
HEAD & SHOULDERS SHAMPOO SUPREME ANTI HAIR FALL,2,2,1,volume,135 ML | 330 ML,135 ML | 330 ML,true
HEAD & SHOULDERS SHAMPOO TEBAL & KUAT,2,2,1,volume,165 ML | 315 ML,165 ML | 315 ML,true
HEAD&SHOULDERS SHP LEMON FRESH MOBILE LEGEND,2,2,1,volume,160 ML | 300 ML,160 ML | 300 ML,true
HEAD&SHOULDERS SHP MENTHOL MOBILE LEGEND,2,2,1,volume,160 ML | 300 ML,160 ML | 300 ML,true
HEAVENLY BLUSH GREEK YOGURT STRAWBERRY,2,2,1,mass,100 GR | 1000 GR,100 GR | 1000 GR,true
HELLO PANDA CHOCO,2,2,1,mass,25 GR | 42 GR,25 GR | 42 GR,true
HELLO PANDA STRAWBERRY,2,2,1,mass,25 GR | 42 GR,25 GR | 42 GR,true
HEMAVITON C1000 ORANGE,2,2,1,volume,150 ML | 330 ML,150 ML | 330 ML,true
HERBORIST BODY SERUM APPLE & BROCCOLI,2,2,1,volume,180 ML | 80 ML,80 ML | 180 ML,false
HERBORIST BODY SERUM ORANGE & CARROT,2,2,1,volume,180 ML | 80 ML,80 ML | 180 ML,false
HERBORIST BODY SERUM RASPBERRY & TOMATO,2,2,1,volume,180 ML | 80 ML,80 ML | 180 ML,false
HERBORIST LULUR BALI BENGKOANG,2,2,1,mass,100 GR | 200 GR,100 GR | 200 GR,true
HERBORIST LULUR BALI GREEN TEA,2,2,1,mass,100 GR | 200 GR,100 GR | 200 GR,true
HERBORIST LULUR BALI MILK,2,2,2,mass,100 GR | 200 ML,100 GR | 200 ML,true
HERBORIST LULUR BALI ROSE,2,2,1,mass,100 GR | 200 GR,100 GR | 200 GR,true
HERBORIST LULUR BALI STRAWBERRY,2,2,1,mass,100 GR | 200 GR,100 GR | 200 GR,true
HERBORIST LULUR BALI ZAITUN,2,2,1,mass,100 GR | 200 GR,100 GR | 200 GR,true
HERBORIST MINYAK ZAITUN,2,2,1,volume,150 ML | 75 ML,75 ML | 150 ML,false
HERBORIST OLIVE OIL COLLAGEN,2,2,1,volume,150 ML | 75 ML,75 ML | 150 ML,false
HERBORIST SABUN SERE,2,2,1,mass,160 GR | 80 GR,80 GR | 160 GR,false
HERO APRICOT,2,2,1,mass,28.3 GR | 340 GR,28.3 GR | 340 GR,true
HERO BLACK CHERRY,2,2,1,mass,28.3 GR | 340 GR,28.3 GR | 340 GR,true
HERO RASPBERRY,2,2,1,mass,28.3 GR | 340 GR,28.3 GR | 340 GR,true
HERO STRAWBERRY,2,2,1,mass,28.3 GR | 340 GR,28.3 GR | 340 GR,true
HERSHEY'S CREAMY MILK CHOCOLATE,2,2,1,mass,28 GR | 40 GR,28 GR | 40 GR,true
HERSHEY'S SYRUP CHOCOLATE,2,2,2,mass,650 GR | 680 ML,650 GR | 680 ML,true
HILO ACTIVE CHOCOLATE,2,2,1,mass,500 GR | 750 GR,500 GR | 750 GR,true
HILO ACTIVE VANILA,2,2,1,mass,200 GR | 500 GR,200 GR | 500 GR,true
HILO GOLD ORIGINAL,2,2,1,mass,200 GR | 500 GR,200 GR | 500 GR,true
HILO SCHOOL COKLAT,2,2,1,mass,250 GR | 500 GR,250 GR | 500 GR,true
HILO SCHOOL COTTON CANDY,2,2,2,mass,200 ML | 500 GR,200 ML | 500 GR,true
HILO SCHOOL VANILLA VEGIBERI,2,2,1,mass,500 GR | 750 GR,500 GR | 750 GR,true
HILO TEEN VANILLA CARAMEL,2,2,1,mass,500 GR | 750 GR,500 GR | 750 GR,true
HIMALAYA CLEAR COMPLEXION WHITENING FACE WASH,2,2,1,volume,100 ML | 50 ML,50 ML | 100 ML,false
HIMALAYA MEN INTENSE OIL CLEAR LEMON FACE WASH,2,2,1,volume,100 ML | 50 ML,50 ML | 100 ML,false
HIMALAYA MEN POWER GLOW LICORICE FACE WASH,2,2,1,volume,100 ML | 50 ML,50 ML | 100 ML,false
HIMALAYA PURIFYING NEEM MASK,2,2,1,volume,100 ML | 50 ML,50 ML | 100 ML,false
HIMALAYA PURIFYING NEEM SCRUB,2,2,1,volume,100 ML | 50 ML,50 ML | 100 ML,false
HIT AEROSOL BLOOMING TEA,2,2,1,volume,200 ML | 600 ML,200 ML | 600 ML,true
HIT AEROSOL EXPERT SWEET FLOWER,2,2,1,volume,200 ML | 450 ML,200 ML | 450 ML,true
HIT AEROSOL PINK BLOSSOM,2,2,1,volume,180 ML | 400 ML,180 ML | 400 ML,true
HIT ANTI KECOA SPRAY FRESH FRAGRANCE,2,2,1,volume,150 ML | 325 ML,150 ML | 325 ML,true
HIT ANTI NYAMUK & KECOA LILY BLOSSOM POUCH,2,2,1,volume,175 ML | 360 ML,175 ML | 360 ML,true
HIT EXPERT ONE PUSH ORANGE,2,2,1,volume,10 ML | 18 ML,10 ML | 18 ML,true
HOT IN CREAM STRONG,2,2,2,mass,120 ML | 30 GR,30 GR | 120 ML,false
HOT IN CREAM STRONG TUBE,2,2,2,mass,120 GR | 60 ML,60 ML | 120 GR,false
HVS PAPER ONE A4,2,2,1,mass,80 GR | 85 GR,80 GR | 85 GR,true
HYDRO COCO ORIGINAL,2,2,1,volume,1 LTR | 330 ML,330 ML | 1 LTR,false
ICHITAN THAI MILK TEA,2,2,1,volume,125 ML | 300 ML,125 ML | 300 ML,true
IDAHO BATTER COATED,2,2,1,mass,1 KG | 500 GR,500 GR | 1 KG,false
IDAHO CRINKLE CUT,2,2,1,mass,1 KG | 500 GR,500 GR | 1 KG,false
IDAHO SHOESTRING,2,2,1,mass,1 KG | 500 GR,500 GR | 1 KG,false
IMPERIAL CREME BLUEBERRY,2,2,1,mass,108 GR | 27 GR,27 GR | 108 GR,false
IMPERIAL CREME RASBERRY,2,2,1,mass,108 GR | 27 GR,27 GR | 108 GR,false
INACO NATA DE COCO LYCHEE,2,2,1,mass,200 GR | 360 GR,200 GR | 360 GR,true
INACO NATA DE COCO SELASIH ORANGE,2,2,1,mass,1 KG | 200 GR,200 GR | 1 KG,false
INACO NATA DE COCO SELASIH STRAWBERRY,2,2,1,mass,1 KG | 200 GR,200 GR | 1 KG,false
INDOFOOD RACIK TEPUNG BUMBU AYAM KRISPI,2,2,1,mass,210 GR | 75 GR,75 GR | 210 GR,false
INDOFOOD RACIK TEPUNG BUMBU SERBAGUNA,2,2,1,mass,210 GR | 75 GR,75 GR | 210 GR,false
INDOFOOD SAMBAL ASAM MANIS BANGKOK,2,2,1,volume,135 ML | 335 ML,135 ML | 335 ML,true
INDOFOOD SAMBAL PEDAS MANIS,2,2,1,volume,135 ML | 335 ML,135 ML | 335 ML,true
INDOMILK UHT COKLAT,2,2,1,volume,180 ML | 950 ML,180 ML | 950 ML,true
INDOMILK UHT PLAIN,2,2,1,volume,250 ML | 950 ML,250 ML | 950 ML,true
INDOMILK UHT STRAWBERRY,2,2,1,volume,180 ML | 250 ML,180 ML | 250 ML,true
INSTANCE HAND SANITIZER GEL,2,2,1,volume,50 ML | 500 ML,50 ML | 500 ML,true
IZZI BODY MIST SWEET LOVE,2,2,1,volume,100 ML | 60 ML,60 ML | 100 ML,false
IZZI BODY MIST TRUE LOVE,2,2,1,volume,100 ML | 60 ML,60 ML | 100 ML,false
JAPOTA POTATO CHIPS HAPPY HONEY BUTTER,2,2,1,mass,35 GR | 68 GR,35 GR | 68 GR,true
JAPOTA POTATO CHIPS JAPANESE SEAWED,2,2,1,mass,35 GR | 68 GR,35 GR | 68 GR,true
JAVA CLASSIC,2,2,1,mass,180 GR | 90 GR,90 GR | 180 GR,false
JAVA DARK,2,2,1,mass,180 GR | 90 GR,90 GR | 180 GR,false
JF SULFUR ACNE PROTECT MILD CARE CLEANSER BAR,2,2,1,mass,65 GR | 90 GR,65 GR | 90 GR,true
JF SULFUR ACNE PROTECT OILY CARE CLEANSER BAR,2,2,1,mass,65 GR | 90 GR,65 GR | 90 GR,true
JF SULFUR ANTIACNE CLEANSER BAR,2,2,1,mass,65 GR | 90 GR,65 GR | 90 GR,true
JOHNSON'S BABY BATH TOP TO TOE,2,2,1,volume,200 ML | 500 ML,200 ML | 500 ML,true
JOHNSON'S BABY CREAM TUBE,2,2,1,volume,100 ML | 50 ML,50 ML | 100 ML,false
JOHNSON'S BABY LOTION MILK,2,2,1,volume,100 ML | 200 ML,100 ML | 200 ML,true
JOHNSON'S BABY LOTION REGULAR,2,2,1,volume,100 ML | 200 ML,100 ML | 200 ML,true
JOHNSON'S BABY POWDER ACTIVE FRESH,2,2,1,mass,100 GR | 300 GR,100 GR | 300 GR,true
JOHNSON'S BABY POWDER BEDTIME,2,2,1,mass,300 GR | 500 GR,300 GR | 500 GR,true
JOHNSON'S BABY POWDER BEDTIME +,2,2,1,mass,150 GR | 75 GR,75 GR | 150 GR,false
JOHNSON'S BABY POWDER BLOSSOMS +,2,2,1,mass,150 GR | 75 GR,75 GR | 150 GR,false
JOHNSON'S BABY POWDER MILK + RICE,2,2,1,mass,100 GR | 300 GR,100 GR | 300 GR,true
JOHNSON'S BABY SHAMPOO ACTIVE FRESH,2,2,1,volume,100 ML | 200 ML,100 ML | 200 ML,true
JOHNSON'S BABY SHAMPOO SHINY DROPS,2,2,1,volume,100 ML | 200 ML,100 ML | 200 ML,true
JOHNSON'S BABY SHAMPOO SOFT & SMOOTH,2,2,1,volume,100 ML | 200 ML,100 ML | 200 ML,true
JUNGLE JUICE APPLE,2,2,1,volume,200 ML | 500 ML,200 ML | 500 ML,true
JUNGLE JUICE GRAPE,2,2,1,volume,200 ML | 500 ML,200 ML | 500 ML,true
JUNGLE JUICE GUAVA,2,2,1,volume,200 ML | 500 ML,200 ML | 500 ML,true
JUNGLE JUICE MANGO,2,2,1,volume,200 ML | 500 ML,200 ML | 500 ML,true
JUNGLE JUICE ORANGE,2,2,1,volume,200 ML | 500 ML,200 ML | 500 ML,true
JUNGLE JUICE SIRSAK,2,2,1,volume,200 ML | 500 ML,200 ML | 500 ML,true
JUST FRY FRENCH FRIES CRINKLE CUT,2,2,1,mass,450 GR | 900 GR,450 GR | 900 GR,true
K NATURAL WHITE BODY WASH SPARKLING MAGNOLIA REFILL,2,2,1,volume,400 ML | 60 ML,60 ML | 400 ML,false
KACANG ATOM JAMBU SP,2,2,1,mass,225 GR | 65 GR,65 GR | 225 GR,false
KACANG ATOM KOH-KAE COCONUT CREAM,2,2,1,mass,180 GR | 90 GR,90 GR | 180 GR,false
KACANG ATOM KOH-KAE KOREAN SPICY CHICKEN,2,2,1,mass,180 GR | 90 GR,90 GR | 180 GR,false
KACANG ATOM KOH-KAE NORI WASABI,2,2,1,mass,180 GR | 90 GR,90 GR | 180 GR,false
KACANG MENTARI DISCO POUCH,2,2,1,mass,200 GR | 400 GR,200 GR | 400 GR,true
KACANG SPICY THAILAND,2,2,1,mass,250 GR | 330 GR,250 GR | 330 GR,true
KANNA KRIM,2,2,1,mass,15 GR | 30 GR,15 GR | 30 GR,true
KANNA WHITE,2,2,1,mass,15 GR | 30 GR,15 GR | 30 GR,true
KANZLER BEEF COCKTAIL,2,2,1,mass,250 GR | 500 GR,250 GR | 500 GR,true
KAPAL API KRIM KAFE,2,2,1,mass,100 GR | 500 GR,100 GR | 500 GR,true
KARTIKA PUFFIES SOES CREAM CHEESE,2,2,1,mass,33 GR | 72 GR,33 GR | 72 GR,true
KECAP ASIN ABC,2,2,1,volume,131 ML | 620 ML,131 ML | 620 ML,true
KECAP ASIN DJOE HUA,2,2,1,volume,135 ML | 620 ML,135 ML | 620 ML,true
KECAP ASIN LEE KUM KEE,2,2,1,volume,250 ML | 500 ML,250 ML | 500 ML,true
KECAP BANGO MANIS PEDAS,2,2,1,volume,135 ML | 210 ML,135 ML | 210 ML,true
KECAP MANIS BANGO BOTOL,2,2,2,mass,189 GR | 620 ML,189 GR | 620 ML,true
KECAP MANIS BANGO LIGHT REFILL,2,2,1,volume,220 ML | 520 ML,220 ML | 520 ML,true
KECAP MANIS DAGING ASAP ABC,2,2,1,mass,135 GR | 650 GR,135 GR | 650 GR,true
KECAP MANIS INDOFOOD,2,2,1,volume,275 ML | 280 ML,275 ML | 280 ML,true
KELLOGS COCO FILLS,2,2,1,mass,150 GR | 60 GR,60 GR | 150 GR,false
KELLOGS COCO POPS,2,2,1,mass,190 GR | 350 GR,190 GR | 350 GR,true
KELLOGS FROOT LOOPS,2,2,1,mass,150 GR | 300 GR,150 GR | 300 GR,true
KELLY PEARL CREAM,2,2,1,mass,15 GR | 5 GR,5 GR | 15 GR,false
KEMANG FOOD CHEESE BEEF BOCKWURST,2,2,1,mass,1 KG | 340 GR,340 GR | 1 KG,false
KERUPUK PALEMBANG,2,2,1,mass,200 GR | 500 GR,200 GR | 500 GR,true
KEWPIE SALAD DRESSING YOGURT,2,2,1,mass,150 GR | 70 GR,70 GR | 150 GR,false
KIKKOMAN KECAP ASIN KHAS JEPANG,2,2,1,volume,150 ML | 620 ML,150 ML | 620 ML,true
KIN FRESH MILK FULL CREAM,2,2,1,volume,200 ML | 950 ML,200 ML | 950 ML,true
KING COCO SARI KELAPA CUBES COCOPANDAN,2,2,1,mass,360 GR | 850 GR,360 GR | 850 GR,true
KING'S FISHER BALADO,2,2,1,mass,155 GR | 425 GR,155 GR | 425 GR,true
KING'S FISHER SAMBAL HIJAU,2,2,1,mass,155 GR | 425 GR,155 GR | 425 GR,true
KING'S FISHER SAUS SAMBAL,2,2,1,mass,155 GR | 425 GR,155 GR | 425 GR,true
KIT GRAND PRIX CLEANER WAX,2,2,1,volume,275 ML | 500 ML,275 ML | 500 ML,true
KIT METALIC LIQUID CAR WAX,2,2,1,volume,275 ML | 500 ML,275 ML | 500 ML,true
KIT MOTOR PASTE WAX TUBE,2,2,1,mass,25 GR | 60 GR,25 GR | 60 GR,true
KIT MOTOR SHAMPOO ISI 12 @,2,2,1,volume,15 ML | 30 ML,15 ML | 30 ML,true
KIT WIPER FLUID,2,2,1,volume,300 ML | 500 ML,300 ML | 500 ML,true
KIWI PASTE SP BROWN,2,2,1,volume,17.5 ML | 45 ML,17.5 ML | 45 ML,true
KNORR CHICKEN POWDER,2,2,1,mass,200 GR | 500 GR,200 GR | 500 GR,true
KODOMO BABY MOISTURIZING POWDER BOTOL +,2,2,1,mass,200 GR | 300 GR,200 GR | 300 GR,true
KOEPOE BAWANG PUTIH BUBUK,2,2,1,mass,130 GR | 64 GR,64 GR | 130 GR,false
KOEPOE LADA PUTIH BUBUK,2,2,1,mass,38 GR | 85 GR,38 GR | 85 GR,true
KOEPOE OVALETT,2,2,1,mass,30 GR | 75 GR,30 GR | 75 GR,true
KOEPOE PASTA PANDAN,2,2,1,volume,25 ML | 60 ML,25 ML | 60 ML,true
KOEPOE PASTA STRAWBERRY,2,2,1,volume,25 ML | 60 ML,25 ML | 60 ML,true
KOEPOE PASTA VANILLA,2,2,1,volume,25 ML | 60 ML,25 ML | 60 ML,true
KOEPOE SP,2,2,1,mass,30 GR | 70 GR,30 GR | 70 GR,true
KOEPOE TBM,2,2,1,mass,35 GR | 80 GR,35 GR | 80 GR,true
KOJIE SAN ACID SOAP,2,2,1,mass,135 GR | 65 GR,65 GR | 135 GR,false
KOJIE SAN SKIN LIGHTENING SOAP,2,2,1,mass,135 GR | 65 GR,65 GR | 135 GR,false
KOMET NATURALPACK SEAL WARE,2,2,1,volume,250 ML | 900 ML,250 ML | 900 ML,true
KONICARE MINYAK KAYU PUTIH HOT,2,2,1,volume,125 ML | 60 ML,60 ML | 125 ML,false
KONICARE MINYAK TELON PLUS,2,2,1,volume,125 ML | 60 ML,60 ML | 125 ML,false
KONICARE MINYAK TELON PLUS 3IN1,2,2,1,volume,125 ML | 60 ML,60 ML | 125 ML,false
KONTAINER SAUS KLIP ISI 5 PCS,2,2,1,volume,35 ML | 60 ML,35 ML | 60 ML,true
KOPI DEMPO,2,2,1,mass,100 GR | 250 GR,100 GR | 250 GR,true
KOPI TUBRUK GADJAH ASLI,2,2,1,mass,138 GR | 70 GR,70 GR | 138 GR,false
KOPIKO SUGAR FREE COFFEE CANDY,2,2,1,mass,32 GR | 75 GR,32 GR | 75 GR,true
KORNET DAGING JAMUR CIP,2,2,1,mass,198 GR | 340 GR,198 GR | 340 GR,true
KORNET SAPI CIP,2,2,1,mass,120 GR | 325 GR,120 GR | 325 GR,true
KORNET SAPI KORNETKU,2,2,1,mass,200 GR | 340 GR,200 GR | 340 GR,true
KORNETKU MERCON CORNED BEEF CAN,2,2,1,mass,200 GR | 340 GR,200 GR | 340 GR,true
KRISBEE KENTANG GORENG,2,2,1,mass,24 GR | 65 GR,24 GR | 65 GR,true
KURMA AJWA CASTLE FARMS,2,2,1,mass,250 GR | 500 GR,250 GR | 500 GR,true
KURMA MESIR TOPLES BULAT,2,2,1,mass,250 GR | 500 GR,250 GR | 500 GR,true
KURNIA GULA TEPUNG,2,2,1,mass,250 GR | 500 GR,250 GR | 500 GR,true
KURNIA KACANG HIJAU BENING,2,2,1,mass,250 GR | 500 GR,250 GR | 500 GR,true
KURNIA POP CORN,2,2,1,mass,250 GR | 500 GR,250 GR | 500 GR,true
KUSUKA KRIPIK SINGKONG AYAM LADA HITAM,2,2,1,mass,180 GR | 60 GR,60 GR | 180 GR,false
KUSUKA KRIPIK SINGKONG KEJU BAKAR,2,2,1,mass,180 GR | 60 GR,60 GR | 180 GR,false
KUSUKA KRIPIK SINGKONG ORIGINAL,2,2,1,mass,180 GR | 400 GR,180 GR | 400 GR,true
KUSUKA KRIPIK SINGKONG RUMPUT LAUT,2,2,1,mass,180 GR | 60 GR,60 GR | 180 GR,false
LACTACYD ALL DAY CARE,2,2,1,volume,250 ML | 60 ML,60 ML | 250 ML,false
LACTACYD BABY EXTRA MILKY,2,2,1,volume,150 ML | 60 ML,60 ML | 150 ML,false
LACTACYD BABY LIQUID SOAP MILK EXTRACT,2,2,1,volume,150 ML | 250 ML,150 ML | 250 ML,true
LACTAMIL PREGNASIS COKLAT,2,2,1,mass,200 GR | 400 GR,200 GR | 400 GR,true
LACTAMIL PREGNASIS VANILA,2,2,1,mass,200 GR | 400 GR,200 GR | 400 GR,true
LACTOGEN PRO 0 - 6 MONTH HAPPYNUTRI,2,2,1,mass,1000 GR | 350 GR,350 GR | 1000 GR,false
LACTOGEN PRO 6 - 12 MONTH HAPPYNUTRI,2,2,1,mass,350 GR | 735 GR,350 GR | 735 GR,true
LACTOGROW PRO 1+ HAPPYNUTRI PLAIN,2,2,1,mass,350 GR | 735 GR,350 GR | 735 GR,true
LACTOGROW PRO 1+ HAPPYNUTRI VANILLA,2,2,1,mass,350 GR | 735 GR,350 GR | 735 GR,true
LANG BALSEM AKTIV,2,2,1,mass,20 GR | 40 GR,20 GR | 40 GR,true
LASEGAR,2,2,1,volume,200 ML | 500 ML,200 ML | 500 ML,true
LAY'S RUMPUT LAUT NOS,2,2,1,mass,35 GR | 68 GR,35 GR | 68 GR,true
LAY'S WAVY RUMPUT LAUT PEDAS,2,2,1,mass,105 GR | 64 GR,64 GR | 105 GR,false
LEE KUM KEE PANDA OYSTER SAUCE,2,2,1,mass,255 GR | 770 GR,255 GR | 770 GR,true
LEE KUM KEE SESAME OIL,2,2,1,volume,115 ML | 207 ML,115 ML | 207 ML,true
LEIVY NATURALLY BODY LOTION GOATS MILK,2,2,1,volume,270 ML | 500 ML,270 ML | 500 ML,true
LEIVY SHOWER CREAM GOATS MILK BOTOL,2,2,1,volume,250 ML | 500 ML,250 ML | 500 ML,true
LEIVY SHOWER CREAM ROYAL JELLY & HONEY PUMP,2,2,1,volume,1150 ML | 500 ML,500 ML | 1150 ML,false
LIFEBUOY BODY WASH COOL FRESH REFILL,2,2,1,volume,250 ML | 380 ML,250 ML | 380 ML,true
LIFEBUOY BODY WASH FRESH COCONUT WATER & MINT REFILL,2,2,1,volume,250 ML | 400 ML,250 ML | 400 ML,true
LIFEBUOY BODY WASH HONEY & HABBATUSSAUDA REFILL,2,2,1,volume,250 ML | 400 ML,250 ML | 400 ML,true
LIFEBUOY BODY WASH MATCHA GREENTEA & ALOE VERA BOTOL,2,2,1,volume,100 ML | 300 ML,100 ML | 300 ML,true
LIFEBUOY BODY WASH MATCHA GREENTEA & ALOE VERA REFILL,2,2,2,mass,250 ML | 380 GR,250 ML | 380 GR,true
LIFEBUOY BODY WASH TOTAL 10 REFILL,2,2,2,mass,380 GR | 800 ML,380 GR | 800 ML,true
LIFEBUOY BODY WASH YOGHURT CARE REFILL,2,2,2,mass,380 GR | 825 ML,380 GR | 825 ML,true
LIFEBUOY HAND SANITIZER TOTAL 10 PUMP,2,2,1,volume,190 ML | 500 ML,190 ML | 500 ML,true
LIFEBUOY HAND SANITIZER TOTAL 10 SPRAY,2,2,1,volume,100 ML | 18 ML,18 ML | 100 ML,false
LIFEBUOY MATCHA GREENTEA & ALOE VERA,2,2,1,mass,110 GR | 70 GR,70 GR | 110 GR,false
LIFEBUOY MILD CARE ISI 4 @,2,2,1,mass,100 GR | 60 GR,60 GR | 100 GR,false
LIFEBUOY SHAMPOO ANTI KETOMBE LEMON DINGIN,2,2,1,volume,170 ML | 340 ML,170 ML | 340 ML,true
LIFEBUOY SHAMPOO HAIR FALL,2,2,1,volume,170 ML | 91 ML,91 ML | 170 ML,false
LIFEBUOY SOAP MILD CARE,2,2,1,mass,100 GR | 70 GR,70 GR | 100 GR,false
LIGENT DISHWASH LEMON REFILL,2,2,1,volume,180 ML | 600 ML,180 ML | 600 ML,true
LIGO HAVERMOUT BOX,2,2,1,mass,1 KG | 500 GR,500 GR | 1 KG,false
LISTERINE FRESH CITRUS,2,2,1,volume,250 ML | 500 ML,250 ML | 500 ML,true
LISTERINE MULTI PROTECT ZERO,2,2,1,volume,100 ML | 250 ML,100 ML | 250 ML,true
LISTERINE ORIGINAL,2,2,1,volume,250 ML | 500 ML,250 ML | 500 ML,true
LISTERINE SIWAK,2,2,1,volume,100 ML | 250 ML,100 ML | 250 ML,true
LISTERINE WATERMELON,2,2,1,volume,250 ML | 500 ML,250 ML | 500 ML,true
LOTTE CHOCOPIE MARSHMALLOW,2,2,1,mass,156 GR | 52 GR,52 GR | 156 GR,false
LOTTE XYLITOL COOLMINT,2,2,1,mass,26.1 GR | 55.1 GR,26.1 GR | 55.1 GR,true
LOTUS BISCOFF BISCUIT,2,2,1,mass,156 GR | 250 GR,156 GR | 250 GR,true
LOTUS BISCOFF CRUNCHY SPREAD,2,2,1,mass,190 GR | 380 GR,190 GR | 380 GR,true
LOTUS BISCOFF SELAI SPREAD,2,2,1,mass,200 GR | 400 GR,200 GR | 400 GR,true
LOVE BEAUTY & PLANET BODY LOTION DELICIOUS GLOW,2,2,1,volume,190 ML | 400 ML,190 ML | 400 ML,true
LOVE BEAUTY & PLANET BODY LOTION ENERGIZING WAVE,2,2,1,volume,190 ML | 400 ML,190 ML | 400 ML,true
LOVE BEAUTY & PLANET BODY WASH MAJESTIC GLOW BOTOL,2,2,1,volume,200 ML | 400 ML,200 ML | 400 ML,true
LOVE BEAUTY & PLANET HOPE AND REPAIR SHAMPOO,2,2,1,volume,200 ML | 400 ML,200 ML | 400 ML,true
LOVE BEAUTY & PLANET RADICAL REFRESHER SHAMPOO,2,2,1,volume,200 ML | 400 ML,200 ML | 400 ML,true
LOVY COOKIES CHOCOBUTTER,2,2,1,mass,27 GR | 80 GR,27 GR | 80 GR,true
LOVY COOKIES COFFEECCINO,2,2,1,mass,27 GR | 80 GR,27 GR | 80 GR,true
LUX BODY WASH HIJAB LAVENDER CHAMOMILE POUCH,2,2,2,mass,380 GR | 800 ML,380 GR | 800 ML,true
LUX BOTANICALS SAKURA BLOOM REFILL,2,2,2,mass,380 GR | 800 ML,380 GR | 800 ML,true
LUX BOTANICALS SOFT ROSE,2,2,1,mass,110 GR | 70 GR,70 GR | 110 GR,false
LUX BOTANICALS SOFT ROSE BOTOL,2,2,1,volume,100 ML | 250 ML,100 ML | 250 ML,true
LUX BOTANICALS SOFT ROSE REFILL,2,2,1,volume,250 ML | 800 ML,250 ML | 800 ML,true
MACITO KEJU JAGUNG BAKAR,2,2,1,mass,10 GR | 22 GR,10 GR | 22 GR,true
MADU HUTAN SUPER,2,2,1,volume,330 ML | 500 ML,330 ML | 500 ML,true
MADU KURMA TJ,2,2,1,mass,150 GR | 250 GR,150 GR | 250 GR,true
MADU NUSANTARA KELENGKENG,2,2,1,volume,250 ML | 650 ML,250 ML | 650 ML,true
MADURASA JAHE MERAH LEMON,2,2,1,mass,160 GR | 280 GR,160 GR | 280 GR,true
MAKARIZO HAIR ENERGY ALOE & MELON EXTRACT,2,2,2,mass,30 ML | 60 GR,30 ML | 60 GR,true
MAKARIZO HAIR ENERGY KIWI EXTRACT,2,2,2,mass,30 ML | 60 GR,30 ML | 60 GR,true
MAKARIZO HAIR ENERGY OLIVE EXTRACT,2,2,2,mass,30 ML | 60 GR,30 ML | 60 GR,true
MAKARIZO HAIR ENERGY ROYAL JELLY EXTRACT,2,2,2,mass,30 ML | 60 GR,30 ML | 60 GR,true
MAKARIZO HAIR ENERGY SCENTSATIONS CHERRY BLOSSOMS,2,2,1,volume,100 ML | 30 ML,30 ML | 100 ML,false
MAKARIZO HAIR ENERGY SCENTSATIONS FRESH BOUQUET,2,2,1,volume,100 ML | 30 ML,30 ML | 100 ML,false
MAKARIZO HAIR ENERGY SCENTSATIONS MORNING DEW,2,2,1,volume,100 ML | 30 ML,30 ML | 100 ML,false
MAKARIZO HAIR ENERGY SCENTSATIONS OCEAN BREEZE,2,2,1,volume,100 ML | 30 ML,30 ML | 100 ML,false
MAKARIZO HAIR ENERGY SHAMPOO ALOE & MELON EXTRACT,2,2,1,volume,170 ML | 330 ML,170 ML | 330 ML,true
MAKARIZO HAIR ENERGY SHAMPOO KIWI EXTRACT,2,2,1,volume,170 ML | 330 ML,170 ML | 330 ML,true
MAKARIZO HAIR ENERGY SHAMPOO OLIVE EXTRACT,2,2,1,volume,170 ML | 330 ML,170 ML | 330 ML,true
MAKARIZO HAIR ENERGY SHAMPOO ROYAL JELLY EXTRACT,2,2,1,volume,170 ML | 330 ML,170 ML | 330 ML,true
MAMA LEMON EXTRA CLEAN JERUK NIPIS REFILL,2,2,1,volume,230 ML | 58 ML,58 ML | 230 ML,false
MAMA LEMON JERUK NIPIS BOTOL,2,2,1,volume,400 ML | 750 ML,400 ML | 750 ML,true
MAMA LIME CHARCOAL REFILL,2,2,2,mass,105 ML | 650 GR,105 ML | 650 GR,true
MAMA LIME HIGIENIS GREEN TEA & HABBATUSSAUDA REFILL,2,2,1,volume,105 ML | 680 ML,105 ML | 680 ML,true
MAMASUKA DELISAOS SAMBAL PEDAS HOT LAVA,2,2,2,mass,160 GR | 260 ML,160 GR | 260 ML,true
MAMASUKA DELISAOS SAUS BULGOGI,2,2,1,volume,130 ML | 260 ML,130 ML | 260 ML,true
MAMASUKA DELISAOS SAUS TERIYAKI,2,2,1,volume,130 ML | 260 ML,130 ML | 260 ML,true
MANDOM HAIR CREAM,2,2,1,volume,120 ML | 55 ML,55 ML | 120 ML,false
MANGKOK KERTAS POLOS ISI 5 PCS,2,2,1,volume,500 ML | 800 ML,500 ML | 800 ML,true
MARGARIN FORVITA,2,2,1,mass,200 GR | 250 GR,200 GR | 250 GR,true
MARIANI RAISINS,2,2,1,mass,170 GR | 300 GR,170 GR | 300 GR,true
MARINA EDT FRESH SPARKLE,2,2,1,volume,150 ML | 55 ML,55 ML | 150 ML,false
MARINA EDT SWEET ROMANCE,2,2,1,volume,150 ML | 55 ML,55 ML | 150 ML,false
MARINA TOTAL CARE BODY LOTION YOUTHFUL & WHITE,2,2,1,volume,460 ML | 92 ML,92 ML | 460 ML,false
MARINA UV WHITE BODY GEL LOTION HYDRO COOL,2,2,1,volume,185 ML | 92 ML,92 ML | 185 ML,false
MARINA UV WHITE BODY LOTION EXTRA SPF 30,2,2,1,volume,185 ML | 92 ML,92 ML | 185 ML,false
MARINA UV WHITE BRIGHT & FRESH FACIAL FOAM,2,2,1,volume,100 ML | 50 ML,50 ML | 100 ML,false
MARINA UV WHITE HEALTHY & GLOW FACIAL FOAM,2,2,1,volume,100 ML | 50 ML,50 ML | 100 ML,false
MARINA UV WHITE SKIN CLEAR FACIAL FOAM,2,2,1,volume,100 ML | 50 ML,50 ML | 100 ML,false
MARIZA CHOCONUT SPREAD,2,2,1,mass,250 GR | 350 GR,250 GR | 350 GR,true
MARIZA CRUNCHY CHOCOMALT SPREAD,2,2,1,mass,160 GR | 350 GR,160 GR | 350 GR,true
MARIZA SRIKAYA JAM,2,2,1,mass,170 GR | 350 GR,170 GR | 350 GR,true
MARIZA STRAWBERRY JAM,2,2,1,mass,170 GR | 250 GR,170 GR | 250 GR,true
MARIZA TOPPING BLUEBERRY,2,2,1,mass,200 GR | 350 GR,200 GR | 350 GR,true
MARIZA TOPPING CARAMEL,2,2,1,mass,200 GR | 350 GR,200 GR | 350 GR,true
MASAKO KALDU AYAM ISI 12 @,2,2,1,mass,8.5 GR | 9 GR,8.5 GR | 9 GR,true
MASAKO KALDU SAPI ISI 12 @,2,2,1,mass,8.5 GR | 9 GR,8.5 GR | 9 GR,true
MASTER SPLASH COLOGNE PASSION,2,2,1,volume,150 ML | 75 ML,75 ML | 150 ML,false
MASTER SPLASH COLOGNE POWER,2,2,1,volume,150 ML | 75 ML,75 ML | 150 ML,false
MASTER SPLASH COLOGNE SPIRIT,2,2,1,volume,150 ML | 75 ML,75 ML | 150 ML,false
MASTER SPLASH COLOGNE SPORTY,2,2,1,volume,150 ML | 75 ML,75 ML | 150 ML,false
MASTER SPRAY COLOGNE AQUA BLUE,2,2,1,volume,100 ML | 50 ML,50 ML | 100 ML,false
MASTER SPRAY COLOGNE RED WOOD,2,2,1,volume,100 ML | 50 ML,50 ML | 100 ML,false
MAXICORN BARBECUE,2,2,1,mass,140 GR | 55 GR,55 GR | 140 GR,false
MAXLIFE ADULT TUNA,2,2,1,mass,1 KG | 85 GR,85 GR | 1 KG,false
MAXLIFE KITTEN TUNA,2,2,1,mass,1 KG | 85 GR,85 GR | 1 KG,false
MAYASI BAWANG,2,2,1,mass,12 GR | 65 GR,12 GR | 65 GR,true
MAYASI KORO-KORO KEJU,2,2,1,mass,12 GR | 60 GR,12 GR | 60 GR,true
MAYASI PEDAS,2,2,1,mass,12 GR | 65 GR,12 GR | 65 GR,true
MAYONAISE MAMASUKA,2,2,1,volume,300 ML | 480 ML,300 ML | 480 ML,true
MAYONAISE MAMASUKA SALAD DRESSING,2,2,1,mass,1 KG | 150 GR,150 GR | 1 KG,false
MAYUMI PEDAS,2,2,1,mass,100 GR | 17 GR,17 GR | 100 GR,false
MAYUMI SACHET,2,2,1,mass,100 GR | 20 GR,20 GR | 100 GR,false
MAZOLA CANOLA OIL,2,2,1,volume,450 ML | 900 ML,450 ML | 900 ML,true
MAZOLA CORN OIL,2,2,1,volume,450 ML | 900 ML,450 ML | 900 ML,true
MAZOLA SUNFLOWER OIL,2,2,1,volume,450 ML | 900 ML,450 ML | 900 ML,true
MC LEWIS CHEESE SAUCE,2,2,1,mass,1 KG | 250 GR,250 GR | 1 KG,false
MC LEWIS SWEET MAYONNAISE,2,2,1,mass,1 KG | 500 GR,500 GR | 1 KG,false
ME-O ADULT DRY CAT FOOD SALMON,2,2,1,mass,1.1 KG | 400 GR,400 GR | 1.1 KG,false
ME-O ADULT DRY CAT FOOD TUNA,2,2,1,mass,1.2 KG | 450 GR,450 GR | 1.2 KG,false
MEGACOOLS FULL PENETRATE,2,2,1,volume,300 ML | 500 ML,300 ML | 500 ML,true
MEN'S BIORE FACIAL FOAM BRIGHT ENERGY,2,2,1,mass,100 GR | 40 GR,40 GR | 100 GR,false
MEN'S BIORE FACIAL FOAM COOL OIL CLEAR,2,2,1,mass,100 GR | 40 GR,40 GR | 100 GR,false
MENS BIORE BODY FOAM WHITE ENERGY BOTOL,2,2,1,volume,100 ML | 250 ML,100 ML | 250 ML,true
METAL FORTIS NOURISHING SHAMPOO,2,2,1,volume,100 ML | 200 ML,100 ML | 200 ML,true
MILK JUG,2,2,1,volume,250 ML | 350 ML,250 ML | 350 ML,true
MILO 3 IN 1 ACTIV-GO POUCH,2,2,1,mass,790 GR | 990 GR,790 GR | 990 GR,true
MILO ACTIV-GO,2,2,1,mass,300 GR | 800 GR,300 GR | 800 GR,true
MILO CEREAL,2,2,1,mass,150 GR | 300 GR,150 GR | 300 GR,true
MIN-RAL,2,2,1,volume,1500 ML | 600 ML,600 ML | 1500 ML,false
MIN-RAL BOTOL,2,2,1,volume,200 ML | 380 ML,200 ML | 380 ML,true
MINAKU BOLA LOBSTER,2,2,1,mass,200 GR | 500 GR,200 GR | 500 GR,true
MINAKU BOLA SALMON,2,2,1,mass,200 GR | 500 GR,200 GR | 500 GR,true
MINYAK CAP LANG EKALIPTUS AROMA THERAPY,2,2,1,volume,15 ML | 30 ML,15 ML | 30 ML,true
MINYAK CAP LANG EKALIPTUS AROMATHERAPY,2,2,1,volume,120 ML | 210 ML,120 ML | 210 ML,true
MINYAK CAP LANG EKALIPTUS AROMATHERAPY ROSE,2,2,1,volume,30 ML | 60 ML,30 ML | 60 ML,true
MINYAK GORENG BIMOLI BOTOL,2,2,1,volume,250 ML | 620 ML,250 ML | 620 ML,true
MINYAK GORENG KUNCI MAS POUCH,2,2,1,volume,200 ML | 900 ML,200 ML | 900 ML,true
MINYAK KAYU PUTIH PLUS CAP LANG,2,2,1,volume,120 ML | 60 ML,60 ML | 120 ML,false
MINYAK SEREH SITRONELA CAP LANG,2,2,1,volume,30 ML | 60 ML,30 ML | 60 ML,true
MINYAK TELON JMK,2,2,1,volume,100 ML | 60 ML,60 ML | 100 ML,false
MINYAK TELON KONICARE,2,2,1,volume,125 ML | 60 ML,60 ML | 125 ML,false
MINYAK TELON TRESNOJOYO,2,2,1,volume,100 ML | 60 ML,60 ML | 100 ML,false
MINYAK URUT GPU JAHE,2,2,1,volume,30 ML | 60 ML,30 ML | 60 ML,true
MINYAK URUT GPU PALA,2,2,1,volume,100 ML | 30 ML,30 ML | 100 ML,false
MIPI,2,2,1,volume,100 ML | 60 ML,60 ML | 100 ML,false
MIRANDA HAIR COLOR - #MC-1 NATURAL BLACK,2,2,1,volume,30 ML | 60 ML,30 ML | 60 ML,true
MIRANDA HAIR COLOR - #MC-14 GOLDEN BROWN,2,2,1,volume,30 ML | 60 ML,30 ML | 60 ML,true
MIRANDA HAIR COLOR - #MC-6 BLEACHING/DECOLORING,2,2,1,volume,30 ML | 60 ML,30 ML | 60 ML,true
MIRANDA HAIR COLOR - #MC-9 BROWN,2,2,1,volume,30 ML | 60 ML,30 ML | 60 ML,true
MITU BABY CLASSIC POWDER,2,2,1,mass,100 GR | 50 GR,50 GR | 100 GR,false
MODIS FACIAL COTTON,2,2,1,mass,50 GR | 80 GR,50 GR | 80 GR,true
MOLTO CARE DETERGENT SPARKLING GLAMOUR REFILL,2,2,2,mass,700 GR | 700 ML,700 GR | 700 ML,true
MOLTO PEWANGI FRESH HYGIENE,2,2,1,volume,280 ML | 780 ML,280 ML | 780 ML,true
MOLTO PURE SOFTENER SACHET ISI 6 @,2,2,1,volume,18 ML | 9 ML,9 ML | 18 ML,false
MOLTO TRIKA JAPANESE PEACH,2,2,1,volume,300 ML | 400 ML,300 ML | 400 ML,true
MOMOGI STICK JAGUNG BAKAR,2,2,1,mass,11 GR | 5 GR,5 GR | 11 GR,false
MOMOGI STICK KEJU,2,2,1,mass,12 GR | 5 GR,5 GR | 12 GR,false
MONDE MILK MARIE,2,2,1,mass,125 GR | 225 GR,125 GR | 225 GR,true
MONTEGO DANISH BUTTER COOKIES,2,2,1,mass,340 GR | 681 GR,340 GR | 681 GR,true
MORINAGA CHIL KID VANILA,2,2,1,mass,190 GR | 780 GR,190 GR | 780 GR,true
MORINAGA CHIL MIL PLATINUM MORICARE,2,2,1,mass,400 GR | 800 GR,400 GR | 800 GR,true
MORINAGA CHIL SCHOOL PLATINUM MORICARE MADU,2,2,1,mass,400 GR | 800 GR,400 GR | 800 GR,true
MORINAGA CHIL SCHOOL STRAWBERRY,2,2,2,mass,400 ML | 780 GR,400 ML | 780 GR,true
MORINAGA CHILMIL DHA,2,2,1,mass,190 GR | 390 GR,190 GR | 390 GR,true
MR MUSCLE KITCHEN LEMON REFILL,2,2,1,volume,400 ML | 720 ML,400 ML | 720 ML,true
MR POTATO CRISPS ORIGINAL,2,2,1,mass,30 GR | 85 GR,30 GR | 85 GR,true
MR POTATO CRISPS ROASTED BEEF,2,2,1,mass,30 GR | 85 GR,30 GR | 85 GR,true
MR.LEMON PENCUCI PIRING,2,2,1,volume,120 ML | 250 ML,120 ML | 250 ML,true
MR.P KACANG ATOM PEDAS,2,2,1,mass,100 GR | 200 GR,100 GR | 200 GR,true
MR.P RASA MADU,2,2,1,mass,40 GR | 80 GR,40 GR | 80 GR,true
MUNCHYS LEXUS PEANUT,2,2,1,mass,190 GR | 456 GR,190 GR | 456 GR,true
MUSK BY LILIAN ASHLEY GREEN TEA,2,2,1,volume,100 ML | 70 ML,70 ML | 100 ML,false
MUSK BY LILIAN ASHLEY YELLOW,2,2,1,volume,100 ML | 70 ML,70 ML | 100 ML,false
MUSK BY MILANO ASHLEY HAND BODY LOTION,2,2,1,volume,300 ML | 500 ML,300 ML | 500 ML,true
MUSTIKA RATU BRIGHTENING BENGKOANG FACIAL WASH,2,2,1,mass,100 GR | 40 GR,40 GR | 100 GR,false
MUSTIKA RATU HAIR TONIC PENYUBUR RAMBUT,2,2,1,volume,175 ML | 75 ML,75 ML | 175 ML,false
MUSTIKA RATU MASKER BENGKOANG,2,2,1,mass,125 GR | 60 GR,60 GR | 125 GR,false
MUSTIKA RATU MINYAK ZAITUN,2,2,1,volume,175 ML | 75 ML,75 ML | 175 ML,false
MUTOUCH SHOWER CREAM PEARL & MULBERRY REFILL,2,2,1,volume,450 ML | 800 ML,450 ML | 800 ML,true
MY BABY HAIR & BODY WASH ALOE VERA & AVOCADO,2,2,1,volume,100 ML | 200 ML,100 ML | 200 ML,true
MY BABY KIDS SHAMPOO & CONDITIONER HEALTHY & FRESH,2,2,1,volume,100 ML | 180 ML,100 ML | 180 ML,true
MY BABY KIDS SHAMPOO & CONDITIONER SOFT & SHINY,2,2,1,volume,100 ML | 180 ML,100 ML | 180 ML,true
MY BABY SHAMPOO BLACK & SHINE,2,2,1,volume,100 ML | 200 ML,100 ML | 200 ML,true
MY BABY SHAMPOO SOFT & SMOOTH,2,2,1,volume,100 ML | 200 ML,100 ML | 200 ML,true
NABATI GATITO CHOCOLATE,2,2,1,mass,128 GR | 32 GR,32 GR | 128 GR,false
NAN PH PRO 1,2,2,1,mass,400 GR | 800 GR,400 GR | 800 GR,true
NARAYA COOKIES BUTTER RING,2,2,1,mass,150 GR | 216 GR,150 GR | 216 GR,true
NARAYA KUACI,2,2,1,mass,100 GR | 220 GR,100 GR | 220 GR,true
NARAYA KURMA TUNISIA DATES WITH BRANCHES,2,2,1,mass,400 GR | 500 GR,400 GR | 500 GR,true
NARAYA MIXED NUTS CRISP,2,2,1,mass,120 GR | 200 GR,120 GR | 200 GR,true
NARAYA OAT CHOCO COKLAT,2,2,1,mass,400 GR | 90 GR,90 GR | 400 GR,false
NARAYA OAT CHOCO ORIGINAL,2,2,1,mass,400 GR | 90 GR,90 GR | 400 GR,false
NARAYA OAT CHOCO PANDAN,2,2,1,mass,400 GR | 90 GR,90 GR | 400 GR,false
NARAYA OAT CHOCO SWEET POTATO,2,2,1,mass,400 GR | 90 GR,90 GR | 400 GR,false
NARAYA ORANGE CANDY BAG,2,2,1,mass,200 GR | 500 GR,200 GR | 500 GR,true
NARAYA SOUN LONGKOU VERMICELLI,2,2,1,mass,250 GR | 50 GR,50 GR | 250 GR,false
NARAYA SOYA BOTOL,2,2,1,volume,320 ML | 920 ML,320 ML | 920 ML,true
NARAYA SUNFLOWER SEEDS SPICES POUCH,2,2,1,mass,150 GR | 70 GR,70 GR | 150 GR,false
NATUR SHAMPOO MORINGA OLEIFERA & SWEET ALMOND OIL,2,2,1,volume,140 ML | 270 ML,140 ML | 270 ML,true
NATUR SHAMPOO TEA TREE OIL,2,2,1,volume,270 ML | 80 ML,80 ML | 270 ML,false
NATUR-E DAILY NOURISHING-MOISTURIZING LOTION,2,2,1,volume,100 ML | 245 ML,100 ML | 245 ML,true
NATUR-E DAILY NOURISHING-RELAXING LOTION,2,2,1,volume,100 ML | 245 ML,100 ML | 245 ML,true
NATUR-E DAILY NOURISHING-REVITALIZING LOTION,2,2,1,volume,100 ML | 245 ML,100 ML | 245 ML,true
NATURE-E ADVANCED BODY LOTION,2,2,1,volume,100 ML | 245 ML,100 ML | 245 ML,true
NESCAFE CLASSIC,2,2,1,mass,120 GR | 45 GR,45 GR | 120 GR,false
NESCAFE CLASSIC JAR,2,2,1,mass,100 GR | 200 GR,100 GR | 200 GR,true
NESCAFE UHT BLACK,2,2,1,volume,180 ML | 200 ML,180 ML | 200 ML,true
NESCAFE UHT FRENCH VANILLA,2,2,1,volume,180 ML | 200 ML,180 ML | 200 ML,true
NESTLE BATITA 1+ MADU,2,2,1,mass,350 GR | 850 GR,350 GR | 850 GR,true
NESTLE CEREAL TRIX,2,2,1,mass,150 GR | 60 GR,60 GR | 150 GR,false
NESTLE DATITA 3+ VANILLA,2,2,1,mass,400 GR | 850 GR,400 GR | 850 GR,true
NESTLE HONEY STARS,2,2,1,mass,150 GR | 70 GR,70 GR | 150 GR,false
NEXTAR CHEESECAKE PIE STRAWBERRY,2,2,1,mass,156 GR | 78 GR,78 GR | 156 GR,false
NEXTAR CHOCOLATE PIE RICHOCO,2,2,1,mass,144 GR | 72 GR,72 GR | 144 GR,false
NEXTAR NASTAR PINEAPPLE,2,2,1,mass,34 GR | 90 GR,34 GR | 90 GR,true
NEXTAR STRAWBERRY COOKIES,2,2,1,mass,34 GR | 90 GR,34 GR | 90 GR,true
NEXTCOFFEE SHAKER TUMBLER,2,2,1,volume,560 ML | 800 ML,560 ML | 800 ML,true
NISSIN BUTTER COCONUT,2,2,1,mass,200 GR | 650 GR,200 GR | 650 GR,true
NISSIN CRISPY CRACKERS,2,2,1,mass,140 GR | 250 GR,140 GR | 250 GR,true
NISSIN GEKIKARA RAMEN JAMUR PEDAS,2,2,1,mass,109 GR | 74 GR,74 GR | 109 GR,false
NISSIN KELAPA IJO,2,2,1,mass,280 GR | 60 GR,60 GR | 280 GR,false
NISSIN VEGETABLE CRACKERS,2,2,1,mass,150 GR | 160 GR,150 GR | 160 GR,true
NIVEA CARE & PROTECT BODY SERUM,2,2,1,volume,180 ML | 70 ML,70 ML | 180 ML,false
NIVEA DEO ROLL ON BLACK & WHITE INVISIBLE FRESH,2,2,1,volume,25 ML | 50 ML,25 ML | 50 ML,true
NIVEA DEO ROLL ON BLACK & WHITE INVISIBLE RADIANT & SMOOTH,2,2,1,volume,25 ML | 50 ML,25 ML | 50 ML,true
NIVEA DEO ROLL ON WHITENING HIJAB FRESH,2,2,1,volume,25 ML | 50 ML,25 ML | 50 ML,true
NIVEA DEODORANT ROLL ON BLACK & WHITE INVISIBLE CLEAR,2,2,1,volume,25 ML | 50 ML,25 ML | 50 ML,true
NIVEA DEODORANT ROLL ON WHITENING HAPPY SHAVE,2,2,1,volume,25 ML | 50 ML,25 ML | 50 ML,true
NIVEA DEODORANT ROLL ON WHITENING SILK TOUCH,2,2,1,volume,25 ML | 50 ML,25 ML | 50 ML,true
NIVEA EXTRA WHITE RADIANT & SMOOTH CREAM,2,2,1,volume,25 ML | 50 ML,25 ML | 50 ML,true
NIVEA MEN ACNE OIL CLEAR FOAM,2,2,1,volume,100 ML | 50 ML,50 ML | 100 ML,false
NIVEA MEN CREME FACE BODY HANDS,2,2,1,volume,30 ML | 75 ML,30 ML | 75 ML,true
NIVEA MEN DEO ROLL ON BLACK & WHITE INVISIBLE FRESH ANTI BAKTERI,2,2,1,volume,25 ML | 50 ML,25 ML | 50 ML,true
NIVEA MEN DEO ROLL ON BLACK & WHITE INVISIBLE ORIGINAL,2,2,1,volume,25 ML | 50 ML,25 ML | 50 ML,true
NIVEA MEN DEO ROLL ON DEEP,2,2,1,volume,25 ML | 50 ML,25 ML | 50 ML,true
NIVEA MEN DEO ROLL ON SILVER PROTECT,2,2,1,volume,25 ML | 50 ML,25 ML | 50 ML,true
NIVEA MEN EXTRA WHITE DARK SPOT MINIMIZER FOAM,2,2,1,volume,100 ML | 50 ML,50 ML | 100 ML,false
NIVEA MEN WHITE OIL CLEAR COOLING FOAM,2,2,1,volume,100 ML | 50 ML,50 ML | 100 ML,false
NIVEA PEARL WHITE MICELLAIR SKIN BREATHE,2,2,1,volume,125 ML | 200 ML,125 ML | 200 ML,true
NIVEA SOFT CREME JAR,2,2,1,volume,25 ML | 50 ML,25 ML | 50 ML,true
NIVEA WOMEN DEO ROLL ON PEARL & BEAUTY,2,2,1,volume,25 ML | 50 ML,25 ML | 50 ML,true
NOCCIO CHUNKY,2,2,1,mass,340 GR | 500 GR,340 GR | 500 GR,true
NOCCIO CREAMY,2,2,1,mass,340 GR | 500 GR,340 GR | 500 GR,true
NOMOS AEROSOL ELEGANT LILY,2,2,1,volume,240 ML | 600 ML,240 ML | 600 ML,true
NOMOS AEROSOL GREEN TEA,2,2,1,volume,240 ML | 600 ML,240 ML | 600 ML,true
NOMOS AEROSOL ORANGE,2,2,1,volume,240 ML | 600 ML,240 ML | 600 ML,true
NONGSHIM KIMCHI RAMYUN,2,2,1,mass,120 GR | 70 GR,70 GR | 120 GR,false
NOTO AIR ACCU MERAH,2,2,1,volume,1500 ML | 600 ML,600 ML | 1500 ML,false
NR HAIR REACTIVE TONIC,2,2,1,volume,200 ML | 50 ML,50 ML | 200 ML,false
NR HAIR TONIC,2,2,1,volume,200 ML | 50 ML,50 ML | 200 ML,false
NU GREEN TEA HONEY,2,2,1,volume,330 ML | 450 ML,330 ML | 450 ML,true
NU GREEN TEA ORIGINAL,2,2,1,volume,330 ML | 450 ML,330 ML | 450 ML,true
NUTREN JUNIOR VANILA,2,2,1,mass,400 GR | 800 GR,400 GR | 800 GR,true
NUTRIBOOST ORANGE,2,2,1,volume,180 ML | 300 ML,180 ML | 300 ML,true
NUTRIBOOST STRAWBERRY,2,2,1,volume,180 ML | 300 ML,180 ML | 300 ML,true
NUTRIJELL CINCAU SACHET,2,2,1,mass,15 GR | 5 GR,5 GR | 15 GR,false
NUTRIJELL KURMA AJWA,2,2,1,mass,10 GR | 15 GR,10 GR | 15 GR,true
NUTRILON 4 ROYAL MADU,2,2,1,mass,400 GR | 800 GR,400 GR | 800 GR,true
NUVO BODY WASH ACTIVE CLEAN REFILL,2,2,1,volume,250 ML | 450 ML,250 ML | 450 ML,true
NUVO BODY WASH CARE PROTECT REFILL,2,2,1,volume,250 ML | 400 ML,250 ML | 400 ML,true
NUVO BODY WASH FRESH PROTECT BOTOL,2,2,1,volume,250 ML | 600 ML,250 ML | 600 ML,true
NUVO BODY WASH NATURE PROTECT BOTOL,2,2,1,volume,250 ML | 550 ML,250 ML | 550 ML,true
NYONYA MENEER MINYAK TELON,2,2,1,volume,100 ML | 60 ML,60 ML | 100 ML,false
OBH COMBI BATUK FLU MENTHOL,2,2,1,volume,100 ML | 60 ML,60 ML | 100 ML,false
OLAY NATURAL WHITE PINKISH FAIRNESS WHITENING CREAM,2,2,1,mass,20 GR | 50 GR,20 GR | 50 GR,true
OLAY REGENERIST MICRO SCULPTING CREAM,2,2,1,mass,10 GR | 50 GR,10 GR | 50 GR,true
OLAY REGENERIST MICRO SCULPTING NIGHT CREAM,2,2,1,mass,10 GR | 50 GR,10 GR | 50 GR,true
OLAY REGENERIST WHIP ACTIVE MOISTURISER,2,2,1,mass,10 GR | 50 GR,10 GR | 50 GR,true
OLAY TOTAL EFFECTS DAY CREAM NORMAL,2,2,1,mass,20 GR | 50 GR,20 GR | 50 GR,true
OLAY TOTAL EFFECTS FOAMING CLEANSER,2,2,1,mass,100 GR | 50 GR,50 GR | 100 GR,false
OLAY WHITE RADIANCE LIGHT PERFECTING ESSENCE,2,2,1,volume,30 ML | 7 ML,7 ML | 30 ML,false
OMG HYDRAPOWER MICELLAR WATER NIACINAMIDE + CICA,2,2,1,volume,300 ML | 65 ML,65 ML | 300 ML,false
OMG PEACH GLOW CREAM,2,2,1,mass,25 GR | 7.5 GR,7.5 GR | 25 GR,false
OMG PEACH GLOW FACE WASH,2,2,1,mass,50 GR | 9 GR,9 GR | 50 GR,false
OOPS BAKED CHICKEN TOMATO,2,2,1,mass,10 GR | 40 GR,10 GR | 40 GR,true
OREO CHOCOLATE CREAM,2,2,1,mass,119.6 GR | 28.5 GR,28.5 GR | 119.6 GR,false
OREO ICE CREAM BLUEBERRY,2,2,1,mass,105 GR | 28.5 GR,28.5 GR | 105 GR,false
OVALE 2IN1 FACIAL LOTION DEEP CONTROL LEMON,2,2,1,volume,100 ML | 60 ML,60 ML | 100 ML,false
OVALE 2IN1 FACIAL LOTION INTENSE GLOW WHITENING,2,2,1,volume,200 ML | 60 ML,60 ML | 200 ML,false
OVALE CLEANSING GEL ACNE CARE,2,2,1,volume,100 ML | 60 ML,60 ML | 100 ML,false
OVALTINE UHT CHOCOLATE MALT,2,2,1,volume,125 ML | 200 ML,125 ML | 200 ML,true
PAGODA PASTILES APPLE,2,2,1,mass,10 GR | 20 GR,10 GR | 20 GR,true
PAGODA PASTILES ORANGE,2,2,1,mass,10 GR | 20 GR,10 GR | 20 GR,true
PAGODA PASTILES STRAWBERRY,2,2,1,mass,10 GR | 20 GR,10 GR | 20 GR,true
PALMOLIVE SHAMPOO & CONDITIONER COCONUT CREAM,2,2,1,volume,180 ML | 350 ML,180 ML | 350 ML,true
PANADOL SYRUP,2,2,1,volume,30 ML | 60 ML,30 ML | 60 ML,true
PANTENE CONDITIONER HAIR FALL CONTROL 3 MINUTE MIRACLE,2,2,1,volume,180 ML | 70 ML,70 ML | 180 ML,false
PANTENE CONDITIONER PERAWATAN HALUS & LEMBUT,2,2,1,volume,145 ML | 290 ML,145 ML | 290 ML,true
PANTENE CONDITIONER PERAWATAN TOTAL RAMBUT RUSAK,2,2,1,volume,145 ML | 75 ML,75 ML | 145 ML,false
PANTENE CONDITIONER TOTAL DAMAGE CARE 3 MINUTE MIRACLE,2,2,1,volume,180 ML | 70 ML,70 ML | 180 ML,false
PANTENE MIRACLES CONDITIONER COLLAGEN REPAIR,2,2,1,volume,300 ML | 70 ML,70 ML | 300 ML,false
PANTENE SHAMPOO GOLD SERIES BLACK & GLOSSY,2,2,1,volume,125 ML | 270 ML,125 ML | 270 ML,true
PANTENE SHAMPOO GOLD SERIES SMOOTH & SLEEK,2,2,1,volume,125 ML | 270 ML,125 ML | 270 ML,true
PANTENE SHAMPOO GOLD SERIES STRONG & THICK,2,2,1,volume,125 ML | 270 ML,125 ML | 270 ML,true
PANTENE SHAMPOO HALUS LEMBUT + CONDITIONER COLLAGEN REPAIR BOX PACK,2,2,1,volume,160 ML | 290 ML,160 ML | 290 ML,true
PANTENE SHAMPOO HITAM GLOW + CONDITIONER KERATIN GLOW BOX PACK,2,2,1,volume,160 ML | 290 ML,160 ML | 290 ML,true
PANTENE SHAMPOO MENUTRISI RAMBUT KERING,2,2,1,volume,145 ML | 290 ML,145 ML | 290 ML,true
PANTENE SHAMPOO MICELLAR ROSEWATER,2,2,1,volume,300 ML | 530 ML,300 ML | 530 ML,true
PAPER BOWL KRAFT COKLAT + TUTUP ( ISI 5 PCS ),2,2,1,volume,500 ML | 650 ML,500 ML | 650 ML,true
PAPER DATAPRINT PHOTO GLOSY A4 (20/PK),2,2,1,mass,180 GR | 230 GR,180 GR | 230 GR,true
PAQUITO SOAP LYS DE FRANCE,2,2,1,mass,120 GR | 90 GR,90 GR | 120 GR,false
PAQUITO SOAP RICE MILK EXTRACT,2,2,1,mass,150 GR | 90 GR,90 GR | 150 GR,false
PAQUITO SOAP SANDALWOOD,2,2,1,mass,150 GR | 90 GR,90 GR | 150 GR,false
PAQUITO SOAP SEREH,2,2,1,mass,150 GR | 90 GR,90 GR | 150 GR,false
PASTAMIA SPAGHETTI,2,2,1,mass,200 GR | 500 GR,200 GR | 500 GR,true
PEDIASURE COKLAT,2,2,1,mass,380 GR | 800 GR,380 GR | 800 GR,true
PEDIGREE DRY ADULT BEEF & VEGETABLES FLAVOUR,2,2,1,mass,3 KG | 500 GR,500 GR | 3 KG,false
PEDIGREE DRY ADULT CHICKEN & VEGETABLES,2,2,1,mass,1.5 KG | 3 KG,1.5 KG | 3 KG,true
PELANGI PANORAMA KACANG HIJAU,2,2,1,mass,250 GR | 500 GR,250 GR | 500 GR,true
PELANGI PANORAMA KACANG TANAH,2,2,1,mass,250 GR | 500 GR,250 GR | 500 GR,true
PEPSODENT ACTION 123,2,2,1,mass,190 GR | 75 GR,75 GR | 190 GR,false
PEPSODENT COMPLETE 8 MULTI PROTECTION,2,2,1,mass,150 GR | 65 GR,65 GR | 150 GR,false
PEPSODENT GUM EXPERT WHITENING,2,2,1,mass,100 GR | 60 GR,60 GR | 100 GR,false
PEPSODENT MOUTHWASH ACTIVE DEFENSE,2,2,1,volume,150 ML | 300 ML,150 ML | 300 ML,true
PEPSODENT MOUTHWASH HERBAL NATURALS,2,2,1,volume,300 ML | 500 ML,300 ML | 500 ML,true
PEPSODENT MOUTHWASH SENSITIVE EXPERT,2,2,1,volume,150 ML | 300 ML,150 ML | 300 ML,true
PEPSODENT MOUTHWASH SIWAK,2,2,1,volume,150 ML | 300 ML,150 ML | 300 ML,true
PEPSODENT PLUS WHITENING,2,2,1,mass,190 GR | 75 GR,75 GR | 190 GR,false
PEPSODENT SENSITIVE EXPERT FRESH,2,2,1,mass,160 GR | 60 GR,60 GR | 160 GR,false
PEPSODENT SENSITIVE EXPERT WHITENING,2,2,1,mass,160 GR | 60 GR,60 GR | 160 GR,false
PEPSODENT TOOTHPASTE COMPLETE 8 SIWAK HABBATUSSAUDA,2,2,1,mass,110 GR | 190 GR,110 GR | 190 GR,true
PEPSODENT TOOTHPASTE FRESH COOL MINT,2,2,1,mass,190 GR | 75 GR,75 GR | 190 GR,false
PERMEN LUNAK JERUK,2,2,1,mass,210 GR | 500 GR,210 GR | 500 GR,true
PIATTOS RUMPUT LAUT,2,2,1,mass,35 GR | 68 GR,35 GR | 68 GR,true
PIATTOS SAMBAL GEPREK,2,2,1,mass,15 GR | 35 GR,15 GR | 35 GR,true
PIATTOS SAPI PANGGANG,2,2,1,mass,15 GR | 68 GR,15 GR | 68 GR,true
PIATTOS SNACK BARBEQUE,2,2,1,mass,11 GR | 68 GR,11 GR | 68 GR,true
PIGEON BABY SHAMPOO CHAMOMILE,2,2,1,volume,100 ML | 200 ML,100 ML | 200 ML,true
PIXY AQUA BEAUTY PROTECTING MIST,2,2,1,volume,100 ML | 60 ML,60 ML | 100 ML,false
PIXY CLEANSING EXPRESS ANTI ACNE,2,2,1,volume,100 ML | 150 ML,100 ML | 150 ML,true
PIXY WHITE AQUA BRIGHTENING SLEEPING MASK,2,2,1,mass,18 GR | 50 GR,18 GR | 50 GR,true
POCARI SWEAT BOTOL PET,2,2,1,volume,350 ML | 500 ML,350 ML | 500 ML,true
POETRI BALI KACANG MEDAN,2,2,1,mass,270 GR | 75 GR,75 GR | 270 GR,false
POISE LUMINOUS WHITE FACIAL FOAM,2,2,1,mass,100 GR | 50 GR,50 GR | 100 GR,false
POLIDENT PEREKAT GIGI FLAVOUR FREE,2,2,1,mass,20 GR | 60 GR,20 GR | 60 GR,true
PONDAN ICE CREAM MAGIC CHOCO,2,2,1,mass,160 GR | 75 GR,75 GR | 160 GR,false
PONDAN ICE CREAM MAGIC STRAWBERRY,2,2,1,mass,160 GR | 75 GR,75 GR | 160 GR,false
PONDAN PANCAKE MIX KEJU,2,2,1,mass,125 GR | 250 GR,125 GR | 250 GR,true
PONDAN PANCAKE MIX ORIGINAL,2,2,1,mass,125 GR | 250 GR,125 GR | 250 GR,true
PONDAN PUDDING MANGGA,2,2,1,mass,100 GR | 200 GR,100 GR | 200 GR,true
PONDAN PUDDING VANILLA,2,2,1,mass,100 GR | 200 GR,100 GR | 200 GR,true
PONDS BRIGHT MIR FACIAL CLEANSER SCRUB CLEAR,2,2,1,mass,100 GR | 50 GR,50 GR | 100 GR,false
PONDS BRIGHT MIR FACIAL MIRACLE CREAM OIL,2,2,1,mass,20 GR | 40 GR,20 GR | 40 GR,true
PONDS BRIGHT MIRACLE ULTRA LIGHT BIOME GEL NIASORCINOL,2,2,1,mass,20 GR | 50 GR,20 GR | 50 GR,true
PONDS CLEANSING BALM,2,2,1,volume,100 ML | 44 ML,44 ML | 100 ML,false
PONDS HYDRA MIR ULTRA LIGHT BIOME GEL CERA-HYAMINO,2,2,1,mass,20 GR | 50 GR,20 GR | 50 GR,true
PONDS INSTABRIGHT TONE UP CREAM,2,2,1,mass,20 GR | 40 GR,20 GR | 40 GR,true
PONDS MEN BRIGHT BOOST FACIAL SCRUB,2,2,1,volume,100 ML | 50 ML,50 ML | 100 ML,false
PONDS MEN LIGHTNING OIL CLEAR FACE WASH,2,2,1,mass,100 GR | 50 GR,50 GR | 100 GR,false
PONDS MEN ULTRA BRIGHT OIL FIGHTER FF,2,2,1,mass,100 GR | 50 GR,50 GR | 100 GR,false
PONDS UV PROTECT SUN SERUM SPF35,2,2,1,mass,30 GR | 7.5 GR,7.5 GR | 30 GR,false
PONDS VITAMIN MICELLAR WATER BRIGHTENING ROSE,2,2,1,volume,235 ML | 55 ML,55 ML | 235 ML,false
POP STAR CRUNCHY POPCORN CARAMEL BLAST,2,2,1,mass,35 GR | 75 GR,35 GR | 75 GR,true
POP STAR CRUNCHY POPCORN CHEESE LICIOUS,2,2,1,mass,35 GR | 75 GR,35 GR | 75 GR,true
POTABEE CHIPS AYAM BAKAR,2,2,1,mass,35 GR | 68 GR,35 GR | 68 GR,true
POTABEE REGULAR BBQ BEEF,2,2,1,mass,120 GR | 15 GR,15 GR | 120 GR,false
PRENAGEN ESENSIS COKLAT,2,2,1,mass,180 GR | 360 GR,180 GR | 360 GR,true
PRENAGEN ESENSIS VANILA,2,2,1,mass,180 GR | 360 GR,180 GR | 360 GR,true
PRENAGEN MOMMY MOCHA,2,2,1,mass,180 GR | 400 GR,180 GR | 400 GR,true
PRENAGEN MOMMY STRAWBERRY,2,2,1,mass,180 GR | 360 GR,180 GR | 360 GR,true
PRENAGEN MOMMY VANILA,2,2,1,mass,180 GR | 360 GR,180 GR | 360 GR,true
PRIMA PROTECT+ HAND SANITIZER,2,2,1,volume,10 ML | 50 ML,10 ML | 50 ML,true
PRIMA PROTECT+ HAND SANITIZER GEL,2,2,1,volume,240 ML | 50 ML,50 ML | 240 ML,false
PRINGLES CHEESE,2,2,1,mass,102 GR | 66 GR,66 GR | 102 GR,false
PRINGLES SMOKEY GRILLED STEAK,2,2,1,mass,102 GR | 42 GR,42 GR | 102 GR,false
PRINGLES SOUR CREAM & ONION,2,2,1,mass,134 GR | 42 GR,42 GR | 134 GR,false
PRINGLES SPICY TEXAS BBQ,2,2,1,mass,42 GR | 97 GR,42 GR | 97 GR,true
PRISTINE,2,2,1,volume,400 ML | 600 ML,400 ML | 600 ML,true
PROCLIN BOTOL,2,2,1,volume,200 ML | 500 ML,200 ML | 500 ML,true
PROCLIN PENGHILANG NODA BOTOL,2,2,1,volume,180 ML | 400 ML,180 ML | 400 ML,true
PRONAS CORNED BEEF WITH MUSHROOM,2,2,1,mass,198 GR | 340 GR,198 GR | 340 GR,true
PRONAS LUNCHEON DAGING AYAM,2,2,1,mass,198 GR | 340 GR,198 GR | 340 GR,true
PRONAS MAKAREL CHILI,2,2,1,mass,155 GR | 425 GR,155 GR | 425 GR,true
PRONAS PASTAMIA MACARONI ELBOW,2,2,1,mass,200 GR | 500 GR,200 GR | 500 GR,true
PRONAS SARDINES SAUS PEDAS,2,2,1,mass,155 GR | 425 GR,155 GR | 425 GR,true
PRONAS SARDINES SAUS TOMAT,2,2,1,mass,155 GR | 425 GR,155 GR | 425 GR,true
PRONAS SAUS SPAGHETI BOLOGNAIS DAGING AYAM,2,2,1,mass,175 GR | 315 GR,175 GR | 315 GR,true
PRONAS SAUS SPAGHETI BOLOGNESE POUCH,2,2,1,mass,175 GR | 315 GR,175 GR | 315 GR,true
PROVITAL IMMUNA,2,2,1,mass,240 GR | 480 GR,240 GR | 480 GR,true
PSM GULA KRISTAL,2,2,1,mass,250 GR | 500 GR,250 GR | 500 GR,true
PUCELLE MIST COLOGNE BEAUTIFUL VIBES,2,2,1,volume,150 ML | 75 ML,75 ML | 150 ML,false
PUCELLE MIST COLOGNE BLOOMING BLOSSOM,2,2,1,volume,150 ML | 75 ML,75 ML | 150 ML,false
PUCELLE MIST COLOGNE JOLLY RHYTHM,2,2,1,volume,150 ML | 75 ML,75 ML | 150 ML,false
PUCELLE MIST COLOGNE PERFECT GETAWAY,2,2,1,volume,150 ML | 75 ML,75 ML | 150 ML,false
PUCELLE MIST COLOGNE SPARKLING LOVE,2,2,1,volume,150 ML | 75 ML,75 ML | 150 ML,false
PUCELLE MIST COLOGNE WAVY OCEAN,2,2,1,volume,150 ML | 75 ML,75 ML | 150 ML,false
PUCK CHEESE JAR,2,2,1,mass,140 GR | 240 GR,140 GR | 240 GR,true
PURA KALDU SAPI,2,2,1,mass,100 GR | 20 GR,20 GR | 100 GR,false
PURA SEA SALT FINE,2,2,1,mass,300 GR | 60 GR,60 GR | 300 GR,false
PURBASARI HAND&BODY LOTION ZAITUN,2,2,1,volume,100 ML | 220 ML,100 ML | 220 ML,true
PURBASARI LULUR MANDI BENGKOANG,2,2,1,mass,100 GR | 200 GR,100 GR | 200 GR,true
PURBASARI LULUR MANDI BRIGHTENING + VIT E,2,2,1,mass,100 GR | 200 GR,100 GR | 200 GR,true
PURBASARI LULUR MANDI GREEN TEA,2,2,1,mass,100 GR | 200 GR,100 GR | 200 GR,true
PURBASARI LULUR MANDI MUTIARA,2,2,1,mass,100 GR | 200 GR,100 GR | 200 GR,true
PURBASARI LULUR MANDI PUTIH,2,2,1,mass,100 GR | 200 GR,100 GR | 200 GR,true
PURBASARI LULUR MANDI SUSU & BENGKOANG,2,2,1,mass,100 GR | 200 GR,100 GR | 200 GR,true
PURBASARI LULUR MANDI ZAITUN,2,2,1,mass,100 GR | 200 GR,100 GR | 200 GR,true
PURBASARI SABUN SIRIH AROMA MUSK,2,2,1,volume,125 ML | 60 ML,60 ML | 125 ML,false
PURBASARI SABUN SIRIH AROMA ORCHID,2,2,1,volume,125 ML | 60 ML,60 ML | 125 ML,false
PURBASARI SABUN SIRIH AROMA ROSE,2,2,1,volume,125 ML | 60 ML,60 ML | 125 ML,false
PURBASARI SABUN SIRIH MANJAKANI WHITENING,2,2,1,volume,125 ML | 60 ML,60 ML | 125 ML,false
PURBASARI SABUN SIRIH NATURAL,2,2,1,volume,125 ML | 60 ML,60 ML | 125 ML,false
PURECO FABRIC SOFTENER,2,2,1,volume,500 ML | 900 ML,500 ML | 900 ML,true
PURECO LIQUID DETERGENT REFILL,2,2,1,volume,1450 ML | 900 ML,900 ML | 1450 ML,false
PUTERI BODY SPLASH ORCHID,2,2,1,volume,135 ML | 245 ML,135 ML | 245 ML,true
PUTERI BODY SPLASH ROSE,2,2,1,volume,135 ML | 245 ML,135 ML | 245 ML,true
PUTERI BODY SPLASH WHITE LILY,2,2,1,volume,135 ML | 245 ML,135 ML | 245 ML,true
QTELA BALADO,2,2,1,mass,175 GR | 60 GR,60 GR | 175 GR,false
QTELA BBQ,2,2,1,mass,175 GR | 60 GR,60 GR | 175 GR,false
QTELA ORIGINAL,2,2,1,mass,175 GR | 60 GR,60 GR | 175 GR,false
QUAKER INSTANT OATMEAL,2,2,1,mass,200 GR | 800 GR,200 GR | 800 GR,true
QUAKER QUICK COOK OATMEAL,2,2,1,mass,200 GR | 800 GR,200 GR | 800 GR,true
RANI NATA DE COCO,2,2,1,mass,1 KG | 300 GR,300 GR | 1 KG,false
RANITA KAPAS MODERN,2,2,1,mass,35 GR | 75 GR,35 GR | 75 GR,true
RAPIKA COOL BLUE BOTOL,2,2,1,volume,250 ML | 450 ML,250 ML | 450 ML,true
REAL GOOD UHT COKLAT,2,2,2,mass,125 ML | 150 GR,125 ML | 150 GR,true
REAL GOOD YOGURT DRINK BLUEBERRY,2,2,1,volume,125 ML | 80 ML,80 ML | 125 ML,false
REAL GOOD YOGURT DRINK LYCHEE,2,2,1,volume,125 ML | 80 ML,80 ML | 125 ML,false
REAL GOOD YOGURT DRINK STRAWBERRY,2,2,1,volume,125 ML | 80 ML,80 ML | 125 ML,false
REGAL MARI BIASA,2,2,1,mass,120 GR | 230 GR,120 GR | 230 GR,true
REGAL WAFER DELISIO COKLAT,2,2,1,mass,23 GR | 75 GR,23 GR | 75 GR,true
REJOICE CONDITIONER RICH SOFT SMOOTH,2,2,1,volume,290 ML | 65 ML,65 ML | 290 ML,false
REJOICE HIJAB CONDITIONER 3 IN 1 PERFECT CONDITIONING,2,2,1,volume,170 ML | 320 ML,170 ML | 320 ML,true
REJOICE HIJAB SHAMPOO 3 IN 1 PERFECT PERFUME,2,2,1,volume,170 ML | 600 ML,170 ML | 600 ML,true
REJOICE HIJAB SHAMPOO 3IN1 ANTI DANDRUFF,2,2,1,volume,150 ML | 70 ML,70 ML | 150 ML,false
REJOICE SHAMPOO JEJU ROSE,2,2,1,volume,150 ML | 340 ML,150 ML | 340 ML,true
REJOICE SHAMPOO KOREAN JEJU + CONDITIONER RICH SOFT SMOOTH,2,2,1,volume,150 ML | 340 ML,150 ML | 340 ML,true
RESIK-V DAUN SIRIH AROMA ANGGREK,2,2,1,volume,200 ML | 90 ML,90 ML | 200 ML,false
RESIK-V DAUN SIRIH AROMA MAWAR,2,2,1,volume,200 ML | 90 ML,90 ML | 200 ML,false
RESIK-V KHASIAT MANJAKANI WHITENING,2,2,1,volume,50 ML | 90 ML,50 ML | 90 ML,true
RESIK-V SABUN KESET WANGI AROMA ANGGREK,2,2,1,volume,125 ML | 50 ML,50 ML | 125 ML,false
RESIK-V SABUN KESET WANGI AROMA MAWAR,2,2,1,volume,125 ML | 50 ML,50 ML | 125 ML,false
RESIK-V SABUN KESET WANGI AROMA SIRIH WANGI,2,2,1,volume,125 ML | 50 ML,50 ML | 125 ML,false
RHODIA BLACK STAPLED PAD A7,2,2,1,mass,80 GRAM | 90 GRAM,80 GRAM | 90 GRAM,true
RICHEESE BISVIT SELIMUT,2,2,1,mass,45 GR | 72 GR,45 GR | 72 GR,true
RICHEESE NABATI PINK LAVA,2,2,1,mass,110 GR | 240 GR,110 GR | 240 GR,true
RICHEESE NABATI WAFER KEJU,2,2,1,mass,175 GR | 37 GR,37 GR | 175 GR,false
RICHOCO NABATI WAFER CHOCOLATE,2,2,1,mass,175 GR | 37 GR,37 GR | 175 GR,false
RICHWELL CHOCOLATE COOKIES,2,2,1,mass,160 GR | 400 GR,160 GR | 400 GR,true
RICHWELL COCONUT COOKIES,2,2,1,mass,160 GR | 400 GR,160 GR | 400 GR,true
RICHWELL MILK COOKIES,2,2,1,mass,160 GR | 400 GR,160 GR | 400 GR,true
RICHWELL VANILLA COOKIES,2,2,1,mass,160 GR | 400 GR,160 GR | 400 GR,true
RINSO ANTI NODA PURE LIQUID REFILL,2,2,1,mass,1.5 KG | 510 GR,510 GR | 1.5 KG,false
RINSO MATIC DETERGENT FRONT LOAD,2,2,1,mass,1.8 KG | 900 GR,900 GR | 1.8 KG,false
RINSO MATIC DETERGENT TOP LOAD,2,2,1,mass,1.55 GR | 800 GR,1.55 GR | 800 GR,true
RINSO MICELLAR SOFT LIQUID,2,2,1,volume,360 ML | 700 ML,360 ML | 700 ML,true
RINSO MOLTO LIQUID PERFUME ESSENCE REFILL,2,2,1,volume,200 ML | 700 ML,200 ML | 700 ML,true
RINSO MOLTO LIQUID ROSE FRESH REFILL,2,2,1,volume,200 ML | 700 ML,200 ML | 700 ML,true
RINSO MOLTO PERFUME ESSENCE,2,2,1,volume,18 ML | 510 ML,18 ML | 510 ML,true
RINSO SENSI FRESH JAPANESE PEACH POWDER,2,2,1,mass,1.44 KG | 2750 GR,1.44 KG | 2750 GR,true
RINSO SENSI FRESH MICELLAR SOFT,2,2,2,mass,1.5 KG | 42 ML,42 ML | 1.5 KG,false
RINSO SENSI FRESH MICELLAR SOFT POWDER,2,2,1,mass,210 GR | 3 KG,210 GR | 3 KG,true
RIVANOL CITO,2,2,1,volume,100 ML | 300 ML,100 ML | 300 ML,true
ROKA WAFER COKLAT BALL,2,2,1,mass,300 GR | 480 GR,300 GR | 480 GR,true
ROMA FESTIVE TREATS,2,2,1,mass,235 GR | 675 GR,235 GR | 675 GR,true
ROMA MALKIST ABON,2,2,1,mass,105 GR | 250 GR,105 GR | 250 GR,true
ROMA MARIE GOLD,2,2,1,mass,110 GR | 220 GR,110 GR | 220 GR,true
ROMA SARI GANDUM,2,2,1,mass,149 GR | 240 GR,149 GR | 240 GR,true
ROMA SLAI O-LAI PINEAPPLE,2,2,1,mass,192 GR | 32 GR,32 GR | 192 GR,false
ROMA SLAI O-LAI STRAWBERRY,2,2,1,mass,192 GR | 32 GR,32 GR | 192 GR,false
ROMANO BODY WASH CLASSIC ANTI BACTERIAL REFILL,2,2,1,volume,200 ML | 400 ML,200 ML | 400 ML,true
RON 88 BOTOL,2,2,1,volume,240 ML | 380 ML,240 ML | 380 ML,true
ROSE BRAND GULA KUNING,2,2,1,mass,1 KG | 250 GR,250 GR | 1 KG,false
ROSE BRAND MAIZENA,2,2,1,mass,250 GR | 500 GR,250 GR | 500 GR,true
ROSE BRAND MINYAK GORENG,2,2,1,volume,220 ML | 500 ML,220 ML | 500 ML,true
ROUND FOOD CONTAINER,2,2,1,volume,330 ML | 560 ML,330 ML | 560 ML,true
ROYCO BUMBU KALDU RASA AYAM SPESIAL,2,2,1,mass,170 GR | 40 GR,40 GR | 170 GR,false
ROYCO KALDU AYAM,2,2,1,mass,220 GR | 94 GR,94 GR | 220 GR,false
ROYCO KALDU RASA JAMUR,2,2,1,mass,170 GR | 36 GR,36 GR | 170 GR,false
RPP BTL DEER PIGEON,2,2,1,volume,120 ML | 50 ML,50 ML | 120 ML,false
RPP BTL RHINO PIGEON,2,2,1,volume,120 ML | 50 ML,50 ML | 120 ML,false
RPP BTL TURTLE PIGEON,2,2,1,volume,120 ML | 50 ML,50 ML | 120 ML,false
RUDY HAIR TONIC GINSENG+PHYTANTRIOL,2,2,1,volume,110 ML | 220 ML,110 ML | 220 ML,true
RUDY HAIRLOSSDEFENSE HAIR TONIC GINSENG,2,2,1,volume,100 ML | 225 ML,100 ML | 225 ML,true
RUDY SHAMPOO HAIR LOSS DEFENSE GINSENG,2,2,1,volume,100 ML | 200 ML,100 ML | 200 ML,true
RUDY STYLING HAIR GEL STRONG,2,2,1,volume,150 ML | 75 ML,75 ML | 150 ML,false
S-26 PROCAL GOLD,2,2,1,mass,400 GR | 900 GR,400 GR | 900 GR,true
SABUN CREAM EKONOMI,2,2,1,mass,1850 GR | 67 GR,67 GR | 1850 GR,false
SABUN CREAM EKONOMI SIWAK & JERUK NIPIS,2,2,1,mass,145 GR | 380 GR,145 GR | 380 GR,true
SABUN CREAM EKONOMI VIOLET,2,2,1,mass,145 GR | 380 GR,145 GR | 380 GR,true
SAFE CARE MINYAK AROMATHERAPY,2,2,1,volume,10 ML | 5 ML,5 ML | 10 ML,false
SAFE CARE ROLL ON KAYU PUTIH PLUS,2,2,1,volume,10 ML | 5 ML,5 ML | 10 ML,false
SAFI AGE DEFY GOLD WATER ESSENCE,2,2,1,volume,100 ML | 30 ML,30 ML | 100 ML,false
SAFI AGE DEFY RENEWAL NIGHT CREAM,2,2,1,mass,25 GR | 40 GR,25 GR | 40 GR,true
SAFI NATURALS ACNE CLARIFYING CLEANSER,2,2,1,mass,100 GR | 50 GR,50 GR | 100 GR,false
SAFI WHITE EXPERT PURIFYING MAKEUP REMOVER,2,2,1,volume,100 ML | 200 ML,100 ML | 200 ML,true
SAFI WHITE NATURAL ANTI ACNE CREAM TEA TREE OIL,2,2,1,mass,20 GR | 45 GR,20 GR | 45 GR,true
SAFI WHITE NATURAL BRIGHTENING CLEANSER GRAPEFRUIT,2,2,1,mass,100 GR | 50 GR,50 GR | 100 GR,false
SAFI WHITE NATURAL BRIGHTENING CLEANSER MANGOSTEEN,2,2,1,mass,100 GR | 50 GR,50 GR | 100 GR,false
SAHAJA PEMBERSIH LANTAI KUNTUM BUNGA JERUK REFILL,2,2,1,volume,350 ML | 730 ML,350 ML | 730 ML,true
SAHAJA PENCUCI PIRING JERUK NIPIS REFILL,2,2,1,volume,400 ML | 720 ML,400 ML | 720 ML,true
SAHAJA SPRAY SAJADAH & MUKENA BOTOL,2,2,1,volume,220 ML | 50 ML,50 ML | 220 ML,false
SALAD DRESSING HOT LAVA MAMASUKA,2,2,1,mass,100 GR | 300 GR,100 GR | 300 GR,true
SALAD DRESSING KEWPIE WIJEN SANGRAI,2,2,1,volume,200 ML | 500 ML,200 ML | 500 ML,true
SALAD DRESSING WIJEN SANGRAI MAMASUKA,2,2,1,mass,100 GR | 300 GR,100 GR | 300 GR,true
SALONPAS GEL,2,2,1,mass,15 GR | 30 GR,15 GR | 30 GR,true
SAMBAL ASLI CAP IBU JARI JEMPOL,2,2,1,volume,140 ML | 320 ML,140 ML | 320 ML,true
SAMBAL BALADO KOKITA,2,2,1,mass,350 GR | 60 GR,60 GR | 350 GR,false
SAMBAL BANGKOK KOKITA,2,2,2,mass,225 ML | 400 GR,225 ML | 400 GR,true
SAMBAL EXTRA PEDAS SASA,2,2,1,volume,135 ML | 340 ML,135 ML | 340 ML,true
SAN REMO PASTA ELBOW,2,2,1,mass,250 GR | 500 GR,250 GR | 500 GR,true
SAN REMO PASTA SPAGHETTI,2,2,1,mass,250 GR | 500 GR,250 GR | 500 GR,true
SANITER HEALTH SOAP ANTIBACTERIAL COOL FRESH,2,2,1,mass,105 GR | 70 GR,70 GR | 105 GR,false
SANITER LIQUID HAND WASH REFILL,2,2,1,volume,200 ML | 400 ML,200 ML | 400 ML,true
SANTAN KELAPA KARA,2,2,1,volume,1000 ML | 200 ML,200 ML | 1000 ML,false
SANTAN KELAPA KLATU,2,2,1,volume,200 ML | 70 ML,70 ML | 200 ML,false
SANTAN KELAPA SASA,2,2,1,volume,200 ML | 65 ML,65 ML | 200 ML,false
SAORI SAUS LADA HITAM,2,2,2,mass,133 ML | 26 GR,26 GR | 133 ML,false
SAORI SAUS TIRAM,2,2,1,volume,133 ML | 270 ML,133 ML | 270 ML,true
SARDEN ABC EXTRA PEDAS,2,2,1,mass,155 GR | 425 GR,155 GR | 425 GR,true
SARDEN ABC SAUS CABAI,2,2,1,mass,155 GR | 425 GR,155 GR | 425 GR,true
SARDEN ABC SAUS TOMAT,2,2,1,mass,155 GR | 425 GR,155 GR | 425 GR,true
SARDEN ASAHI RASA SATE,2,2,1,mass,155 GR | 425 GR,155 GR | 425 GR,true
SARDEN ASAHI SAUS BALADO,2,2,1,mass,155 GR | 425 GR,155 GR | 425 GR,true
SARDEN ASAHI SAUS PEDAS,2,2,1,mass,155 GR | 425 GR,155 GR | 425 GR,true
SARDEN ASAHI SAUS TERIYAKI,2,2,1,mass,155 GR | 425 GR,155 GR | 425 GR,true
SARDEN ASAHI SAUS TOMAT,2,2,1,mass,155 GR | 425 GR,155 GR | 425 GR,true
SARDEN GAGA SAUS CABAI & TOMAT,2,2,1,mass,155 GR | 425 GR,155 GR | 425 GR,true
SARDEN KING'S FISHER SAUS TOMAT,2,2,1,mass,155 GR | 425 GR,155 GR | 425 GR,true
SARDEN MAYA SAUS CABAI,2,2,1,mass,155 GR | 425 GR,155 GR | 425 GR,true
SARDEN PROTAN SAUS TOMAT,2,2,1,mass,155 GR | 425 GR,155 GR | 425 GR,true
SARI AYU FACIAL COTTON,2,2,1,mass,100 GR | 35 GR,35 GR | 100 GR,false
SARIAYU CLEANSING MILK JERUK,2,2,1,volume,100 ML | 150 ML,100 ML | 150 ML,true
SARIAYU REFRESHING TONER JERUK,2,2,1,volume,100 ML | 150 ML,100 ML | 150 ML,true
SARIAYU REFRESHING TONER MAWAR,2,2,1,volume,100 ML | 150 ML,100 ML | 150 ML,true
SASHA SIWAK & SIRIH ANTI BACTERIAL,2,2,1,mass,150 GR | 65 GR,65 GR | 150 GR,false
SASHA SIWAK GIGI BERLUBANG,2,2,1,mass,150 GR | 65 GR,65 GR | 150 GR,false
SASHA SIWAK LEMON & GARAM WHITENING,2,2,1,mass,150 GR | 65 GR,65 GR | 150 GR,false
SAUS KEJU,2,2,1,mass,250 GR | 500 GR,250 GR | 500 GR,true
SAUS SAMBAL DELMONTE BOTOL,2,2,1,volume,190 ML | 330 ML,190 ML | 330 ML,true
SAUS TIRAM MAESTRO,2,2,2,mass,180 GR | 270 ML,180 GR | 270 ML,true
SAUS TIRAM MAGGI,2,2,2,mass,150 ML | 350 GR,150 ML | 350 GR,true
SAUS TIRAM ROYCO,2,2,1,volume,135 ML | 275 ML,135 ML | 275 ML,true
SAUS TOMAT DELMONTE,2,2,1,volume,140 ML | 330 ML,140 ML | 330 ML,true
SAUS TOMAT DUA BELIBIS,2,2,1,volume,135 ML | 340 ML,135 ML | 340 ML,true
SAUS TOMAT INDOFOOD BOTOL,2,2,1,volume,135 ML | 335 ML,135 ML | 335 ML,true
SAYANG POWDER DETERGENT ROSE,2,2,1,mass,1.6 KG | 770 GR,770 GR | 1.6 KG,false
SEA GULL NAPHTHALENE,2,2,1,mass,150 GR | 25 GR,25 GR | 150 GR,false
SEAL WARE MARIGOLD SEGI4,2,2,1,volume,1650 ML | 5750 ML,1650 ML | 5750 ML,true
SEDAAP BUMBU KALDU AYAM,2,2,1,mass,100 GR | 250 GR,100 GR | 250 GR,true
SEDAAP BUMBU KALDU SAPI,2,2,1,mass,100 GR | 250 GR,100 GR | 250 GR,true
SELAMAT TWISTER BLACK,2,2,1,mass,120 GR | 35 GR,35 GR | 120 GR,false
SELAMAT WAFER CHOCO,2,2,1,mass,12 GR | 145 GR,12 GR | 145 GR,true
SELSUN 7 FLOWERS,2,2,1,volume,120 ML | 200 ML,120 ML | 200 ML,true
SELSUN BLUE,2,2,1,volume,120 ML | 60 ML,60 ML | 120 ML,false
SELSUN BLUE FIVE,2,2,1,volume,120 ML | 200 ML,120 ML | 200 ML,true
SELSUN YELLOW DOUBLE IMPACT,2,2,1,volume,100 ML | 50 ML,50 ML | 100 ML,false
SEMPIO GOCHUJANG HOT PEPPER PASTE,2,2,1,mass,1 KG | 500 GR,500 GR | 1 KG,false
SENKA PERFECT WHIP,2,2,2,mass,120 GR | 50 ML,50 ML | 120 GR,false
SENKA PERFECT WHIP ACNE CARE,2,2,1,mass,100 GR | 50 GR,50 GR | 100 GR,false
SENKA PERFECT WHIP COLLAGEN IN,2,2,1,mass,120 GR | 50 GR,50 GR | 120 GR,false
SENKA PERFECT WHIP FRESH,2,2,1,mass,100 GR | 50 GR,50 GR | 100 GR,false
SENKA PERFECT WHIP VIT C PORELESS GLOW,2,2,1,mass,100 GR | 50 GR,50 GR | 100 GR,false
SENSODYNE COOL GEL,2,2,1,mass,100 GR | 160 GR,100 GR | 160 GR,true
SENSODYNE FRESH MINT,2,2,1,mass,160 GR | 40 GR,40 GR | 160 GR,false
SENSODYNE GENTLE WHITENING,2,2,1,mass,100 GR | 160 GR,100 GR | 160 GR,true
SENSODYNE MULTI ACTION,2,2,1,mass,100 GR | 160 GR,100 GR | 160 GR,true
SERASOFT SHAMPO SMOOTH & SHINE BOTOL,2,2,1,volume,170 ML | 340 ML,170 ML | 340 ML,true
SERASOFT SHAMPOO SHINY BLACK,2,2,1,volume,170 ML | 70 ML,70 ML | 170 ML,false
SGM BBLR BOX,2,2,1,mass,200 GR | 400 GR,200 GR | 400 GR,true
SGM BUNDA HAMIL & MENYUSUI COKLAT,2,2,1,mass,150 GR | 300 GR,150 GR | 300 GR,true
SGM EKSPLOR 1+ MADU,2,2,1,mass,1600 GR | 600 GR,600 GR | 1600 GR,false
SGM EKSPLOR 1+ MADU BOX,2,2,1,mass,400 GR | 900 GR,400 GR | 900 GR,true
SGM EKSPLOR 1+ VANILA,2,2,1,mass,150 GR | 600 GR,150 GR | 600 GR,true
SGM EKSPLOR 3+ VANILLA,2,2,1,mass,1600 GR | 600 GR,600 GR | 1600 GR,false
SGM LLM+ BOX,2,2,1,mass,200 GR | 400 GR,200 GR | 400 GR,true
SGM YUMMI NUTRI COKLAT,2,2,1,mass,100 GR | 330 GR,100 GR | 330 GR,true
SGM YUMMI NUTRI VANILLA,2,2,1,mass,100 GR | 330 GR,100 GR | 330 GR,true
SHINZUI BODY CLEANSER HANA REFILL,2,2,1,volume,200 ML | 380 ML,200 ML | 380 ML,true
SHINZUI BODY CLEANSER KENSHO REFILL,2,2,1,volume,200 ML | 380 ML,200 ML | 380 ML,true
SHINZUI BODY CLEANSER KIREI REFILL,2,2,1,volume,180 ML | 380 ML,180 ML | 380 ML,true
SHINZUI BODY CLEANSER MATSU REFILL,2,2,1,volume,200 ML | 400 ML,200 ML | 400 ML,true
SHINZUI BODY CLEANSER MYORI REFILL,2,2,1,volume,180 ML | 380 ML,180 ML | 380 ML,true
SHINZUI BODY CLEANSER SAKURA REFILL,2,2,1,volume,180 ML | 420 ML,180 ML | 420 ML,true
SHINZUI BODY LOTION HANA,2,2,1,volume,100 ML | 210 ML,100 ML | 210 ML,true
SHINZUI BODY LOTION KENSHO,2,2,1,volume,100 ML | 210 ML,100 ML | 210 ML,true
SHINZUI BODY LOTION KIREI,2,2,1,volume,100 ML | 210 ML,100 ML | 210 ML,true
SHINZUI BODY LOTION MATSU,2,2,1,volume,100 ML | 210 ML,100 ML | 210 ML,true
SHINZUI BODY LOTION SAKURA,2,2,1,volume,100 ML | 210 ML,100 ML | 210 ML,true
SHINZUI BODY SCRUB HANA,2,2,1,mass,110 GR | 200 GR,110 GR | 200 GR,true
SHINZUI BODY SCRUB KIREI,2,2,1,mass,110 GR | 200 GR,110 GR | 200 GR,true
SHINZUI BODY SCRUB MATSU,2,2,1,mass,110 GR | 200 GR,110 GR | 200 GR,true
SHINZUI BODY SCRUB MYORI,2,2,1,mass,110 GR | 200 GR,110 GR | 200 GR,true
SHINZUI BODY SCRUB SAKURA,2,2,1,mass,110 GR | 200 GR,110 GR | 200 GR,true
SHINZUI SKIN LIGHTENING FACIAL WASH,2,2,2,mass,40 GR | 80 ML,40 GR | 80 ML,true
SIDOMUNCUL BERAS KENCUR,2,2,2,mass,150 ML | 300 GR,150 ML | 300 GR,true
SIDOMUNCUL KUNYIT ASAM,2,2,2,mass,150 ML | 300 GR,150 ML | 300 GR,true
SIERRA,2,2,1,volume,1500 ML | 550 ML,550 ML | 1500 ML,false
SIIP BITE CHICKEN,2,2,1,mass,50 GR | 62 GR,50 GR | 62 GR,true
SIIP BITE ROASTED CORN,2,2,1,mass,57 GR | 85 GR,57 GR | 85 GR,true
SILADEX MUCOLYTIC & EXPECTORANT,2,2,1,volume,30 ML | 60 ML,30 ML | 60 ML,true
SILVERQUEEN ALMOND,2,2,1,mass,22 GR | 52 GR,22 GR | 52 GR,true
SILVERQUEEN FRUIT & NUTS,2,2,1,mass,22 GR | 52 GR,22 GR | 52 GR,true
SILVERQUEEN GREEN TEA,2,2,1,mass,22 GR | 52 GR,22 GR | 52 GR,true
SILVERQUEEN VERY BERRY YOGHURT,2,2,1,mass,22 GR | 55 GR,22 GR | 55 GR,true
SIMBA CHOCO CHIPS CHOCO,2,2,1,mass,300 GR | 50 GR,50 GR | 300 GR,false
SIWAK-F HERBAL,2,2,1,mass,120 GR | 190 GR,120 GR | 190 GR,true
SMAX TWIST KEJU CHEDDAR,2,2,1,mass,23 GR | 40 GR,23 GR | 40 GR,true
SNACKIT MARSHMALLOW TWIST,2,2,1,mass,120 GR | 70 GR,70 GR | 120 GR,false
SNAKE BRAND PRICKLY HEAT POWDER LAVENDER,2,2,1,mass,150 GR | 300 GR,150 GR | 300 GR,true
SNAKE BRAND PRICKLY HEAT POWDER OCEAN FRESH,2,2,1,mass,150 GR | 300 GR,150 GR | 300 GR,true
SNICKERS PEANUT BAR,2,2,1,mass,35 GR | 51 GR,35 GR | 51 GR,true
SO GOOD CHICKEN KARAGE ORIGINAL,2,2,1,mass,200 GR | 400 GR,200 GR | 400 GR,true
SO GOOD CHICKEN NUGGET ANIMAL PIZZA,2,2,1,mass,200 GR | 400 GR,200 GR | 400 GR,true
SOKLIN ALL IN 1 FLORAL SENSE,2,2,1,mass,53 GR | 900 GR,53 GR | 900 GR,true
SOKLIN DETERJEN WHITE & BRIGHT,2,2,1,mass,1.8 KG | 215 GR,215 GR | 1.8 KG,false
SOKLIN LANTAI FRUITY APPLE BOTOL,2,2,1,volume,450 ML | 800 ML,450 ML | 800 ML,true
SOKLIN LANTAI LAVENDER BLOOM REFILL,2,2,1,volume,310 ML | 770 ML,310 ML | 770 ML,true
SOKLIN LANTAI MARINE MINT REFILL,2,2,1,volume,345 ML | 780 ML,345 ML | 780 ML,true
SOKLIN LANTAI ROSE BOUQUET BOTOL,2,2,1,volume,400 ML | 800 ML,400 ML | 800 ML,true
SOKLIN LANTAI SEREH REFILL,2,2,1,volume,52 ML | 770 ML,52 ML | 770 ML,true
SOKLIN PEMUTIH APEL BOTOL,2,2,1,volume,220 ML | 500 ML,220 ML | 500 ML,true
SOKLIN PEMUTIH LEMON,2,2,1,volume,100 ML | 220 ML,100 ML | 220 ML,true
SOKLIN PEMUTIH REGULER,2,2,1,volume,100 ML | 500 ML,100 ML | 500 ML,true
SOKLIN PEWANGI EXOTIC PURPLE REFILL,2,2,1,volume,320 ML | 780 ML,320 ML | 780 ML,true
SOKLIN PEWANGI GLAMOUR DAZZLING BLUSH REFILL,2,2,1,volume,300 ML | 900 ML,300 ML | 900 ML,true
SOKLIN PEWANGI ROMANTIC PINK REFILL,2,2,1,volume,320 ML | 700 ML,320 ML | 700 ML,true
SOKLIN POWDER DETERGENT EAU DE PARFUM FLEURS DE LIS,2,2,1,mass,1.44 KG | 720 GR,720 GR | 1.44 KG,false
SOKLIN SOFTERGENT KOREAN CAMELLIA,2,2,1,mass,1.8 KG | 215 GR,215 GR | 1.8 KG,false
SOKLIN SOFTERGENT PEONY & ROSE,2,2,1,mass,1.5 KG | 41 GR,41 GR | 1.5 KG,false
SOKLIN SOFTERGENT PEONY ROSE,2,2,1,mass,215 GR | 700 GR,215 GR | 700 GR,true
SOKLIN SOFTERGENT PURPLE LAVENDER,2,2,1,mass,215 GR | 425 GR,215 GR | 425 GR,true
SOKLIN SOFTERGENT VELVET ORCHID,2,2,1,mass,1.5 KG | 720 GR,720 GR | 1.5 KG,false
SOS HAND WASH ANTIBACTERIAL REFILL,2,2,1,volume,185 ML | 400 ML,185 ML | 400 ML,true
SOS KARBOL CLASSIC PINE REFILL,2,2,1,volume,1.400 ML | 725 ML,1.400 ML | 725 ML,true
SOS PEMBERSIH LANTAI FLORAL REFILL,2,2,1,volume,375 ML | 700 ML,375 ML | 700 ML,true
SOS PEMBERSIH LANTAI JERUK REFILL,2,2,1,volume,1.400 ML | 375 ML,1.400 ML | 375 ML,true
SOS PEMBERSIH LANTAI SEREH REFILL,2,2,1,volume,300 ML | 675 ML,300 ML | 675 ML,true
SOSRO FRUIT TEA APPLE,2,2,1,volume,200 ML | 500 ML,200 ML | 500 ML,true
SOSRO FRUIT TEA STRAWBERRY,2,2,1,volume,200 ML | 500 ML,200 ML | 500 ML,true
SOUN KACA,2,2,1,mass,140 GR | 50 GR,50 GR | 140 GR,false
SPAGHETTIKU,2,2,1,mass,200 GR | 400 GR,200 GR | 400 GR,true
SPONGE 28,2,2,1,mass,1 KG | 80 GR,80 GR | 1 KG,false
SPRITE,2,2,1,volume,330 ML | 390 ML,330 ML | 390 ML,true
ST DALFOUR SPREAD STRAWBERRY,2,2,1,mass,170 GR | 284 GR,170 GR | 284 GR,true
STELLA AEROSOL CAFFE LATTE,2,2,1,volume,200 ML | 400 ML,200 ML | 400 ML,true
STELLA AIR FRESHENER ORANGE,2,2,1,volume,140 ML | 400 ML,140 ML | 400 ML,true
STELLA AIR FRESHNER BALINESE JASMINE SENSATION,2,2,1,volume,200 ML | 400 ML,200 ML | 400 ML,true
STP POWER STEERING FLUID,2,2,1,volume,354 ML | 946 ML,354 ML | 946 ML,true
SUKAKU MIE KERING,2,2,1,mass,100 GRAM | 200 GRAM,100 GRAM | 200 GRAM,true
SUMBER AYU BODY SCRUB MADU,2,2,1,mass,130 GR | 250 GR,130 GR | 250 GR,true
SUMBER AYU BODY SCRUB SUSU,2,2,1,mass,130 GR | 250 GR,130 GR | 250 GR,true
SUMBER AYU CREAM WASH TRIPLE WHITENING,2,2,1,volume,40 ML | 75 ML,40 ML | 75 ML,true
SUMBER AYU DAUN SIRIH CONFIDENT,2,2,1,volume,60 ML | 90 ML,60 ML | 90 ML,true
SUMBER AYU DAUN SIRIH FLORAL,2,2,1,volume,200 ML | 50 ML,50 ML | 200 ML,false
SUMBER AYU DAUN SIRIH NATURAL,2,2,1,volume,200 ML | 90 ML,90 ML | 200 ML,false
SUMBER AYU MANJAKANI KESET DENGAN KAYU RAPET,2,2,1,volume,50 ML | 90 ML,50 ML | 90 ML,true
SUMBER AYU PEARLY WHITE TRIPLE WHITENING,2,2,1,volume,50 ML | 90 ML,50 ML | 90 ML,true
SUN MARIE BISCUIT,2,2,1,mass,150 GR | 80 GR,80 GR | 150 GR,false
SUNBAY SEASONING MUSHROOM,2,2,1,mass,200 GR | 80 GR,80 GR | 200 GR,false
SUNLIGHT BIOCARE NATURE BLUEBERRIES POUCH,2,2,2,mass,585 ML | 600 GR,585 ML | 600 GR,true
SUNLIGHT JERUK NIPIS & DAUN MINT REFILL,2,2,1,volume,210 ML | 700 ML,210 ML | 700 ML,true
SUNLIGHT JERUK NIPIS REFILL,2,2,1,volume,560 ML | 700 ML,560 ML | 700 ML,true
SUNLIGHT LIME BOTOL,2,2,1,volume,400 ML | 750 ML,400 ML | 750 ML,true
SUNLIGHT LIME CREAM SACHET,2,2,1,mass,110 GR | 270 GR,110 GR | 270 GR,true
SUNLIGHT LIME NEW REFFIL,2,2,1,volume,370 ML | 910 ML,370 ML | 910 ML,true
SUNRISE BAWANG MERAH,2,2,1,mass,250 GR | 500 GR,250 GR | 500 GR,true
SUNSILK CONDITIONER BLACK SHINE,2,2,1,volume,160 ML | 70 ML,70 ML | 160 ML,false
SUNSILK CONDITIONER SILKY SMOOTH,2,2,1,volume,160 ML | 90 ML,90 ML | 160 ML,false
SUNSILK CONDITIONER SOFT & SMOOTH,2,2,1,volume,160 ML | 70 ML,70 ML | 160 ML,false
SUNSILK CREAMBATH SILKY GLOSS,2,2,1,mass,180 GR | 30 GR,30 GR | 180 GR,false
SUNSILK CREAMBATH SILKY SMOOTH,2,2,1,mass,180 GR | 30 GR,30 GR | 180 GR,false
SUNSILK HAIR MULTIVITAMIN BOOST,2,2,1,volume,100 ML | 50 ML,50 ML | 100 ML,false
SUNSILK HAIR PERFUME MULTIVITAMIN SILKY GLOSS,2,2,1,volume,100 ML | 50 ML,50 ML | 100 ML,false
SUNSILK HAIR PERFUME MULTIVITAMIN SILKY VOLUME,2,2,1,volume,100 ML | 50 ML,50 ML | 100 ML,false
SUNSILK SHAMPOO GLOSSY BLACK BOTOL,2,2,1,volume,650 ML | 900 ML,650 ML | 900 ML,true
SUNSILK SHAMPOO SILKY SMOOTH PUMP,2,2,1,volume,400 ML | 650 ML,400 ML | 650 ML,true
SUNSILK SHAMPOO THICK & LONG,2,2,1,volume,170 ML | 340 ML,170 ML | 340 ML,true
SUNSILK SUPER SHAMPOO BYE BYE RAMBUT RONTOK,2,2,1,volume,160 ML | 330 ML,160 ML | 330 ML,true
SUNSILK SUPER SHAMPOO HELLO LEMBUT & FLEKSIBEL,2,2,1,volume,160 ML | 330 ML,160 ML | 330 ML,true
SUPERPELL KOREAN STRAWBERRY REFILL,2,2,1,volume,100 ML | 760 ML,100 ML | 760 ML,true
SUPERSOL KARBOL WANGI LEMON REFILL,2,2,1,volume,450 ML | 800 ML,450 ML | 800 ML,true
SUSU BENDERA FRISIAN FLAG 1+ MADU,2,2,1,mass,600 GR | 900 GR,600 GR | 900 GR,true
SWALLOW DAISAP,2,2,1,mass,125 GRAM | 260 GR,125 GRAM | 260 GR,true
SWALLOW NAPHTHALENE,2,2,1,mass,100 GR | 150 GR,100 GR | 150 GR,true
SWALLOW NAPHTHALENE DISK BALL,2,2,1,mass,300 GR | 500 GR,300 GR | 500 GR,true
SWAN BRAND NAPTHALINE DISK BALL,2,2,1,mass,150 GR | 300 GR,150 GR | 300 GR,true
SWAN NAPHTHALENE BALL,2,2,1,mass,1 KG | 500 GR,500 GR | 1 KG,false
SWAN NAPHTHALENE DISK BALL,2,2,1,mass,100 GR | 35 GR,35 GR | 100 GR,false
"SWEETY BABY LIQUID BOTTLE, NIPPLE & ACCESSORIES CLEANSER BOTOL",2,2,1,volume,200 ML | 500 ML,200 ML | 500 ML,true
"SWEETY BABY LIQUID BOTTLE, NIPPLE & ACCESSORIES CLEANSER REFILL",2,2,1,volume,450 ML | 900 ML,450 ML | 900 ML,true
SYSTEMA NANO MENTHOL BREEZE,2,2,1,mass,120 GR | 75 GR,75 GR | 120 GR,false
TAKARI BIRU FISH FOOD,2,2,1,mass,100 GR | 250 GR,100 GR | 250 GR,true
TAKARI MINI MIX,2,2,1,mass,250 GR | 500 GR,250 GR | 500 GR,true
TAKARI MINI MIX FISH FOOD,2,2,1,mass,250 GR | 500 GR,250 GR | 500 GR,true
TALITA MINYAK TELON PLUS CITRONELLA,2,2,1,volume,125 ML | 60 ML,60 ML | 125 ML,false
TANCHO POMADE,2,2,1,mass,130 GR | 60 GR,60 GR | 130 GR,false
TANGO DRINK VELLUTO ITALIAN CHOCOLATE,2,2,1,volume,200 ML | 250 ML,200 ML | 250 ML,true
TANGO WAFER CHEESE,2,2,1,mass,47 GR | 98 GR,47 GR | 98 GR,true
TANGO WAFER STRAWBERRY,2,2,1,mass,133 GR | 35 GR,35 GR | 133 GR,false
TANGO WAFER VANILLA,2,2,1,mass,133 GR | 35 GR,35 GR | 133 GR,false
TANGO WAFFLE CRANCH CHOX,2,2,1,mass,35 GR | 7 GR,7 GR | 35 GR,false
TANGO WAFFLE CRANCH MILK,2,2,1,mass,25 GR | 35 GR,25 GR | 35 GR,true
TAO KAE NOI CRISPY HOT SPICY,2,2,1,mass,15 GR | 32 GR,15 GR | 32 GR,true
TAO KAE NOI CRISPY ORIGINAL,2,2,1,mass,15 GR | 32 GR,15 GR | 32 GR,true
TARO NET SEAWEED,2,2,1,mass,32 GR | 62 GR,32 GR | 62 GR,true
TAUCO MANIS KOKITA,2,2,2,mass,200 GR | 400 ML,200 GR | 400 ML,true
TAUCO SUPER KOKITA,2,2,1,volume,250 ML | 400 ML,250 ML | 400 ML,true
TEH ALAMI,2,2,1,mass,150 GR | 80 GR,80 GR | 150 GR,false
TEH CAP BOTOL BIRU,2,2,1,mass,40 GR | 80 GR,40 GR | 80 GR,true
TEH GELAS ORIGINAL PET,2,2,1,volume,350 ML | 500 ML,350 ML | 500 ML,true
TEH KOTAK JASMINE LESS SUGAR,2,2,1,volume,300 ML | 750 ML,300 ML | 750 ML,true
TEH PUCUK LESS SUGAR,2,2,1,volume,350 ML | 500 ML,350 ML | 500 ML,true
TEHINDO,2,2,1,mass,100 GR | 250 GR,100 GR | 250 GR,true
TEKO ARAB,2,2,1,volume,4 LTR | 9.5 LTR,4 LTR | 9.5 LTR,true
TEMPE KOTAK WONG JAVA,2,2,1,mass,200 GR | 350 GR,200 GR | 350 GR,true
TEPUNG BAKWAN KRESS KOBE,2,2,1,mass,200 GR | 70 GR,70 GR | 200 GR,false
TEPUNG BAKWAN SASA,2,2,1,mass,225 GR | 70 GR,70 GR | 225 GR,false
TEPUNG BERAS ROSE BRAND,2,2,1,mass,200 GR | 500 GR,200 GR | 500 GR,true
TEPUNG BUMBU BAKWAN CRISPY SAJIKU,2,2,1,mass,210 GR | 90 GR,90 GR | 210 GR,false
TEPUNG BUMBU GOLDEN CRISPY SAJIKU,2,2,1,mass,200 GR | 75 GR,75 GR | 200 GR,false
TEPUNG BUMBU SASA SERBAGUNA HOT & SPICY,2,2,1,mass,210 GR | 70 GR,70 GR | 210 GR,false
TEPUNG BUMBU SERBAGUNA SASA,2,2,1,mass,35 GR | 70 GR,35 GR | 70 GR,true
TEPUNG BUMBU SERBAGUNA SPECIAL KOBE,2,2,1,mass,200 GR | 70 GR,70 GR | 200 GR,false
TEPUNG MAIZENA WYSMAN,2,2,1,mass,200 GR | 400 GR,200 GR | 400 GR,true
TEPUNG PISANG CRISPY KOBE,2,2,1,mass,200 GR | 70 GR,70 GR | 200 GR,false
TEPUNG PISANG GORENG MAMASUKA,2,2,1,mass,225 GR | 80 GR,80 GR | 225 GR,false
TEPUNG PISANG GORENG VANILLA SASA,2,2,1,mass,210 GR | 70 GR,70 GR | 210 GR,false
TEPUNG ROTI JFOOD,2,2,1,mass,250 GR | 500 GR,250 GR | 500 GR,true
TEPUNG ROTI MIX MAMASUKA,2,2,1,mass,100 GR | 200 GR,100 GR | 200 GR,true
TERMOREX PARACETAMOL RASA JERUK,2,2,1,volume,30 ML | 60 ML,30 ML | 60 ML,true
TERMOREX PLUS RASA JERUK,2,2,1,volume,30 ML | 60 ML,30 ML | 60 ML,true
TERMOS MINI,2,2,1,volume,150 ML | 250 ML,150 ML | 250 ML,true
TERMOS MUG,2,2,1,volume,350 ML | 500 ML,350 ML | 500 ML,true
THERMOS CARRY,2,2,1,volume,200 ML | 350 ML,200 ML | 350 ML,true
THERMOS RIO,2,2,1,volume,650 ML | 900 ML,650 ML | 900 ML,true
THINWALL KOTAK + TUTUP ISI 5 PCS,2,2,1,volume,500 ML | 750 ML,500 ML | 750 ML,true
THINWALL PERSEGI PANJANG (/5),2,2,1,volume,500 ML | 750 ML,500 ML | 750 ML,true
THINWALL PERSEGI PANJANG + TUTUP ISI 5 PCS,2,2,1,volume,250 ML | 300 ML,250 ML | 300 ML,true
THOUSAND ISLAND SALAD DRESSING MAESTRO,2,2,1,mass,100 GR | 180 GR,100 GR | 180 GR,true
TINI WINI BITI KEJU,2,2,1,mass,20 GR | 38 GR,20 GR | 38 GR,true
TINI WINI BITI STRAWBERRY,2,2,1,mass,20 GR | 38 GR,20 GR | 38 GR,true
TONG GARDEN COATED PEANUT BBQ,2,2,1,mass,160 GR | 45 GR,45 GR | 160 GR,false
TONG TJI GREEN TEA,2,2,1,mass,100 GR | 50 GR,50 GR | 100 GR,false
TOP RAMEN BASO SAPI,2,2,1,mass,35 GR | 56 GR,35 GR | 56 GR,true
TOPLES MIYAGI,2,2,1,mass,0.8 KG | 1 KG,0.8 KG | 1 KG,true
TOTAL CARE MOUTHWASH LEMON HERBS,2,2,1,volume,100 ML | 250 ML,100 ML | 250 ML,true
TOTAL CARE MOUTHWASH SENSITIVE TEETH,2,2,1,volume,100 ML | 250 ML,100 ML | 250 ML,true
TOTAL CARE MOUTHWASH SIWAK SALT,2,2,1,volume,250 ML | 500 ML,250 ML | 500 ML,true
TOTOLE KALDU RASA AYAM,2,2,1,mass,100 GR | 454 GR,100 GR | 454 GR,true
TRESEMME KERATIN SMOOTH CONDITIONER,2,2,1,volume,170 ML | 340 ML,170 ML | 340 ML,true
TRESEMME TOTAL SALON REPAIR SHAMPOO,2,2,1,volume,170 ML | 340 ML,170 ML | 340 ML,true
TROPICANA SLIM LOW FAT MILK VANILLA,2,2,1,mass,180 GR | 500 GR,180 GR | 500 GR,true
TUNGGAL KACANG BANDUNG,2,2,1,mass,100 GR | 250 GR,100 GR | 250 GR,true
TUNGGAL MARI SPECIAL MERAH,2,2,1,mass,110 GR | 250 GR,110 GR | 250 GR,true
TWISTKO JAGUNG BAKAR BBQ,2,2,1,mass,145 GR | 30 GR,30 GR | 145 GR,false
U1 CHOCOLATE CHIPS COOKIES,2,2,1,mass,300 GR | 80 GR,80 GR | 300 GR,false
UBM CHOCO CREAM,2,2,1,mass,110 GR | 180 GR,110 GR | 180 GR,true
UDANG HEADLESS,2,2,1,mass,250 GR | 500 GR,250 GR | 500 GR,true
UDANG KUPAS,2,2,1,mass,250 GR | 500 GR,250 GR | 500 GR,true
UDANG MASAK,2,2,1,mass,250 GR | 500 GR,250 GR | 500 GR,true
UHA MACCHA MILK CANDY,2,2,1,mass,103 GR | 42 GR,42 GR | 103 GR,false
UHA MILK CANDY STRAWBERRY,2,2,1,mass,103 GR | 37 GR,37 GR | 103 GR,false
UHU ALL PURPOSE,2,2,1,volume,20 ML | 60 ML,20 ML | 60 ML,true
ULEG SAMBAL TERASI,2,2,1,mass,1 KG | 190 GR,190 GR | 1 KG,false
ULTRA MILK MOKA,2,2,1,volume,200 ML | 750 ML,200 ML | 750 ML,true
ULTRA SARI KACANG IJO,2,2,1,volume,150 ML | 250 ML,150 ML | 250 ML,true
UNIBIS PRIME TIME,2,2,1,mass,350 GR | 800 GR,350 GR | 800 GR,true
V-SOY SOYA BEAN MILK COCOA,2,2,1,volume,200 ML | 300 ML,200 ML | 300 ML,true
VAN HOUTEN DARK MILK ALMONDS,2,2,1,mass,140 GR | 40 GR,40 GR | 140 GR,false
VAN HOUTEN DARK MILK CASHEWS,2,2,1,mass,140 GR | 40 GR,40 GR | 140 GR,false
VAN HOUTEN DARK MILK CHOCOLATE,2,2,1,mass,140 GR | 40 GR,40 GR | 140 GR,false
VAN HOUTEN DARK MILK FRUIT & NUT,2,2,1,mass,140 GR | 40 GR,40 GR | 140 GR,false
VANISH CAIR WHITE REFILL,2,2,1,volume,150 ML | 425 ML,150 ML | 425 ML,true
VANISH OXI ACTION POWDER REFILL,2,2,1,mass,210 GR | 400 GR,210 GR | 400 GR,true
VAPE AEROSOL LAVENDER,2,2,1,volume,600 ML | 750 ML,600 ML | 750 ML,true
VAPE AEROSOL MILK TEA ( 12 ),2,2,1,volume,200 ML | 600 ML,200 ML | 600 ML,true
VAPE AEROSOL NIGHT BLOSSOM ( 12 ),2,2,1,volume,200 ML | 600 ML,200 ML | 600 ML,true
VAPE AEROSOL PURPLE ORCHID,2,2,1,volume,240 ML | 600 ML,240 ML | 600 ML,true
VAPE ANTI NYAMUK ORANGE POUCH,2,2,1,volume,360 ML | 720 ML,360 ML | 720 ML,true
VASELINE BODY LOTION ADVANCED STRENGTH,2,2,1,volume,100 ML | 400 ML,100 ML | 400 ML,true
VASELINE BODY LOTION HEALTHY BRIGHT FRESH & BRIGHT COOLING,2,2,1,volume,100 ML | 200 ML,100 ML | 200 ML,true
VASELINE BODY LOTION INTENSIVE CARE ALOE SOOTHE,2,2,1,volume,100 ML | 200 ML,100 ML | 200 ML,true
VASELINE BODY LOTION INTENSIVE CARE COCOA RADIANT,2,2,1,volume,200 ML | 400 ML,200 ML | 400 ML,true
VASELINE BODY LOTION UV EXTRA BRIGHTENING,2,2,1,volume,100 ML | 200 ML,100 ML | 200 ML,true
VASELINE GLUTA SERUM BURST LOTION OVERNIGHT,2,2,1,volume,200 ML | 330 ML,200 ML | 330 ML,true
VASELINE GLUTA-HYA SERUM BURST LOTION SMOOTHING PERFECTOR,2,2,1,volume,200 ML | 330 ML,200 ML | 330 ML,true
VASELINE REPAIRING JELLY,2,2,1,volume,100 ML | 50 ML,50 ML | 100 ML,false
VEET LOT JASMINE,2,2,1,mass,25 GR | 60 GR,25 GR | 60 GR,true
VENEZIA ASSORTED TIN,2,2,1,mass,250 GR | 565 GR,250 GR | 565 GR,true
VICKS BABY BALM,2,2,1,mass,20 GR | 8 GR,8 GR | 20 GR,false
VICKS FORMULA 44 ANAK ANAK STRAWBERRY,2,2,1,volume,27 ML | 54 ML,27 ML | 54 ML,true
VICKS VAPORUB EXTRA STRONG,2,2,1,mass,10 GR | 25 GR,10 GR | 25 GR,true
VIDORAN MY BABY 6-12 BULAN,2,2,1,mass,125 GR | 325 GR,125 GR | 325 GR,true
VIDORAN MY BABY MILK NUTRIPLEX 0-6 BULAN,2,2,1,mass,125 GR | 550 GR,125 GR | 550 GR,true
VIDORAN XMART MILK MADU 3+,2,2,1,mass,325 GR | 700 GR,325 GR | 700 GR,true
VIDORAN XMART MILK VANILLA 1+,2,2,1,mass,125 GR | 700 GR,125 GR | 700 GR,true
VIGEL,2,2,1,mass,30 GR | 60 GR,30 GR | 60 GR,true
VITALIS BODY SCENT BELLE,2,2,1,volume,120 ML | 60 ML,60 ML | 120 ML,false
VITALIS BODY SCENT BLESS,2,2,1,volume,120 ML | 60 ML,60 ML | 120 ML,false
VITALIS BODY SCENT BLOSSOM,2,2,1,volume,120 ML | 60 ML,60 ML | 120 ML,false
VITALIS EAU DE COLOGNE MAGNIFIQUE LONDON,2,2,1,volume,100 ML | 50 ML,50 ML | 100 ML,false
VIVA AIR MAWAR,2,2,1,volume,100 ML | 200 ML,100 ML | 200 ML,true
VIVA FACE TONIC BENGKUANG,2,2,1,volume,100 ML | 200 ML,100 ML | 200 ML,true
VIVA FACE TONIC LEMON,2,2,1,volume,100 ML | 200 ML,100 ML | 200 ML,true
VIVA MILK CLEANSER CUCUMBER,2,2,1,volume,100 ML | 200 ML,100 ML | 200 ML,true
VIVA MILK CLEANSER LEMON,2,2,1,volume,100 ML | 200 ML,100 ML | 200 ML,true
VIVA MILK CLEANSER MAWAR,2,2,1,volume,100 ML | 200 ML,100 ML | 200 ML,true
VIVA SKIN FOOD CREAM,2,2,1,mass,22 GR | 30 GR,22 GR | 30 GR,true
VIVA WHITENING CREAM,2,2,1,mass,15 GR | 40 GR,15 GR | 40 GR,true
VIXAL EKSTRA KUAT TRIPLE ACTION BOTOL,2,2,2,mass,360 ML | 700 GR,360 ML | 700 GR,true
VIXAL PEMBERSIH KAMAR MANDI HIJAU,2,2,1,volume,470 ML | 750 ML,470 ML | 750 ML,true
WANFA FISH SNACK,2,2,1,mass,12 GR | 50 GR,12 GR | 50 GR,true
WANFA FISH SNACK SPICY,2,2,1,mass,25 GR | 50 GR,25 GR | 50 GR,true
WARDAH C-DEFENSE ENERGIZING CREAMY WASH,2,2,1,volume,100 ML | 50 ML,50 ML | 100 ML,false
WARDAH CREAMY BODY BUTTER PASSION FRUIT,2,2,1,volume,150 ML | 50 ML,50 ML | 150 ML,false
WARDAH CRYSTAL SECRET BRIGHT ACTIVATING NIGHT CREAM,2,2,2,mass,15 ML | 30 GR,15 ML | 30 GR,true
WARDAH CRYSTAL SECRET PURE TREATMENT ESSENCE,2,2,1,volume,100 ML | 50 ML,50 ML | 100 ML,false
WARDAH EVERYDAY BB CREAM LIGHT,2,2,1,volume,15 ML | 30 ML,15 ML | 30 ML,true
WARDAH EVERYDAY BB CREAM NATURAL,2,2,1,volume,15 ML | 30 ML,15 ML | 30 ML,true
WARDAH HYDRA ROSE DEWY AQUA DAY GEL,2,2,2,mass,17 ML | 40 GR,17 ML | 40 GR,true
WARDAH LIGHTENING BB CREAM LIGHT,2,2,1,volume,15 ML | 30 ML,15 ML | 30 ML,true
WARDAH LIGHTENING BB CREAM NATURAL,2,2,1,volume,15 ML | 30 ML,15 ML | 30 ML,true
WARDAH LIGHTENING DAY CREAM ADVANCED NIACINAMIDE,2,2,2,mass,20 ML | 30 GR,20 ML | 30 GR,true
WARDAH LIGHTENING DAY GEL ADVANCED NIACINAMIDE,2,2,2,mass,20 ML | 30 GR,20 ML | 30 GR,true
WARDAH LIGHTENING FRESH BB TINT #04 NEUTRAL BEIGE (32N),2,2,1,volume,15 ML | 30 ML,15 ML | 30 ML,true
WARDAH LIGHTENING MICELLAR GENTLE WASH,2,2,1,volume,100 ML | 50 ML,50 ML | 100 ML,false
WARDAH LIGHTENING NIGHT CREAM ADVANCED NIACINAMIDE,2,2,2,mass,20 ML | 30 GR,20 ML | 30 GR,true
WARDAH LIGHTENING OIL-INFUSED MICELLAR WATER,2,2,1,volume,105 ML | 55 ML,55 ML | 105 ML,false
WARDAH LIGHTENING WHIP FACIAL FOAM,2,2,1,volume,100 ML | 50 ML,50 ML | 100 ML,false
WARDAH NATURE DAILY ALOE HYDRAMILD FACIAL WASH,2,2,1,volume,100 ML | 60 ML,60 ML | 100 ML,false
WARDAH NATURE DAILY MINERAL+ CLARIFYING FACIAL FOAM,2,2,1,volume,100 ML | 60 ML,60 ML | 100 ML,false
WARDAH PERFECT BRIGHT CREAMY FOAM OIL CONTROL,2,2,1,volume,100 ML | 50 ML,50 ML | 100 ML,false
WARDAH PERFECT BRIGHT SMOOTH GLOW CREAMY FOAM,2,2,1,volume,100 ML | 50 ML,50 ML | 100 ML,false
WARDAH RENEW YOU DAY CREAM,2,2,2,mass,15 ML | 30 GR,15 ML | 30 GR,true
WARDAH RENEW YOU NIGHT CREAM,2,2,2,mass,15 ML | 30 GR,15 ML | 30 GR,true
WARDAH RENEW YOU TONER ESSENCE,2,2,1,volume,100 ML | 50 ML,50 ML | 100 ML,false
WARDAH SERUM SYMRADIANCE 399 5% NIACINAMIDE BRIGHT & BARRIER REPAIR,2,2,1,volume,15 ML | 30 ML,15 ML | 30 ML,true
WARDAH UV SHIELD ACNE CALM SUNSCREEN SERUM SPF 50 PA++++,2,2,1,volume,25 ML | 40 ML,25 ML | 40 ML,true
WATER BAG PORTABLE,2,2,1,volume,200 ML | 600 ML,200 ML | 600 ML,true
WD 40,2,2,1,volume,333 ML | 412 ML,333 ML | 412 ML,true
WHISKAS ADULT TUNA&SALMON,2,2,1,mass,1.2 KG | 480 GR,480 GR | 1.2 KG,false
WHISKAS DRY ADULT 1+ CHICKEN,2,2,1,mass,1.2 KG | 480 GR,480 GR | 1.2 KG,false
WHISKAS DRY ADULT 1+ OCEAN FISH,2,2,1,mass,1.2 KG | 480 GR,480 GR | 1.2 KG,false
WHISKAS DRY ADULT SKIN & COAT,2,2,1,mass,1.1 KG | 450 GR,450 GR | 1.1 KG,false
WHISKAS DRY JUNIOR MACKEREL,2,2,1,mass,1.1 KG | 450 GR,450 GR | 1.1 KG,false
WHISKAS DRY JUNIOR OCEAN FISH,2,2,1,mass,1.1 KG | 450 GR,450 GR | 1.1 KG,false
WHISKAS JUNIOR TUNA & SALMON,2,2,1,mass,1.1 KG | 450 GR,450 GR | 1.1 KG,false
WIPOL KARBOL CEMARA BOTOL,2,2,1,volume,450 ML | 750 ML,450 ML | 750 ML,true
WIPOL SEREH & JERUK REFILL,2,2,1,volume,190 ML | 750 ML,190 ML | 750 ML,true
WONGCOCO JELLY MINI,2,2,1,mass,112 GR | 210 GR,112 GR | 210 GR,true
WONGCOCO NATA DE COCO CUBES STRAWBERRY,2,2,1,mass,1 KG | 360 GR,360 GR | 1 KG,false
WOSHI WOSHI DISWASH GREEN TEA,2,2,1,volume,390 ML | 600 ML,390 ML | 600 ML,true
WOW DISWASHING JERUK NIPIS,2,2,1,volume,300 ML | 600 ML,300 ML | 600 ML,true
WPC PEMBERSIH PORSELEN BIRU BOTOL,2,2,1,volume,360 ML | 750 ML,360 ML | 750 ML,true
YAN-YAN COKLAT,2,2,1,mass,30 GR | 40 GR,30 GR | 40 GR,true
YAN-YAN STRAWBERY,2,2,1,mass,30 GR | 40 GR,30 GR | 40 GR,true
YAVA YA'BITES TROPICAL FRUITS,2,2,1,mass,125 GR | 35 GR,35 GR | 125 GR,false
YAYA BIHUN JAGUNG,2,2,1,mass,140 GR | 260 GR,140 GR | 260 GR,true
YUMMY BITES CRACKERS ORIGINAL,2,2,1,mass,25 GR | 50 GR,25 GR | 50 GR,true
YUMMY BITES CRACKERS STRAWBERRY,2,2,1,mass,25 GR | 50 GR,25 GR | 50 GR,true
YUMMY GREEK YOGHURT BLUEBERRY,2,2,1,mass,100 GR | 500 GR,100 GR | 500 GR,true
YUMMY GREEK YOGHURT ORIGINAL,2,2,1,mass,100 GR | 500 GR,100 GR | 500 GR,true
YUMMY GREEK YOGHURT STRAWBERRY,2,2,1,mass,100 GR | 500 GR,100 GR | 500 GR,true
YUMMY YOGHURT BLUEBERRY,2,2,1,mass,100 GR | 80 GR,80 GR | 100 GR,false
YUMMY YOGHURT MANGO,2,2,1,mass,100 GR | 80 GR,80 GR | 100 GR,false
YUMMY YOGHURT STRAWBERRY,2,2,1,mass,100 GR | 80 GR,80 GR | 100 GR,false
YUZU GREEN TEA,2,2,1,volume,350 ML | 485 ML,350 ML | 485 ML,true
ZEDAR KEJU,2,2,1,mass,1 KG | 180 GR,180 GR | 1 KG,false
ZINC MEN SHAMPOO ANTI HAIR FALL HERBA GROWTH,2,2,1,volume,340 ML | 70 ML,70 ML | 340 ML,false
ZINC SHAMPOO HIJAB PERAWATAN RAMBUT HITAM,2,2,1,volume,170 ML | 340 ML,170 ML | 340 ML,true
ZINC SHAMPOO SOFT CARE ALMOND,2,2,1,volume,170 ML | 70 ML,70 ML | 170 ML,false
ZIPPO OIL / PREMIUM MINYAK,2,2,1,volume,125 ML | 133 ML,125 ML | 133 ML,true
ZWITSAL BABY BOTTLE CLEANER,2,2,1,volume,425 ML | 750 ML,425 ML | 750 ML,true
ZWITSAL BABY FABRIC DETERGENT,2,2,1,volume,425 ML | 750 ML,425 ML | 750 ML,true
ZWITSAL NATURAL MINYAK TELON,2,2,1,volume,100 ML | 60 ML,60 ML | 100 ML,false
