id,name,depth,is_leaf,products,full_path,measured_need,measured_n,share_net_content,share_pack_count,share_colour,share_flavour,share_material,share_garment_size,share_scent,share_model_code,inferred_verdict,inferred_node,inferred_n,inferred_attrs,inferred_flagged_ancestor,inferred_tier
1162,KAUS PRIA,4,true,1467,Fashion > FASHION PRIA > ATASAN PRIA > KAUS PRIA,,0,0.024,0.0,0.199,0.006,0.035,0.044,0.014,0.133,FUZZY,Busana dan Aksesori > Pakaian > Pakaian Dalam Pria > Kaus Dalam Pria,9,Petunjuk perawatan | Warna | Kain | Fitur pakaian intim | Pola | Ukuran | Jenis ukuran | Jenis kelamin sasaran | Gaya kaos dalam,False,fuzzy-raw
1224,CELANA DALAM WANITA,4,true,1427,Fashion > FASHION WANITA > PAKAIAN DALAM WANITA > CELANA DALAM WANITA,,0,0.181,0.001,0.001,0.001,0.001,0.115,0.0,0.198,EXACT,Busana dan Aksesori > Pakaian > Lingeri > Celana Dalam Wanita,10,Petunjuk perawatan | Warna | Kain | Bahan gusset | Fitur pakaian intim | Pola | Ukuran | Jenis ukuran | Jenis kelamin sasaran | Ketinggian pinggang,True,exact-raw
1788,BARANG OBRAL,2,true,1382,BELUM DISORTIR > BARANG OBRAL,,0,0.017,0.006,0.051,0.005,0.056,0.035,0.005,0.077,UNMAPPED,,0,,,
68,MAINAN ANAK LAKI-LAKI,2,true,1319,Mainan dan Alat Lainnya > MAINAN ANAK LAKI-LAKI,model_code|pack_count,2,0.002,0.274,0.01,0.002,0.006,0.002,0.001,0.729,UNMAPPED,,0,,,
1568,SPREI,6,true,1186,Perawatan Diri & Rumah Tangga > Rumah Tangga > Peralatan & Perlengkapan Rumah Tangga > PERLENGKAPAN RUMAH TANGGA > PERLENGKAPAN KAMAR & KAMAR MANDI > SPREI,pack_count,1,0.0,0.542,0.094,0.023,0.0,0.0,0.008,0.096,UNMAPPED,,0,,,
955,PERALATAN RUMAH TANGGA,4,false,1143,Perawatan Diri & Rumah Tangga > Rumah Tangga > Peralatan & Perlengkapan Rumah Tangga > PERALATAN RUMAH TANGGA,model_code,1,0.101,0.049,0.113,0.024,0.033,0.008,0.001,0.203,EXACT,Rumah & Taman > Peralatan Rumah Tangga,5,Perlu dirakit | Warna | Kelas efisiensi energi | Pola | Sertifikasi keselamatan,True,exact-raw
440,SANDAL WANITA,3,true,1086,Fashion > SEPATU WANITA > SANDAL WANITA,colour|garment_size|model_code,3,0.006,0.0,0.581,0.029,0.002,0.786,0.013,0.255,EXACT,Busana dan Aksesori > Sepatu > Sandal,16,Kelompok usia | Petunjuk perawatan | Jenis penutupan | Warna | Bahan alas kaki | Jenis ketinggian tumit | Bahan pelapis | Gaya acara | Bahan sol luar | Pola | Gaya sandal | Fitur sepatu | Kesesuaian sepatu | Ukuran sepatu | Jenis kelamin sasaran | Gaya kaki,True,exact-stripped
10,Mainan dan Alat Lainnya,1,false,1048,Mainan dan Alat Lainnya,model_code,1,0.006,0.156,0.032,0.006,0.035,0.0,0.002,0.735,UNMAPPED,,0,,,
1223,BRA WANITA,4,true,1022,Fashion > FASHION WANITA > PAKAIAN DALAM WANITA > BRA WANITA,model_code,1,0.008,0.004,0.028,0.008,0.002,0.023,0.002,0.256,EXACT,Busana dan Aksesori > Pakaian > Lingeri > Bra,12,Jenis pemakaian bra | Cakupan bra | Fitur bra | Jenis tali bra | Gaya bra | Petunjuk perawatan | Warna | Ukuran cup bra | Kain | Pola | Jenis ukuran | Jenis kelamin sasaran,False,exact-stripped
1163,KEMEJA PRIA,4,true,937,Fashion > FASHION PRIA > ATASAN PRIA > KEMEJA PRIA,colour,1,0.019,0.0,0.232,0.011,0.003,0.014,0.0,0.169,AMBIGUOUS,,0,,,exact-stripped
1183,BLOUSE WANITA,4,true,913,Fashion > FASHION WANITA > ATASAN WANITA > BLOUSE WANITA,colour|model_code,2,0.104,0.0,0.227,0.005,0.024,0.106,0.003,0.227,UNMAPPED,,0,,,
1176,CELANA PANJANG PRIA,4,true,885,Fashion > FASHION PRIA > BAWAHAN PRIA > CELANA PANJANG PRIA,colour,1,0.017,0.0,0.279,0.005,0.082,0.145,0.001,0.198,AMBIGUOUS,,0,,,exact-stripped
1814,ARTEMEDIA,3,true,830,UNUSED > AREA DISPLAY > ARTEMEDIA,colour|model_code|net_content|scent,4,0.36,0.047,0.392,0.008,0.006,0.004,0.312,0.513,UNMAPPED,,0,,,
533,COOKIES & BISKUIT,4,true,827,"Makanan dan Minuman > MAKANAN KECIL  > COOKIES, BISKUIT DAN LAIN LAIN > COOKIES & BISKUIT",flavour|net_content,2,0.977,0.067,0.17,0.299,0.0,0.001,0.005,0.041,UNMAPPED,,0,,,
1211,CELANA PANJANG WANITA,4,true,827,Fashion > FASHION WANITA > BAWAHAN WANITA > CELANA PANJANG WANITA,colour,1,0.048,0.005,0.295,0.021,0.064,0.149,0.0,0.158,AMBIGUOUS,,0,,,exact-stripped
450,TAS WANITA,3,false,784,Fashion > TAS & KOPER > TAS WANITA,model_code,1,0.001,0.001,0.188,0.003,0.003,0.001,0.0,0.295,UNMAPPED,,0,,,
432,SANDAL PRIA,3,true,782,Fashion > SEPATU PRIA > SANDAL PRIA,colour|garment_size,2,0.005,0.001,0.568,0.065,0.0,0.637,0.0,0.065,EXACT,Busana dan Aksesori > Sepatu > Sandal,16,Kelompok usia | Petunjuk perawatan | Jenis penutupan | Warna | Bahan alas kaki | Jenis ketinggian tumit | Bahan pelapis | Gaya acara | Bahan sol luar | Pola | Gaya sandal | Fitur sepatu | Kesesuaian sepatu | Ukuran sepatu | Jenis kelamin sasaran | Gaya kaki,True,exact-stripped
1139,ATASAN ANAK LAKI-LAKI,4,true,734,Fashion > FASHION ANAK & BAYI > PAKAIAN ANAK LAKI-LAKI > ATASAN ANAK LAKI-LAKI,colour,1,0.023,0.0,0.219,0.023,0.026,0.14,0.018,0.052,UNMAPPED,,0,,,
879,SHAMPOO,4,true,719,Perawatan Diri & Rumah Tangga > Perawatan Diri > PERAWATAN RAMBUT > SHAMPOO,net_content,1,0.974,0.142,0.11,0.078,0.001,0.0,0.102,0.046,UNMAPPED,,0,,,
72,MAINAN OLAHRAGA DAN AKTIVITAS,2,false,683,Mainan dan Alat Lainnya > MAINAN OLAHRAGA DAN AKTIVITAS,model_code|pack_count,2,0.015,0.34,0.038,0.013,0.061,0.004,0.001,0.669,AMBIGUOUS,,0,,,fuzzy-raw
1271,TAS RANSEL PRIA,4,true,661,Fashion > TAS & KOPER > TAS PRIA > TAS RANSEL PRIA,model_code,1,0.153,0.002,0.2,0.0,0.003,0.006,0.0,0.257,FUZZY,"Busana dan Aksesori > Tas Tangan, Dompet & Kotak > Tas Tangan > Tas Ransel Tangan",12,Ukuran aksesori | Kelompok usia | Hiasan tas | Penutup tas/kotak | Fitur tas/kotak | Bahan tas/kotak | Fitur penyimpanan tas/kotak | Petunjuk perawatan | Opsi bawa | Warna | Pola | Jenis kelamin sasaran,False,fuzzy-stripped
53,KACAMATA,2,false,642,Fashion > KACAMATA,model_code,1,0.002,0.002,0.148,0.008,0.002,0.0,0.0,0.586,EXACT,Kesehatan & Kecantikan > Perawatan Tubuh > Perawatan Penglihatan > Kacamata,23,Kelompok usia | Warna | Konstruksi | Bahan hiasan/trim | Warna bingkai kacamata | Desain bingkai kacamata | Bahan bingkai kacamata | Pola bingkai kacamata | Bentuk bingkai kacamata | Jenis engsel kacamata | Bahan lensa kacamata | Bahan perhiasan | Pelapis lensa | Warna lensa | Pola lensa | Jenis lensa | Bahan | Desain bingkai optik | Pola | Sterilitas produk | Jenis kelamin sasaran | Warna pelipis | Pola pelipis,False,exact-raw
1262,TAS RANSEL / PUNGGUNG ANAK,4,true,638,Fashion > TAS & KOPER > TAS ANAK > TAS RANSEL / PUNGGUNG ANAK,,0,0.006,0.0,0.194,0.009,0.0,0.0,0.0,0.136,UNMAPPED,,0,,,
49,FASHION ANAK & BAYI,2,false,596,Fashion > FASHION ANAK & BAYI,,0,0.013,0.0,0.19,0.015,0.04,0.06,0.002,0.07,UNMAPPED,,0,,,
1180,CELANA DALAM PRIA,4,true,589,Fashion > FASHION PRIA > PAKAIAN DALAM PRIA > CELANA DALAM PRIA,model_code,1,0.153,0.041,0.031,0.0,0.037,0.16,0.0,0.438,EXACT,Busana dan Aksesori > Pakaian > Pakaian Dalam Pria > Pakaian Dalam Pria > Celana Dalam,9,Petunjuk perawatan | Warna | Kain | Fitur pakaian intim | Pola | Gaya kantong | Ukuran | Jenis ukuran | Jenis kelamin sasaran,False,exact-stripped
1141,BAWAHAN ANAK LAKI-LAKI,4,true,584,Fashion > FASHION ANAK & BAYI > PAKAIAN ANAK LAKI-LAKI > BAWAHAN ANAK LAKI-LAKI,material,1,0.019,0.0,0.171,0.002,0.26,0.08,0.031,0.029,UNMAPPED,,0,,,
1727,BOTOL MINUM PLASTIK,8,true,583,Perawatan Diri & Rumah Tangga > Rumah Tangga > Peralatan & Perlengkapan Rumah Tangga > PERALATAN RUMAH TANGGA > PERALATAN DAN PENYIMPANAN DI DAPUR > TEMPAT PENYIMPANAN MAKANAN & MINUMAN > TEMPAT PENYIMPANAN MINUMAN / CAIRAN > BOTOL MINUM PLASTIK,colour|model_code|net_content,3,0.545,0.002,0.391,0.019,0.015,0.017,0.0,0.424,UNMAPPED,,0,,,
377,AKSESORIS FASHION DEWASA LAINNYA,3,true,569,Fashion > AKSESORIS FASHION DEWASA > AKSESORIS FASHION DEWASA LAINNYA,,0,0.0,0.004,0.086,0.007,0.074,0.0,0.004,0.032,UNMAPPED,,0,,,
1144,SET PAKAIAN ANAK LAKI-LAKI,4,true,569,Fashion > FASHION ANAK & BAYI > PAKAIAN ANAK LAKI-LAKI > SET PAKAIAN ANAK LAKI-LAKI,,0,0.021,0.0,0.03,0.004,0.018,0.033,0.002,0.144,EXACT,Busana dan Aksesori > Pakaian > Set Pakaian,26,Fitur pakaian aktif | Aktivitas | Kelompok usia | Fitur bra | Jenis tali bra | Tingkat sokongan bra | Petunjuk perawatan | Fitur pakaian | Warna | Ukuran cup bra | Acara dress | Gaya dress | Kain | Fit | Garis leher | Jenis panjang celana | Pola | Ukuran | Jenis ukuran | Gaya rok | Jenis panjang rok/gaun | Jenis panjang lengan | Keadaan jahitan | Jenis kelamin sasaran | Jenis panjang atasan | Ketinggian pinggang,True,exact-stripped
58,SEPATU PRIA,2,false,558,Fashion > SEPATU PRIA,colour|garment_size,2,0.0,0.0,0.672,0.023,0.0,0.927,0.0,0.088,EXACT,Busana dan Aksesori > Sepatu,17,Kelompok usia | Petunjuk perawatan | Jenis penutupan | Warna | Metode pembuatan alas kaki | Bahan alas kaki | Jenis ketinggian tumit | Bahan pelapis | Gaya acara | Bahan sol luar | Pola | Fitur sepatu | Kesesuaian sepatu | Ukuran sepatu | Jenis kelamin sasaran | Jenis pelindung ujung | Gaya kaki,True,exact-stripped
1145,ATASAN ANAK PEREMPUAN,4,true,541,Fashion > FASHION ANAK & BAYI > PAKAIAN ANAK PEREMPUAN > ATASAN ANAK PEREMPUAN,,0,0.006,0.0,0.153,0.013,0.03,0.122,0.011,0.072,UNMAPPED,,0,,,
398,ATASAN WANITA,3,false,523,Fashion > FASHION WANITA > ATASAN WANITA,colour,1,0.029,0.0,0.245,0.01,0.006,0.113,0.01,0.111,UNMAPPED,,0,,,
1147,BAWAHAN ANAK PEREMPUAN,4,true,521,Fashion > FASHION ANAK & BAYI > PAKAIAN ANAK PEREMPUAN > BAWAHAN ANAK PEREMPUAN,colour|garment_size,2,0.012,0.0,0.23,0.006,0.167,0.219,0.0,0.1,UNMAPPED,,0,,,
67,BONEKA ,2,true,518,Mainan dan Alat Lainnya > BONEKA ,,0,0.0,0.002,0.048,0.023,0.004,0.0,0.0,0.015,EXACT,"Mainan & Permainan > Mainan > Boneka, Set Mainan & Figur Mainan > Boneka",11,Ukuran baterai | Jenis baterai | Warna | Tipe mata boneka | Fitur boneka | Jenis serat rambut boneka | Jenis boneka | Skala rumah boneka | Pola | Rekomendasi kelompok usia | Bahan mainan/permainan,False,exact-raw
1282,TAS RANSEL WANITA,4,true,513,Fashion > TAS & KOPER > TAS WANITA > TAS RANSEL WANITA,model_code,1,0.039,0.0,0.166,0.006,0.0,0.0,0.004,0.306,FUZZY,"Busana dan Aksesori > Tas Tangan, Dompet & Kotak > Tas Tangan > Tas Ransel Tangan",12,Ukuran aksesori | Kelompok usia | Hiasan tas | Penutup tas/kotak | Fitur tas/kotak | Bahan tas/kotak | Fitur penyimpanan tas/kotak | Petunjuk perawatan | Opsi bawa | Warna | Pola | Jenis kelamin sasaran,False,fuzzy-stripped
69,MAINAN ANAK PEREMPUAN,2,true,496,Mainan dan Alat Lainnya > MAINAN ANAK PEREMPUAN,model_code|pack_count,2,0.002,0.335,0.014,0.01,0.002,0.0,0.008,0.774,UNMAPPED,,0,,,
1151,SET PAKAIAN ANAK PEREMPUAN,4,true,485,Fashion > FASHION ANAK & BAYI > PAKAIAN ANAK PEREMPUAN > SET PAKAIAN ANAK PEREMPUAN,model_code,1,0.043,0.002,0.134,0.014,0.033,0.049,0.006,0.231,EXACT,Busana dan Aksesori > Pakaian > Set Pakaian,26,Fitur pakaian aktif | Aktivitas | Kelompok usia | Fitur bra | Jenis tali bra | Tingkat sokongan bra | Petunjuk perawatan | Fitur pakaian | Warna | Ukuran cup bra | Acara dress | Gaya dress | Kain | Fit | Garis leher | Jenis panjang celana | Pola | Ukuran | Jenis ukuran | Gaya rok | Jenis panjang rok/gaun | Jenis panjang lengan | Keadaan jahitan | Jenis kelamin sasaran | Jenis panjang atasan | Ketinggian pinggang,True,exact-stripped
458,LIPSTICK,3,true,482,Kosmetik dan Alat Kecantikan > MAKE UP BIBIR > LIPSTICK,colour|net_content,2,0.541,0.0,0.477,0.037,0.002,0.0,0.05,0.085,UNMAPPED,,0,,,
59,SEPATU WANITA,2,false,481,Fashion > SEPATU WANITA,colour|garment_size,2,0.002,0.0,0.784,0.05,0.0,0.971,0.008,0.067,EXACT,Busana dan Aksesori > Sepatu,17,Kelompok usia | Petunjuk perawatan | Jenis penutupan | Warna | Metode pembuatan alas kaki | Bahan alas kaki | Jenis ketinggian tumit | Bahan pelapis | Gaya acara | Bahan sol luar | Pola | Fitur sepatu | Kesesuaian sepatu | Ukuran sepatu | Jenis kelamin sasaran | Jenis pelindung ujung | Gaya kaki,True,exact-stripped
1721,KOTAK MAKAN PLASTIK,8,true,467,Perawatan Diri & Rumah Tangga > Rumah Tangga > Peralatan & Perlengkapan Rumah Tangga > PERALATAN RUMAH TANGGA > PERALATAN DAN PENYIMPANAN DI DAPUR > TEMPAT PENYIMPANAN MAKANAN & MINUMAN > TEMPAT PENYIMPANAN MAKANAN > KOTAK MAKAN PLASTIK,colour|model_code|net_content,3,0.313,0.107,0.24,0.021,0.0,0.002,0.019,0.328,UNMAPPED,,0,,,
60,TAS & KOPER,2,false,456,Fashion > TAS & KOPER,colour,1,0.002,0.064,0.296,0.022,0.015,0.009,0.002,0.075,UNMAPPED,,0,,,
1161,KAUS POLO PRIA,4,true,432,Fashion > FASHION PRIA > ATASAN PRIA > KAUS POLO PRIA,colour|model_code,2,0.012,0.0,0.208,0.014,0.014,0.028,0.009,0.412,UNMAPPED,,0,,,
1318,SUSU CAIR & UHT,5,true,427,Makanan dan Minuman > MINUMAN > MINUMAN DALAM KEMASAN > SUSU > SUSU CAIR & UHT,colour|flavour|net_content,3,0.956,0.005,0.302,0.358,0.007,0.0,0.148,0.054,UNMAPPED,,0,,,
547,SNACK LAINNYA,4,true,420,"Makanan dan Minuman > MAKANAN KECIL  > COOKIES, BISKUIT DAN LAIN LAIN > SNACK LAINNYA",flavour|net_content,2,0.945,0.033,0.093,0.407,0.021,0.0,0.007,0.012,UNMAPPED,,0,,,
891,PEMBERSIH WAJAH (FACE WASH),4,true,412,Perawatan Diri & Rumah Tangga > Perawatan Diri > PERAWATAN WAJAH > PEMBERSIH WAJAH (FACE WASH),net_content,1,0.993,0.007,0.192,0.044,0.0,0.0,0.044,0.022,UNMAPPED,,0,,,
1476,SABUN BADAN CAIR KEMASAN REFILL,6,true,402,Perawatan Diri & Rumah Tangga > Perawatan Diri > PERAWATAN BADAN > SABUN BADAN > SABUN BADAN CAIR > SABUN BADAN CAIR KEMASAN REFILL,net_content|scent,2,0.983,0.032,0.187,0.1,0.012,0.0,0.209,0.037,UNMAPPED,,0,,,
48,AKSESORIS FASHION DEWASA,2,false,385,Fashion > AKSESORIS FASHION DEWASA,colour,1,0.013,0.01,0.21,0.021,0.182,0.003,0.003,0.023,UNMAPPED,,0,,,
1229,DASTER WANITA,4,true,380,Fashion > FASHION WANITA > PAKAIAN TIDUR WANITA > DASTER WANITA,,0,0.016,0.0,0.113,0.021,0.013,0.063,0.0,0.089,UNMAPPED,,0,,,
57,SEPATU ANAK & BAYI,2,false,379,Fashion > SEPATU ANAK & BAYI,colour|garment_size|model_code,3,0.008,0.0,0.277,0.0,0.005,0.538,0.0,0.507,EXACT,Busana dan Aksesori > Sepatu > Sepatu Bayi & Anak,12,Petunjuk perawatan | Jenis penutupan | Warna | Bahan alas kaki | Bahan pelapis | Bahan sol luar | Pola | Fitur sepatu | Kesesuaian sepatu | Ukuran sepatu | Jenis kelamin sasaran | Gaya kaki,True,exact-raw
42,DEKORASI & KELENGKAPAN PESTA,2,false,378,Alat dan Buku Tulis > DEKORASI & KELENGKAPAN PESTA,colour,1,0.003,0.053,0.275,0.019,0.029,0.005,0.011,0.048,UNMAPPED,,0,,,
1723,TOPLES,8,true,377,Perawatan Diri & Rumah Tangga > Rumah Tangga > Peralatan & Perlengkapan Rumah Tangga > PERALATAN RUMAH TANGGA > PERALATAN DAN PENYIMPANAN DI DAPUR > TEMPAT PENYIMPANAN MAKANAN & MINUMAN > TEMPAT PENYIMPANAN MAKANAN > TOPLES,colour|model_code|net_content,3,0.414,0.016,0.202,0.005,0.04,0.029,0.003,0.387,UNMAPPED,,0,,,
1152,TERUSAN ANAK PEREMPUAN,4,true,376,Fashion > FASHION ANAK & BAYI > PAKAIAN ANAK PEREMPUAN > TERUSAN ANAK PEREMPUAN,model_code,1,0.016,0.0,0.035,0.005,0.019,0.024,0.016,0.311,UNMAPPED,,0,,,
549,PERMEN,4,true,375,Makanan dan Minuman > MAKANAN KECIL  > PERMEN MARSHMALLOW DAN LAIN LAIN > PERMEN,flavour|net_content|pack_count,3,0.944,0.267,0.117,0.403,0.011,0.0,0.019,0.021,AMBIGUOUS,,0,,,exact-raw
1177,CELANA PENDEK PRIA,4,true,368,Fashion > FASHION PRIA > BAWAHAN PRIA > CELANA PENDEK PRIA,model_code,1,0.041,0.0,0.193,0.003,0.082,0.166,0.0,0.321,AMBIGUOUS,,0,,,exact-stripped
1541,ALAT DAPUR & AKSESORIS DAPUR,6,false,361,Perawatan Diri & Rumah Tangga > Rumah Tangga > Peralatan & Perlengkapan Rumah Tangga > PERALATAN RUMAH TANGGA > PERALATAN DAN PENYIMPANAN DI DAPUR > ALAT DAPUR & AKSESORIS DAPUR,material,1,0.033,0.169,0.111,0.072,0.302,0.003,0.011,0.136,UNMAPPED,,0,,,
1135,JEPIT RAMBUT DEWASA,4,true,358,Fashion > AKSESORIS FASHION DEWASA > AKSESORIS RAMBUT DEWASA > JEPIT RAMBUT DEWASA,,0,0.0,0.003,0.064,0.006,0.095,0.0,0.003,0.003,AMBIGUOUS,,0,,,fuzzy-stripped
1796,CARDINAL OBRAL,4,false,353,UNUSED > AREA DISPLAY > CARDINAL > CARDINAL OBRAL,model_code,1,0.054,0.0,0.0,0.0,0.0,0.0,0.0,0.688,UNMAPPED,,0,,,
85,COKLAT MAKANAN KECIL,3,true,348,Makanan dan Minuman > MAKANAN KECIL  > COKLAT MAKANAN KECIL,colour|net_content,2,0.925,0.066,0.218,0.089,0.003,0.0,0.0,0.032,UNMAPPED,,0,,,
1187,KEMEJA WANITA,4,true,347,Fashion > FASHION WANITA > ATASAN WANITA > KEMEJA WANITA,,0,0.141,0.0,0.176,0.0,0.014,0.11,0.0,0.078,AMBIGUOUS,,0,,,exact-stripped
1455,CELANA OLAHRAGA PRIA,5,true,342,Fashion > PAKAIAN OLAHRAGA > PAKAIAN OLAHRAGA PRIA > BAWAHAN OLAHRAGA PRIA > CELANA OLAHRAGA PRIA,,0,0.023,0.0,0.146,0.009,0.006,0.061,0.0,0.114,UNMAPPED,,0,,,
1159,SETELAN BAYI,4,true,340,Fashion > FASHION ANAK & BAYI > PAKAIAN BAYI > SETELAN BAYI,,0,0.012,0.0,0.05,0.003,0.012,0.079,0.003,0.109,EXACT,Busana dan Aksesori > Pakaian > Setelan,15,Kelompok usia | Petunjuk perawatan | Fitur pakaian | Warna | Kain | Konfigurasi kancing depan | Gaya ventilasi selubung | Gaya lapel | Garis leher | Pola | Ukuran | Jenis ukuran | Jenis panjang lengan | Setelan jas | Jenis kelamin sasaran,True,exact-stripped
1567,SELIMUT (BEDCOVER),6,true,335,Perawatan Diri & Rumah Tangga > Rumah Tangga > Peralatan & Perlengkapan Rumah Tangga > PERLENGKAPAN RUMAH TANGGA > PERLENGKAPAN KAMAR & KAMAR MANDI > SELIMUT (BEDCOVER),pack_count,1,0.0,0.382,0.11,0.012,0.0,0.0,0.015,0.081,EXACT,Rumah & Taman > Linen & Alas Tidur > Alas Tidur > Selimut & Bedcover,8,Ukuran alas tidur | Petunjuk perawatan | Warna | Kain | Perawatan bahan | Pola | Jenis konstruksi selimut | Tingkat kehangatan,False,exact-raw
1253,SANDAL ANAK PEREMPUAN,4,true,334,Fashion > SEPATU ANAK & BAYI > SEPATU ANAK & BAYI PEREMPUAN > SANDAL ANAK PEREMPUAN,colour|garment_size|model_code,3,0.018,0.0,0.347,0.033,0.0,0.509,0.003,0.234,EXACT,Busana dan Aksesori > Sepatu > Sandal,16,Kelompok usia | Petunjuk perawatan | Jenis penutupan | Warna | Bahan alas kaki | Jenis ketinggian tumit | Bahan pelapis | Gaya acara | Bahan sol luar | Pola | Gaya sandal | Fitur sepatu | Kesesuaian sepatu | Ukuran sepatu | Jenis kelamin sasaran | Gaya kaki,True,exact-stripped
1373,PARFUM WANITA,5,true,327,Perawatan Diri & Rumah Tangga > Perawatan Diri > FRAGRANCE & DEODORAN > PARFUM (EAU DE TOILETTE) > PARFUM WANITA,net_content|scent,2,1.0,0.0,0.138,0.034,0.003,0.0,0.214,0.034,UNMAPPED,,0,,,
278,BOHLAM,3,true,323,Elektronik > ALAT ELEKTRONIK RUMAH LAINNYA > BOHLAM,colour|model_code,2,0.0,0.025,0.257,0.006,0.0,0.0,0.0,0.375,EXACT,Rumah & Taman > Pencahayaan > Bohlam,11,Jenis tutup bohlam | Finishing bohlam | Bentuk bohlam | Ukuran bohlam | Warna | Kelas efisiensi energi | Warna lampu | Pola cahaya | Temperatur cahaya | Fitur pencahayaan | Pola,True,exact-raw
899,BODY LOTION,4,true,320,Perawatan Diri & Rumah Tangga > Perawatan Diri > PERAWATAN BADAN > BODY LOTION,colour|net_content,2,0.994,0.009,0.203,0.056,0.0,0.0,0.144,0.05,UNMAPPED,,0,,,
1276,DOMPET WANITA,4,true,320,Fashion > TAS & KOPER > TAS WANITA > DOMPET WANITA,colour|model_code,2,0.0,0.0,0.225,0.006,0.016,0.0,0.0,0.303,EXACT,"Busana dan Aksesori > Tas Tangan, Dompet & Kotak > Dompet & Klip Uang > Dompet",8,Kelompok usia | Opsi bawa | Bahan aksesori pakaian | Warna | Jenis kulit | Pola | Jenis kelamin sasaran | Fitur dompet,False,exact-stripped
612,MIE INSTAN BUNGKUS,4,true,318,"Makanan dan Minuman > MAKANAN & BAHAN MAKANAN > MIE, BIHUN, KWETIAU INSTAN > MIE INSTAN BUNGKUS",flavour|net_content,2,0.965,0.085,0.06,0.456,0.006,0.0,0.016,0.022,UNMAPPED,,0,,,
1199,KERUDUNG WANITA,4,true,314,Fashion > FASHION WANITA > BAJU MUSLIM WANITA > KERUDUNG WANITA,,0,0.0,0.0,0.143,0.016,0.0,0.051,0.006,0.0,UNMAPPED,,0,,,
1317,SUSU BUBUK,5,true,310,Makanan dan Minuman > MINUMAN > MINUMAN DALAM KEMASAN > SUSU > SUSU BUBUK,colour|flavour|net_content,3,0.987,0.11,0.235,0.677,0.006,0.0,0.0,0.026,EXACT,"Makanan, Minuman & Tembakau > Item Makanan > Bahan Memasak & Baking > Susu Kaleng & Bubuk > Susu Bubuk",3,Informasi alergen | Preferensi diet | Persyaratan penyimpanan,False,exact-raw
1473,POPOK (DIAPERS) ANAK & BAYI SEKALI PAKAI (DISPOSABLE) MODEL CELANA,6,true,306,Keperluan Anak dan Bayi > PERLENGKAPAN ANAK & BAYI > PERLENGKAPAN KEBERSIHAN ANAK & BAYI > POPOK (DIAPERS) ANAK & BAYI > POPOK (DIAPERS) ANAK & BAYI SEKALI PAKAI (DISPOSABLE) > POPOK (DIAPERS) ANAK & BAYI SEKALI PAKAI (DISPOSABLE) MODEL CELANA,model_code,1,0.003,0.016,0.141,0.0,0.0,0.02,0.0,0.843,UNMAPPED,,0,,,
404,PAKAIAN DALAM WANITA,3,false,299,Fashion > FASHION WANITA > PAKAIAN DALAM WANITA,colour,1,0.067,0.0,0.247,0.017,0.0,0.181,0.0,0.151,FUZZY,Busana dan Aksesori > Pakaian > Lingeri > Slip Pakaian Dalam Wanita,8,Petunjuk perawatan | Warna | Kain | Fitur pakaian intim | Pola | Ukuran | Jenis ukuran | Jenis kelamin sasaran,False,fuzzy-raw
1246,SANDAL ANAK LAKI-LAKI,4,true,298,Fashion > SEPATU ANAK & BAYI > SEPATU ANAK & BAYI LAKI-LAKI > SANDAL ANAK LAKI-LAKI,colour|garment_size,2,0.0,0.0,0.352,0.027,0.003,0.487,0.0,0.154,EXACT,Busana dan Aksesori > Sepatu > Sandal,16,Kelompok usia | Petunjuk perawatan | Jenis penutupan | Warna | Bahan alas kaki | Jenis ketinggian tumit | Bahan pelapis | Gaya acara | Bahan sol luar | Pola | Gaya sandal | Fitur sepatu | Kesesuaian sepatu | Ukuran sepatu | Jenis kelamin sasaran | Gaya kaki,True,exact-stripped
1134,IKAT RAMBUT DEWASA,4,true,297,Fashion > AKSESORIS FASHION DEWASA > AKSESORIS RAMBUT DEWASA > IKAT RAMBUT DEWASA,material,1,0.0,0.03,0.088,0.0,0.923,0.0,0.003,0.01,AMBIGUOUS,,0,,,exact-stripped
1294,SERAGAM SD,4,true,296,Fashion > SERAGAM & ATRIBUT SEKOLAH > SERAGAM SEKOLAH > SERAGAM SD,colour,1,0.0,0.0,0.649,0.0,0.0,0.007,0.0,0.0,UNMAPPED,,0,,,
380,IKAT PINGGANG,3,true,294,Fashion > AKSESORIS FASHION DEWASA > IKAT PINGGANG,colour,1,0.0,0.007,0.721,0.024,0.017,0.014,0.0,0.037,UNMAPPED,,0,,,
1143,PAKAIAN MUSLIM ANAK LAKI-LAKI,4,true,293,Fashion > FASHION ANAK & BAYI > PAKAIAN ANAK LAKI-LAKI > PAKAIAN MUSLIM ANAK LAKI-LAKI,,0,0.003,0.0,0.198,0.0,0.027,0.099,0.0,0.065,FUZZY,Busana dan Aksesori > Pakaian > Pakaian Bayi & Anak > Pakaian Dalam Bayi & Anak > Pakaian Dalam Anak Laki-Laki,9,Kelompok usia | Petunjuk perawatan | Warna | Kain | Fitur pakaian intim | Pola | Ukuran | Jenis ukuran | Jenis kelamin sasaran,True,fuzzy-raw
1136,SISIR DEWASA,4,true,292,Fashion > AKSESORIS FASHION DEWASA > AKSESORIS RAMBUT DEWASA > SISIR DEWASA,,0,0.0,0.017,0.038,0.01,0.031,0.0,0.0,0.13,UNMAPPED,,0,,,
411,KACAMATA BACA,3,true,290,Fashion > KACAMATA > KACAMATA BACA,colour|model_code,2,0.0,0.0,0.228,0.003,0.0,0.0,0.0,0.403,UNMAPPED,,0,,,
535,WAFER,4,true,288,"Makanan dan Minuman > MAKANAN KECIL  > COOKIES, BISKUIT DAN LAIN LAIN > WAFER",colour|flavour|net_content,3,0.99,0.076,0.205,0.361,0.0,0.01,0.0,0.017,UNMAPPED,,0,,,
515,YOGHURT,4,true,287,Makanan dan Minuman > MINUMAN > MINUMAN DALAM KEMASAN > YOGHURT,colour|flavour|net_content,3,0.965,0.07,0.432,0.341,0.003,0.0,0.014,0.063,EXACT,"Makanan, Minuman & Tembakau > Item Makanan > Produk Susu > Yoghurt",7,Informasi alergen | Varian beta-kasein | Preferensi diet | Kandungan lemak | Rasa | Persyaratan penyimpanan | Bahan dasar yogurt,False,exact-raw
1215,ROK MAXI WANITA,4,true,280,Fashion > FASHION WANITA > BAWAHAN WANITA > ROK MAXI WANITA,colour,1,0.011,0.0,0.225,0.025,0.082,0.089,0.004,0.075,UNMAPPED,,0,,,
391,PAKAIAN BAYI,3,false,277,Fashion > FASHION ANAK & BAYI > PAKAIAN BAYI,,0,0.014,0.0,0.025,0.004,0.018,0.014,0.004,0.17,EXACT,Busana dan Aksesori > Pakaian,9,Kelompok usia | Petunjuk perawatan | Fitur pakaian | Warna | Kain | Pola | Ukuran | Jenis ukuran | Jenis kelamin sasaran,True,exact-stripped
1197,GAUN MUSLIM WANITA,4,true,270,Fashion > FASHION WANITA > BAJU MUSLIM WANITA > GAUN MUSLIM WANITA,,0,0.015,0.0,0.033,0.007,0.0,0.007,0.004,0.03,UNMAPPED,,0,,,
1362,SABUN BADAN BATANG,5,true,270,Perawatan Diri & Rumah Tangga > Perawatan Diri > PERAWATAN BADAN > SABUN BADAN > SABUN BADAN BATANG,net_content|pack_count|scent,3,0.959,0.241,0.167,0.133,0.007,0.0,0.204,0.144,FUZZY,Kesehatan & Kecantikan > Perawatan Tubuh > Kosmetik > Mandi & Perawatan Tubuh > Sabun Batang,18,Kelompok usia | Kandungan Alkohol/Pelarut | Area tubuh | Warna | Bahan penyusun | Jenis agen eksfoliasi | Keharuman | Bahan-bahan | Bahan | Jenis kemasan | Pola | Sertifikasi & standar produk | Bentuk produk | Aroma | Bentuk | Efek perawatan kulit | Metode pembuatan sabun | Cocok untuk jenis kulit,False,fuzzy-raw
565,BUMBU MASAK INSTAN,4,true,269,Makanan dan Minuman > MAKANAN & BAHAN MAKANAN > BUMBU DAPUR > BUMBU MASAK INSTAN,flavour|net_content,2,0.996,0.033,0.067,0.323,0.0,0.0,0.004,0.019,UNMAPPED,,0,,,
1186,KAUS WANITA,4,true,268,Fashion > FASHION WANITA > ATASAN WANITA > KAUS WANITA,colour,1,0.049,0.0,0.59,0.007,0.0,0.063,0.0,0.037,FUZZY,Busana dan Aksesori > Pakaian > Lingeri > Kaus Dalam Wanita,8,Petunjuk perawatan | Warna | Kain | Fitur pakaian intim | Pola | Ukuran | Jenis ukuran | Jenis kelamin sasaran,False,fuzzy-raw
311,BUKU ANAK-ANAK,3,true,267,Alat dan Buku Tulis > BUKU BACAAN > BUKU ANAK-ANAK,,0,0.0,0.0,0.0,0.0,0.0,0.0,0.0,0.184,UNMAPPED,,0,,,
305,PEN,3,true,266,Alat dan Buku Tulis > ALAT TULIS > PEN,colour|model_code,2,0.0,0.034,0.47,0.019,0.0,0.004,0.004,0.361,UNMAPPED,,0,,,
1791,OLYMPIC,3,true,264,UNUSED > AREA DISPLAY > OLYMPIC,colour,1,0.004,0.011,0.795,0.186,0.008,0.0,0.0,0.019,UNMAPPED,,0,,,
472,BEDAK WAJAH,3,true,255,Kosmetik dan Alat Kecantikan > MAKE UP WAJAH > BEDAK WAJAH,colour|net_content,2,0.792,0.0,0.435,0.008,0.0,0.0,0.008,0.173,EXACT,Kesehatan & Kecantikan > Perawatan Tubuh > Kosmetik > Makeup > Rias Wajah > Bedak Wajah,17,Kandungan Alkohol/Pelarut | Warna | Finis kosmetik | Tingkat cakupan | Jenis dispenser | Warna bedak wajah | Jenis bedak wajah | Keharuman | Fitur riasan | Warna riasan | Bahan | Sertifikasi & standar produk | Bentuk produk | Tingkat SPF | Warna kulit | Warna dasar kulit | Cocok untuk jenis kulit,False,exact-raw
40,BUKU BACAAN,2,false,252,Alat dan Buku Tulis > BUKU BACAAN,,0,0.0,0.0,0.048,0.004,0.0,0.0,0.0,0.012,UNMAPPED,,0,,,
51,FASHION WANITA,2,false,252,Fashion > FASHION WANITA,,0,0.044,0.008,0.107,0.028,0.036,0.099,0.0,0.075,UNMAPPED,,0,,,
170,STOP KONTAK,3,true,244,Perbaikan Rumah > ALAT ALAT PERBAIKAN RUMAH > STOP KONTAK,model_code,1,0.094,0.0,0.143,0.0,0.0,0.082,0.0,0.238,UNMAPPED,,0,,,
430,KAUS KAKI PRIA,3,true,244,Fashion > SEPATU PRIA > KAUS KAKI PRIA,colour|model_code,2,0.0,0.008,0.234,0.0,0.0,0.139,0.0,0.328,EXACT,Busana dan Aksesori > Pakaian > Kaus Kaki,11,Ukuran aksesori | Aktivitas | Kelompok usia | Fitur pakaian | Warna | Kain | Pola | Jenis ukuran | Tingkat bantalan kaus kaki | Gaya ujung kaus kaki | Jenis kelamin sasaran,True,exact-stripped
1148,PAKAIAN DALAM ANAK PEREMPUAN,4,true,243,Fashion > FASHION ANAK & BAYI > PAKAIAN ANAK PEREMPUAN > PAKAIAN DALAM ANAK PEREMPUAN,model_code,1,0.053,0.012,0.189,0.004,0.0,0.053,0.0,0.374,EXACT,Busana dan Aksesori > Pakaian > Pakaian Bayi & Anak > Pakaian Dalam Bayi & Anak > Pakaian Dalam Anak Perempuan,9,Kelompok usia | Petunjuk perawatan | Warna | Kain | Fitur pakaian intim | Pola | Ukuran | Jenis ukuran | Jenis kelamin sasaran,True,exact-raw
7,Alat dan Buku Tulis,1,false,241,Alat dan Buku Tulis,colour|pack_count,2,0.116,0.212,0.353,0.008,0.017,0.004,0.05,0.178,FUZZY,Perlengkapan Kantor > Perlengkapan Kantor Umum > Produk Kertas > Alat Tulis,2,Warna | Pola,False,fuzzy-raw
240,BUNGA & TANAMAN ARTIFISIAL (BUATAN),3,true,241,"Hobi, Ibadah, dan Olahraga > BERKEBUN > BUNGA & TANAMAN ARTIFISIAL (BUATAN)",,0,0.0,0.004,0.145,0.037,0.062,0.0,0.104,0.166,UNMAPPED,,0,,,
912,SIKAT GIGI DEWASA,4,true,240,Perawatan Diri & Rumah Tangga > Perawatan Diri > PERAWATAN MULUT & GIGI > SIKAT GIGI DEWASA,pack_count,1,0.0,0.4,0.092,0.0,0.0,0.0,0.008,0.021,EXACT,Kesehatan & Kecantikan > Perawatan Tubuh > Perawatan Mulut > Sikat Gigi,16,Kelompok usia | Ukuran baterai | Jenis baterai | Bahan bulu sikat | Bentuk bulu sikat | Warna | Kekerasan | Bahan pegangan | Jenis Kayu | Bahan | Fungsi perawatan mulut | Pola | Bentuk produk | Ukuran kepala sikat gigi | Jenis penggunaan | Finishing kayu,True,exact-stripped
388,TOPI DEWASA,3,true,237,Fashion > AKSESORIS FASHION DEWASA > TOPI DEWASA,colour,1,0.0,0.0,0.215,0.025,0.042,0.0,0.0,0.004,EXACT,Busana dan Aksesori > Aksesori Pakaian > Topi,10,Item aksesori yang disertakan | Ukuran aksesori | Kelompok usia | Warna | Kain | Fitur penutup kepala | Pola | Ukuran | Jenis ukuran | Jenis kelamin sasaran,True,exact-stripped
437,SEPATU SNEAKERS PRIA,3,true,236,Fashion > SEPATU PRIA > SEPATU SNEAKERS PRIA,colour|garment_size,2,0.0,0.0,0.314,0.0,0.0,0.61,0.0,0.085,UNMAPPED,,0,,,
438,KAUS KAKI WANITA,3,true,236,Fashion > SEPATU WANITA > KAUS KAKI WANITA,model_code,1,0.0,0.008,0.102,0.017,0.0,0.042,0.0,0.301,EXACT,Busana dan Aksesori > Pakaian > Kaus Kaki,11,Ukuran aksesori | Aktivitas | Kelompok usia | Fitur pakaian | Warna | Kain | Pola | Jenis ukuran | Tingkat bantalan kaus kaki | Gaya ujung kaus kaki | Jenis kelamin sasaran,True,exact-stripped
573,ES KRIM,4,true,233,Makanan dan Minuman > MAKANAN & BAHAN MAKANAN > ES KRIM & LAINNYA > ES KRIM,colour|flavour|model_code|net_content,4,0.781,0.009,0.288,0.326,0.017,0.0,0.0,0.227,EXACT,"Makanan, Minuman & Tembakau > Item Makanan > Hidangan Pencuci Mulut Beku & Kebaruan > Es Krim & Yoghurt Beku > Es Krim",4,Informasi alergen | Preferensi diet | Format es krim | Persyaratan penyimpanan,False,exact-raw
1149,PAKAIAN MUSLIM ANAK PEREMPUAN,4,true,232,Fashion > FASHION ANAK & BAYI > PAKAIAN ANAK PEREMPUAN > PAKAIAN MUSLIM ANAK PEREMPUAN,colour,1,0.017,0.0,0.254,0.026,0.013,0.095,0.026,0.108,FUZZY,Busana dan Aksesori > Pakaian > Pakaian Bayi & Anak > Pakaian Dalam Bayi & Anak > Pakaian Dalam Anak Perempuan,9,Kelompok usia | Petunjuk perawatan | Warna | Kain | Fitur pakaian intim | Pola | Ukuran | Jenis ukuran | Jenis kelamin sasaran,True,fuzzy-raw
256,PERAWATAN HEWAN PELIHARAAN,3,false,230,"Hobi, Ibadah, dan Olahraga > HEWAN PELIHARAAN > PERAWATAN HEWAN PELIHARAAN",net_content,1,0.23,0.026,0.061,0.048,0.035,0.0,0.039,0.022,UNMAPPED,,0,,,
180,PYLOX,3,true,227,Perbaikan Rumah > MATERIAL PERBAIKAN RUMAH > PYLOX,colour|model_code|net_content,3,0.515,0.0,0.789,0.013,0.004,0.0,0.013,0.322,UNMAPPED,,0,,,
29,MENJAHIT,2,false,225,"Hobi, Ibadah, dan Olahraga > MENJAHIT",colour,1,0.036,0.071,0.533,0.058,0.107,0.0,0.009,0.009,UNMAPPED,,0,,,
409,JAM TANGAN WANITA,3,true,224,Fashion > JAM TANGAN > JAM TANGAN WANITA,colour|model_code,2,0.0,0.0,0.518,0.04,0.04,0.0,0.049,0.317,EXACT,Busana dan Aksesori > Perhiasan > Jam Tangan,14,Kelompok usia | Warna tali | Pola tali | Warna casing | Bahan wadah | Pola casing | Bahan kristal | Warna pelat jam | Pola pelat jam | Jenis kelamin sasaran | Layar jam tangan | Fitur jam tangan | Bahan jam tangan | Pergerakan jam,True,exact-stripped
111,SAYURAN SEGAR,3,false,222,Makanan dan Minuman > FRESH > SAYURAN SEGAR,,0,0.153,0.0,0.176,0.176,0.036,0.0,0.009,0.099,UNMAPPED,,0,,,
1559,CERMIN,6,true,222,Perawatan Diri & Rumah Tangga > Rumah Tangga > Peralatan & Perlengkapan Rumah Tangga > PERLENGKAPAN RUMAH TANGGA > PERLENGKAPAN KAMAR & KAMAR MANDI > CERMIN,colour|material,2,0.113,0.023,0.207,0.009,0.302,0.05,0.0,0.063,EXACT,Rumah & Taman > Dekorasi > Cermin,10,Warna | Gaya tepi | Desain rangka | Opsi pencahayaan | Bahan | Jenis cermin | Jenis pemasangan | Orientasi | Pola | Bentuk,True,exact-raw
358,KANTONG WARNA WARNI,3,true,221,Alat dan Buku Tulis > PERALATAN UMUM > KANTONG WARNA WARNI,model_code,1,0.059,0.041,0.086,0.014,0.018,0.005,0.0,0.262,UNMAPPED,,0,,,
922,PEMBALUT,4,true,221,Perawatan Diri & Rumah Tangga > Perawatan Diri > KEBUTUHAN KHUSUS WANITA > PEMBALUT,pack_count,1,0.009,0.792,0.014,0.0,0.0,0.014,0.063,0.023,UNMAPPED,,0,,,
14,MAKANAN KECIL ,2,false,220,Makanan dan Minuman > MAKANAN KECIL ,flavour|net_content,2,0.886,0.014,0.105,0.405,0.018,0.0,0.009,0.027,FUZZY,Hewan & Perlengkapan Hewan Piaraan > Perlengkapan Hewan Piaraan > Perlengkapan Hewan Kecil > Makanan Hewan Kecil,6,Jenis hewan | Jenis kemasan | Rasa makanan hewan peliharaan | Kebutuhan makanan hewan kecil | Bentuk makanan hewan kecil | Bahan makanan hewan kecil,False,fuzzy-raw
41,BUKU TULIS,2,false,219,Alat dan Buku Tulis > BUKU TULIS,pack_count,1,0.009,0.224,0.096,0.005,0.023,0.009,0.0,0.151,UNMAPPED,,0,,,
1410,DETERJEN CAIR,5,false,218,Perawatan Diri & Rumah Tangga > Rumah Tangga > BAHAN LAUNDRY > DETERJEN PAKAIAN > DETERJEN CAIR,net_content|scent,2,0.83,0.064,0.197,0.055,0.0,0.0,0.372,0.055,UNMAPPED,,0,,,
322,BALON,3,true,214,Alat dan Buku Tulis > DEKORASI & KELENGKAPAN PESTA > BALON,colour,1,0.0,0.047,0.612,0.0,0.0,0.0,0.005,0.014,EXACT,Seni & Hiburan > Pesta & Perayaan > Perlengkapan Pesta > Balon,8,Ukuran aksesori | Jenis penutup/katup balon | Bentuk balon | Jenis perayaan | Warna | Gas inflasi yang kompatibel | Bahan | Pola,False,exact-raw
361,KOTAK PENSIL (PENCIL CASE),3,true,214,Alat dan Buku Tulis > PERALATAN UMUM > KOTAK PENSIL (PENCIL CASE),,0,0.0,0.009,0.093,0.005,0.07,0.005,0.005,0.15,UNMAPPED,,0,,,
1475,SABUN BADAN CAIR KEMASAN BOTOL,6,true,213,Perawatan Diri & Rumah Tangga > Perawatan Diri > PERAWATAN BADAN > SABUN BADAN > SABUN BADAN CAIR > SABUN BADAN CAIR KEMASAN BOTOL,net_content,1,0.906,0.0,0.192,0.099,0.005,0.0,0.197,0.005,UNMAPPED,,0,,,
889,MASKER KECANTIKAN,4,true,212,Perawatan Diri & Rumah Tangga > Perawatan Diri > PERAWATAN WAJAH > MASKER KECANTIKAN,net_content,1,0.882,0.028,0.198,0.075,0.009,0.0,0.047,0.0,UNMAPPED,,0,,,
1813,JAS HUJAN,4,true,206,Fashion > AKSESORIS FASHION DEWASA > UNTUK HUJAN > JAS HUJAN,,0,0.019,0.0,0.107,0.034,0.044,0.029,0.0,0.068,AMBIGUOUS,,0,,,exact-raw
188,GEMBOK RUMAH,3,true,203,Perbaikan Rumah > PERLENGKAPAN PERBAIKAN RUMAH > GEMBOK RUMAH,,0,0.153,0.0,0.133,0.0,0.01,0.0,0.0,0.059,UNMAPPED,,0,,,
1245,KAUS KAKI ANAK & BAYI LAKI-LAKI,4,true,203,Fashion > SEPATU ANAK & BAYI > SEPATU ANAK & BAYI LAKI-LAKI > KAUS KAKI ANAK & BAYI LAKI-LAKI,garment_size|model_code,2,0.0,0.064,0.118,0.0,0.0,0.296,0.0,0.36,EXACT,Busana dan Aksesori > Pakaian > Kaus Kaki,11,Ukuran aksesori | Aktivitas | Kelompok usia | Fitur pakaian | Warna | Kain | Pola | Jenis ukuran | Tingkat bantalan kaus kaki | Gaya ujung kaus kaki | Jenis kelamin sasaran,True,exact-stripped
911,PASTA GIGI DEWASA,4,true,202,Perawatan Diri & Rumah Tangga > Perawatan Diri > PERAWATAN MULUT & GIGI > PASTA GIGI DEWASA,colour|flavour|net_content|scent,4,0.995,0.079,0.317,0.218,0.005,0.0,0.213,0.054,EXACT,Kesehatan & Kecantikan > Perawatan Tubuh > Perawatan Mulut > Pasta Gigi,10,Kelompok usia | Kandungan Alkohol/Pelarut | Bahan terperinci | Rasa | Kandungan fluorida | Bahan | Fungsi perawatan mulut | Sertifikasi & standar produk | Bentuk produk | Jenis pasta gigi,False,exact-stripped
1214,LEGGING WANITA,4,true,202,Fashion > FASHION WANITA > BAWAHAN WANITA > LEGGING WANITA,colour|garment_size|net_content,3,0.257,0.0,0.569,0.03,0.03,0.262,0.0,0.01,AMBIGUOUS,,0,,,exact-stripped
877,PEWARNA RAMBUT,4,true,201,Perawatan Diri & Rumah Tangga > Perawatan Diri > PERAWATAN RAMBUT > PEWARNA RAMBUT,colour|net_content,2,0.547,0.015,0.582,0.035,0.0,0.0,0.02,0.144,EXACT,Kesehatan & Kecantikan > Perawatan Tubuh > Perawatan Rambut > Pewarna Rambut,14,Kandungan Alkohol/Pelarut | Jenis pemakaian | Fitur keamanan bahan kimia | Warna | Efek kondisioner | Kekuatan developer | Keharuman | Tingkat cakupan uban | Warna rambut | Formulasi pewarna rambut | Bahan | Pola | Bentuk produk | Jenis kelamin sasaran,False,exact-raw
1172,PECI,4,true,201,Fashion > FASHION PRIA > BAJU MUSLIM PRIA > PECI,,0,0.0,0.0,0.08,0.01,0.075,0.01,0.0,0.134,UNMAPPED,,0,,,
1627,CETAKAN / LOYANG KUE,7,true,201,Perawatan Diri & Rumah Tangga > Rumah Tangga > Peralatan & Perlengkapan Rumah Tangga > PERALATAN RUMAH TANGGA > PERALATAN DAN PENYIMPANAN DI DAPUR > ALAT DAPUR & AKSESORIS DAPUR > CETAKAN / LOYANG KUE,,0,0.0,0.189,0.035,0.0,0.085,0.0,0.01,0.01,EXACT,Rumah & Taman > Dapur & Ruang Makan > Peralatan Masak & Baking > Peralatan Baking > Loyang & Cetakan Kue,7,Bentuk peralatan baking | Petunjuk pembersihan | Warna | Fitur peralatan masak/panggang | Bahan peralatan masak/panggang | Pola | Sertifikasi & standar produk,False,exact-raw
449,TAS TRAVEL & KOPER,3,false,199,Fashion > TAS & KOPER > TAS TRAVEL & KOPER,colour,1,0.015,0.156,0.528,0.035,0.055,0.005,0.08,0.136,UNMAPPED,,0,,,
173,BAUT/SEKRUP,3,true,197,Perbaikan Rumah > MATERIAL PERBAIKAN RUMAH > BAUT/SEKRUP,pack_count,1,0.0,0.66,0.02,0.0,0.081,0.0,0.0,0.041,UNMAPPED,,0,,,
1295,SERAGAM SMP,4,true,195,Fashion > SERAGAM & ATRIBUT SEKOLAH > SERAGAM SEKOLAH > SERAGAM SMP,colour,1,0.097,0.0,0.523,0.0,0.0,0.097,0.0,0.0,UNMAPPED,,0,,,
510,MINUMAN KESEHATAN,4,true,193,Makanan dan Minuman > MINUMAN > MINUMAN DALAM KEMASAN > MINUMAN KESEHATAN,flavour|net_content|pack_count,3,0.87,0.363,0.135,0.389,0.016,0.0,0.036,0.01,UNMAPPED,,0,,,
312,BUKU FIKSI,3,true,190,Alat dan Buku Tulis > BUKU BACAAN > BUKU FIKSI,model_code,1,0.0,0.0,0.037,0.011,0.0,0.0,0.0,0.342,UNMAPPED,,0,,,
1519,MASKER ANTI DEBU,6,true,188,Perawatan Diri & Rumah Tangga > Rumah Tangga > Peralatan & Perlengkapan Rumah Tangga > PERALATAN RUMAH TANGGA > PERALATAN KEBERSIHAN RUMAH TANGGA > MASKER ANTI DEBU,colour|model_code|pack_count,3,0.0,0.574,0.346,0.011,0.032,0.0,0.0,0.282,FUZZY,Bisnis & Industri > Perlengkapan Pelindung Keselamatan Kerja > Masker Pelindung > Masker Debu,8,Ukuran aksesori | Warna | Jenis masker debu | Kelas filtrasi | Bahan roda gigi | Pola | Fitur masker pelindung | Jenis penggunaan,False,fuzzy-raw
1409,DETERJEN BUBUK,5,true,186,Perawatan Diri & Rumah Tangga > Rumah Tangga > BAHAN LAUNDRY > DETERJEN PAKAIAN > DETERJEN BUBUK,net_content|scent,2,1.0,0.048,0.145,0.081,0.0,0.0,0.382,0.027,UNMAPPED,,0,,,
1165,JAKET PRIA,4,true,182,Fashion > FASHION PRIA > BAJU LUARAN PRIA > JAKET PRIA,colour,1,0.005,0.0,0.253,0.022,0.022,0.06,0.0,0.115,EXACT,Busana dan Aksesori > Pakaian > Pakaian Aktif > Rompi & Jaket Aktif > Jaket,15,Fitur pakaian aktif | Aktivitas | Kelompok usia | Petunjuk perawatan | Warna | Kain | Bahan pengisi isolasi | Garis leher | Pola | Ukuran | Jenis ukuran | Jenis panjang lengan | Jenis kelamin sasaran | Jenis panjang atasan | Panjang bukaan ritsleting,False,exact-stripped
307,PENSIL,3,true,181,Alat dan Buku Tulis > ALAT TULIS > PENSIL,model_code,1,0.0,0.044,0.088,0.006,0.0,0.006,0.0,0.331,EXACT,Perlengkapan Kantor > Peralatan Kantor > Alat Tulis & Gambar > Pena & Pensil > Pensil,5,Warna | Jenis Kayu | Pola | Fitur pensil | Finishing kayu,True,exact-raw
77,SUSU FORMULA BAYI,3,true,174,Makanan dan Minuman > KONSUMSI BAYI > SUSU FORMULA BAYI,flavour|net_content,2,0.983,0.0,0.149,0.368,0.0,0.0,0.0,0.092,EXACT,Bayi & Balita > Perawatan & Pemberian Makan > Makanan Bayi & Balita > Susu Formula Bayi,1,Level susu formula,True,exact-raw
44,KERTAS,2,false,173,Alat dan Buku Tulis > KERTAS,colour|pack_count,2,0.04,0.405,0.249,0.006,0.023,0.0,0.006,0.035,UNMAPPED,,0,,,
1127,BANDO & BANDANA ANAK,4,true,173,Fashion > AKSESORIS FASHION ANAK > AKSESORIS RAMBUT ANAK > BANDO & BANDANA ANAK,,0,0.012,0.0,0.075,0.023,0.064,0.006,0.006,0.0,UNMAPPED,,0,,,
1133,BANDO & BANDANA DEWASA,4,true,173,Fashion > AKSESORIS FASHION DEWASA > AKSESORIS RAMBUT DEWASA > BANDO & BANDANA DEWASA,,0,0.0,0.0,0.139,0.017,0.023,0.0,0.006,0.058,UNMAPPED,,0,,,
1173,SARUNG,4,true,172,Fashion > FASHION PRIA > BAJU MUSLIM PRIA > SARUNG,,0,0.0,0.0,0.041,0.041,0.0,0.052,0.006,0.064,UNMAPPED,,0,,,
1191,KARDIGAN WANITA,4,true,171,Fashion > FASHION WANITA > BAJU LUARAN WANITA > KARDIGAN WANITA,colour,1,0.0,0.0,0.222,0.053,0.029,0.053,0.012,0.035,AMBIGUOUS,,0,,,exact-stripped
2,Keperluan Anak dan Bayi,1,false,170,Keperluan Anak dan Bayi,colour|model_code,2,0.047,0.082,0.306,0.029,0.1,0.029,0.0,0.665,UNMAPPED,,0,,,
1546,TEMPAT PENYIMPANAN LAINNYA,6,false,169,Perawatan Diri & Rumah Tangga > Rumah Tangga > Peralatan & Perlengkapan Rumah Tangga > PERALATAN RUMAH TANGGA > PERALATAN DAN PENYIMPANAN DI DAPUR > TEMPAT PENYIMPANAN LAINNYA,model_code,1,0.136,0.018,0.101,0.012,0.012,0.0,0.0,0.355,FUZZY,Hewan & Perlengkapan Hewan Piaraan > Perlengkapan Hewan Piaraan > Wadah Makanan Hewan Piaraan > Tempat Penyimpanan Makanan,1,Bahan,False,fuzzy-raw
428,SEPATU ANAK & BAYI LAKI-LAKI,3,false,168,Fashion > SEPATU ANAK & BAYI > SEPATU ANAK & BAYI LAKI-LAKI,colour|garment_size,2,0.0,0.0,0.524,0.012,0.0,0.946,0.012,0.06,EXACT,Busana dan Aksesori > Sepatu,17,Kelompok usia | Petunjuk perawatan | Jenis penutupan | Warna | Metode pembuatan alas kaki | Bahan alas kaki | Jenis ketinggian tumit | Bahan pelapis | Gaya acara | Bahan sol luar | Pola | Fitur sepatu | Kesesuaian sepatu | Ukuran sepatu | Jenis kelamin sasaran | Jenis pelindung ujung | Gaya kaki,True,exact-stripped
1129,JEPIT RAMBUT ANAK,4,true,167,Fashion > AKSESORIS FASHION ANAK > AKSESORIS RAMBUT ANAK > JEPIT RAMBUT ANAK,,0,0.0,0.042,0.102,0.006,0.048,0.0,0.006,0.024,AMBIGUOUS,,0,,,fuzzy-stripped
519,KOPI BUBUK INSTAN KEMASAN BUNGKUS/SACHET,5,true,166,"Makanan dan Minuman > COKLAT, KOPI & TEH > KOPI MENTAH > KOPI BUBUK > KOPI BUBUK INSTAN KEMASAN BUNGKUS/SACHET",colour|flavour|net_content|pack_count,4,0.976,0.958,0.223,0.289,0.0,0.0,0.006,0.0,UNMAPPED,,0,,,
542,"KACANG, BIJI BIJAN, DAN BUAH KERING",4,true,166,"Makanan dan Minuman > MAKANAN KECIL  > KACANG DAN SNACK LAINNYA > KACANG, BIJI BIJAN, DAN BUAH KERING",flavour|net_content,2,0.976,0.0,0.084,0.307,0.012,0.0,0.0,0.024,UNMAPPED,,0,,,
1795,CARDINAL NORMAL,4,false,166,UNUSED > AREA DISPLAY > CARDINAL > CARDINAL NORMAL,model_code,1,0.012,0.0,0.0,0.0,0.0,0.0,0.0,0.928,UNMAPPED,,0,,,
1281,TAS POUCH WANITA,4,true,165,Fashion > TAS & KOPER > TAS WANITA > TAS POUCH WANITA,colour|pack_count,2,0.0,0.297,0.242,0.018,0.0,0.0,0.006,0.006,UNMAPPED,,0,,,
915,BODY MIST & COLOGNE DEWASA,4,true,163,Perawatan Diri & Rumah Tangga > Perawatan Diri > FRAGRANCE & DEODORAN > BODY MIST & COLOGNE DEWASA,net_content,1,1.0,0.0,0.19,0.006,0.006,0.0,0.037,0.006,FUZZY,Kesehatan & Kecantikan > Perawatan Tubuh > Kosmetik > Parfum & Cologne > Body Mist,14,Kandungan Alkohol/Pelarut | Jenis dispenser | Keharuman | Format set hadiah | Bahan | Area aplikasi mist | Acara | Keluarga olfaktori | Sertifikasi & standar produk | Bentuk produk | Aroma | Musim | Cocok untuk jenis kulit | Jenis kelamin sasaran,False,fuzzy-stripped
1413,PELEMBUT & PEWANGI PAKAIAN (SOFTENER) KEMASAN REFILL (POUCH),5,true,162,Perawatan Diri & Rumah Tangga > Rumah Tangga > BAHAN LAUNDRY > PELEMBUT & PEWANGI PAKAIAN (SOFTENER) > PELEMBUT & PEWANGI PAKAIAN (SOFTENER) KEMASAN REFILL (POUCH),net_content|scent,2,0.821,0.099,0.173,0.019,0.031,0.0,0.358,0.006,UNMAPPED,,0,,,
979,PEWANGI MOBIL,4,true,161,"Hobi, Ibadah, dan Olahraga > Perawatan & Suku Cadang Mobil > AKSESORIS MOBIL > PEWANGI MOBIL",flavour|net_content|scent,3,0.72,0.093,0.155,0.211,0.0,0.0,0.503,0.0,UNMAPPED,,0,,,
1077,MAKANAN KUCING,4,true,160,"Hobi, Ibadah, dan Olahraga > HEWAN PELIHARAAN > MAKANAN HEWAN PELIHARAAN > MAKANAN KUCING",net_content,1,0.963,0.069,0.156,0.087,0.0,0.0,0.156,0.006,EXACT,Hewan & Perlengkapan Hewan Piaraan > Perlengkapan Hewan Piaraan > Perlengkapan Kucing > Makanan Kucing,6,Kelompok usia kucing | Jenis kemasan | Kebutuhan diet hewan peliharaan | Rasa makanan hewan peliharaan | Bentuk makanan hewan peliharaan | Suplemen makanan hewan peliharaan,True,exact-raw
287,KIPAS ANGIN,3,true,158,Elektronik > ALAT ELEKTRONIK RUMAH LAINNYA > KIPAS ANGIN,model_code,1,0.0,0.0,0.025,0.006,0.0,0.0,0.0,0.323,FUZZY,Rumah & Taman > Aksesori Peralatan Rumah Tangga > Aksesori Kipas > Remote Kipas Angin,2,Finis | Jenis pemasangan,False,fuzzy-raw
1188,TANK TOP WANITA,4,true,158,Fashion > FASHION WANITA > ATASAN WANITA > TANK TOP WANITA,colour|net_content,2,0.291,0.0,0.228,0.006,0.0,0.133,0.0,0.063,FUZZY,Busana dan Aksesori > Pakaian > Pakaian Hamil > Atasan Hamil > Kemeja Menyusui > Tank Top Menyusui,15,Kelompok usia | Gaya panel perut | Petunjuk perawatan | Warna | Kain | Fitur pakaian hamil | Garis leher | Jenis akses keperawatan | Pola | Kesesuaian tahap kehamilan | Ukuran | Jenis ukuran | Jenis panjang lengan | Jenis kelamin sasaran | Jenis panjang atasan,False,fuzzy-stripped
1369,DEODORAN ROLL-ON,5,true,157,Perawatan Diri & Rumah Tangga > Perawatan Diri > FRAGRANCE & DEODORAN > DEODORAN > DEODORAN ROLL-ON,colour|net_content|scent,3,1.0,0.013,0.255,0.032,0.0,0.0,0.204,0.006,UNMAPPED,,0,,,
650,KUE,4,true,156,Makanan dan Minuman > MAKANAN & BAHAN MAKANAN > SEREAL & SARAPAN > KUE,colour|flavour|net_content,3,0.635,0.077,0.295,0.468,0.103,0.006,0.0,0.0,EXACT,"Makanan, Minuman & Tembakau > Item Makanan > Bakeri > Kue & Hidangan Pencuci Mulut > Kue",7,Informasi alergen | Jenis kue | Preferensi diet | Rasa | Jenis tepung/bulir | Menentukan jenis frosting atau icing | Persyaratan penyimpanan,True,exact-raw
1154,BAWAHAN BAYI,4,true,156,Fashion > FASHION ANAK & BAYI > PAKAIAN BAYI > BAWAHAN BAYI,,0,0.038,0.0,0.077,0.026,0.0,0.038,0.0,0.064,UNMAPPED,,0,,,
1561,HANDUK,6,true,156,Perawatan Diri & Rumah Tangga > Rumah Tangga > Peralatan & Perlengkapan Rumah Tangga > PERLENGKAPAN RUMAH TANGGA > PERLENGKAPAN KAMAR & KAMAR MANDI > HANDUK,pack_count,1,0.0,0.288,0.071,0.038,0.0,0.0,0.0,0.026,EXACT,Rumah & Taman > Linen & Alas Tidur > Handuk,4,Warna | Kain | Pola | Tenunan handuk,True,exact-raw
1304,SPONGE / BLENDER / APLIKATOR MAKE UP,4,true,154,Kosmetik dan Alat Kecantikan > ALAT KECANTIKAN > KUAS & APLIKATOR MAKE UP > SPONGE / BLENDER / APLIKATOR MAKE UP,,0,0.006,0.045,0.071,0.0,0.026,0.0,0.006,0.065,UNMAPPED,,0,,,
1728,TERMOS AIR PANAS,8,true,154,Perawatan Diri & Rumah Tangga > Rumah Tangga > Peralatan & Perlengkapan Rumah Tangga > PERALATAN RUMAH TANGGA > PERALATAN DAN PENYIMPANAN DI DAPUR > TEMPAT PENYIMPANAN MAKANAN & MINUMAN > TEMPAT PENYIMPANAN MINUMAN / CAIRAN > TERMOS AIR PANAS,model_code|net_content,2,0.26,0.0,0.136,0.013,0.045,0.0,0.013,0.357,UNMAPPED,,0,,,
335,CLEAR FOLDER,3,true,151,Alat dan Buku Tulis > FILE ORGANIZER > CLEAR FOLDER,colour|model_code,2,0.02,0.113,0.424,0.0,0.0,0.0,0.0,0.411,UNMAPPED,,0,,,
1007,BENANG JAHIT,4,true,151,"Hobi, Ibadah, dan Olahraga > MENJAHIT > BENANG > BENANG JAHIT",colour,1,0.0,0.0,0.232,0.02,0.02,0.0,0.0,0.099,EXACT,Seni & Hiburan > Hobi & Seni Kreatif > Seni & Kerajinan > Bahan Seni & Kerajinan > Serat Kerajinan > Benang & Floss > Benang Jahit,12,Warna | Teknik pewarnaan | Kain | Aplikasi menjahit yang dimaksudkan | Pola | Sistem ukuran benang jahit | Konstruksi benang | Finishing / perlakuan ulir | Bahan benang | Format paket thread | Sistem berat benang | Arah puntiran,False,exact-raw
1889,SPATULA,8,true,151,Perawatan Diri & Rumah Tangga > Rumah Tangga > Peralatan & Perlengkapan Rumah Tangga > PERALATAN RUMAH TANGGA > PERALATAN DAN PENYIMPANAN DI DAPUR > ALAT MASAK > ALAT UNTUK BAKAR SATE > SPATULA,colour|material|model_code,3,0.0,0.026,0.212,0.126,0.325,0.0,0.0,0.258,EXACT,Rumah & Taman > Dapur & Ruang Makan > Peralatan & Perlengkapan Dapur > Spatula,7,Petunjuk pembersihan | Warna | Bahan pegangan | Jenis Kayu | Pola | Bahan alat/perkakas | Finishing kayu,False,exact-raw
1146,BAJU LUARAN ANAK PEREMPUAN,4,true,150,Fashion > FASHION ANAK & BAYI > PAKAIAN ANAK PEREMPUAN > BAJU LUARAN ANAK PEREMPUAN,,0,0.0,0.0,0.14,0.033,0.127,0.013,0.02,0.06,UNMAPPED,,0,,,
1153,ATASAN BAYI,4,true,150,Fashion > FASHION ANAK & BAYI > PAKAIAN BAYI > ATASAN BAYI,,0,0.0,0.0,0.08,0.007,0.0,0.0,0.0,0.013,FUZZY,Busana dan Aksesori > Pakaian > Pakaian Bayi & Anak > Atasan Bayi & Anak,10,Fitur pakaian bayi/balita | Warna | Kain | Garis leher | Pola | Ukuran | Jenis ukuran | Jenis panjang lengan | Jenis kelamin sasaran | Jenis panjang atasan,True,fuzzy-raw
76,SNACK BAYI,3,true,149,Makanan dan Minuman > KONSUMSI BAYI > SNACK BAYI,flavour|net_content,2,1.0,0.04,0.148,0.376,0.013,0.0,0.0,0.007,UNMAPPED,,0,,,
93,BUMBU DAPUR,3,false,148,Makanan dan Minuman > MAKANAN & BAHAN MAKANAN > BUMBU DAPUR,colour|net_content,2,0.899,0.034,0.243,0.182,0.007,0.0,0.027,0.041,UNMAPPED,,0,,,
1307,MAKEUP & TRAVEL CASE,4,true,148,Kosmetik dan Alat Kecantikan > ALAT KECANTIKAN > AKSESORIS ALAT KECANTIKAN > MAKEUP & TRAVEL CASE,colour,1,0.0,0.014,0.378,0.0,0.014,0.0,0.0,0.122,UNMAPPED,,0,,,
1548,GANTUNGAN / JEMURAN BAJU,6,true,148,Perawatan Diri & Rumah Tangga > Rumah Tangga > Peralatan & Perlengkapan Rumah Tangga > PERALATAN RUMAH TANGGA > PERALATAN DAN PENYIMPANAN PAKAIAN DAN CUCIAN > GANTUNGAN / JEMURAN BAJU,model_code,1,0.007,0.176,0.155,0.014,0.02,0.0,0.0,0.304,UNMAPPED,,0,,,
1201,MUKENA WANITA,4,true,146,Fashion > FASHION WANITA > BAJU MUSLIM WANITA > MUKENA WANITA,,0,0.0,0.0,0.089,0.021,0.055,0.027,0.007,0.007,UNMAPPED,,0,,,
1232,PIYAMA SET WANITA,4,true,145,Fashion > FASHION WANITA > PAKAIAN TIDUR WANITA > PIYAMA SET WANITA,,0,0.014,0.0,0.097,0.007,0.021,0.028,0.007,0.083,UNMAPPED,,0,,,
247,POT BUNGA,3,true,144,"Hobi, Ibadah, dan Olahraga > BERKEBUN > POT BUNGA",colour|model_code,2,0.014,0.007,0.201,0.007,0.056,0.0,0.069,0.312,UNMAPPED,,0,,,
1858,BOX PENYIMPANAN MAKANAN,8,true,144,Perawatan Diri & Rumah Tangga > Rumah Tangga > Peralatan & Perlengkapan Rumah Tangga > PERALATAN RUMAH TANGGA > PERALATAN DAN PENYIMPANAN DI DAPUR > TEMPAT PENYIMPANAN MAKANAN & MINUMAN > TEMPAT PENYIMPANAN MAKANAN > BOX PENYIMPANAN MAKANAN,model_code|net_content,2,0.319,0.035,0.035,0.0,0.035,0.035,0.014,0.514,FUZZY,Rumah & Taman > Dapur & Ruang Makan > Penyimpanan Makanan,6,Jenis penutupan | Warna | Fitur penyimpanan makanan | Bahan penyimpanan makanan | Pola | Bentuk,True,fuzzy-raw
992,HELM,4,true,143,"Hobi, Ibadah, dan Olahraga > Perawatan & Suku Cadang Motor > AKSESORIS MOTOR > HELM",colour|material,2,0.0,0.0,0.804,0.0,0.476,0.0,0.0,0.056,UNMAPPED,,0,,,
448,TAS PRIA,3,false,142,Fashion > TAS & KOPER > TAS PRIA,model_code,1,0.063,0.007,0.042,0.0,0.0,0.021,0.0,0.261,UNMAPPED,,0,,,
887,KRIM WAJAH,4,true,140,Perawatan Diri & Rumah Tangga > Perawatan Diri > PERAWATAN WAJAH > KRIM WAJAH,colour|net_content,2,0.993,0.0,0.85,0.0,0.0,0.0,0.071,0.029,UNMAPPED,,0,,,
340,KERTAS KADO,3,true,137,Alat dan Buku Tulis > KERTAS > KERTAS KADO,colour,1,0.0,0.007,0.547,0.0,0.0,0.0,0.08,0.044,UNMAPPED,,0,,,
351,CELENGAN,3,true,137,Alat dan Buku Tulis > PERALATAN UMUM > CELENGAN,material|model_code|pack_count,3,0.0,0.416,0.102,0.007,0.577,0.0,0.007,0.693,EXACT,Rumah & Taman > Dekorasi > Celengan & Stoples Uang > Celengan,11,Kelompok usia | Jenis penutupan | Warna | Konstruksi | Bahan dekorasi | Bahan hiasan/trim | Bahan | Metode pengambilan uang | Pola | Bentuk | Tema,False,exact-raw
836,GENDONGAN,4,true,137,Keperluan Anak dan Bayi > PERLENGKAPAN ANAK & BAYI > PERLENGKAPAN BEPERGIAN ANAK & BAYI > GENDONGAN,model_code,1,0.0,0.0,0.19,0.007,0.0,0.029,0.058,0.839,UNMAPPED,,0,,,
26,PERLENGKAPAN PERBAIKAN RUMAH,2,false,136,Perbaikan Rumah > PERLENGKAPAN PERBAIKAN RUMAH,colour,1,0.0,0.059,0.272,0.0,0.051,0.0,0.0,0.199,UNMAPPED,,0,,,
107,BUAH,3,false,136,Makanan dan Minuman > FRESH > BUAH,flavour,1,0.081,0.007,0.176,0.426,0.007,0.0,0.015,0.066,UNMAPPED,,0,,,
873,KONDISIONER RAMBUT (HAIR CONDITIONER),4,true,136,Perawatan Diri & Rumah Tangga > Perawatan Diri > PERAWATAN RAMBUT > KONDISIONER RAMBUT (HAIR CONDITIONER),net_content,1,0.963,0.051,0.176,0.044,0.0,0.0,0.051,0.015,UNMAPPED,,0,,,
1671,WAJAN,7,true,136,Perawatan Diri & Rumah Tangga > Rumah Tangga > Peralatan & Perlengkapan Rumah Tangga > PERALATAN RUMAH TANGGA > PERALATAN DAN PENYIMPANAN DI DAPUR > ALAT MASAK > WAJAN,model_code,1,0.0,0.059,0.125,0.037,0.088,0.044,0.0,0.324,UNMAPPED,,0,,,
151,PENGHARUM RUANGAN,3,false,135,Perawatan Diri & Rumah Tangga > Rumah Tangga > PENGHARUM RUANGAN,flavour|net_content|scent,3,0.933,0.067,0.148,0.274,0.0,0.0,0.533,0.022,UNMAPPED,,0,,,
1171,BAJU KOKO LENGAN PENDEK PRIA,4,true,135,Fashion > FASHION PRIA > BAJU MUSLIM PRIA > BAJU KOKO LENGAN PENDEK PRIA,,0,0.0,0.0,0.163,0.015,0.03,0.015,0.0,0.052,UNMAPPED,,0,,,
536,KERIPIK KENTANG,4,true,134,Makanan dan Minuman > MAKANAN KECIL  > KERIPIK > KERIPIK KENTANG,flavour|net_content,2,0.993,0.007,0.06,0.388,0.0,0.0,0.015,0.0,UNMAPPED,,0,,,
838,TAS BAYI,4,true,133,Keperluan Anak dan Bayi > PERLENGKAPAN ANAK & BAYI > PERLENGKAPAN BEPERGIAN ANAK & BAYI > TAS BAYI,colour|model_code,2,0.0,0.0,0.308,0.023,0.008,0.0,0.015,0.992,UNMAPPED,,0,,,
1649,PISAU,7,false,133,Perawatan Diri & Rumah Tangga > Rumah Tangga > Peralatan & Perlengkapan Rumah Tangga > PERALATAN RUMAH TANGGA > PERALATAN DAN PENYIMPANAN DI DAPUR > ALAT DAPUR & AKSESORIS DAPUR > PISAU,,0,0.0,0.008,0.023,0.008,0.045,0.0,0.008,0.128,EXACT,Rumah & Taman > Rumput & Taman > Aksesori Peralatan Listrik Luar Ruang > Aksesori Mesin Pemotong Rumput > Sikat Sambungan Mesin Pemotong Rumput > Pisau,5,Bahan mata pisau | Warna | Jenis bilah pemotong rumput | Jenis pabrikan | Pola,False,exact-raw
1372,PARFUM LAKI-LAKI,5,true,132,Perawatan Diri & Rumah Tangga > Perawatan Diri > FRAGRANCE & DEODORAN > PARFUM (EAU DE TOILETTE) > PARFUM LAKI-LAKI,colour|net_content,2,1.0,0.0,0.28,0.008,0.0,0.0,0.159,0.038,UNMAPPED,,0,,,
78,MINUMAN DALAM KEMASAN,3,false,131,Makanan dan Minuman > MINUMAN > MINUMAN DALAM KEMASAN,colour|flavour|net_content,3,0.939,0.038,0.221,0.366,0.015,0.0,0.023,0.015,UNMAPPED,,0,,,
308,SPIDOL,3,true,129,Alat dan Buku Tulis > ALAT TULIS > SPIDOL,colour|model_code,2,0.031,0.07,0.752,0.008,0.0,0.0,0.0,0.403,EXACT,Perlengkapan Kantor > Peralatan Kantor > Alat Tulis & Gambar > Spidol & Stabilo > Spidol,4,Kandungan Alkohol/Pelarut | Warna | Desain ujung spidol | Pola,False,exact-raw
1272,TAS SELEMPANG PRIA,4,true,129,Fashion > TAS & KOPER > TAS PRIA > TAS SELEMPANG PRIA,model_code,1,0.023,0.0,0.178,0.016,0.031,0.008,0.0,0.225,EXACT,"Busana dan Aksesori > Tas Tangan, Dompet & Kotak > Tas Tangan > Tas Selempang",14,Ukuran aksesori | Kelompok usia | Hiasan tas | Penutup tas/kotak | Fitur tas/kotak | Bahan tas/kotak | Fitur penyimpanan tas/kotak | Petunjuk perawatan | Opsi bawa | Warna | Jenis Kayu | Pola | Jenis kelamin sasaran | Finishing kayu,False,exact-stripped
1251,SEPATU SNEAKERS ANAK LAKI-LAKI,4,true,128,Fashion > SEPATU ANAK & BAYI > SEPATU ANAK & BAYI LAKI-LAKI > SEPATU SNEAKERS ANAK LAKI-LAKI,colour|garment_size,2,0.0,0.0,0.383,0.0,0.016,0.93,0.0,0.047,UNMAPPED,,0,,,
568,BUMBU REMPAH,4,true,127,Makanan dan Minuman > MAKANAN & BAHAN MAKANAN > BUMBU DAPUR > BUMBU REMPAH,colour|net_content,2,0.961,0.102,0.213,0.134,0.024,0.0,0.031,0.016,EXACT,"Makanan, Minuman & Tembakau > Item Makanan > Bumbu & Rempah",5,Informasi alergen | Preferensi diet | Bentuk produk makanan | Variasi bumbu | Persyaratan penyimpanan,True,exact-raw
591,NUGGET BEKU,4,true,127,Makanan dan Minuman > MAKANAN & BAHAN MAKANAN > MAKANAN BEKU > NUGGET BEKU,net_content,1,0.961,0.0,0.071,0.189,0.0,0.0,0.024,0.031,UNMAPPED,,0,,,
1726,ANEKA BOTOL KOSONG,8,true,127,Perawatan Diri & Rumah Tangga > Rumah Tangga > Peralatan & Perlengkapan Rumah Tangga > PERALATAN RUMAH TANGGA > PERALATAN DAN PENYIMPANAN DI DAPUR > TEMPAT PENYIMPANAN MAKANAN & MINUMAN > TEMPAT PENYIMPANAN MINUMAN / CAIRAN > ANEKA BOTOL KOSONG,model_code|net_content,2,0.504,0.016,0.15,0.0,0.039,0.031,0.016,0.268,UNMAPPED,,0,,,
534,CRACKERS,4,true,126,"Makanan dan Minuman > MAKANAN KECIL  > COOKIES, BISKUIT DAN LAIN LAIN > CRACKERS",net_content,1,0.984,0.032,0.159,0.183,0.0,0.0,0.0,0.0,UNMAPPED,,0,,,
1024,PITA SATIN,4,true,126,"Hobi, Ibadah, dan Olahraga > MENJAHIT > PITA > PITA SATIN",colour,1,0.0,0.0,0.865,0.079,0.0,0.0,0.024,0.0,EXACT,Seni & Hiburan > Hobi & Seni Kreatif > Seni & Kerajinan > Bahan Seni & Kerajinan > Hiasan & Trim > Pita & Trim > Pita Satin,7,Warna | Jenis proyek kerajinan | Bahan hiasan/trim | Pola | Tingkat kilau pita | Jenis lapisan belakang pita/trim | Jenis permukaan pita satin,False,exact-raw
390,PAKAIAN ANAK PEREMPUAN,3,false,124,Fashion > FASHION ANAK & BAYI > PAKAIAN ANAK PEREMPUAN,model_code,1,0.056,0.0,0.153,0.0,0.04,0.073,0.032,0.25,EXACT,Busana dan Aksesori > Pakaian,9,Kelompok usia | Petunjuk perawatan | Fitur pakaian | Warna | Kain | Pola | Ukuran | Jenis ukuran | Jenis kelamin sasaran,True,exact-stripped
557,BUBUK PUDDING/JELLY/AGAR-AGAR DAN VLA,4,true,124,Makanan dan Minuman > MAKANAN & BAHAN MAKANAN > BAHAN KUE > BUBUK PUDDING/JELLY/AGAR-AGAR DAN VLA,colour|flavour|net_content,3,0.984,0.0,0.21,0.637,0.008,0.0,0.0,0.016,UNMAPPED,,0,,,
1609,TISU FACIAL (HALUS),7,true,124,Perawatan Diri & Rumah Tangga > Rumah Tangga > Peralatan & Perlengkapan Rumah Tangga > PERALATAN RUMAH TANGGA > PERALATAN KEBERSIHAN RUMAH TANGGA > TISU > TISU FACIAL (HALUS),pack_count,1,0.089,0.306,0.056,0.008,0.0,0.0,0.073,0.081,UNMAPPED,,0,,,
75,MAKANAN & MINUMAN BAYI,3,true,123,Makanan dan Minuman > KONSUMSI BAYI > MAKANAN & MINUMAN BAYI,colour|flavour|net_content,3,0.984,0.089,0.268,0.512,0.098,0.0,0.0,0.016,AMBIGUOUS,,0,,,fuzzy-raw
303,PEN WARNA WARNI,3,true,123,Alat dan Buku Tulis > ALAT MENGGAMBAR / MELUKIS > PEN WARNA WARNI,colour|model_code,2,0.024,0.065,0.715,0.049,0.0,0.008,0.049,0.268,UNMAPPED,,0,,,
395,BATIK PRIA,3,false,123,Fashion > FASHION PRIA > BATIK PRIA,,0,0.0,0.0,0.033,0.0,0.057,0.057,0.0,0.138,UNMAPPED,,0,,,
1676,TEMPAT SAMPAH,7,true,123,Perawatan Diri & Rumah Tangga > Rumah Tangga > Peralatan & Perlengkapan Rumah Tangga > PERALATAN RUMAH TANGGA > PERALATAN DAN PENYIMPANAN DI DAPUR > KERANJANG & TEMPAT SAMPAH > TEMPAT SAMPAH,model_code|net_content,2,0.228,0.0,0.163,0.008,0.033,0.041,0.008,0.228,EXACT,Rumah & Taman > Perlengkapan Rumah Tangga > Penampungan Limbah > Tempat Sampah & Keranjang Sampah > Tempat Sampah,11,Warna | Jenis tutup | Bahan | Jenis pemasangan | Jumlah kompartemen | Mekanisme pembukaan | Pola | Bentuk | Lokasi yang cocok | Ruang yang cocok | Fitur tempat sampah,False,exact-raw
1261,TAS SELEMPANG ANAK,4,true,122,Fashion > TAS & KOPER > TAS ANAK > TAS SELEMPANG ANAK,colour|model_code,2,0.0,0.0,0.328,0.025,0.033,0.0,0.0,0.336,EXACT,"Busana dan Aksesori > Tas Tangan, Dompet & Kotak > Tas Tangan > Tas Selempang",14,Ukuran aksesori | Kelompok usia | Hiasan tas | Penutup tas/kotak | Fitur tas/kotak | Bahan tas/kotak | Fitur penyimpanan tas/kotak | Petunjuk perawatan | Opsi bawa | Warna | Jenis Kayu | Pola | Jenis kelamin sasaran | Finishing kayu,False,exact-stripped
596,SOSIS BEKU,4,true,121,Makanan dan Minuman > MAKANAN & BAHAN MAKANAN > MAKANAN BEKU > SOSIS BEKU,flavour|net_content|pack_count,3,0.868,0.306,0.116,0.405,0.0,0.0,0.008,0.017,UNMAPPED,,0,,,
1115,LILIN ULANG TAHUN,4,true,121,Alat dan Buku Tulis > DEKORASI & KELENGKAPAN PESTA > LILIN > LILIN ULANG TAHUN,,0,0.0,0.033,0.157,0.0,0.0,0.0,0.008,0.008,EXACT,Seni & Hiburan > Pesta & Perayaan > Perlengkapan Pesta > Lilin Ulang Tahun,4,Desain lilin ulang tahun | Jenis lilin ulang tahun | Warna | Pola,False,exact-raw
1142,PAKAIAN DALAM ANAK LAKI-LAKI,4,true,121,Fashion > FASHION ANAK & BAYI > PAKAIAN ANAK LAKI-LAKI > PAKAIAN DALAM ANAK LAKI-LAKI,model_code,1,0.033,0.008,0.083,0.0,0.0,0.033,0.0,0.512,EXACT,Busana dan Aksesori > Pakaian > Pakaian Bayi & Anak > Pakaian Dalam Bayi & Anak > Pakaian Dalam Anak Laki-Laki,9,Kelompok usia | Petunjuk perawatan | Warna | Kain | Fitur pakaian intim | Pola | Ukuran | Jenis ukuran | Jenis kelamin sasaran,True,exact-raw
96,MADU,3,true,120,Makanan dan Minuman > MAKANAN & BAHAN MAKANAN > MADU,flavour|net_content,2,0.992,0.167,0.108,0.3,0.0,0.0,0.042,0.025,EXACT,"Makanan, Minuman & Tembakau > Item Makanan > Kondimen & Saus > Madu",8,Informasi alergen | Preferensi diet | Bentuk madu | Metode pengolahan madu | Varietas madu | Jenis kemasan | Persyaratan penyimpanan | Madu berkualitas USDA,False,exact-raw
1182,KAOS SINGLET PRIA,4,true,120,Fashion > FASHION PRIA > PAKAIAN DALAM PRIA > KAOS SINGLET PRIA,colour|model_code,2,0.058,0.0,0.408,0.0,0.1,0.133,0.0,0.375,UNMAPPED,,0,,,
607,IKAN DALAM KEMASAN KALENG,4,true,119,Makanan dan Minuman > MAKANAN & BAHAN MAKANAN > MAKANAN DALAM KEMASAN & KALENG > IKAN DALAM KEMASAN KALENG,flavour|net_content,2,0.992,0.0,0.017,0.252,0.0,0.0,0.0,0.008,UNMAPPED,,0,,,
1174,BATIK LENGAN PANJANG PRIA,4,true,119,Fashion > FASHION PRIA > BATIK PRIA > BATIK LENGAN PANJANG PRIA,model_code,1,0.0,0.0,0.0,0.0,0.025,0.025,0.0,0.202,UNMAPPED,,0,,,
452,SERAGAM SEKOLAH,3,false,118,Fashion > SERAGAM & ATRIBUT SEKOLAH > SERAGAM SEKOLAH,colour,1,0.051,0.0,0.508,0.11,0.085,0.169,0.0,0.0,EXACT,Busana dan Aksesori > Pakaian > Seragam & Pakaian Kerja > Seragam Sekolah,14,Kelompok usia | Fitur pakaian | Warna | Kain | Standar ketahanan api | Kelas visibilitas tinggi | Metode pemasangan logo | Jenis panjang celana | Pola | Ukuran | Jenis ukuran | Jenis panjang rok/gaun | Jenis panjang lengan | Jenis kelamin sasaran,True,exact-raw
1128,IKAT RAMBUT ANAK,4,true,118,Fashion > AKSESORIS FASHION ANAK > AKSESORIS RAMBUT ANAK > IKAT RAMBUT ANAK,colour|material,2,0.0,0.059,0.22,0.017,0.619,0.0,0.0,0.093,AMBIGUOUS,,0,,,exact-stripped
423,BROS DEWASA,3,true,117,Fashion > PERHIASAN DEWASA > BROS DEWASA,,0,0.0,0.0,0.043,0.026,0.026,0.0,0.017,0.017,EXACT,Busana dan Aksesori > Perhiasan > Bros & Pin Lapel > Bros,7,Kelompok usia | Warna | Bahan perhiasan | Jenis perhiasan | Pola | Jenis penopang pin | Jenis kelamin sasaran,False,exact-stripped
1296,SERAGAM SMA,4,true,116,Fashion > SERAGAM & ATRIBUT SEKOLAH > SERAGAM SEKOLAH > SERAGAM SMA,colour,1,0.103,0.0,0.621,0.0,0.0,0.103,0.0,0.0,UNMAPPED,,0,,,
1743,PIRING PLASTIK,8,true,116,Perawatan Diri & Rumah Tangga > Rumah Tangga > Peralatan & Perlengkapan Rumah Tangga > PERALATAN RUMAH TANGGA > PERALATAN DAN PENYIMPANAN DI DAPUR > PERALATAN MAKAN > PIRING > PIRING PLASTIK,,0,0.0,0.043,0.138,0.017,0.043,0.0,0.009,0.086,UNMAPPED,,0,,,
814,GUNTING KUKU,4,true,115,Keperluan Anak dan Bayi > PERALATAN UNTUK ANAK & BAYI > PERALATAN KEBERSIHAN ANAK & BAYI > GUNTING KUKU,,0,0.035,0.009,0.061,0.0,0.009,0.0,0.0,0.157,EXACT,Kesehatan & Kecantikan > Perawatan Tubuh > Kosmetik > Alat Kosmetik > Alat Kuku > Gunting Kuku,15,Kelompok usia | Jenis mata pisau | Area tubuh | Bahan bulu sikat | Warna | Fitur | Finis | Keharuman | Bahan | Pola | Sertifikasi & standar produk | Bentuk produk | Bentuk | Cocok untuk jenis kulit | Jenis penggunaan,False,exact-raw
1140,BAJU LUARAN ANAK LAKI-LAKI,4,true,115,Fashion > FASHION ANAK & BAYI > PAKAIAN ANAK LAKI-LAKI > BAJU LUARAN ANAK LAKI-LAKI,,0,0.009,0.0,0.148,0.0,0.052,0.0,0.0,0.096,UNMAPPED,,0,,,
1438,KURSI,5,true,114,Perawatan Diri & Rumah Tangga > Rumah Tangga > Peralatan & Perlengkapan Rumah Tangga > PERLENGKAPAN RUMAH TANGGA > KURSI,colour,1,0.0,0.009,0.342,0.096,0.018,0.053,0.009,0.132,EXACT,Furnitur > Kursi,10,Jenis sandaran lengan | Perlu dirakit | Jenis sandaran | Petunjuk perawatan | Fitur kursi | Warna | Bahan | Pola | Jenis tempat duduk | Bahan pelapis,True,exact-raw
321,BUKU TULIS,3,true,113,Alat dan Buku Tulis > BUKU TULIS > BUKU TULIS,model_code|pack_count,2,0.035,0.31,0.088,0.044,0.053,0.0,0.0,0.283,UNMAPPED,,0,,,
924,VITAMIN & MULTIVITAMIN,4,true,113,Perawatan Diri & Rumah Tangga > Perawatan Diri > MULTIVITAMIN & SUPLEMEN > VITAMIN & MULTIVITAMIN,colour|net_content|pack_count,3,0.425,0.575,0.23,0.142,0.0,0.0,0.0,0.159,UNMAPPED,,0,,,
1009,BENANG RAJUT,4,true,113,"Hobi, Ibadah, dan Olahraga > MENJAHIT > BENANG > BENANG RAJUT",colour|flavour|material|net_content,4,0.345,0.0,0.788,0.239,0.354,0.0,0.018,0.0,EXACT,Seni & Hiburan > Hobi & Seni Kreatif > Seni & Kerajinan > Bahan Seni & Kerajinan > Serat Kerajinan > Benang Rajut,9,Warna | Teknik pewarnaan | Kain | Jenis proyek rajutan | Perawatan bahan | Pola | Bahan tanaman | Arah puntiran | Kategori bobot benang,False,exact-raw
875,PENATA RAMBUT (WAX/GEL/POMADE/FOAM),4,true,112,Perawatan Diri & Rumah Tangga > Perawatan Diri > PERAWATAN RAMBUT > PENATA RAMBUT (WAX/GEL/POMADE/FOAM),net_content,1,1.0,0.018,0.179,0.009,0.0,0.0,0.018,0.0,UNMAPPED,,0,,,
1623,BASKOM SAYUR,7,true,112,Perawatan Diri & Rumah Tangga > Rumah Tangga > Peralatan & Perlengkapan Rumah Tangga > PERALATAN RUMAH TANGGA > PERALATAN DAN PENYIMPANAN DI DAPUR > ALAT DAPUR & AKSESORIS DAPUR > BASKOM SAYUR,model_code,1,0.009,0.0,0.071,0.009,0.0,0.0,0.0,0.357,UNMAPPED,,0,,,
1742,PIRING MELAMIN,8,true,112,Perawatan Diri & Rumah Tangga > Rumah Tangga > Peralatan & Perlengkapan Rumah Tangga > PERALATAN RUMAH TANGGA > PERALATAN DAN PENYIMPANAN DI DAPUR > PERALATAN MAKAN > PIRING > PIRING MELAMIN,colour|model_code,2,0.0,0.0,0.384,0.054,0.0,0.0,0.0,0.348,UNMAPPED,,0,,,
317,BUKU GAMBAR,3,true,111,Alat dan Buku Tulis > BUKU TULIS > BUKU GAMBAR,pack_count,1,0.0,0.27,0.018,0.0,0.045,0.0,0.0,0.189,UNMAPPED,,0,,,
566,BUMBU PENYEDAP,4,true,111,Makanan dan Minuman > MAKANAN & BAHAN MAKANAN > BUMBU DAPUR > BUMBU PENYEDAP,flavour|net_content,2,0.991,0.126,0.027,0.568,0.0,0.0,0.027,0.009,UNMAPPED,,0,,,
544,PUDDING & JELLY,3,true,110,Makanan dan Minuman > MAKANAN KECIL  > PUDDING & JELLY,flavour|net_content|pack_count,3,0.882,0.327,0.109,0.236,0.0,0.0,0.0,0.091,UNMAPPED,,0,,,
545,RUMPUT LAUT,4,true,110,Makanan dan Minuman > MAKANAN KECIL  > KACANG DAN SNACK LAINNYA > RUMPUT LAUT,flavour|net_content|pack_count,3,0.982,0.227,0.136,0.4,0.0,0.0,0.0,0.0,AMBIGUOUS,,0,,,fuzzy-raw
1190,JAKET WANITA,4,true,110,Fashion > FASHION WANITA > BAJU LUARAN WANITA > JAKET WANITA,colour,1,0.018,0.0,0.382,0.027,0.018,0.055,0.0,0.018,EXACT,Busana dan Aksesori > Pakaian > Pakaian Aktif > Rompi & Jaket Aktif > Jaket,15,Fitur pakaian aktif | Aktivitas | Kelompok usia | Petunjuk perawatan | Warna | Kain | Bahan pengisi isolasi | Garis leher | Pola | Ukuran | Jenis ukuran | Jenis panjang lengan | Jenis kelamin sasaran | Jenis panjang atasan | Panjang bukaan ritsleting,False,exact-stripped
1573,TAPLAK MEJA,6,true,110,Perawatan Diri & Rumah Tangga > Rumah Tangga > Peralatan & Perlengkapan Rumah Tangga > PERLENGKAPAN RUMAH TANGGA > PERLENGKAPAN LAINNYA > TAPLAK MEJA,colour|model_code|pack_count,3,0.0,0.245,0.309,0.018,0.055,0.0,0.0,0.209,EXACT,Rumah & Taman > Linen & Alas Tidur > Linen Meja > Taplak Meja,8,Petunjuk perawatan | Warna | Kain | Struktur kain | Acara | Pola | Bentuk | Fitur taplak meja,False,exact-raw
402,BAWAHAN WANITA,3,false,109,Fashion > FASHION WANITA > BAWAHAN WANITA,garment_size|net_content,2,0.229,0.0,0.138,0.028,0.064,0.202,0.0,0.138,UNMAPPED,,0,,,
883,FACE MOISTURIZER,4,true,109,Perawatan Diri & Rumah Tangga > Perawatan Diri > PERAWATAN WAJAH > FACE MOISTURIZER,colour|net_content,2,0.982,0.009,0.312,0.018,0.0,0.0,0.037,0.028,UNMAPPED,,0,,,
1496,CAIRAN PENCUCI PIRING KEMASAN REFILL (POUCH),6,true,109,Perawatan Diri & Rumah Tangga > Rumah Tangga > BAHAN PEMBERSIH RUMAH > PEMBERSIH DAPUR > CAIRAN PENCUCI PIRING > CAIRAN PENCUCI PIRING KEMASAN REFILL (POUCH),flavour|net_content,2,0.917,0.028,0.11,0.514,0.0,0.0,0.028,0.11,UNMAPPED,,0,,,
371,STICKY NOTES,3,true,108,Alat dan Buku Tulis > PERALATAN UMUM > STICKY NOTES,model_code|pack_count,2,0.0,0.287,0.065,0.0,0.037,0.0,0.0,0.444,UNMAPPED,,0,,,
37,ALAT ELEKTRONIK RUMAH LAINNYA,2,false,107,Elektronik > ALAT ELEKTRONIK RUMAH LAINNYA,model_code,1,0.037,0.037,0.056,0.009,0.019,0.0,0.0,0.299,UNMAPPED,,0,,,
477,FOUNDATION (DASAR MAKE UP),3,true,107,Kosmetik dan Alat Kecantikan > MAKE UP WAJAH > FOUNDATION (DASAR MAKE UP),colour|model_code|net_content,3,0.822,0.0,0.561,0.0,0.0,0.0,0.009,0.215,UNMAPPED,,0,,,
524,TEH CELUP,4,true,107,"Makanan dan Minuman > COKLAT, KOPI & TEH > TEH MENTAH > TEH CELUP",colour|flavour|net_content|pack_count|scent,5,0.869,0.832,0.346,0.327,0.0,0.0,0.243,0.0,UNMAPPED,,0,,,
842,COTTON BUD ,4,true,107,Keperluan Anak dan Bayi > PERLENGKAPAN ANAK & BAYI > PERLENGKAPAN KEBERSIHAN ANAK & BAYI > COTTON BUD ,pack_count,1,0.0,0.785,0.037,0.028,0.0,0.0,0.019,0.019,UNMAPPED,,0,,,
1170,BAJU KOKO LENGAN PANJANG PRIA,4,true,107,Fashion > FASHION PRIA > BAJU MUSLIM PRIA > BAJU KOKO LENGAN PANJANG PRIA,,0,0.0,0.0,0.168,0.0,0.103,0.009,0.0,0.075,UNMAPPED,,0,,,
1442,PERLENGKAPAN LAINNYA,5,false,107,Perawatan Diri & Rumah Tangga > Rumah Tangga > Peralatan & Perlengkapan Rumah Tangga > PERLENGKAPAN RUMAH TANGGA > PERLENGKAPAN LAINNYA,,0,0.009,0.009,0.178,0.178,0.056,0.0,0.0,0.121,UNMAPPED,,0,,,
306,PENGHAPUS,3,true,106,Alat dan Buku Tulis > ALAT TULIS > PENGHAPUS,colour|model_code,2,0.0,0.085,0.292,0.0,0.0,0.0,0.038,0.566,EXACT,Perlengkapan Kantor > Perlengkapan Kantor Umum > Penghapus,2,Warna | Pola,True,exact-raw
1192,ROMPI WANITA,4,true,106,Fashion > FASHION WANITA > BAJU LUARAN WANITA > ROMPI WANITA,colour|model_code,2,0.019,0.0,0.217,0.019,0.009,0.0,0.019,0.208,AMBIGUOUS,,0,,,exact-stripped
1506,CAIRAN PEMBERSIH LANTAI KEMASAN REFILL (POUCH),6,true,106,Perawatan Diri & Rumah Tangga > Rumah Tangga > BAHAN PEMBERSIH RUMAH > PEMBERSIH LANTAI > CAIRAN PEMBERSIH LANTAI > CAIRAN PEMBERSIH LANTAI KEMASAN REFILL (POUCH),flavour|net_content|scent,3,0.943,0.019,0.075,0.425,0.038,0.0,0.377,0.047,UNMAPPED,,0,,,
50,FASHION PRIA,2,false,105,Fashion > FASHION PRIA,,0,0.067,0.0,0.029,0.0,0.0,0.01,0.0,0.124,UNMAPPED,,0,,,
633,KEJU,4,true,105,Makanan dan Minuman > MAKANAN & BAHAN MAKANAN > PRODUK SUSU > KEJU,colour|net_content|pack_count,3,0.924,0.229,0.229,0.067,0.0,0.0,0.01,0.01,EXACT,"Makanan, Minuman & Tembakau > Item Makanan > Produk Susu > Keju",7,Informasi alergen | Varian beta-kasein | Bentuk keju | Tekstur keju | Negara | Preferensi diet | Persyaratan penyimpanan,False,exact-raw
654,SEREAL,4,true,105,Makanan dan Minuman > MAKANAN & BAHAN MAKANAN > SEREAL & SARAPAN > SEREAL,flavour|net_content|pack_count,3,0.99,0.343,0.143,0.219,0.048,0.0,0.0,0.01,UNMAPPED,,0,,,
270,PERLENGKAPAN KOMPUTER,3,false,104,Elektronik > ALAT ELEKTRONIK KANTOR & GADGET > PERLENGKAPAN KOMPUTER,model_code,1,0.077,0.029,0.077,0.0,0.067,0.0,0.0,0.375,UNMAPPED,,0,,,
429,SEPATU ANAK & BAYI PEREMPUAN,3,false,104,Fashion > SEPATU ANAK & BAYI > SEPATU ANAK & BAYI PEREMPUAN,colour|garment_size,2,0.0,0.0,0.692,0.0,0.0,0.942,0.01,0.096,EXACT,Busana dan Aksesori > Sepatu,17,Kelompok usia | Petunjuk perawatan | Jenis penutupan | Warna | Metode pembuatan alas kaki | Bahan alas kaki | Jenis ketinggian tumit | Bahan pelapis | Gaya acara | Bahan sol luar | Pola | Fitur sepatu | Kesesuaian sepatu | Ukuran sepatu | Jenis kelamin sasaran | Jenis pelindung ujung | Gaya kaki,True,exact-stripped
511,MINUMAN RASA BUAH,4,true,104,Makanan dan Minuman > MINUMAN > MINUMAN DALAM KEMASAN > MINUMAN RASA BUAH,colour|flavour|net_content|pack_count,4,0.962,0.558,0.288,0.365,0.01,0.0,0.019,0.115,UNMAPPED,,0,,,
553,PERMEN PENYEGAR NAFAS,4,true,104,Makanan dan Minuman > MAKANAN KECIL  > PERMEN MARSHMALLOW DAN LAIN LAIN > PERMEN PENYEGAR NAFAS,colour|flavour|net_content|pack_count,4,0.894,0.385,0.231,0.692,0.0,0.0,0.067,0.0,UNMAPPED,,0,,,
845,TISU BASAH (BABY WIPES),4,true,104,Keperluan Anak dan Bayi > PERLENGKAPAN ANAK & BAYI > PERLENGKAPAN KEBERSIHAN ANAK & BAYI > TISU BASAH (BABY WIPES),pack_count,1,0.048,0.779,0.154,0.01,0.0,0.0,0.173,0.0,UNMAPPED,,0,,,
890,MICELLAR WATER,4,true,104,Perawatan Diri & Rumah Tangga > Perawatan Diri > PERAWATAN WAJAH > MICELLAR WATER,net_content,1,1.0,0.0,0.077,0.0,0.0,0.0,0.115,0.038,UNMAPPED,,0,,,
1264,DOMPET PRIA,4,true,104,Fashion > TAS & KOPER > TAS PRIA > DOMPET PRIA,,0,0.0,0.0,0.087,0.0,0.125,0.0,0.0,0.096,EXACT,"Busana dan Aksesori > Tas Tangan, Dompet & Kotak > Dompet & Klip Uang > Dompet",8,Kelompok usia | Opsi bawa | Bahan aksesori pakaian | Warna | Jenis kulit | Pola | Jenis kelamin sasaran | Fitur dompet,False,exact-stripped
1269,TAS PINGGANG PRIA,4,true,104,Fashion > TAS & KOPER > TAS PRIA > TAS PINGGANG PRIA,,0,0.106,0.0,0.058,0.0,0.01,0.067,0.0,0.067,AMBIGUOUS,,0,,,exact-stripped
1750,MANGKUK PLASTIK,8,true,104,Perawatan Diri & Rumah Tangga > Rumah Tangga > Peralatan & Perlengkapan Rumah Tangga > PERALATAN RUMAH TANGGA > PERALATAN DAN PENYIMPANAN DI DAPUR > PERALATAN MAKAN > MANGKUK > MANGKUK PLASTIK,colour,1,0.067,0.067,0.212,0.135,0.0,0.0,0.0,0.154,UNMAPPED,,0,,,
310,TIPPEX,3,true,103,Alat dan Buku Tulis > ALAT TULIS > TIPPEX,model_code,1,0.019,0.039,0.117,0.0,0.039,0.0,0.0,0.709,UNMAPPED,,0,,,
812,SHAMPOO ANAK & BAYI,4,true,103,Keperluan Anak dan Bayi > PERAWATAN ANAK & BAYI > PERAWATAN RAMBUT ANAK & BAYI > SHAMPOO ANAK & BAYI,net_content,1,1.0,0.0,0.184,0.146,0.0,0.0,0.078,0.0,UNMAPPED,,0,,,
907,HAND SANITIZER,4,true,103,Perawatan Diri & Rumah Tangga > Perawatan Diri > PERAWATAN BADAN > HAND SANITIZER,net_content,1,0.99,0.0,0.058,0.184,0.0,0.0,0.078,0.029,UNMAPPED,,0,,,
333,AKSESORIS ULANG TAHUN LAINNYA,3,true,102,Alat dan Buku Tulis > DEKORASI & KELENGKAPAN PESTA > AKSESORIS ULANG TAHUN LAINNYA,colour|model_code,2,0.0,0.02,0.451,0.0,0.049,0.0,0.049,0.314,UNMAPPED,,0,,,
1674,KERANJANG DAPUR,7,false,102,Perawatan Diri & Rumah Tangga > Rumah Tangga > Peralatan & Perlengkapan Rumah Tangga > PERALATAN RUMAH TANGGA > PERALATAN DAN PENYIMPANAN DI DAPUR > KERANJANG & TEMPAT SAMPAH > KERANJANG DAPUR,,0,0.0,0.029,0.059,0.039,0.0,0.0,0.01,0.098,UNMAPPED,,0,,,
1696,JAM DINDING,7,true,102,Perawatan Diri & Rumah Tangga > Rumah Tangga > Peralatan & Perlengkapan Rumah Tangga > PERLENGKAPAN RUMAH TANGGA > PERLENGKAPAN KAMAR & KAMAR MANDI > JAM > JAM DINDING,,0,0.0,0.0,0.0,0.0,0.0,0.01,0.0,0.049,EXACT,Rumah & Taman > Dekorasi > Jam > Jam Dinding,11,Ukuran baterai | Jenis baterai | Jenis pergerakan jam | Warna | Mode tampilan | Bahan | Gaya angka | Pola | Sumber listrik | Bentuk | Jenis Stan/Pajangan,False,exact-raw
1132,TOPI ANAK,4,true,101,Fashion > AKSESORIS FASHION ANAK > AKSESORIS RAMBUT ANAK > TOPI ANAK,,0,0.0,0.0,0.01,0.03,0.0,0.0,0.0,0.139,EXACT,Busana dan Aksesori > Aksesori Pakaian > Topi,10,Item aksesori yang disertakan | Ukuran aksesori | Kelompok usia | Warna | Kain | Fitur penutup kepala | Pola | Ukuran | Jenis ukuran | Jenis kelamin sasaran,True,exact-stripped
1574,TIKAR,6,true,101,Perawatan Diri & Rumah Tangga > Rumah Tangga > Peralatan & Perlengkapan Rumah Tangga > PERLENGKAPAN RUMAH TANGGA > PERLENGKAPAN LAINNYA > TIKAR,,0,0.0,0.089,0.0,0.0,0.02,0.0,0.0,0.0,UNMAPPED,,0,,,
294,STEKER,3,true,100,Elektronik > ALAT ELEKTRONIK RUMAH LAINNYA > STEKER,model_code,1,0.0,0.0,0.08,0.0,0.0,0.0,0.0,0.27,UNMAPPED,,0,,,
942,SEMPROTAN PEMBASMI HAMA,4,true,100,Perawatan Diri & Rumah Tangga > Rumah Tangga > ANTI HAMA & SERANGGA > SEMPROTAN PEMBASMI HAMA,colour|net_content|scent,3,0.95,0.0,0.22,0.04,0.04,0.0,0.38,0.01,UNMAPPED,,0,,,
1275,KOPER BAGASI,4,false,100,Fashion > TAS & KOPER > TAS TRAVEL & KOPER > KOPER BAGASI,colour|model_code,2,0.0,0.0,0.9,0.01,0.03,0.0,0.15,0.5,EXACT,Bagasi & Tas > Koper > Koper Bagasi,10,Penutup tas/kotak | Fitur tas/kotak | Bahan tas/kotak | Fitur penyimpanan tas/kotak | Petunjuk perawatan | Opsi bawa | Warna | Pola | Jenis pemutar | Jenis pegangan koper,True,exact-raw
1551,KERANJANG LAUNDRY,6,true,100,Perawatan Diri & Rumah Tangga > Rumah Tangga > Peralatan & Perlengkapan Rumah Tangga > PERALATAN RUMAH TANGGA > PERALATAN DAN PENYIMPANAN PAKAIAN DAN CUCIAN > KERANJANG LAUNDRY,colour,1,0.02,0.04,0.31,0.04,0.0,0.0,0.01,0.15,UNMAPPED,,0,,,
894,SERUM WAJAH,4,true,99,Perawatan Diri & Rumah Tangga > Perawatan Diri > PERAWATAN WAJAH > SERUM WAJAH,net_content,1,0.99,0.02,0.152,0.0,0.0,0.0,0.02,0.04,EXACT,Kesehatan & Kecantikan > Perawatan Tubuh > Kosmetik > Perawatan Wajah > Serum Wajah,20,Bahan aktif | Kelompok usia | Fungsi kosmetik | Jenis dispenser | Keharuman | Tingkat keharuman | Asal bahan | Bahan | Jenis pelembap | Jenis kemasan | Sertifikasi & standar produk | Bentuk produk | Tingkat SPF | Area target serum | Efek perawatan kulit | Fitur perawatan kulit | Cocok untuk jenis kulit | Jenis kelamin sasaran | Tekstur | Tingkat perlindungan UVA,False,exact-raw
1583,KAIN KESET,7,true,99,Perawatan Diri & Rumah Tangga > Rumah Tangga > Peralatan & Perlengkapan Rumah Tangga > PERALATAN RUMAH TANGGA > PERALATAN KEBERSIHAN RUMAH TANGGA > KAIN UNTUK LAP & PEL > KAIN KESET,,0,0.0,0.111,0.01,0.0,0.071,0.0,0.0,0.081,UNMAPPED,,0,,,
45,PERALATAN UMUM,2,false,98,Alat dan Buku Tulis > PERALATAN UMUM,model_code,1,0.0,0.102,0.194,0.031,0.071,0.0,0.0,0.255,UNMAPPED,,0,,,
46,KARTU UCAPAN,2,true,97,Alat dan Buku Tulis > KARTU UCAPAN,,0,0.0,0.062,0.031,0.0,0.021,0.01,0.0,0.113,EXACT,Seni & Hiburan > Pesta & Perayaan > Pemberian Hadiah > Kartu Ucapan & Catatan > Kartu Ucapan,13,Ukuran baterai | Jenis baterai | Ukuran kartu | Jenis perayaan | Warna | Bahan hiasan/trim | Jenis pesan internal | Gaya barang | Bahan | Pola | Desain personalisasi | Hubungan penerima | Tema,False,exact-raw
939,KAMPER / KAPUR BARUS (CAMPHOR/NAPHTALENE BALL),4,false,97,Perawatan Diri & Rumah Tangga > Rumah Tangga > ANTI HAMA & SERANGGA > KAMPER / KAPUR BARUS (CAMPHOR/NAPHTALENE BALL),net_content|pack_count,2,0.866,0.32,0.062,0.01,0.0,0.0,0.124,0.052,UNMAPPED,,0,,,
1529,BASKOM AIR,6,true,97,Perawatan Diri & Rumah Tangga > Rumah Tangga > Peralatan & Perlengkapan Rumah Tangga > PERALATAN RUMAH TANGGA > PERALATAN DAN PENYIMPANAN DI KAMAR MANDI > BASKOM AIR,,0,0.021,0.0,0.155,0.01,0.041,0.0,0.0,0.144,UNMAPPED,,0,,,
268,RICE COOKER,3,true,96,Elektronik > ALAT ELEKTRONIK DAPUR > RICE COOKER,colour|model_code|net_content,3,0.354,0.0,0.292,0.0,0.021,0.073,0.0,0.375,UNMAPPED,,0,,,
406,PAKAIAN TIDUR WANITA,3,false,96,Fashion > FASHION WANITA > PAKAIAN TIDUR WANITA,,0,0.01,0.0,0.01,0.0,0.042,0.177,0.0,0.135,AMBIGUOUS,,0,,,fuzzy-stripped
969,KERAN AIR KAMAR MANDI,4,true,96,Perbaikan Rumah > PERLENGKAPAN PERBAIKAN RUMAH > KERAN AIR > KERAN AIR KAMAR MANDI,,0,0.0,0.0,0.135,0.01,0.052,0.0,0.0,0.031,FUZZY,Perkakas > Perpipaan > Perlengkapan Perpipaan > Keran > Keran Wastafel Kamar Mandi,3,Warna | Bahan | Pola,False,fuzzy-raw
70,MAINAN BAYI & BALITA,2,true,95,Mainan dan Alat Lainnya > MAINAN BAYI & BALITA,model_code|pack_count,2,0.011,0.337,0.063,0.0,0.105,0.0,0.0,0.789,FUZZY,Bayi & Balita,0,,True,fuzzy-raw
88,KACANG DAN SNACK LAINNYA,3,false,94,Makanan dan Minuman > MAKANAN KECIL  > KACANG DAN SNACK LAINNYA,flavour|net_content,2,0.915,0.0,0.064,0.245,0.011,0.0,0.0,0.0,UNMAPPED,,0,,,
160,KUAS CAT,3,true,94,Perbaikan Rumah > ALAT ALAT PERBAIKAN RUMAH > KUAS CAT,,0,0.011,0.043,0.149,0.0,0.0,0.0,0.0,0.0,EXACT,Perkakas > Peralatan > Alat Cat > Kuas Cat,5,Kandungan Alkohol/Pelarut | Bahan bulu sikat | Warna | Desain kuas cat | Pola,False,exact-raw
198,TALI PLASTIK TWIST TIE (CABLE TIE NYLON),3,true,94,Perbaikan Rumah > PERLENGKAPAN PERBAIKAN RUMAH > TALI PLASTIK TWIST TIE (CABLE TIE NYLON),colour|pack_count,2,0.0,0.287,0.574,0.0,0.011,0.0,0.0,0.011,UNMAPPED,,0,,,
653,ROTI,4,false,94,Makanan dan Minuman > MAKANAN & BAHAN MAKANAN > SEREAL & SARAPAN > ROTI,colour|flavour|net_content,3,0.383,0.043,0.372,0.394,0.0,0.0,0.0,0.0,UNMAPPED,,0,,,
1107,KABEL DATA,4,true,94,Elektronik > ALAT ELEKTRONIK KANTOR & GADGET > PERLENGKAPAN & SUKU CADANG GADGET > KABEL DATA,model_code,1,0.0,0.0,0.043,0.0,0.011,0.0,0.0,0.638,UNMAPPED,,0,,,
1325,JUS BUAH,5,true,94,Makanan dan Minuman > MINUMAN > MINUMAN DALAM KEMASAN > JUS BUAH & SAYURAN > JUS BUAH,colour|flavour|net_content,3,0.766,0.011,0.223,0.298,0.0,0.0,0.0,0.011,EXACT,"Makanan, Minuman & Tembakau > Minuman > Minuman Berperisa Buah > Jus Buah",6,Informasi alergen | Preferensi diet | Suplemen makanan | Rasa | Jenis kemasan | Inklusi tekstur,False,exact-raw
360,KOTAK KADO,3,true,93,Alat dan Buku Tulis > PERALATAN UMUM > KOTAK KADO,,0,0.0,0.0,0.011,0.011,0.0,0.0,0.0,0.0,UNMAPPED,,0,,,
117,ROKOK,3,true,92,Makanan dan Minuman > ROKOK & LAINNYA > ROKOK,colour,1,0.011,0.0,0.283,0.087,0.0,0.0,0.011,0.011,EXACT,"Makanan, Minuman & Tembakau > Produk Tembakau > Rokok",4,Jenis filter rokok | Ukuran rokok | Deskripsi kekuatan rokok | Jenis tembakau,True,exact-raw
171,TANG,3,true,92,Perbaikan Rumah > ALAT ALAT PERBAIKAN RUMAH > TANG,,0,0.0,0.0,0.109,0.0,0.0,0.0,0.0,0.011,EXACT,Perkakas > Peralatan > Tang,3,Warna | Bahan perangkat keras | Pola,True,exact-raw
176,LEM MATERIAL,3,true,92,Perbaikan Rumah > MATERIAL PERBAIKAN RUMAH > LEM MATERIAL,colour|net_content,2,0.522,0.011,0.217,0.0,0.12,0.0,0.0,0.109,UNMAPPED,,0,,,
906,SUN BLOCK / SUN SCREEN,3,true,92,Perawatan Diri & Rumah Tangga > Perawatan Diri > SUN BLOCK / SUN SCREEN,net_content,1,0.935,0.0,0.152,0.0,0.0,0.0,0.12,0.163,UNMAPPED,,0,,,
532,BISKUIT SEASONAL ,4,true,90,"Makanan dan Minuman > MAKANAN KECIL  > COOKIES, BISKUIT DAN LAIN LAIN > BISKUIT SEASONAL ",flavour|net_content,2,0.911,0.156,0.167,0.2,0.011,0.0,0.0,0.056,UNMAPPED,,0,,,
799,BEDAK ANAK & BAYI,4,true,90,Keperluan Anak dan Bayi > PERAWATAN ANAK & BAYI > PERAWATAN KULIT ANAK & BAYI > BEDAK ANAK & BAYI,net_content|scent,2,1.0,0.0,0.056,0.033,0.0,0.0,0.278,0.022,UNMAPPED,,0,,,
801,COLOGNE ANAK & BAYI,4,true,90,Keperluan Anak dan Bayi > PERAWATAN ANAK & BAYI > PERAWATAN KULIT ANAK & BAYI > COLOGNE ANAK & BAYI,net_content,1,0.989,0.0,0.089,0.089,0.0,0.0,0.122,0.011,EXACT,Kesehatan & Kecantikan > Perawatan Tubuh > Kosmetik > Parfum & Cologne > Cologne,15,Kelompok usia | Kandungan Alkohol/Pelarut | Jenis dispenser | Keharuman | Format set hadiah | Bahan | Acara | Keluarga olfaktori | Jenis kemasan | Sertifikasi & standar produk | Bentuk produk | Aroma | Musim | Cocok untuk jenis kulit | Jenis kelamin sasaran,False,exact-stripped
1175,BATIK LENGAN PENDEK PRIA,4,true,90,Fashion > FASHION PRIA > BATIK PRIA > BATIK LENGAN PENDEK PRIA,model_code,1,0.0,0.0,0.0,0.0,0.033,0.044,0.0,0.233,UNMAPPED,,0,,,
1178,JEANS PRIA,4,true,90,Fashion > FASHION PRIA > BAWAHAN PRIA > JEANS PRIA,colour|garment_size|model_code,3,0.0,0.0,0.289,0.0,0.056,0.622,0.0,0.433,EXACT,Busana dan Aksesori > Pakaian > Pakaian Bayi & Anak > Celana Bayi & Anak > Jeans,8,Fitur pakaian bayi/balita | Warna | Kain | Jenis panjang celana | Pola | Ukuran | Jenis ukuran | Jenis kelamin sasaran,False,exact-stripped
1087,MOUSE,4,true,88,Elektronik > ALAT ELEKTRONIK KANTOR & GADGET > PERLENGKAPAN KOMPUTER > MOUSE,colour|model_code,2,0.0,0.0,0.318,0.0,0.0,0.0,0.011,0.659,UNMAPPED,,0,,,
1672,TEMPAT PENYIMPANAN MAKANAN,7,false,88,Perawatan Diri & Rumah Tangga > Rumah Tangga > Peralatan & Perlengkapan Rumah Tangga > PERALATAN RUMAH TANGGA > PERALATAN DAN PENYIMPANAN DI DAPUR > TEMPAT PENYIMPANAN MAKANAN & MINUMAN > TEMPAT PENYIMPANAN MAKANAN,material|model_code|net_content,3,0.318,0.17,0.125,0.057,0.239,0.0,0.034,0.648,FUZZY,Rumah & Taman > Dapur & Ruang Makan > Penyimpanan Makanan,6,Jenis penutupan | Warna | Fitur penyimpanan makanan | Bahan penyimpanan makanan | Pola | Bentuk,True,fuzzy-raw
357,KALKULATOR,3,true,87,Alat dan Buku Tulis > PERALATAN UMUM > KALKULATOR,model_code,1,0.023,0.0,0.149,0.0,0.0,0.0,0.0,0.575,EXACT,Perlengkapan Kantor > Perlengkapan Kantor > Kalkulator,0,,True,exact-raw
624,MINYAK GORENG,4,true,86,Makanan dan Minuman > MAKANAN & BAHAN MAKANAN > MINYAK > MINYAK GORENG,net_content,1,0.326,0.0,0.0,0.0,0.0,0.0,0.058,0.023,EXACT,"Makanan, Minuman & Tembakau > Item Makanan > Bahan Memasak & Baking > Minyak Goreng",4,Informasi alergen | Preferensi diet | Metode pengolahan minyak | Persyaratan penyimpanan,True,exact-raw
408,JAM TANGAN PRIA,3,true,85,Fashion > JAM TANGAN > JAM TANGAN PRIA,colour|model_code,2,0.012,0.0,0.471,0.024,0.024,0.0,0.024,0.259,EXACT,Busana dan Aksesori > Perhiasan > Jam Tangan,14,Kelompok usia | Warna tali | Pola tali | Warna casing | Bahan wadah | Pola casing | Bahan kristal | Warna pelat jam | Pola pelat jam | Jenis kelamin sasaran | Layar jam tangan | Fitur jam tangan | Bahan jam tangan | Pergerakan jam,True,exact-stripped
1890,CETAKAN MAKANAN,7,true,85,Perawatan Diri & Rumah Tangga > Rumah Tangga > Peralatan & Perlengkapan Rumah Tangga > PERALATAN RUMAH TANGGA > PERALATAN DAN PENYIMPANAN DI DAPUR > ALAT DAPUR & AKSESORIS DAPUR > CETAKAN MAKANAN,,0,0.0,0.176,0.035,0.0,0.024,0.0,0.0,0.0,UNMAPPED,,0,,,
277,BATERAI,3,true,84,Elektronik > ALAT ELEKTRONIK RUMAH LAINNYA > BATERAI,model_code,1,0.0,0.048,0.179,0.0,0.0,0.0,0.0,0.417,EXACT,Elektronik > Aksesori Elektronik > Daya > Baterai,12,Fitur baterai | Ukuran baterai | Teknologi baterai | Jenis baterai | Warna | Teknologi baterai yang kompatibel | Gender konektor | Jenis konektor | Bahan | Pola | Jenis steker | Sertifikasi & standar produk,True,exact-raw
463,PEWARNA KUKU,3,true,84,Kosmetik dan Alat Kecantikan > MAKE UP KUKU > PEWARNA KUKU,,0,0.024,0.012,0.0,0.0,0.024,0.012,0.0,0.143,UNMAPPED,,0,,,
551,PERMEN JELLY,4,true,84,Makanan dan Minuman > MAKANAN KECIL  > PERMEN MARSHMALLOW DAN LAIN LAIN > PERMEN JELLY,net_content,1,0.976,0.06,0.143,0.19,0.0,0.0,0.012,0.012,UNMAPPED,,0,,,
597,MAKANAN BEKU LAINNYA,4,true,84,Makanan dan Minuman > MAKANAN & BAHAN MAKANAN > MAKANAN BEKU > MAKANAN BEKU LAINNYA,flavour|net_content|pack_count,3,0.786,0.226,0.107,0.238,0.024,0.0,0.0,0.071,EXACT,Hewan & Perlengkapan Hewan Piaraan > Perlengkapan Hewan Piaraan > Perlengkapan Ikan & Akuatik > Makanan Ikan > Makanan Beku,4,Jenis ikan | Jenis kemasan | Rasa makanan hewan peliharaan | Cocok untuk jenis ikan,False,exact-raw
309,STABILO,3,true,83,Alat dan Buku Tulis > ALAT TULIS > STABILO,colour|model_code,2,0.0,0.072,0.554,0.024,0.0,0.0,0.012,0.349,EXACT,Perlengkapan Kantor > Peralatan Kantor > Alat Tulis & Gambar > Spidol & Stabilo > Stabilo,4,Kandungan Alkohol/Pelarut | Warna | Desain ujung spidol | Pola,False,exact-raw
403,GAUN,3,false,83,Fashion > FASHION WANITA > GAUN,,0,0.0,0.0,0.012,0.0,0.012,0.012,0.0,0.157,UNMAPPED,,0,,,
1350,ROTI LAINNYA,5,true,83,Makanan dan Minuman > MAKANAN & BAHAN MAKANAN > SEREAL & SARAPAN > ROTI > ROTI LAINNYA,flavour|net_content,2,0.301,0.048,0.169,0.325,0.0,0.0,0.0,0.0,UNMAPPED,,0,,,
445,SEPATU SNEAKERS WANITA,3,true,82,Fashion > SEPATU WANITA > SEPATU SNEAKERS WANITA,colour|garment_size,2,0.024,0.0,0.854,0.0,0.037,0.951,0.0,0.061,UNMAPPED,,0,,,
1298,SERAGAM PRAMUKA,4,true,82,Fashion > SERAGAM & ATRIBUT SEKOLAH > SERAGAM SEKOLAH > SERAGAM PRAMUKA,,0,0.0,0.0,0.0,0.0,0.0,0.0,0.0,0.0,UNMAPPED,,0,,,
1322,SUSU KESEHATAN,5,true,82,Makanan dan Minuman > MINUMAN > MINUMAN DALAM KEMASAN > SUSU > SUSU KESEHATAN,colour|flavour|net_content,3,0.951,0.171,0.354,0.537,0.0,0.0,0.0,0.098,UNMAPPED,,0,,,
528,TEH KEMASAN BOTOL,4,true,81,"Makanan dan Minuman > COKLAT, KOPI & TEH > TEH INSTAN > TEH KEMASAN BOTOL",flavour|net_content,2,0.951,0.0,0.198,0.556,0.0,0.0,0.025,0.136,UNMAPPED,,0,,,
882,VITAMIN RAMBUT,4,true,81,Perawatan Diri & Rumah Tangga > Perawatan Diri > PERAWATAN RAMBUT > VITAMIN RAMBUT,flavour|net_content|pack_count|scent,4,0.988,0.309,0.086,0.21,0.0,0.0,0.235,0.012,UNMAPPED,,0,,,
918,ALAT CUKUR,4,true,81,Perawatan Diri & Rumah Tangga > Perawatan Diri > PENCUKUR & PERONTOK RAMBUT > ALAT CUKUR,colour|model_code|pack_count,3,0.0,0.284,0.333,0.0,0.0,0.0,0.0,0.21,UNMAPPED,,0,,,
1004,OLI MOTOR,4,true,81,"Hobi, Ibadah, dan Olahraga > Perawatan & Suku Cadang Motor > PERAWATAN MOTOR > OLI MOTOR",net_content,1,0.593,0.0,0.049,0.0,0.0,0.0,0.0,0.049,AMBIGUOUS,,0,,,fuzzy-raw
1194,ATASAN MUSLIM WANITA,4,true,81,Fashion > FASHION WANITA > BAJU MUSLIM WANITA > ATASAN MUSLIM WANITA,colour,1,0.0,0.0,0.481,0.012,0.012,0.086,0.0,0.136,UNMAPPED,,0,,,
1461,PAKAIAN RENANG WANITA,5,true,81,Fashion > PAKAIAN OLAHRAGA > PAKAIAN OLAHRAGA WANITA > PAKAIAN DALAM OLAHRAGA WANITA > PAKAIAN RENANG WANITA,model_code,1,0.198,0.012,0.025,0.0,0.0,0.185,0.0,0.58,EXACT,Busana dan Aksesori > Pakaian > Pakaian Renang,11,Kelompok usia | Warna | Tingkat cakupan | Kain | Jenis pelapis | Pola | Ukuran | Jenis ukuran | Jenis panjang lengan | Fitur pakaian renang | Jenis kelamin sasaran,True,exact-stripped
1613,EMBER TANPA TUTUP,7,true,81,Perawatan Diri & Rumah Tangga > Rumah Tangga > Peralatan & Perlengkapan Rumah Tangga > PERALATAN RUMAH TANGGA > PERALATAN DAN PENYIMPANAN DI KAMAR MANDI > EMBER > EMBER TANPA TUTUP,colour|net_content,2,0.222,0.0,0.321,0.0,0.0,0.0,0.0,0.148,UNMAPPED,,0,,,
1786,FOOD COURT,3,true,81,UNUSED > AREA DISPLAY > FOOD COURT,flavour,1,0.0,0.0,0.074,0.284,0.025,0.0,0.0,0.0,UNMAPPED,,0,,,
1403,POPOK (DIAPERS) DEWASA SEKALI PAKAI (DISPOSABLE) MODEL CELANA,5,true,80,Perawatan Diri & Rumah Tangga > Perawatan Diri > KEBUTUHAN KHUSUS LANJUT USIA > POPOK (DIAPERS) DEWASA > POPOK (DIAPERS) DEWASA SEKALI PAKAI (DISPOSABLE) MODEL CELANA,model_code,1,0.0,0.05,0.0,0.0,0.0,0.037,0.05,0.362,UNMAPPED,,0,,,
222,RESLETING / SELETING / RITSLETING,3,true,79,"Hobi, Ibadah, dan Olahraga > MENJAHIT > RESLETING / SELETING / RITSLETING",colour,1,0.0,0.0,0.823,0.063,0.165,0.0,0.0,0.0,UNMAPPED,,0,,,
539,KERIPIK SINGKONG,4,true,79,Makanan dan Minuman > MAKANAN KECIL  > KERIPIK > KERIPIK SINGKONG,flavour|net_content,2,0.949,0.0,0.127,0.443,0.0,0.0,0.0,0.051,UNMAPPED,,0,,,
620,PASTA KERING,4,true,79,Makanan dan Minuman > MAKANAN & BAHAN MAKANAN > MIE KERING & PASTA > PASTA KERING,net_content,1,0.975,0.0,0.013,0.013,0.0,0.0,0.0,0.051,UNMAPPED,,0,,,
830,DOT & EMPENG (PACIFIER),4,true,79,Keperluan Anak dan Bayi > PERALATAN UNTUK ANAK & BAYI > PERALATAN MENYUSUI ANAK & BAYI > DOT & EMPENG (PACIFIER),colour|material|model_code|net_content,4,0.253,0.152,0.266,0.0,0.456,0.038,0.0,0.81,UNMAPPED,,0,,,
895,TONER,4,true,79,Perawatan Diri & Rumah Tangga > Perawatan Diri > PERAWATAN WAJAH > TONER,net_content|scent,2,1.0,0.0,0.152,0.076,0.0,0.0,0.215,0.013,EXACT,Kesehatan & Kecantikan > Perawatan Tubuh > Kosmetik > Perawatan Wajah > Toner & Astringen > Toner,19,Bahan aktif | Kandungan Alkohol/Pelarut | Metode pemakaian | Area tubuh | Bahan penyusun | Fungsi kosmetik | Jenis dispenser | Keharuman | Tingkat keharuman | Asal bahan | Bahan | Tingkat PH | Jenis kemasan | Sertifikasi & standar produk | Bentuk produk | Efek perawatan kulit | Fitur perawatan kulit | Cocok untuk jenis kulit | Tingkat perlindungan UVA,False,exact-raw
1563,KAPSTOK,6,true,79,Perawatan Diri & Rumah Tangga > Rumah Tangga > Peralatan & Perlengkapan Rumah Tangga > PERLENGKAPAN RUMAH TANGGA > PERLENGKAPAN KAMAR & KAMAR MANDI > KAPSTOK,colour,1,0.0,0.114,0.203,0.051,0.038,0.0,0.038,0.19,UNMAPPED,,0,,,
292,SENTER,3,true,78,Elektronik > ALAT ELEKTRONIK RUMAH LAINNYA > SENTER,model_code,1,0.038,0.0,0.013,0.0,0.013,0.0,0.0,0.577,EXACT,Perkakas > Peralatan > Senter & Lampu Kepala > Senter,8,Ukuran baterai | Jenis baterai | Warna | Bahan housing | Sumber cahaya | Fitur pencahayaan | Pola | Sumber listrik,True,exact-raw
1072,PERALATAN PERAWATAN KUCING,4,true,78,"Hobi, Ibadah, dan Olahraga > HEWAN PELIHARAAN > PERAWATAN HEWAN PELIHARAAN > PERALATAN PERAWATAN KUCING",,0,0.026,0.026,0.09,0.026,0.026,0.0,0.038,0.0,UNMAPPED,,0,,,
1785,INVENTORY KANTOR,1,true,78,INVENTORY KANTOR,,0,0.051,0.128,0.167,0.0,0.167,0.013,0.038,0.167,UNMAPPED,,0,,,
39,ALAT TULIS,2,false,77,Alat dan Buku Tulis > ALAT TULIS,,0,0.013,0.039,0.195,0.026,0.013,0.0,0.0,0.117,EXACT,Perlengkapan Kantor > Perlengkapan Kantor Umum > Produk Kertas > Alat Tulis,2,Warna | Pola,False,exact-raw
80,KOPI INSTAN (RTD),3,false,77,"Makanan dan Minuman > COKLAT, KOPI & TEH > KOPI INSTAN (RTD)",colour|flavour|net_content|pack_count,4,0.909,0.753,0.299,0.26,0.0,0.0,0.013,0.013,FUZZY,"Makanan, Minuman & Tembakau > Minuman > Kopi > Kopi Instan",9,Informasi alergen | Kandungan kafein | Spesies biji kopi | Sangrai kopi | Negara | Preferensi diet | Suplemen makanan | Rasa | Bentuk kopi instan,False,fuzzy-raw
514,SIRUP,4,true,77,Makanan dan Minuman > MINUMAN > MINUMAN DALAM KEMASAN > SIRUP,flavour|net_content,2,0.935,0.0,0.182,0.429,0.0,0.0,0.052,0.052,UNMAPPED,,0,,,
923,PEMBERSIH KEWANITAAN,4,true,77,Perawatan Diri & Rumah Tangga > Perawatan Diri > KEBUTUHAN KHUSUS WANITA > PEMBERSIH KEWANITAAN,colour|net_content|scent,3,1.0,0.0,0.403,0.013,0.026,0.0,0.403,0.0,EXACT,Kesehatan & Kecantikan > Perawatan Tubuh > Perlengkapan Sanitasi Kewanitaan > Pembersih Kewanitaan,11,Bahan penyusun | Jenis dispenser | Tingkat keharuman | Bahan | Tingkat PH | Sertifikasi & standar produk | Bentuk produk | Aroma | Efek perawatan kulit | Cocok untuk jenis kulit | Tujuan perawatan,False,exact-raw
1249,SEPATU OLAHRAGA ANAK LAKI-LAKI,4,true,77,Fashion > SEPATU ANAK & BAYI > SEPATU ANAK & BAYI LAKI-LAKI > SEPATU OLAHRAGA ANAK LAKI-LAKI,colour|garment_size|model_code,3,0.0,0.0,0.896,0.0,0.0,0.935,0.0,0.364,FUZZY,Busana dan Aksesori > Sepatu > Sepatu Bayi & Anak > Sepatu Olahraga Bayi & Anak,13,Aktivitas | Petunjuk perawatan | Jenis penutupan | Warna | Bahan alas kaki | Bahan pelapis | Bahan sol luar | Pola | Fitur sepatu | Kesesuaian sepatu | Ukuran sepatu | Jenis kelamin sasaran | Gaya kaki,False,fuzzy-raw
74,ALAT LAINNYA,2,false,76,Mainan dan Alat Lainnya > ALAT LAINNYA,model_code,1,0.0,0.079,0.026,0.0,0.013,0.0,0.0,0.697,UNMAPPED,,0,,,
564,BERAS PUTIH,4,true,76,Makanan dan Minuman > MAKANAN & BAHAN MAKANAN > BERAS > BERAS PUTIH,net_content|scent,2,1.0,0.0,0.171,0.171,0.0,0.0,0.237,0.0,UNMAPPED,,0,,,
286,KABEL GULUNG,3,true,75,Elektronik > ALAT ELEKTRONIK RUMAH LAINNYA > KABEL GULUNG,colour|pack_count,2,0.0,0.627,0.227,0.013,0.0,0.0,0.0,0.027,UNMAPPED,,0,,,
378,AKSESORIS RAMBUT DEWASA,3,false,75,Fashion > AKSESORIS FASHION DEWASA > AKSESORIS RAMBUT DEWASA,,0,0.0,0.013,0.013,0.013,0.08,0.0,0.0,0.0,UNMAPPED,,0,,,
394,BAJU MUSLIM PRIA,3,false,75,Fashion > FASHION PRIA > BAJU MUSLIM PRIA,model_code,1,0.0,0.0,0.107,0.0,0.0,0.067,0.0,0.24,UNMAPPED,,0,,,
407,JAM TANGAN ANAK,3,true,75,Fashion > JAM TANGAN > JAM TANGAN ANAK,colour,1,0.0,0.0,0.52,0.0,0.027,0.0,0.0,0.08,EXACT,Busana dan Aksesori > Perhiasan > Jam Tangan,14,Kelompok usia | Warna tali | Pola tali | Warna casing | Bahan wadah | Pola casing | Bahan kristal | Warna pelat jam | Pola pelat jam | Jenis kelamin sasaran | Layar jam tangan | Fitur jam tangan | Bahan jam tangan | Pergerakan jam,True,exact-stripped
829,BOTOL SUSU,4,true,75,Keperluan Anak dan Bayi > PERALATAN UNTUK ANAK & BAYI > PERALATAN MENYUSUI ANAK & BAYI > BOTOL SUSU,colour|model_code|net_content,3,0.88,0.0,0.533,0.0,0.053,0.0,0.0,0.773,UNMAPPED,,0,,,
1160,TOPI BAYI,4,true,75,Fashion > FASHION ANAK & BAYI > PAKAIAN BAYI > TOPI BAYI,model_code,1,0.0,0.013,0.027,0.013,0.027,0.0,0.0,0.387,EXACT,Busana dan Aksesori > Aksesori Pakaian > Topi,10,Item aksesori yang disertakan | Ukuran aksesori | Kelompok usia | Warna | Kain | Fitur penutup kepala | Pola | Ukuran | Jenis ukuran | Jenis kelamin sasaran,True,exact-stripped
835,COOLER BAG,4,true,74,Keperluan Anak dan Bayi > PERLENGKAPAN ANAK & BAYI > PERLENGKAPAN BEPERGIAN ANAK & BAYI > COOLER BAG,model_code,1,0.0,0.0,0.108,0.014,0.014,0.081,0.0,0.568,UNMAPPED,,0,,,
1638,KANTONG PLASTIK KRESEK,7,true,74,Perawatan Diri & Rumah Tangga > Rumah Tangga > Peralatan & Perlengkapan Rumah Tangga > PERALATAN RUMAH TANGGA > PERALATAN DAN PENYIMPANAN DI DAPUR > ALAT DAPUR & AKSESORIS DAPUR > KANTONG PLASTIK KRESEK,colour|pack_count,2,0.162,0.919,0.297,0.0,0.0,0.0,0.0,0.041,UNMAPPED,,0,,,
1691,KONTAINER,7,true,74,Perawatan Diri & Rumah Tangga > Rumah Tangga > Peralatan & Perlengkapan Rumah Tangga > PERALATAN RUMAH TANGGA > PERALATAN DAN PENYIMPANAN DI DAPUR > TEMPAT PENYIMPANAN LAINNYA > KONTAINER,model_code,1,0.108,0.014,0.041,0.0,0.0,0.0,0.0,0.514,UNMAPPED,,0,,,
362,LAKBAN,3,true,73,Alat dan Buku Tulis > PERALATAN UMUM > LAKBAN,colour,1,0.0,0.11,0.452,0.082,0.151,0.0,0.0,0.068,EXACT,Perkakas > Bahan Bangunan Habis Pakai > Lakban Perkakas > Lakban,3,Warna | Pola | Ruang yang cocok,False,exact-raw
647,OLESAN,4,true,73,Makanan dan Minuman > MAKANAN & BAHAN MAKANAN > SELAI & OLESAN > OLESAN,colour|flavour|net_content,3,1.0,0.0,0.26,0.205,0.0,0.0,0.0,0.041,UNMAPPED,,0,,,
903,LULUR ,4,true,73,Perawatan Diri & Rumah Tangga > Perawatan Diri > PERAWATAN BADAN > LULUR ,net_content,1,1.0,0.0,0.11,0.151,0.0,0.0,0.11,0.014,UNMAPPED,,0,,,
1085,HEADSET,4,true,73,Elektronik > ALAT ELEKTRONIK KANTOR & GADGET > PERLENGKAPAN KOMPUTER > HEADSET,model_code,1,0.0,0.0,0.027,0.0,0.0,0.0,0.0,0.63,EXACT,Elektronik > Audio > Komponen Audio > Headphone & Headset > Headset,19,Faktor bentuk komponen audio | Konektivitas audio | Ukuran baterai | Jenis baterai | Jenis antarmuka pengisian daya | Warna | Teknologi konektivitas | Antarmuka perangkat | Fitur earphone | Teknologi driver headphone | Gaya headphone | Peringkat ingress protection (IP) | Jenis pencahayaan | Bahan | Kedalaman bit maksimum | Jenis mikrofon | Teknologi peredam kebisingan | Pola | Sumber listrik,True,exact-raw
298,CAT UNTUK MENGGAMBAR / MELUKIS,3,true,72,Alat dan Buku Tulis > ALAT MENGGAMBAR / MELUKIS > CAT UNTUK MENGGAMBAR / MELUKIS,colour|model_code|net_content,3,0.514,0.056,0.347,0.042,0.0,0.0,0.014,0.264,UNMAPPED,,0,,,
1313,AIR MINERAL KEMASAN BOTOL,5,true,72,Makanan dan Minuman > MINUMAN > MINUMAN DALAM KEMASAN > AIR MINERAL > AIR MINERAL KEMASAN BOTOL,net_content,1,0.944,0.0,0.028,0.0,0.0,0.0,0.0,0.097,UNMAPPED,,0,,,
1384,MINYAK ANGIN,5,true,72,Perawatan Diri & Rumah Tangga > Perawatan Diri > OBAT-OBATAN > PEREDA NYERI & OBAT LUAR > MINYAK ANGIN,net_content|scent,2,0.972,0.028,0.111,0.056,0.028,0.0,0.708,0.0,UNMAPPED,,0,,,
1557,MEJA LIPAT,6,true,72,Perawatan Diri & Rumah Tangga > Rumah Tangga > Peralatan & Perlengkapan Rumah Tangga > PERLENGKAPAN RUMAH TANGGA > MEJA  > MEJA LIPAT,colour,1,0.0,0.0,0.347,0.069,0.139,0.0,0.0,0.167,EXACT,Furnitur > Meja > Meja Lipat,10,Warna rangka | Bahan rangka | Pola rangka | Fitur furnitur/perabot | Warna kaki | Bahan kaki | Pola kaki | Warna permukaan meja | Bahan permukaan meja | Pola permukaan meja,True,exact-raw
1749,MANGKUK MELAMIN,8,true,72,Perawatan Diri & Rumah Tangga > Rumah Tangga > Peralatan & Perlengkapan Rumah Tangga > PERALATAN RUMAH TANGGA > PERALATAN DAN PENYIMPANAN DI DAPUR > PERALATAN MAKAN > MANGKUK > MANGKUK MELAMIN,colour|model_code,2,0.014,0.0,0.417,0.042,0.0,0.0,0.0,0.403,UNMAPPED,,0,,,
488,SEPEDA ANAK,3,true,71,Mainan dan Alat Lainnya > MAINAN OLAHRAGA DAN AKTIVITAS > SEPEDA ANAK,,0,0.0,0.028,0.028,0.0,0.0,0.0,0.0,0.127,EXACT,Peralatan Olahraga > Rekreasi Luar Ruang > Bersepeda > Sepeda > Sepeda Anak-anak,10,Kelompok usia | Ukuran baterai | Jenis baterai | Fitur sepeda | Jenis suspensi sepeda | Warna | Jenis roda gigi | Bahan | Pola | Jenis kelamin sasaran,False,exact-raw
649,GRANOLA,4,true,71,Makanan dan Minuman > MAKANAN & BAHAN MAKANAN > SEREAL & SARAPAN > GRANOLA,flavour|net_content,2,1.0,0.0,0.014,0.282,0.0,0.0,0.014,0.014,EXACT,"Makanan, Minuman & Tembakau > Item Makanan > Bijian, Beras & Sereal > Sereal & Granola > Granola",5,Informasi alergen | Jenis sereal | Preferensi diet | Rasa | Persyaratan penyimpanan,False,exact-raw
909,OBAT KUMUR (MOUTHWASH) DEWASA,4,true,71,Perawatan Diri & Rumah Tangga > Perawatan Diri > PERAWATAN MULUT & GIGI > OBAT KUMUR (MOUTHWASH) DEWASA,flavour|net_content,2,0.986,0.07,0.169,0.366,0.0,0.0,0.155,0.014,FUZZY,Kesehatan & Kecantikan > Perawatan Tubuh > Perawatan Mulut > Obat Kumur,8,Bahan aktif | Kelompok usia | Kandungan Alkohol/Pelarut | Rasa | Kandungan fluorida | Bahan | Fungsi perawatan mulut | Bentuk produk,False,fuzzy-stripped
956,PERLENGKAPAN RUMAH TANGGA,4,false,71,Perawatan Diri & Rumah Tangga > Rumah Tangga > Peralatan & Perlengkapan Rumah Tangga > PERLENGKAPAN RUMAH TANGGA,colour,1,0.014,0.042,0.268,0.014,0.0,0.0,0.0,0.113,EXACT,Rumah & Taman > Perlengkapan Rumah Tangga,2,Warna | Pola,True,exact-raw
1203,ATASAN BATIK WANITA,4,true,71,Fashion > FASHION WANITA > BATIK WANITA > ATASAN BATIK WANITA,,0,0.0,0.0,0.155,0.07,0.0,0.028,0.0,0.0,UNMAPPED,,0,,,
1647,PENYARING (STRAINER),7,true,71,Perawatan Diri & Rumah Tangga > Rumah Tangga > Peralatan & Perlengkapan Rumah Tangga > PERALATAN RUMAH TANGGA > PERALATAN DAN PENYIMPANAN DI DAPUR > ALAT DAPUR & AKSESORIS DAPUR > PENYARING (STRAINER),material|model_code,2,0.0,0.0,0.056,0.155,0.211,0.0,0.0,0.366,UNMAPPED,,0,,,
190,KERAN AIR,3,false,70,Perbaikan Rumah > PERLENGKAPAN PERBAIKAN RUMAH > KERAN AIR,,0,0.0,0.0,0.157,0.0,0.014,0.0,0.0,0.057,FUZZY,Rumah & Taman > Dapur & Ruang Makan > Peralatan Dapur > Filter Air > Filter Air Keran,4,Bahan filter | Jenis pemasangan | Sumber listrik | Teknologi filtrasi air,False,fuzzy-raw
194,PIPA,3,true,70,Perbaikan Rumah > PERLENGKAPAN PERBAIKAN RUMAH > PIPA,,0,0.0,0.1,0.1,0.014,0.1,0.0,0.0,0.014,UNMAPPED,,0,,,
392,ATASAN PRIA,3,false,70,Fashion > FASHION PRIA > ATASAN PRIA,colour,1,0.086,0.0,0.2,0.0,0.0,0.157,0.0,0.043,UNMAPPED,,0,,,
874,MASKER RAMBUT (HAIR MASK),4,true,70,Perawatan Diri & Rumah Tangga > Perawatan Diri > PERAWATAN RAMBUT > MASKER RAMBUT (HAIR MASK),colour|flavour|net_content,3,0.957,0.0,0.371,0.243,0.0,0.0,0.0,0.014,UNMAPPED,,0,,,
1071,PERALATAN PERAWATAN IKAN,4,true,70,"Hobi, Ibadah, dan Olahraga > HEWAN PELIHARAAN > PERAWATAN HEWAN PELIHARAAN > PERALATAN PERAWATAN IKAN",colour|net_content,2,0.443,0.0,0.257,0.014,0.0,0.0,0.0,0.071,UNMAPPED,,0,,,
1225,KORSET WANITA,4,true,70,Fashion > FASHION WANITA > PAKAIAN DALAM WANITA > KORSET WANITA,model_code,1,0.029,0.029,0.114,0.0,0.0,0.071,0.0,0.429,UNMAPPED,,0,,,
993,JAS HUJAN/PONCO,4,true,69,"Hobi, Ibadah, dan Olahraga > Perawatan & Suku Cadang Motor > AKSESORIS MOTOR > JAS HUJAN/PONCO",colour,1,0.0,0.014,0.275,0.043,0.145,0.0,0.0,0.043,AMBIGUOUS,,0,,,fuzzy-raw
52,JAM TANGAN,2,false,68,Fashion > JAM TANGAN,material,1,0.0,0.0,0.044,0.0,0.25,0.0,0.0,0.191,EXACT,Busana dan Aksesori > Perhiasan > Jam Tangan,14,Kelompok usia | Warna tali | Pola tali | Warna casing | Bahan wadah | Pola casing | Bahan kristal | Warna pelat jam | Pola pelat jam | Jenis kelamin sasaran | Layar jam tangan | Fitur jam tangan | Bahan jam tangan | Pergerakan jam,True,exact-raw
1131,SISIR ANAK,4,true,68,Fashion > AKSESORIS FASHION ANAK > AKSESORIS RAMBUT ANAK > SISIR ANAK,,0,0.0,0.029,0.191,0.0,0.0,0.0,0.0,0.0,UNMAPPED,,0,,,
1169,SWEATER PRIA,4,true,68,Fashion > FASHION PRIA > BAJU LUARAN PRIA > SWEATER PRIA,,0,0.015,0.0,0.118,0.0,0.029,0.044,0.0,0.147,EXACT,Busana dan Aksesori > Pakaian > Pakaian Bayi & Anak > Atasan Bayi & Anak > Sweater,9,Fitur pakaian bayi/balita | Warna | Kain | Pola | Ukuran | Jenis ukuran | Jenis panjang lengan | Jenis kelamin sasaran | Jenis panjang atasan,False,exact-stripped
313,BUKU NON FIKSI,3,true,67,Alat dan Buku Tulis > BUKU BACAAN > BUKU NON FIKSI,model_code,1,0.0,0.0,0.015,0.0,0.0,0.0,0.0,0.254,UNMAPPED,,0,,,
451,ATRIBUT SEKOLAH & KELENGKAPAN LAINNYA,3,false,67,Fashion > SERAGAM & ATRIBUT SEKOLAH > ATRIBUT SEKOLAH & KELENGKAPAN LAINNYA,colour|garment_size,2,0.0,0.0,0.358,0.03,0.015,0.358,0.0,0.0,UNMAPPED,,0,,,
1137,PAYUNG,4,true,67,Fashion > AKSESORIS FASHION DEWASA > UNTUK HUJAN > PAYUNG,,0,0.0,0.0,0.119,0.0,0.015,0.0,0.0,0.075,UNMAPPED,,0,,,
304,PENSIL WARNA WARNI,3,true,66,Alat dan Buku Tulis > ALAT MENGGAMBAR / MELUKIS > PENSIL WARNA WARNI,model_code,1,0.121,0.152,0.106,0.015,0.0,0.0,0.0,0.409,UNMAPPED,,0,,,
412,KACAMATA HITAM,3,true,66,Fashion > KACAMATA > KACAMATA HITAM,colour,1,0.0,0.0,0.242,0.015,0.0,0.0,0.0,0.152,EXACT,Busana dan Aksesori > Aksesori Pakaian > Kacamata Hitam,17,Item aksesori yang disertakan | Kelompok usia | Warna | Warna bingkai kacamata | Desain bingkai kacamata | Bahan bingkai kacamata | Pola bingkai kacamata | Bahan lensa kacamata | Kain | Warna lensa | Pola lensa | Polarisasi lensa | Kategori warna lensa | Pola | Jenis kelamin sasaran | Warna pelipis | Pola pelipis,True,exact-raw
541,GRANOLA BAR & NUTRISI BAR,4,true,66,Makanan dan Minuman > MAKANAN KECIL  > KACANG DAN SNACK LAINNYA > GRANOLA BAR & NUTRISI BAR,flavour|net_content,2,1.0,0.076,0.091,0.303,0.0,0.0,0.0,0.015,FUZZY,"Makanan, Minuman & Tembakau > Item Makanan > Makanan Ringan > Sereal & Granola Bar > Granola Bar",6,Informasi alergen | Pelapisan batang | Tekstur batang | Preferensi diet | Sumber protein | Persyaratan penyimpanan,False,fuzzy-raw
797,MINYAK TELON,4,true,66,Keperluan Anak dan Bayi > PERAWATAN ANAK & BAYI > PERAWATAN KESEHATAN ANAK & BAYI > MINYAK TELON,net_content,1,0.985,0.0,0.045,0.045,0.045,0.0,0.182,0.03,UNMAPPED,,0,,,
1334,KERUPUK SIAP MAKAN,5,true,66,Makanan dan Minuman > MAKANAN & BAHAN MAKANAN > MAKANAN DALAM KEMASAN & KALENG > KERUPUK  > KERUPUK SIAP MAKAN,flavour|net_content,2,0.848,0.0,0.091,0.364,0.045,0.0,0.015,0.045,UNMAPPED,,0,,,
1757,GELAS / CUP PLASTIK,8,true,66,Perawatan Diri & Rumah Tangga > Rumah Tangga > Peralatan & Perlengkapan Rumah Tangga > PERALATAN RUMAH TANGGA > PERALATAN DAN PENYIMPANAN DI DAPUR > PERALATAN MAKAN > GELAS/CUP > GELAS / CUP PLASTIK,model_code|net_content,2,0.636,0.197,0.03,0.015,0.0,0.0,0.0,0.303,UNMAPPED,,0,,,
174,CAT,3,true,65,Perbaikan Rumah > MATERIAL PERBAIKAN RUMAH > CAT,colour|model_code|net_content,3,0.738,0.0,0.615,0.031,0.0,0.0,0.062,0.308,EXACT,Perkakas > Bahan Bangunan Habis Pakai > Bahan Pengecatan Habis Pakai > Cat,6,Kandungan Alkohol/Pelarut | Warna | Finis | Tujuan pemakaian | Pola | Ruang yang cocok,False,exact-raw
202,WALLPAPER DINDING (STIKER DINDING) & POSTER,3,true,65,Perbaikan Rumah > PERLENGKAPAN PERBAIKAN RUMAH > WALLPAPER DINDING (STIKER DINDING) & POSTER,colour|model_code,2,0.0,0.0,0.2,0.0,0.0,0.0,0.0,0.2,UNMAPPED,,0,,,
355,GUNTING KERTAS,3,true,65,Alat dan Buku Tulis > PERALATAN UMUM > GUNTING KERTAS,model_code,1,0.0,0.0,0.169,0.0,0.062,0.0,0.0,0.354,EXACT,Seni & Hiburan > Hobi & Seni Kreatif > Seni & Kerajinan > Alat Seni & Kerajinan > Alat Potong & Embos Kerajinan > Gunting Kerajinan & Kantor > Gunting Kertas,3,Bahan mata pisau | Bahan pegangan | Jenis pisau gunting,False,exact-raw
508,MINUMAN DENGAN NATA DE COCO (KELAPA),4,true,65,Makanan dan Minuman > MINUMAN > MINUMAN DALAM KEMASAN > MINUMAN DENGAN NATA DE COCO (KELAPA),flavour|net_content,2,1.0,0.0,0.046,0.585,0.0,0.0,0.0,0.015,UNMAPPED,,0,,,
1193,SWEATER WANITA,4,true,65,Fashion > FASHION WANITA > BAJU LUARAN WANITA > SWEATER WANITA,colour,1,0.0,0.0,0.385,0.046,0.031,0.0,0.031,0.138,EXACT,Busana dan Aksesori > Pakaian > Pakaian Bayi & Anak > Atasan Bayi & Anak > Sweater,9,Fitur pakaian bayi/balita | Warna | Kain | Pola | Ukuran | Jenis ukuran | Jenis panjang lengan | Jenis kelamin sasaran | Jenis panjang atasan,False,exact-stripped
1333,KERUPUK MENTAH DALAM KEMASAN,5,true,65,Makanan dan Minuman > MAKANAN & BAHAN MAKANAN > MAKANAN DALAM KEMASAN & KALENG > KERUPUK  > KERUPUK MENTAH DALAM KEMASAN,net_content,1,0.923,0.0,0.077,0.185,0.0,0.0,0.015,0.015,UNMAPPED,,0,,,
1448,SENAR GITAR,5,true,65,"Hobi, Ibadah, dan Olahraga > OLAHRAGA > ALAT MUSIK > GITAR > SENAR GITAR",,0,0.0,0.0,0.123,0.138,0.015,0.031,0.015,0.108,EXACT,Seni & Hiburan > Hobi & Seni Kreatif > Aksesori Alat Musik & Orkestra > Aksesori Alat Musik Dawai > Aksesori Gitar > Senar Gitar,5,Lapisan senar gitar | Kategori ukuran ketebalan set senar gitar | Jenis lilitan senar gitar | Bahan senar alat musik | Tipe ujung tali,True,exact-raw
1274,KOPER KABIN,4,false,64,Fashion > TAS & KOPER > TAS TRAVEL & KOPER > KOPER KABIN,colour,1,0.0,0.0,0.922,0.016,0.016,0.0,0.109,0.109,EXACT,Bagasi & Tas > Koper > Koper Kabin,10,Penutup tas/kotak | Fitur tas/kotak | Bahan tas/kotak | Fitur penyimpanan tas/kotak | Petunjuk perawatan | Opsi bawa | Warna | Pola | Jenis pemutar | Jenis pegangan koper,True,exact-raw
1471,SABUN ANAK & BAYI CAIR KEMASAN BOTOL,6,true,64,Keperluan Anak dan Bayi > PERAWATAN ANAK & BAYI > PERAWATAN KULIT ANAK & BAYI > SABUN ANAK & BAYI > SABUN ANAK & BAYI CAIR > SABUN ANAK & BAYI CAIR KEMASAN BOTOL,net_content,1,1.0,0.0,0.188,0.078,0.016,0.0,0.125,0.016,UNMAPPED,,0,,,
1482,OBAT BATUK & PILEK DEWASA,6,true,64,Perawatan Diri & Rumah Tangga > Perawatan Diri > OBAT-OBATAN > OBAT MINUM > OBAT MINUM UNTUK BATUK & PILEK > OBAT BATUK & PILEK DEWASA,flavour|net_content,2,0.797,0.141,0.047,0.266,0.0,0.0,0.0,0.016,FUZZY,"Kesehatan & Kecantikan > Perawatan Kesehatan > Obat-Obatan & Narkoba > Obat Batuk, Pilek dan Flu",8,Bahan aktif | Kelompok usia | Preferensi diet | Rasa | Bentuk Obat | Status resep | Rute pemberian | Tujuan perawatan,False,fuzzy-stripped
1542,ALAT MASAK,6,false,64,Perawatan Diri & Rumah Tangga > Rumah Tangga > Peralatan & Perlengkapan Rumah Tangga > PERALATAN RUMAH TANGGA > PERALATAN DAN PENYIMPANAN DI DAPUR > ALAT MASAK,colour|material,2,0.0,0.016,0.328,0.047,0.297,0.0,0.0,0.062,UNMAPPED,,0,,,
851,BOTOL AIR MINUM ANAK & BAYI,4,true,63,Keperluan Anak dan Bayi > PERLENGKAPAN ANAK & BAYI > PERLENGKAPAN MAKAN ANAK & BAYI  > BOTOL AIR MINUM ANAK & BAYI,colour|model_code|net_content,3,0.317,0.016,0.429,0.016,0.048,0.0,0.0,0.444,EXACT,Rumah & Taman > Dapur & Ruang Makan > Pembawa Makanan & Minuman > Botol Air Minum,12,Kelompok usia | Petunjuk pembersihan | Jenis penutupan | Warna | Jenis pegangan | Bahan insulasi | Jenis insulasi | Jenis tutup | Bahan | Pola | Sertifikasi keselamatan | Jenis corong,False,exact-stripped
1138,PAYUNG LIPAT,4,true,63,Fashion > AKSESORIS FASHION DEWASA > UNTUK HUJAN > PAYUNG LIPAT,,0,0.0,0.0,0.111,0.0,0.0,0.0,0.0,0.048,UNMAPPED,,0,,,
1212,CELANA PENDEK WANITA,4,true,63,Fashion > FASHION WANITA > BAWAHAN WANITA > CELANA PENDEK WANITA,colour,1,0.048,0.0,0.317,0.063,0.032,0.032,0.0,0.016,AMBIGUOUS,,0,,,exact-stripped
442,SEPATU FLAT DAN SEPATU BALET WANITA,3,true,62,Fashion > SEPATU WANITA > SEPATU FLAT DAN SEPATU BALET WANITA,colour|garment_size,2,0.0,0.0,0.806,0.0,0.0,1.0,0.0,0.0,UNMAPPED,,0,,,
571,BUMBU DAPUR LAINNYA,4,true,62,Makanan dan Minuman > MAKANAN & BAHAN MAKANAN > BUMBU DAPUR > BUMBU DAPUR LAINNYA,flavour|net_content,2,0.968,0.065,0.145,0.419,0.016,0.0,0.0,0.016,UNMAPPED,,0,,,
1321,SUSU KENTAL MANIS,5,true,62,Makanan dan Minuman > MINUMAN > MINUMAN DALAM KEMASAN > SUSU > SUSU KENTAL MANIS,colour|flavour|net_content,3,0.919,0.145,0.419,0.29,0.0,0.0,0.016,0.032,FUZZY,"Makanan, Minuman & Tembakau > Item Makanan > Bahan Memasak & Baking > Susu Kaleng & Bubuk > Kental Manis",3,Informasi alergen | Preferensi diet | Persyaratan penyimpanan,False,fuzzy-raw
1332,JAJANAN TRADISIONAL LAINNYA,5,true,62,Makanan dan Minuman > MAKANAN KECIL  > KACANG DAN SNACK LAINNYA > JAJANAN TRADISIONAL > JAJANAN TRADISIONAL LAINNYA,flavour|net_content,2,0.758,0.0,0.097,0.371,0.032,0.0,0.016,0.032,UNMAPPED,,0,,,
1478,SABUN CUCI TANGAN CAIR KEMASAN REFILL (POUCH),6,true,62,Perawatan Diri & Rumah Tangga > Perawatan Diri > PERAWATAN BADAN > SABUN CUCI TANGAN > SABUN CUCI TANGAN CAIR > SABUN CUCI TANGAN CAIR KEMASAN REFILL (POUCH),flavour|net_content|scent,3,0.968,0.0,0.129,0.387,0.0,0.0,0.226,0.0,UNMAPPED,,0,,,
125,PERALATAN MAKAN ANAK & BAYI,3,false,61,Keperluan Anak dan Bayi > PERALATAN UNTUK ANAK & BAYI > PERALATAN MAKAN ANAK & BAYI,colour|model_code|pack_count,3,0.016,0.738,0.656,0.0,0.016,0.049,0.0,0.869,UNMAPPED,,0,,,
206,AKSESORIS MOTOR,3,false,61,"Hobi, Ibadah, dan Olahraga > Perawatan & Suku Cadang Motor > AKSESORIS MOTOR",colour,1,0.033,0.016,0.295,0.0,0.131,0.0,0.0,0.18,UNMAPPED,,0,,,
512,MINUMAN RINGAN (SODA),4,true,61,Makanan dan Minuman > MINUMAN > MINUMAN DALAM KEMASAN > MINUMAN RINGAN (SODA),flavour|net_content,2,0.885,0.0,0.115,0.361,0.0,0.0,0.0,0.082,UNMAPPED,,0,,,
525,TEH BUBUK,4,true,61,"Makanan dan Minuman > COKLAT, KOPI & TEH > TEH MENTAH > TEH BUBUK",colour|net_content,2,0.967,0.197,0.311,0.164,0.0,0.0,0.033,0.016,UNMAPPED,,0,,,
921,PANTY LINER,4,true,61,Perawatan Diri & Rumah Tangga > Perawatan Diri > KEBUTUHAN KHUSUS WANITA > PANTY LINER,pack_count|scent,2,0.0,0.918,0.033,0.033,0.0,0.0,0.59,0.016,EXACT,Kesehatan & Kecantikan > Perawatan Tubuh > Perlengkapan Sanitasi Kewanitaan > Pembalut & Pelindung Kewanitaan > Panty Liner,11,Tingkat penyerapan | Fitur perlengkapan sanitasi kewanitaan | Keharuman | Bahan | Ketebalan pembalut | Gaya panty liner | Sertifikasi & standar produk | Bentuk produk | Jenis ketebalan | Tujuan perawatan | Jenis penggunaan,False,exact-raw
1404,POPOK (DIAPERS) DEWASA SEKALI PAKAI (DISPOSABLE) DENGAN PEREKAT,5,true,61,Perawatan Diri & Rumah Tangga > Perawatan Diri > KEBUTUHAN KHUSUS LANJUT USIA > POPOK (DIAPERS) DEWASA > POPOK (DIAPERS) DEWASA SEKALI PAKAI (DISPOSABLE) DENGAN PEREKAT,model_code,1,0.0,0.033,0.033,0.0,0.0,0.0,0.0,0.525,UNMAPPED,,0,,,
613,MIE INSTAN DALAM KEMASAN CUP,4,true,60,"Makanan dan Minuman > MAKANAN & BAHAN MAKANAN > MIE, BIHUN, KWETIAU INSTAN > MIE INSTAN DALAM KEMASAN CUP",flavour|net_content,2,0.967,0.0,0.017,0.617,0.0,0.0,0.0,0.0,UNMAPPED,,0,,,
795,SIKAT GIGI ANAK & BAYI,4,true,60,Keperluan Anak dan Bayi > PERAWATAN ANAK & BAYI > PERAWATAN MULUT & GIGI ANAK & BAYI > SIKAT GIGI ANAK & BAYI,,0,0.0,0.017,0.033,0.0,0.017,0.0,0.0,0.033,EXACT,Kesehatan & Kecantikan > Perawatan Tubuh > Perawatan Mulut > Sikat Gigi,16,Kelompok usia | Ukuran baterai | Jenis baterai | Bahan bulu sikat | Bentuk bulu sikat | Warna | Kekerasan | Bahan pegangan | Jenis Kayu | Bahan | Fungsi perawatan mulut | Pola | Bentuk produk | Ukuran kepala sikat gigi | Jenis penggunaan | Finishing kayu,True,exact-stripped
1252,KAUS KAKI ANAK & BAYI PEREMPUAN,4,true,60,Fashion > SEPATU ANAK & BAYI > SEPATU ANAK & BAYI PEREMPUAN > KAUS KAKI ANAK & BAYI PEREMPUAN,pack_count,1,0.0,0.25,0.05,0.0,0.0,0.067,0.0,0.083,EXACT,Busana dan Aksesori > Pakaian > Kaus Kaki,11,Ukuran aksesori | Aktivitas | Kelompok usia | Fitur pakaian | Warna | Kain | Pola | Jenis ukuran | Tingkat bantalan kaus kaki | Gaya ujung kaus kaki | Jenis kelamin sasaran,True,exact-stripped
1637,JEPITAN (TONGS),7,true,60,Perawatan Diri & Rumah Tangga > Rumah Tangga > Peralatan & Perlengkapan Rumah Tangga > PERALATAN RUMAH TANGGA > PERALATAN DAN PENYIMPANAN DI DAPUR > ALAT DAPUR & AKSESORIS DAPUR > JEPITAN (TONGS),colour|material,2,0.0,0.017,0.25,0.0,0.233,0.0,0.0,0.017,UNMAPPED,,0,,,
1852,SAOS CABAI KEMASAN BOTOL,6,true,60,Makanan dan Minuman > MAKANAN & BAHAN MAKANAN > SAUS > SAOS  PEDAS & SAMBAL > SAOS CABAI > SAOS CABAI KEMASAN BOTOL,net_content,1,1.0,0.0,0.017,0.117,0.0,0.0,0.0,0.017,UNMAPPED,,0,,,
424,CINCIN DEWASA,3,true,59,Fashion > PERHIASAN DEWASA > CINCIN DEWASA,colour|model_code,2,0.0,0.0,0.271,0.0,0.017,0.0,0.0,0.22,EXACT,Busana dan Aksesori > Perhiasan > Cincin,11,Kelompok usia | Warna | Gaya potongan batu permata | Jenis batu permata | Bahan perhiasan | Jenis perhiasan | Pola | Desain cincin | Ukuran cincin | Bentuk batu | Jenis kelamin sasaran,True,exact-stripped
444,SEPATU SLIP ON WANITA,3,true,59,Fashion > SEPATU WANITA > SEPATU SLIP ON WANITA,colour|garment_size,2,0.068,0.0,0.729,0.0,0.0,0.458,0.0,0.034,UNMAPPED,,0,,,
966,OBENG BIASA,4,true,59,Perbaikan Rumah > ALAT ALAT PERBAIKAN RUMAH > OBENG > OBENG BIASA,,0,0.0,0.186,0.051,0.0,0.102,0.0,0.0,0.051,UNMAPPED,,0,,,
1207,KEBAYA WANITA,4,true,59,Fashion > FASHION WANITA > BATIK WANITA > KEBAYA WANITA,,0,0.017,0.0,0.068,0.0,0.0,0.136,0.0,0.0,UNMAPPED,,0,,,
1396,OBAT MINUM LAINNYA,5,true,59,Perawatan Diri & Rumah Tangga > Perawatan Diri > OBAT-OBATAN > OBAT MINUM > OBAT MINUM LAINNYA,net_content|pack_count,2,0.559,0.576,0.102,0.136,0.0,0.0,0.017,0.102,UNMAPPED,,0,,,
1532,GAYUNG,6,true,59,Perawatan Diri & Rumah Tangga > Rumah Tangga > Peralatan & Perlengkapan Rumah Tangga > PERALATAN RUMAH TANGGA > PERALATAN DAN PENYIMPANAN DI KAMAR MANDI > GAYUNG,model_code,1,0.051,0.0,0.0,0.0,0.034,0.017,0.0,0.271,UNMAPPED,,0,,,
1543,TEMPAT PENYIMPANAN MAKANAN & MINUMAN,6,false,59,Perawatan Diri & Rumah Tangga > Rumah Tangga > Peralatan & Perlengkapan Rumah Tangga > PERALATAN RUMAH TANGGA > PERALATAN DAN PENYIMPANAN DI DAPUR > TEMPAT PENYIMPANAN MAKANAN & MINUMAN,model_code,1,0.186,0.017,0.102,0.0,0.0,0.0,0.017,0.305,FUZZY,Hewan & Perlengkapan Hewan Piaraan > Perlengkapan Hewan Piaraan > Wadah Makanan Hewan Piaraan > Tempat Penyimpanan Makanan,1,Bahan,False,fuzzy-raw
254,SAJADAH,3,true,58,"Hobi, Ibadah, dan Olahraga > BERIBADAH > SAJADAH",,0,0.0,0.0,0.034,0.0,0.0,0.0,0.017,0.0,UNMAPPED,,0,,,
527,TEH INSTAN SERBUK BERPERISA,4,true,58,"Makanan dan Minuman > COKLAT, KOPI & TEH > TEH INSTAN > TEH INSTAN SERBUK BERPERISA",flavour|net_content|pack_count,3,0.948,0.828,0.086,0.379,0.0,0.0,0.069,0.0,UNMAPPED,,0,,,
548,MARSHMALLOW,4,true,58,Makanan dan Minuman > MAKANAN KECIL  > PERMEN MARSHMALLOW DAN LAIN LAIN > MARSHMALLOW,net_content,1,1.0,0.017,0.121,0.172,0.0,0.0,0.0,0.052,EXACT,"Makanan, Minuman & Tembakau > Item Makanan > Bahan Memasak & Baking > Marshmallow",8,Informasi alergen | Warna | Preferensi diet | Sumber gelatin atau zat pengental | Metode pengolahan marshmallow | Ukuran marshmallow | Pola | Persyaratan penyimpanan,False,exact-raw
555,BAHAN PEWARNA DAN PERISA KUE,4,true,58,Makanan dan Minuman > MAKANAN & BAHAN MAKANAN > BAHAN KUE > BAHAN PEWARNA DAN PERISA KUE,colour|flavour|net_content,3,0.931,0.017,0.379,0.362,0.0,0.0,0.034,0.0,UNMAPPED,,0,,,
584,BAKSO BEKU,4,true,58,Makanan dan Minuman > MAKANAN & BAHAN MAKANAN > MAKANAN BEKU > BAKSO BEKU,flavour|net_content|pack_count,3,0.759,0.328,0.017,0.328,0.0,0.0,0.103,0.034,UNMAPPED,,0,,,
328,STIKER,3,true,57,Alat dan Buku Tulis > DEKORASI & KELENGKAPAN PESTA > STIKER,,0,0.0,0.053,0.0,0.0,0.0,0.0,0.0,0.018,UNMAPPED,,0,,,
1198,JILBAB WANITA,4,true,57,Fashion > FASHION WANITA > BAJU MUSLIM WANITA > JILBAB WANITA,colour,1,0.0,0.0,0.596,0.193,0.018,0.0,0.0,0.0,UNMAPPED,,0,,,
1319,SUSU IBU HAMIL,5,true,57,Makanan dan Minuman > MINUMAN > MINUMAN DALAM KEMASAN > SUSU > SUSU IBU HAMIL,colour|flavour|net_content,3,1.0,0.0,0.386,0.737,0.018,0.0,0.0,0.088,UNMAPPED,,0,,,
1576,FLOOR MOP UNTUK PEL,7,true,57,Perawatan Diri & Rumah Tangga > Rumah Tangga > Peralatan & Perlengkapan Rumah Tangga > PERALATAN RUMAH TANGGA > PERALATAN KEBERSIHAN RUMAH TANGGA > FLOOR MOP > FLOOR MOP UNTUK PEL,colour|model_code,2,0.0,0.0,0.228,0.0,0.14,0.0,0.0,0.421,UNMAPPED,,0,,,
1619,TEMPAT TISSUE MEJA,7,true,57,Perawatan Diri & Rumah Tangga > Rumah Tangga > Peralatan & Perlengkapan Rumah Tangga > PERALATAN RUMAH TANGGA > PERALATAN DAN PENYIMPANAN DI KAMAR MANDI > TEMPAT TISSUE > TEMPAT TISSUE MEJA,model_code,1,0.0,0.0,0.035,0.018,0.018,0.0,0.053,0.491,UNMAPPED,,0,,,
1878,SAKLAR,3,true,57,Perbaikan Rumah > ALAT ALAT PERBAIKAN RUMAH > SAKLAR,,0,0.018,0.0,0.105,0.0,0.0,0.0,0.0,0.14,UNMAPPED,,0,,,
54,PAKAIAN OLAHRAGA,2,false,56,Fashion > PAKAIAN OLAHRAGA,,0,0.0,0.0,0.071,0.0,0.0,0.018,0.0,0.125,UNMAPPED,,0,,,
344,KERTAS PRINTER,3,true,56,Alat dan Buku Tulis > KERTAS > KERTAS PRINTER,net_content,1,0.321,0.0,0.018,0.0,0.0,0.0,0.0,0.018,FUZZY,Perlengkapan Kantor > Perlengkapan Kantor Umum > Produk Kertas > Kertas Printer & Fotokopi,2,Warna | Pola,False,fuzzy-raw
585,DAGING AYAM BEKU,4,true,56,Makanan dan Minuman > MAKANAN & BAHAN MAKANAN > MAKANAN BEKU > DAGING AYAM BEKU,net_content,1,0.946,0.036,0.089,0.125,0.018,0.0,0.0,0.0,UNMAPPED,,0,,,
1285,TAS TOTE WANITA,4,true,56,Fashion > TAS & KOPER > TAS WANITA > TAS TOTE WANITA,colour|model_code,2,0.0,0.0,0.518,0.0,0.018,0.0,0.0,0.464,UNMAPPED,,0,,,
1597,SARUNG TANGAN KAIN,7,true,56,Perawatan Diri & Rumah Tangga > Rumah Tangga > Peralatan & Perlengkapan Rumah Tangga > PERALATAN RUMAH TANGGA > PERALATAN KEBERSIHAN RUMAH TANGGA > SARUNG TANGAN > SARUNG TANGAN KAIN,colour,1,0.0,0.036,0.518,0.036,0.161,0.0,0.0,0.0,AMBIGUOUS,,0,,,fuzzy-raw
1804,JEANS,5,true,56,UNUSED > AREA DISPLAY > CARDINAL > CARDINAL NORMAL > JEANS,model_code,1,0.018,0.0,0.0,0.0,0.0,0.0,0.0,0.893,UNMAPPED,,0,,,
1840,SERUTAN,3,true,56,Alat dan Buku Tulis > ALAT TULIS > SERUTAN,model_code,1,0.0,0.036,0.036,0.0,0.0,0.0,0.0,0.393,UNMAPPED,,0,,,
431,SANDAL GUNUNG PRIA,3,true,55,Fashion > SEPATU PRIA > SANDAL GUNUNG PRIA,colour|garment_size|model_code,3,0.0,0.0,0.727,0.0,0.018,0.455,0.0,0.473,UNMAPPED,,0,,,
900,BODY SCRUB,4,true,55,Perawatan Diri & Rumah Tangga > Perawatan Diri > PERAWATAN BADAN > BODY SCRUB,net_content,1,1.0,0.0,0.164,0.145,0.0,0.0,0.091,0.0,UNMAPPED,,0,,,
1196,CIPUT WANITA,4,true,55,Fashion > FASHION WANITA > BAJU MUSLIM WANITA > CIPUT WANITA,colour|material,2,0.0,0.0,0.345,0.0,0.236,0.0,0.0,0.0,UNMAPPED,,0,,,
61,SERAGAM & ATRIBUT SEKOLAH,2,false,54,Fashion > SERAGAM & ATRIBUT SEKOLAH,,0,0.0,0.056,0.167,0.0,0.056,0.0,0.0,0.0,FUZZY,Busana dan Aksesori > Pakaian > Seragam & Pakaian Kerja > Seragam Sekolah,14,Kelompok usia | Fitur pakaian | Warna | Kain | Standar ketahanan api | Kelas visibilitas tinggi | Metode pemasangan logo | Jenis panjang celana | Pola | Ukuran | Jenis ukuran | Jenis panjang rok/gaun | Jenis panjang lengan | Jenis kelamin sasaran,True,fuzzy-raw
464,BULU MATA PALSU,3,true,54,Kosmetik dan Alat Kecantikan > MAKE UP MATA > BULU MATA PALSU,,0,0.0,0.0,0.0,0.0,0.0,0.0,0.0,0.056,EXACT,Kesehatan & Kecantikan > Perawatan Tubuh > Kosmetik > Makeup > Riasan Mata > Bulu Mata Palsu,19,Ukuran aksesori | Kandungan Alkohol/Pelarut | Warna | Tingkat cakupan | Jenis dispenser | Jenis lengkung bulu mata | Bahan bulu mata | Gaya bulu mata | Jenis bulu mata | Keharuman | Fitur riasan | Warna riasan | Bahan | Pola | Sertifikasi & standar produk | Bentuk produk | Tingkat SPF | Cocok untuk jenis kulit | Jenis penggunaan,False,exact-raw
466,EYEBROW,3,true,54,Kosmetik dan Alat Kecantikan > MAKE UP MATA > EYEBROW,colour|net_content,2,0.611,0.019,0.352,0.0,0.0,0.0,0.0,0.0,UNMAPPED,,0,,,
609,SOSIS SIAP MAKAN,4,true,54,Makanan dan Minuman > MAKANAN & BAHAN MAKANAN > MAKANAN DALAM KEMASAN & KALENG > SOSIS SIAP MAKAN,flavour|net_content|pack_count,3,0.815,0.241,0.093,0.537,0.0,0.0,0.0,0.037,UNMAPPED,,0,,,
1831,Peralatan & Perlengkapan Rumah Tangga,3,false,54,Perawatan Diri & Rumah Tangga > Rumah Tangga > Peralatan & Perlengkapan Rumah Tangga,colour,1,0.074,0.0,0.296,0.13,0.019,0.0,0.0,0.056,AMBIGUOUS,,0,,,fuzzy-raw
1837,TEPUNG BUMBU INSTAN,4,true,54,Makanan dan Minuman > MAKANAN & BAHAN MAKANAN > BUMBU DAPUR > TEPUNG BUMBU INSTAN,net_content,1,1.0,0.0,0.13,0.148,0.0,0.0,0.0,0.13,UNMAPPED,,0,,,
366,PENGGARIS,3,true,53,Alat dan Buku Tulis > PERALATAN UMUM > PENGGARIS,material,1,0.0,0.0,0.0,0.0,0.283,0.0,0.0,0.075,EXACT,Perkakas > Peralatan > Alat Ukur & Sensor > Penggaris,3,Warna | Bahan perangkat keras | Pola,False,exact-raw
447,TAS ANAK,3,false,53,Fashion > TAS & KOPER > TAS ANAK,colour|model_code,2,0.019,0.038,0.283,0.019,0.0,0.0,0.0,0.208,UNMAPPED,,0,,,
764,SAYURAN CAMPUR DALAM KEMASAN,4,true,53,Makanan dan Minuman > FRESH > SAYURAN SEGAR > SAYURAN CAMPUR DALAM KEMASAN,model_code|net_content,2,0.642,0.0,0.17,0.094,0.019,0.0,0.019,0.528,UNMAPPED,,0,,,
1562,JAM,6,false,53,Perawatan Diri & Rumah Tangga > Rumah Tangga > Peralatan & Perlengkapan Rumah Tangga > PERLENGKAPAN RUMAH TANGGA > PERLENGKAPAN KAMAR & KAMAR MANDI > JAM,model_code,1,0.019,0.0,0.0,0.0,0.0,0.0,0.0,0.302,EXACT,Rumah & Taman > Dekorasi > Jam,9,Jenis pergerakan jam | Warna | Mode tampilan | Bahan | Gaya angka | Pola | Sumber listrik | Bentuk | Jenis Stan/Pajangan,True,exact-raw
1607,TISU BASAH NON BABY,7,true,53,Perawatan Diri & Rumah Tangga > Rumah Tangga > Peralatan & Perlengkapan Rumah Tangga > PERALATAN RUMAH TANGGA > PERALATAN KEBERSIHAN RUMAH TANGGA > TISU > TISU BASAH NON BABY,pack_count,1,0.094,0.887,0.17,0.189,0.0,0.0,0.075,0.0,UNMAPPED,,0,,,
104,SELAI & OLESAN,3,false,52,Makanan dan Minuman > MAKANAN & BAHAN MAKANAN > SELAI & OLESAN,colour|flavour|net_content,3,1.0,0.019,0.25,0.442,0.019,0.0,0.0,0.0,UNMAPPED,,0,,,
1104,CHARGER HP,4,true,52,Elektronik > ALAT ELEKTRONIK KANTOR & GADGET > PERLENGKAPAN & SUKU CADANG GADGET > CHARGER HP,model_code,1,0.0,0.0,0.077,0.0,0.0,0.0,0.0,0.365,UNMAPPED,,0,,,
1540,SPONS MANDI (SHOWER NET),6,true,52,Perawatan Diri & Rumah Tangga > Rumah Tangga > Peralatan & Perlengkapan Rumah Tangga > PERALATAN RUMAH TANGGA > PERALATAN DAN PENYIMPANAN DI KAMAR MANDI > SPONS MANDI (SHOWER NET),,0,0.077,0.058,0.058,0.0,0.019,0.0,0.019,0.077,UNMAPPED,,0,,,
27,Perawatan & Suku Cadang Mobil,2,false,51,"Hobi, Ibadah, dan Olahraga > Perawatan & Suku Cadang Mobil",net_content,1,0.431,0.0,0.157,0.0,0.02,0.0,0.0,0.118,UNMAPPED,,0,,,
888,LOTION SCRUB WAJAH,4,true,51,Perawatan Diri & Rumah Tangga > Perawatan Diri > PERAWATAN WAJAH > LOTION SCRUB WAJAH,net_content,1,1.0,0.0,0.176,0.157,0.0,0.0,0.078,0.0,UNMAPPED,,0,,,
1096,KABEL HDMI,4,true,51,Elektronik > ALAT ELEKTRONIK KANTOR & GADGET > SUKU CADANG KOMPUTER > KABEL HDMI,,0,0.0,0.0,0.0,0.0,0.0,0.0,0.0,0.02,EXACT,Elektronik > Aksesori Elektronik > Kabel > Kabel Audio & Video > Kabel HDMI,13,Jenis konektor kabel audio/video (ujung A) | Jenis konektor kabel audio/video (ujung B) | Bahan rumah kabel | Pelindung kabel | Warna | Resolusi yang kompatibel | Pelapisan kontak konektor | Gender konektor | Orientasi konektor | Antarmuka perangkat | Bahan | Pola | Sumber listrik,False,exact-raw
1114,LILIN LAINNYA,4,true,51,Alat dan Buku Tulis > DEKORASI & KELENGKAPAN PESTA > LILIN > LILIN LAINNYA,colour,1,0.0,0.176,0.255,0.0,0.0,0.0,0.0,0.157,EXACT,Rumah & Taman > Dekorasi > Pengharum Rumah > Lilin,10,Kandungan Alkohol/Pelarut | Bahan wadah lilin | Bahan lilin | Jenis lilin | Warna | Bahan dekorasi | Tingkat keharuman | Pola | Aroma | Jenis penggunaan,False,exact-raw
1370,DEODORAN SPRAY,5,true,51,Perawatan Diri & Rumah Tangga > Perawatan Diri > FRAGRANCE & DEODORAN > DEODORAN > DEODORAN SPRAY,colour|net_content|scent,3,1.0,0.0,0.412,0.137,0.0,0.0,0.373,0.02,UNMAPPED,,0,,,
1589,LAP KANEBO,7,true,51,Perawatan Diri & Rumah Tangga > Rumah Tangga > Peralatan & Perlengkapan Rumah Tangga > PERALATAN RUMAH TANGGA > PERALATAN KEBERSIHAN RUMAH TANGGA > KAIN UNTUK LAP & PEL > LAP KANEBO,,0,0.0,0.078,0.039,0.0,0.0,0.0,0.0,0.0,UNMAPPED,,0,,,
598,ABON,4,true,50,Makanan dan Minuman > MAKANAN & BAHAN MAKANAN > MAKANAN DALAM KEMASAN & KALENG > ABON,flavour|net_content,2,0.96,0.0,0.0,0.98,0.0,0.0,0.0,0.02,UNMAPPED,,0,,,
652,OAT & HAVERMOUT,4,true,50,Makanan dan Minuman > MAKANAN & BAHAN MAKANAN > SEREAL & SARAPAN > OAT & HAVERMOUT,net_content,1,1.0,0.16,0.1,0.14,0.02,0.0,0.0,0.02,UNMAPPED,,0,,,
1606,SIKAT TOILET / WC,7,true,50,Perawatan Diri & Rumah Tangga > Rumah Tangga > Peralatan & Perlengkapan Rumah Tangga > PERALATAN RUMAH TANGGA > PERALATAN KEBERSIHAN RUMAH TANGGA > SIKAT > SIKAT TOILET / WC,model_code,1,0.0,0.0,0.02,0.02,0.12,0.0,0.0,0.26,FUZZY,Rumah & Taman > Aksesori Kamar Mandi > Sikat & Tempat Sikat Toilet > Sikat Toilet,8,Bahan bulu sikat | Kekakuan bulu sikat | Bahan kuas | Warna | Fitur | Bahan pegangan | Pola | Kepala sikat yang dapat diganti,False,fuzzy-raw
1857,TALENAN,7,true,50,Perawatan Diri & Rumah Tangga > Rumah Tangga > Peralatan & Perlengkapan Rumah Tangga > PERALATAN RUMAH TANGGA > PERALATAN DAN PENYIMPANAN DI DAPUR > ALAT DAPUR & AKSESORIS DAPUR > TALENAN,material|model_code,2,0.0,0.04,0.04,0.0,0.42,0.0,0.0,0.5,EXACT,Rumah & Taman > Dapur & Ruang Makan > Peralatan & Perlengkapan Dapur > Talenan,9,Petunjuk pembersihan | Warna | Bahan pegangan | Jenis Kayu | Pola | Bentuk | Bahan alat/perkakas | Finishing kayu | Orientasi serat kayu,False,exact-raw
47,AKSESORIS FASHION ANAK,2,false,49,Fashion > AKSESORIS FASHION ANAK,,0,0.02,0.0,0.122,0.02,0.041,0.02,0.0,0.0,UNMAPPED,,0,,,
165,PALU/MARTIL,3,true,49,Perbaikan Rumah > ALAT ALAT PERBAIKAN RUMAH > PALU/MARTIL,,0,0.143,0.0,0.082,0.0,0.184,0.0,0.0,0.02,FUZZY,Peralatan Olahraga > Rekreasi Luar Ruang > Berkemah & Hiking > Peralatan Berkemah > Martil dan Palu Berkemah,3,Warna | Jenis pemantik api | Pola,False,fuzzy-raw
178,PAKU,3,true,49,Perbaikan Rumah > MATERIAL PERBAIKAN RUMAH > PAKU,colour,1,0.0,0.122,0.408,0.0,0.122,0.0,0.0,0.02,EXACT,Perkakas > Aksesori Perkakas > Pengencang Perkakas > Paku,5,Warna | Finis pengencang | Bahan perangkat keras | Pola | Cocok untuk jenis bahan,True,exact-raw
299,CRAYON,3,true,49,Alat dan Buku Tulis > ALAT MENGGAMBAR / MELUKIS > CRAYON,model_code|pack_count,2,0.0,0.306,0.02,0.02,0.0,0.0,0.0,0.408,UNMAPPED,,0,,,
334,BOX FILE,3,true,49,Alat dan Buku Tulis > FILE ORGANIZER > BOX FILE,,0,0.0,0.0,0.163,0.02,0.0,0.0,0.0,0.102,UNMAPPED,,0,,,
422,ANTING DEWASA,3,true,49,Fashion > PERHIASAN DEWASA > ANTING DEWASA,,0,0.02,0.0,0.02,0.0,0.041,0.02,0.0,0.0,EXACT,Busana dan Aksesori > Perhiasan > Anting,9,Kelompok usia | Warna | Jenis penutup anting | Desain anting | Bahan perhiasan | Jenis perhiasan | Kemurnian logam | Pola | Jenis kelamin sasaran,True,exact-stripped
473,BLUSH ON (PERONA PIPI),3,true,49,Kosmetik dan Alat Kecantikan > MAKE UP WAJAH > BLUSH ON (PERONA PIPI),colour|net_content,2,0.735,0.0,0.469,0.02,0.02,0.0,0.082,0.0,UNMAPPED,,0,,,
794,PASTA GIGI ANAK & BAYI,4,true,49,Keperluan Anak dan Bayi > PERAWATAN ANAK & BAYI > PERAWATAN MULUT & GIGI ANAK & BAYI > PASTA GIGI ANAK & BAYI,flavour|net_content,2,1.0,0.0,0.184,0.531,0.0,0.0,0.041,0.02,EXACT,Kesehatan & Kecantikan > Perawatan Tubuh > Perawatan Mulut > Pasta Gigi,10,Kelompok usia | Kandungan Alkohol/Pelarut | Bahan terperinci | Rasa | Kandungan fluorida | Bahan | Fungsi perawatan mulut | Sertifikasi & standar produk | Bentuk produk | Jenis pasta gigi,False,exact-stripped
806,2IN1 WASH ANAK & BAYI,4,true,49,Keperluan Anak dan Bayi > PERAWATAN ANAK & BAYI > PERAWATAN MENYELURUH ANAK & BAYI > 2IN1 WASH ANAK & BAYI,net_content,1,1.0,0.0,0.143,0.0,0.041,0.0,0.102,0.041,UNMAPPED,,0,,,
871,SELIMUT ANAK & BAYI,4,true,49,Keperluan Anak dan Bayi > PERLENGKAPAN ANAK & BAYI > PERLENGKAPAN TIDUR ANAK & BAYI > SELIMUT ANAK & BAYI,,0,0.0,0.0,0.082,0.02,0.02,0.0,0.0,0.122,EXACT,Rumah & Taman > Linen & Alas Tidur > Alas Tidur > Selimut,9,Kelompok usia | Ukuran alas tidur | Petunjuk perawatan | Warna | Kain | Bahan pengisi | Pola | Musim | Rating kehangatan,True,exact-stripped
1074,MAKANAN ANJING,4,true,49,"Hobi, Ibadah, dan Olahraga > HEWAN PELIHARAAN > MAKANAN HEWAN PELIHARAAN > MAKANAN ANJING",flavour|net_content,2,1.0,0.0,0.02,0.388,0.0,0.0,0.0,0.0,EXACT,Hewan & Perlengkapan Hewan Piaraan > Perlengkapan Hewan Piaraan > Perlengkapan Anjing > Makanan Anjing,6,Kelompok usia anjing | Jenis kemasan | Kebutuhan diet hewan peliharaan | Rasa makanan hewan peliharaan | Bentuk makanan hewan peliharaan | Suplemen makanan hewan peliharaan,True,exact-raw
1091,SPEAKER,4,true,49,Elektronik > ALAT ELEKTRONIK KANTOR & GADGET > PERLENGKAPAN KOMPUTER > SPEAKER,model_code,1,0.0,0.0,0.102,0.0,0.0,0.0,0.0,0.592,EXACT,Elektronik > Audio > Komponen Audio > Speaker,18,Faktor bentuk komponen audio | Saluran output audio | Tujuan audio | Ukuran baterai | Jenis baterai | Warna | Asisten suara yang kompatibel | Teknologi konektivitas | Antarmuka perangkat | Bahan | Kedalaman bit maksimum | Jenis pemasangan | Pola | Sumber listrik | Desain speaker | Jenis penutup speaker | Fitur speaker | Teknologi speaker,True,exact-raw
1278,TAS BAHU WANITA,4,true,49,Fashion > TAS & KOPER > TAS WANITA > TAS BAHU WANITA,colour,1,0.0,0.0,0.633,0.02,0.02,0.0,0.0,0.0,EXACT,"Busana dan Aksesori > Tas Tangan, Dompet & Kotak > Tas Tangan > Tas Bahu",11,Kelompok usia | Hiasan tas | Penutup tas/kotak | Fitur tas/kotak | Bahan tas/kotak | Fitur penyimpanan tas/kotak | Petunjuk perawatan | Opsi bawa | Warna | Pola | Jenis kelamin sasaran,False,exact-stripped
1664,WADAH AIR / TEKO AIR MINUM (JUG),7,true,49,Perawatan Diri & Rumah Tangga > Rumah Tangga > Peralatan & Perlengkapan Rumah Tangga > PERALATAN RUMAH TANGGA > PERALATAN DAN PENYIMPANAN DI DAPUR > ALAT DAPUR & AKSESORIS DAPUR > WADAH AIR / TEKO AIR MINUM (JUG),model_code|net_content,2,0.673,0.0,0.0,0.02,0.0,0.082,0.0,0.49,UNMAPPED,,0,,,
259,BLENDER,3,true,48,Elektronik > ALAT ELEKTRONIK DAPUR > BLENDER,model_code,1,0.104,0.0,0.042,0.0,0.167,0.042,0.0,0.542,UNMAPPED,,0,,,
384,UNTUK HUJAN,3,false,48,Fashion > AKSESORIS FASHION DEWASA > UNTUK HUJAN,model_code,1,0.0,0.0,0.125,0.0,0.021,0.146,0.0,0.208,UNMAPPED,,0,,,
389,PAKAIAN ANAK LAKI-LAKI,3,false,48,Fashion > FASHION ANAK & BAYI > PAKAIAN ANAK LAKI-LAKI,model_code,1,0.021,0.021,0.146,0.0,0.0,0.042,0.0,0.375,EXACT,Busana dan Aksesori > Pakaian,9,Kelompok usia | Petunjuk perawatan | Fitur pakaian | Warna | Kain | Pola | Ukuran | Jenis ukuran | Jenis kelamin sasaran,True,exact-stripped
491,ALAT REFLEKSI,3,true,48,Mainan dan Alat Lainnya > ALAT LAINNYA > ALAT REFLEKSI,material,1,0.0,0.0,0.0,0.0,0.25,0.0,0.0,0.021,UNMAPPED,,0,,,
860,BANTAL MENYUSUI,4,true,48,Keperluan Anak dan Bayi > PERLENGKAPAN ANAK & BAYI > PERLENGKAPAN MENYUSUI ANAK & BAYI > BANTAL MENYUSUI,colour|model_code,2,0.0,0.0,0.438,0.021,0.0,0.0,0.083,0.875,EXACT,Bayi & Balita > Perawatan & Pemberian Makan > Bantal Menyusui,5,Warna | Kekerasan | Bahan | Bentuk bantal menyusui | Pola,True,exact-raw
1102,USB EXTENSION ,4,true,48,Elektronik > ALAT ELEKTRONIK KANTOR & GADGET > SUKU CADANG KOMPUTER > USB EXTENSION ,model_code,1,0.0,0.0,0.062,0.0,0.0,0.0,0.0,0.25,UNMAPPED,,0,,,
509,MINUMAN ENERGI,4,true,47,Makanan dan Minuman > MINUMAN > MINUMAN DALAM KEMASAN > MINUMAN ENERGI,flavour|net_content|pack_count,3,0.979,0.213,0.191,0.298,0.0,0.0,0.0,0.17,EXACT,"Makanan, Minuman & Tembakau > Minuman > Minuman Olahraga & Energi > Minuman Energi",6,Informasi alergen | Bentuk produk minuman | Preferensi diet | Suplemen makanan | Rasa | Jenis kemasan,False,exact-raw
1092,TINTA PRINTER,4,true,47,Elektronik > ALAT ELEKTRONIK KANTOR & GADGET > PERLENGKAPAN KOMPUTER > TINTA PRINTER,colour|model_code|net_content,3,0.489,0.0,0.404,0.0,0.0,0.0,0.0,0.596,UNMAPPED,,0,,,
1189,BLAZER WANITA,4,true,47,Fashion > FASHION WANITA > BAJU LUARAN WANITA > BLAZER WANITA,colour,1,0.0,0.0,0.532,0.085,0.0,0.021,0.0,0.085,EXACT,Busana dan Aksesori > Pakaian > Pakaian Luar > Mantel & Jaket > Blazer,13,Kelompok usia | Petunjuk perawatan | Fitur pakaian | Warna | Kain | Garis leher | Fitur pakaian luar | Pola | Ukuran | Jenis ukuran | Jenis panjang lengan | Jenis kelamin sasaran | Jenis panjang atasan,False,exact-stripped
1286,ATRIBUT LAINNYA,4,true,47,Fashion > SERAGAM & ATRIBUT SEKOLAH > ATRIBUT SEKOLAH & KELENGKAPAN LAINNYA > ATRIBUT LAINNYA,colour,1,0.0,0.0,0.532,0.0,0.0,0.0,0.0,0.0,UNMAPPED,,0,,,
1310,PINSET & PERALATAN ALIS,4,true,47,Kosmetik dan Alat Kecantikan > ALAT KECANTIKAN > AKSESORIS ALAT KECANTIKAN > PINSET & PERALATAN ALIS,,0,0.064,0.064,0.085,0.0,0.0,0.021,0.0,0.064,UNMAPPED,,0,,,
1681,GELAS/CUP,7,false,47,Perawatan Diri & Rumah Tangga > Rumah Tangga > Peralatan & Perlengkapan Rumah Tangga > PERALATAN RUMAH TANGGA > PERALATAN DAN PENYIMPANAN DI DAPUR > PERALATAN MAKAN > GELAS/CUP,model_code,1,0.064,0.0,0.085,0.0,0.0,0.0,0.0,0.638,UNMAPPED,,0,,,
1698,CENTONG NASI,8,true,47,Perawatan Diri & Rumah Tangga > Rumah Tangga > Peralatan & Perlengkapan Rumah Tangga > PERALATAN RUMAH TANGGA > PERALATAN DAN PENYIMPANAN DI DAPUR > ALAT DAPUR & AKSESORIS DAPUR > CENTONG > CENTONG NASI,colour|material|model_code,3,0.0,0.0,0.383,0.043,0.213,0.0,0.0,0.234,UNMAPPED,,0,,,
1754,GELAS / CUP KERAMIK,8,true,47,Perawatan Diri & Rumah Tangga > Rumah Tangga > Peralatan & Perlengkapan Rumah Tangga > PERALATAN RUMAH TANGGA > PERALATAN DAN PENYIMPANAN DI DAPUR > PERALATAN MAKAN > GELAS/CUP > GELAS / CUP KERAMIK,model_code,1,0.064,0.0,0.0,0.0,0.0,0.0,0.0,0.489,UNMAPPED,,0,,,
1866,PELEMBUT & PEWANGI PAKAIAN (SOFTENER) KEMASAN SACHET,5,true,47,Perawatan Diri & Rumah Tangga > Rumah Tangga > BAHAN LAUNDRY > PELEMBUT & PEWANGI PAKAIAN (SOFTENER) > PELEMBUT & PEWANGI PAKAIAN (SOFTENER) KEMASAN SACHET,colour|net_content|pack_count|scent,4,1.0,0.787,0.255,0.021,0.0,0.0,0.426,0.0,UNMAPPED,,0,,,
162,METERAN,3,true,46,Perbaikan Rumah > ALAT ALAT PERBAIKAN RUMAH > METERAN,,0,0.0,0.0,0.065,0.0,0.065,0.0,0.0,0.109,UNMAPPED,,0,,,
455,LIP BALM,3,true,46,Kosmetik dan Alat Kecantikan > MAKE UP BIBIR > LIP BALM,colour|net_content,2,0.783,0.0,0.217,0.196,0.0,0.0,0.087,0.0,EXACT,Kesehatan & Kecantikan > Perawatan Tubuh > Kosmetik > Perawatan Wajah > Lip Balm & Perawatan Bibir > Lip Balm,18,Bahan aktif | Warna | Bahan penyusun | Finis kosmetik | Rasa | Keharuman | Asal bahan | Tingkat warna lip balm | Bahan | Jenis kemasan | Pola | Sertifikasi & standar produk | Bentuk produk | Tingkat SPF | Efek perawatan kulit | Cocok untuk jenis kulit | Jenis kelamin sasaran | Tingkat perlindungan UVA,False,exact-raw
540,KERIPIK LAINNYA,4,true,46,Makanan dan Minuman > MAKANAN KECIL  > KERIPIK > KERIPIK LAINNYA,flavour|net_content,2,0.826,0.0,0.022,0.413,0.043,0.0,0.0,0.022,EXACT,"Makanan, Minuman & Tembakau > Item Makanan > Makanan Ringan > Keripik",5,Informasi alergen | Gaya potongan keripik | Preferensi diet | Rasa | Persyaratan penyimpanan,False,exact-raw
1263,DOMPET ANAK,4,true,46,Fashion > TAS & KOPER > TAS ANAK > DOMPET ANAK,,0,0.0,0.0,0.0,0.0,0.022,0.0,0.0,0.0,EXACT,"Busana dan Aksesori > Tas Tangan, Dompet & Kotak > Dompet & Klip Uang > Dompet",8,Kelompok usia | Opsi bawa | Bahan aksesori pakaian | Warna | Jenis kulit | Pola | Jenis kelamin sasaran | Fitur dompet,False,exact-stripped
31,OLAHRAGA,2,false,45,"Hobi, Ibadah, dan Olahraga > OLAHRAGA",,0,0.022,0.044,0.044,0.0,0.0,0.0,0.0,0.067,UNMAPPED,,0,,,
346,AMPLOP,3,false,45,Alat dan Buku Tulis > PERALATAN UMUM > AMPLOP,pack_count,1,0.067,0.378,0.0,0.0,0.0,0.0,0.0,0.0,EXACT,Perlengkapan Kantor > Perlengkapan Kantor Umum > Produk Kertas > Amplop,3,Warna | Fitur amplop | Pola,False,exact-raw
995,SARUNG TANGAN UNTUK MOTOR,4,true,45,"Hobi, Ibadah, dan Olahraga > Perawatan & Suku Cadang Motor > AKSESORIS MOTOR > SARUNG TANGAN UNTUK MOTOR",,0,0.0,0.0,0.111,0.0,0.089,0.0,0.0,0.0,FUZZY,Kendaraan & Suku Cadang > Suku Cadang & Aksesori Kendaraan > Keamanan & Keselamatan Kendaraan > Perlengkapan Pelindung Sepeda Motor > Sarung Tangan Sepeda Motor,13,Ukuran aksesori | Warna | Penempatan pelindung pada sarung tangan | Insulasi sarung tangan | Bahan sarung tangan | Standar sertifikasi sarung tangan sepeda motor | Tujuan sarung tangan sepeda motor | Konstruksi sarung tangan sepeda motor tahan air | Sistem ukuran perlengkapan pelindung sepeda motor | Pola | Fitur alat pelindung | Jenis kelamin sasaran | Jenis kendaraan,False,fuzzy-raw
1094,KABEL AUDIO,4,true,45,Elektronik > ALAT ELEKTRONIK KANTOR & GADGET > SUKU CADANG KOMPUTER > KABEL AUDIO,,0,0.0,0.0,0.0,0.0,0.0,0.0,0.0,0.156,AMBIGUOUS,,0,,,fuzzy-raw
1259,SEPATU SNEAKERS ANAK PEREMPUAN,4,true,45,Fashion > SEPATU ANAK & BAYI > SEPATU ANAK & BAYI PEREMPUAN > SEPATU SNEAKERS ANAK PEREMPUAN,colour|garment_size,2,0.0,0.0,0.667,0.0,0.0,1.0,0.0,0.022,UNMAPPED,,0,,,
1387,MINYAK PIJAT / OBAT GOSOK,5,true,45,Perawatan Diri & Rumah Tangga > Perawatan Diri > OBAT-OBATAN > PEREDA NYERI & OBAT LUAR > MINYAK PIJAT / OBAT GOSOK,net_content,1,0.978,0.0,0.022,0.044,0.0,0.0,0.133,0.0,UNMAPPED,,0,,,
1697,CENTONG KUAH (SOUP LADLE),8,true,45,Perawatan Diri & Rumah Tangga > Rumah Tangga > Peralatan & Perlengkapan Rumah Tangga > PERALATAN RUMAH TANGGA > PERALATAN DAN PENYIMPANAN DI DAPUR > ALAT DAPUR & AKSESORIS DAPUR > CENTONG > CENTONG KUAH (SOUP LADLE),material|model_code,2,0.0,0.022,0.156,0.044,0.267,0.022,0.0,0.356,UNMAPPED,,0,,,
1729,TEMPAT KECAP,8,true,45,Perawatan Diri & Rumah Tangga > Rumah Tangga > Peralatan & Perlengkapan Rumah Tangga > PERALATAN RUMAH TANGGA > PERALATAN DAN PENYIMPANAN DI DAPUR > TEMPAT PENYIMPANAN MAKANAN & MINUMAN > TEMPAT PENYIMPANAN MINUMAN / CAIRAN > TEMPAT KECAP,model_code|net_content,2,0.689,0.0,0.044,0.022,0.089,0.0,0.0,0.444,UNMAPPED,,0,,,
1769,CANGKIR PLASTIK,8,true,45,Perawatan Diri & Rumah Tangga > Rumah Tangga > Peralatan & Perlengkapan Rumah Tangga > PERALATAN RUMAH TANGGA > PERALATAN DAN PENYIMPANAN DI DAPUR > PERALATAN MAKAN > CANGKIR > CANGKIR PLASTIK,colour,1,0.067,0.022,0.222,0.133,0.0,0.0,0.0,0.067,UNMAPPED,,0,,,
179,PEREKAT,3,true,44,Perbaikan Rumah > MATERIAL PERBAIKAN RUMAH > PEREKAT,colour,1,0.045,0.045,0.227,0.0,0.023,0.0,0.0,0.136,UNMAPPED,,0,,,
373,USB,3,true,44,Alat dan Buku Tulis > PERALATAN UMUM > USB,model_code,1,0.0,0.0,0.068,0.0,0.0,0.0,0.0,0.295,UNMAPPED,,0,,,
960,KUNCI KOMBINASI,4,true,44,Perbaikan Rumah > ALAT ALAT PERBAIKAN RUMAH > KUNCI > KUNCI KOMBINASI,,0,0.0,0.0,0.114,0.0,0.0,0.0,0.0,0.023,UNMAPPED,,0,,,
1474,POPOK (DIAPERS) ANAK & BAYI SEKALI PAKAI (DISPOSABLE) DENGAN PEREKAT,6,true,44,Keperluan Anak dan Bayi > PERLENGKAPAN ANAK & BAYI > PERLENGKAPAN KEBERSIHAN ANAK & BAYI > POPOK (DIAPERS) ANAK & BAYI > POPOK (DIAPERS) ANAK & BAYI SEKALI PAKAI (DISPOSABLE) > POPOK (DIAPERS) ANAK & BAYI SEKALI PAKAI (DISPOSABLE) DENGAN PEREKAT,model_code,1,0.023,0.023,0.136,0.0,0.0,0.045,0.0,0.909,UNMAPPED,,0,,,
1874,TEMPAT BUMBU,8,true,44,Perawatan Diri & Rumah Tangga > Rumah Tangga > Peralatan & Perlengkapan Rumah Tangga > PERALATAN RUMAH TANGGA > PERALATAN DAN PENYIMPANAN DI DAPUR > TEMPAT PENYIMPANAN MAKANAN & MINUMAN > TEMPAT PENYIMPANAN MAKANAN > TEMPAT BUMBU,model_code,1,0.068,0.068,0.0,0.023,0.0,0.0,0.068,0.273,UNMAPPED,,0,,,
6,Elektronik,1,false,43,Elektronik,colour|net_content,2,0.302,0.0,0.233,0.0,0.023,0.093,0.0,0.14,EXACT,Elektronik,3,Warna | Pola | Sertifikasi keselamatan,True,exact-raw
9,Kosmetik dan Alat Kecantikan,1,false,43,Kosmetik dan Alat Kecantikan,colour|model_code|net_content,3,0.326,0.047,0.209,0.0,0.07,0.0,0.047,0.233,FUZZY,Kesehatan & Kecantikan > Perawatan Tubuh > Kosmetik > Alat Kosmetik,14,Kandungan Alkohol/Pelarut | Ukuran baterai | Jenis baterai | Warna | Keharuman | Jenis Kayu | Bahan | Pola | Sertifikasi & standar produk | Bentuk produk | Bentuk | Cocok untuk jenis kulit | Jenis penggunaan | Finishing kayu,True,fuzzy-raw
25,MATERIAL PERBAIKAN RUMAH,2,false,43,Perbaikan Rumah > MATERIAL PERBAIKAN RUMAH,net_content,1,0.349,0.0,0.093,0.047,0.14,0.0,0.0,0.093,UNMAPPED,,0,,,
43,FILE ORGANIZER,2,false,43,Alat dan Buku Tulis > FILE ORGANIZER,colour,1,0.0,0.0,0.372,0.0,0.023,0.0,0.0,0.116,UNMAPPED,,0,,,
250,SELANG AIR,3,true,43,"Hobi, Ibadah, dan Olahraga > BERKEBUN > SELANG AIR",,0,0.0,0.163,0.163,0.0,0.0,0.0,0.0,0.07,UNMAPPED,,0,,,
631,MINYAK ZAITUN,4,true,43,Makanan dan Minuman > MAKANAN & BAHAN MAKANAN > MINYAK > MINYAK ZAITUN,net_content,1,0.884,0.0,0.0,0.023,0.0,0.0,0.023,0.07,EXACT,"Makanan, Minuman & Tembakau > Item Makanan > Bahan Memasak & Baking > Minyak Goreng > Minyak Zaitun",4,Informasi alergen | Preferensi diet | Metode pengolahan minyak | Persyaratan penyimpanan,False,exact-raw
884,KAPAS KECANTIKAN,4,true,43,Perawatan Diri & Rumah Tangga > Perawatan Diri > PERAWATAN WAJAH > KAPAS KECANTIKAN,material|net_content,2,0.791,0.163,0.0,0.0,0.837,0.0,0.023,0.0,UNMAPPED,,0,,,
1293,TOPI SEKOLAH,4,true,43,Fashion > SERAGAM & ATRIBUT SEKOLAH > ATRIBUT SEKOLAH & KELENGKAPAN LAINNYA > TOPI SEKOLAH,material,1,0.0,0.0,0.023,0.0,0.302,0.0,0.0,0.0,UNMAPPED,,0,,,
1500,CAIRAN PEMBERSIH KAMAR MANDI & KLOSET (PORSTEX) KEMASAN BOTOL,6,true,43,Perawatan Diri & Rumah Tangga > Rumah Tangga > BAHAN PEMBERSIH RUMAH > PEMBERSIH KAMAR MANDI > CAIRAN PEMBERSIH KAMAR MANDI & KLOSET (PORSTEX) > CAIRAN PEMBERSIH KAMAR MANDI & KLOSET (PORSTEX) KEMASAN BOTOL,colour|net_content|scent,3,0.953,0.047,0.302,0.186,0.047,0.0,0.256,0.0,UNMAPPED,,0,,,
1508,KARBOL KEMASAN REFILL (POUCH),6,true,43,Perawatan Diri & Rumah Tangga > Rumah Tangga > BAHAN PEMBERSIH RUMAH > PEMBERSIH LANTAI > KARBOL > KARBOL KEMASAN REFILL (POUCH),flavour|net_content|scent,3,0.93,0.0,0.0,0.233,0.0,0.0,0.535,0.023,UNMAPPED,,0,,,
1569,TIRAI,6,true,43,Perawatan Diri & Rumah Tangga > Rumah Tangga > Peralatan & Perlengkapan Rumah Tangga > PERLENGKAPAN RUMAH TANGGA > PERLENGKAPAN KAMAR & KAMAR MANDI > TIRAI,colour,1,0.0,0.0,0.442,0.093,0.023,0.0,0.0,0.047,EXACT,Rumah & Taman > Dekorasi > Perawatan Jendela > Gorden & Tirai > Tirai,9,Petunjuk perawatan | Warna | Model kerah gorden | Jenis lapisan gorden | Kain | Kontrol cahaya | Bahan | Jenis pemasangan | Pola,False,exact-raw
1799,KEMEJA,5,true,43,UNUSED > AREA DISPLAY > CARDINAL > CARDINAL NORMAL > KEMEJA,model_code,1,0.023,0.0,0.163,0.0,0.047,0.023,0.0,0.326,UNMAPPED,,0,,,
642,SAUS SALAD,4,true,42,Makanan dan Minuman > MAKANAN & BAHAN MAKANAN > SAUS > SAUS SALAD,net_content,1,0.976,0.0,0.071,0.071,0.0,0.0,0.0,0.0,EXACT,"Makanan, Minuman & Tembakau > Item Makanan > Kondimen & Saus > Saus Salad",4,Informasi alergen | Preferensi diet | Jenis saus salad | Persyaratan penyimpanan,False,exact-raw
1213,JEANS WANITA,4,true,42,Fashion > FASHION WANITA > BAWAHAN WANITA > JEANS WANITA,,0,0.0,0.0,0.143,0.0,0.095,0.071,0.0,0.167,EXACT,Busana dan Aksesori > Pakaian > Pakaian Bayi & Anak > Celana Bayi & Anak > Jeans,8,Fitur pakaian bayi/balita | Warna | Kain | Jenis panjang celana | Pola | Ukuran | Jenis ukuran | Jenis kelamin sasaran,False,exact-stripped
1433,PENGHARUM RUANGAN ELEKTRIK REFILL SAJA,5,true,42,Perawatan Diri & Rumah Tangga > Rumah Tangga > PENGHARUM RUANGAN > PENGHARUM RUANGAN ELEKTRIK > PENGHARUM RUANGAN ELEKTRIK REFILL SAJA,net_content|scent,2,1.0,0.143,0.143,0.167,0.0,0.0,0.476,0.119,UNMAPPED,,0,,,
1477,SABUN CUCI TANGAN CAIR KEMASAN BOTOL,6,true,42,Perawatan Diri & Rumah Tangga > Perawatan Diri > PERAWATAN BADAN > SABUN CUCI TANGAN > SABUN CUCI TANGAN CAIR > SABUN CUCI TANGAN CAIR KEMASAN BOTOL,flavour|net_content|scent,3,0.976,0.0,0.095,0.333,0.0,0.0,0.214,0.048,UNMAPPED,,0,,,
20,PERLENGKAPAN ANAK & BAYI,2,false,41,Keperluan Anak dan Bayi > PERLENGKAPAN ANAK & BAYI,colour|model_code,2,0.0,0.0,0.244,0.049,0.024,0.0,0.0,0.756,UNMAPPED,,0,,,
367,SAMPUL BUKU,3,true,41,Alat dan Buku Tulis > PERALATAN UMUM > SAMPUL BUKU,colour|material,2,0.0,0.024,0.22,0.098,0.512,0.0,0.0,0.171,EXACT,Perlengkapan Kantor > Aksesori Buku > Sampul Buku,4,Bahan sampul buku | Jenis penutupan | Warna | Pola,True,exact-raw
426,KALUNG DEWASA,3,true,41,Fashion > PERHIASAN DEWASA > KALUNG DEWASA,,0,0.024,0.0,0.073,0.0,0.0,0.024,0.0,0.122,EXACT,Busana dan Aksesori > Perhiasan > Kalung,8,Kelompok usia | Warna | Bahan perhiasan | Jenis perhiasan | Desain kalung | Jenis panjang kalung | Pola | Jenis kelamin sasaran,True,exact-stripped
963,KUNCI RING,4,true,41,Perbaikan Rumah > ALAT ALAT PERBAIKAN RUMAH > KUNCI > KUNCI RING,garment_size|pack_count,2,0.0,0.512,0.0,0.0,0.0,0.22,0.0,0.0,FUZZY,Perkakas > Perpipaan > Perkakas & Suku Cadang Perlengkapan Perpipaan > Pelat Perlengkapan > Pelat Ring Kunci,3,Warna | Bahan perangkat keras | Pola,False,fuzzy-raw
1086,KEYBOARD,4,true,41,Elektronik > ALAT ELEKTRONIK KANTOR & GADGET > PERLENGKAPAN KOMPUTER > KEYBOARD,model_code,1,0.0,0.0,0.146,0.0,0.0,0.0,0.0,0.561,UNMAPPED,,0,,,
1270,TAS RANSEL LAPTOP PRIA,4,true,41,Fashion > TAS & KOPER > TAS PRIA > TAS RANSEL LAPTOP PRIA,,0,0.049,0.0,0.073,0.0,0.0,0.0,0.0,0.073,UNMAPPED,,0,,,
24,ALAT ALAT PERBAIKAN RUMAH,2,false,40,Perbaikan Rumah > ALAT ALAT PERBAIKAN RUMAH,model_code,1,0.0,0.0,0.1,0.0,0.1,0.05,0.0,0.2,UNMAPPED,,0,,,
167,SCRAPPER (KAPE),3,true,40,Perbaikan Rumah > ALAT ALAT PERBAIKAN RUMAH > SCRAPPER (KAPE),material,1,0.0,0.05,0.025,0.0,0.375,0.0,0.0,0.025,UNMAPPED,,0,,,
382,KIPAS TANGAN LIPAT,3,true,40,Fashion > AKSESORIS FASHION DEWASA > KIPAS TANGAN LIPAT,,0,0.0,0.0,0.025,0.0,0.05,0.0,0.0,0.075,UNMAPPED,,0,,,
410,KACAMATA ANAK,3,true,40,Fashion > KACAMATA > KACAMATA ANAK,colour|model_code,2,0.0,0.0,0.525,0.025,0.0,0.0,0.0,0.45,EXACT,Kesehatan & Kecantikan > Perawatan Tubuh > Perawatan Penglihatan > Kacamata,23,Kelompok usia | Warna | Konstruksi | Bahan hiasan/trim | Warna bingkai kacamata | Desain bingkai kacamata | Bahan bingkai kacamata | Pola bingkai kacamata | Bentuk bingkai kacamata | Jenis engsel kacamata | Bahan lensa kacamata | Bahan perhiasan | Pelapis lensa | Warna lensa | Pola lensa | Jenis lensa | Bahan | Desain bingkai optik | Pola | Sterilitas produk | Jenis kelamin sasaran | Warna pelipis | Pola pelipis,False,exact-stripped
588,IKAN & SEAFOOD BEKU,4,true,40,Makanan dan Minuman > MAKANAN & BAHAN MAKANAN > MAKANAN BEKU > IKAN & SEAFOOD BEKU,net_content,1,0.975,0.05,0.175,0.0,0.0,0.025,0.0,0.05,UNMAPPED,,0,,,
640,MAYONES,4,true,40,Makanan dan Minuman > MAKANAN & BAHAN MAKANAN > SAUS > MAYONES,flavour|net_content,2,0.925,0.0,0.0,0.35,0.0,0.0,0.0,0.0,EXACT,"Makanan, Minuman & Tembakau > Item Makanan > Kondimen & Saus > Mayones",3,Informasi alergen | Preferensi diet | Persyaratan penyimpanan,False,exact-raw
953,PENGHARUM RUANGAN GANTUNG,4,true,40,Perawatan Diri & Rumah Tangga > Rumah Tangga > PENGHARUM RUANGAN > PENGHARUM RUANGAN GANTUNG,flavour|net_content|scent,3,0.95,0.025,0.125,0.225,0.0,0.0,0.875,0.0,UNMAPPED,,0,,,
1097,KABEL LAN,4,true,40,Elektronik > ALAT ELEKTRONIK KANTOR & GADGET > SUKU CADANG KOMPUTER > KABEL LAN,model_code,1,0.0,0.0,0.075,0.0,0.0,0.0,0.0,0.225,UNMAPPED,,0,,,
1414,PELICIN PAKAIAN KEMASAN REFILL (POUCH),5,true,40,Perawatan Diri & Rumah Tangga > Rumah Tangga > BAHAN LAUNDRY > PELICIN PAKAIAN  > PELICIN PAKAIAN KEMASAN REFILL (POUCH),colour|net_content,2,0.95,0.15,0.425,0.0,0.0,0.0,0.175,0.125,UNMAPPED,,0,,,
1504,CAIRAN PEMBERSIH LANTAI KEMASAN BOTOL,6,true,40,Perawatan Diri & Rumah Tangga > Rumah Tangga > BAHAN PEMBERSIH RUMAH > PEMBERSIH LANTAI > CAIRAN PEMBERSIH LANTAI > CAIRAN PEMBERSIH LANTAI KEMASAN BOTOL,colour|flavour|material|net_content|scent,5,0.725,0.0,0.35,0.225,0.2,0.0,0.35,0.05,UNMAPPED,,0,,,
130,PERLENGKAPAN ANAK & BAYI LAINNYA ,3,false,39,Keperluan Anak dan Bayi > PERLENGKAPAN ANAK & BAYI > PERLENGKAPAN ANAK & BAYI LAINNYA ,colour|model_code,2,0.0,0.026,0.231,0.0,0.051,0.0,0.0,0.538,UNMAPPED,,0,,,
148,ANTI HAMA & SERANGGA,3,false,39,Perawatan Diri & Rumah Tangga > Rumah Tangga > ANTI HAMA & SERANGGA,colour|net_content|pack_count|scent,4,0.846,0.256,0.308,0.051,0.0,0.0,0.205,0.128,UNMAPPED,,0,,,
205,PERAWATAN MOBIL,3,false,39,"Hobi, Ibadah, dan Olahraga > Perawatan & Suku Cadang Mobil > PERAWATAN MOBIL",net_content,1,0.872,0.0,0.051,0.0,0.0,0.0,0.0,0.179,FUZZY,Layanan > Layanan Otomotif > Perbaikan & Perawatan Mobil,0,,True,fuzzy-raw
368,SELOTIP,3,true,39,Alat dan Buku Tulis > PERALATAN UMUM > SELOTIP,model_code|pack_count,2,0.0,0.256,0.026,0.0,0.0,0.0,0.0,0.205,UNMAPPED,,0,,,
425,GELANG DEWASA,3,true,39,Fashion > PERHIASAN DEWASA > GELANG DEWASA,colour|model_code,2,0.0,0.051,0.231,0.0,0.0,0.0,0.026,0.256,EXACT,Busana dan Aksesori > Perhiasan > Gelang,8,Kelompok usia | Desain gelang | Warna | Bahan perhiasan | Jenis perhiasan | Desain kalung | Pola | Jenis kelamin sasaran,True,exact-stripped
543,POPCORN,4,true,39,Makanan dan Minuman > MAKANAN KECIL  > KACANG DAN SNACK LAINNYA > POPCORN,net_content,1,1.0,0.0,0.026,0.103,0.0,0.0,0.0,0.0,EXACT,"Makanan, Minuman & Tembakau > Item Makanan > Makanan Ringan > Popcorn",5,Informasi alergen | Preferensi diet | Bentuk popcorn | Varietas biji jagung popcorn | Persyaratan penyimpanan,True,exact-raw
867,BANTAL ANAK & BAYI,4,true,39,Keperluan Anak dan Bayi > PERLENGKAPAN ANAK & BAYI > PERLENGKAPAN TIDUR ANAK & BAYI > BANTAL ANAK & BAYI,model_code,1,0.0,0.051,0.128,0.0,0.0,0.0,0.051,0.564,UNMAPPED,,0,,,
1218,STOCKING WANITA,4,true,39,Fashion > FASHION WANITA > BAWAHAN WANITA > STOCKING WANITA,colour,1,0.0,0.0,0.308,0.077,0.0,0.0,0.0,0.0,UNMAPPED,,0,,,
1653,RAK PENGERING PIRING,7,true,39,Perawatan Diri & Rumah Tangga > Rumah Tangga > Peralatan & Perlengkapan Rumah Tangga > PERALATAN RUMAH TANGGA > PERALATAN DAN PENYIMPANAN DI DAPUR > ALAT DAPUR & AKSESORIS DAPUR > RAK PENGERING PIRING,model_code,1,0.0,0.0,0.0,0.128,0.0,0.0,0.0,0.231,FUZZY,Rumah & Taman > Dapur & Ruang Makan > Peralatan & Perlengkapan Dapur > Rak Piring & Papan Peniris > Rak Piring,10,Petunjuk pembersihan | Warna | Fitur | Jenis Kayu | Bahan | Jenis pemasangan | Pola | Penempatan yang didukung | Bahan alat/perkakas | Finishing kayu,False,fuzzy-raw
1678,SENDOK,7,false,39,Perawatan Diri & Rumah Tangga > Rumah Tangga > Peralatan & Perlengkapan Rumah Tangga > PERALATAN RUMAH TANGGA > PERALATAN DAN PENYIMPANAN DI DAPUR > PERALATAN MAKAN > SENDOK,colour|material|model_code,3,0.026,0.128,0.359,0.103,0.308,0.0,0.0,0.282,EXACT,Rumah & Taman > Dapur & Ruang Makan > Peralatan Makan > Peralatan Makan > Sendok,12,Ukuran aksesori | Petunjuk pembersihan | Warna | Konstruksi | Bahan hiasan/trim | Finis | Bahan peralatan makan | Bahan pegangan | Jenis Kayu | Pola | Bahan peralatan makan | Finishing kayu,True,exact-raw
1699,KOREK API GAS,8,true,39,Perawatan Diri & Rumah Tangga > Rumah Tangga > Peralatan & Perlengkapan Rumah Tangga > PERALATAN RUMAH TANGGA > PERALATAN DAN PENYIMPANAN DI DAPUR > ALAT DAPUR & AKSESORIS DAPUR > KOREK API > KOREK API GAS,model_code,1,0.154,0.0,0.0,0.026,0.0,0.0,0.0,0.385,UNMAPPED,,0,,,
1701,NAMPAN PLASTIK,8,true,39,Perawatan Diri & Rumah Tangga > Rumah Tangga > Peralatan & Perlengkapan Rumah Tangga > PERALATAN RUMAH TANGGA > PERALATAN DAN PENYIMPANAN DI DAPUR > ALAT DAPUR & AKSESORIS DAPUR > NAMPAN > NAMPAN PLASTIK,model_code,1,0.0,0.179,0.154,0.026,0.103,0.0,0.0,0.359,UNMAPPED,,0,,,
1719,PANCI SAYUR,8,true,39,Perawatan Diri & Rumah Tangga > Rumah Tangga > Peralatan & Perlengkapan Rumah Tangga > PERALATAN RUMAH TANGGA > PERALATAN DAN PENYIMPANAN DI DAPUR > ALAT MASAK > PANCI > PANCI SAYUR,model_code,1,0.0,0.0,0.0,0.026,0.154,0.0,0.026,0.333,UNMAPPED,,0,,,
214,KAIN FELT,3,true,38,"Hobi, Ibadah, dan Olahraga > MENJAHIT > KAIN FELT",colour,1,0.0,0.0,0.816,0.053,0.026,0.0,0.0,0.0,UNMAPPED,,0,,,
324,FRAME FOTO,3,true,38,Alat dan Buku Tulis > DEKORASI & KELENGKAPAN PESTA > FRAME FOTO,,0,0.0,0.184,0.079,0.0,0.053,0.0,0.0,0.053,UNMAPPED,,0,,,
520,KOPI RTD KEMASAN BOTOL/ PACK,4,true,38,"Makanan dan Minuman > COKLAT, KOPI & TEH > KOPI INSTAN (RTD) > KOPI RTD KEMASAN BOTOL/ PACK",colour|flavour|net_content,3,1.0,0.0,0.263,0.395,0.0,0.0,0.0,0.026,UNMAPPED,,0,,,
648,SELAI,4,true,38,Makanan dan Minuman > MAKANAN & BAHAN MAKANAN > SELAI & OLESAN > SELAI,flavour|net_content,2,1.0,0.0,0.184,0.316,0.053,0.0,0.0,0.026,UNMAPPED,,0,,,
673,KURMA,4,true,38,Makanan dan Minuman > FRESH > BUAH > KURMA,net_content,1,0.895,0.0,0.132,0.132,0.0,0.0,0.0,0.105,EXACT,"Makanan, Minuman & Tembakau > Item Makanan > Buah & Sayur > Buah Segar & Beku > Kurma",6,Informasi alergen | Variasi tanggal | Preferensi diet | Bentuk produk makanan | Gaya potongan buah | Persyaratan penyimpanan,False,exact-raw
1385,MINYAK KAYU PUTIH,5,true,38,Perawatan Diri & Rumah Tangga > Perawatan Diri > OBAT-OBATAN > PEREDA NYERI & OBAT LUAR > MINYAK KAYU PUTIH,net_content|scent,2,1.0,0.0,0.0,0.026,0.0,0.0,0.211,0.0,UNMAPPED,,0,,,
1470,KECAP MANIS KEMASAN REFILL (POUCH),6,true,38,Makanan dan Minuman > MAKANAN & BAHAN MAKANAN > SAUS > KECAP > KECAP MANIS > KECAP MANIS KEMASAN REFILL (POUCH),net_content,1,1.0,0.053,0.079,0.079,0.0,0.0,0.0,0.053,UNMAPPED,,0,,,
1596,SAPU NILON,7,true,38,Perawatan Diri & Rumah Tangga > Rumah Tangga > Peralatan & Perlengkapan Rumah Tangga > PERALATAN RUMAH TANGGA > PERALATAN KEBERSIHAN RUMAH TANGGA > SAPU > SAPU NILON,model_code,1,0.0,0.0,0.079,0.053,0.105,0.0,0.0,0.368,UNMAPPED,,0,,,
1601,SIKAT CUCI BAJU,7,true,38,Perawatan Diri & Rumah Tangga > Rumah Tangga > Peralatan & Perlengkapan Rumah Tangga > PERALATAN RUMAH TANGGA > PERALATAN KEBERSIHAN RUMAH TANGGA > SIKAT > SIKAT CUCI BAJU,,0,0.0,0.0,0.0,0.0,0.184,0.0,0.0,0.184,UNMAPPED,,0,,,
1610,TISU GULUNG,7,true,38,Perawatan Diri & Rumah Tangga > Rumah Tangga > Peralatan & Perlengkapan Rumah Tangga > PERALATAN RUMAH TANGGA > PERALATAN KEBERSIHAN RUMAH TANGGA > TISU > TISU GULUNG,pack_count,1,0.184,0.684,0.053,0.0,0.0,0.0,0.026,0.079,UNMAPPED,,0,,,
1667,KOMPOR GAS,7,false,38,Perawatan Diri & Rumah Tangga > Rumah Tangga > Peralatan & Perlengkapan Rumah Tangga > PERALATAN RUMAH TANGGA > PERALATAN DAN PENYIMPANAN DI DAPUR > ALAT MASAK > KOMPOR GAS,model_code,1,0.026,0.0,0.0,0.0,0.026,0.0,0.0,0.237,UNMAPPED,,0,,,
1731,KERANJANG ANYAMAN,8,true,38,Perawatan Diri & Rumah Tangga > Rumah Tangga > Peralatan & Perlengkapan Rumah Tangga > PERALATAN RUMAH TANGGA > PERALATAN DAN PENYIMPANAN DI DAPUR > KERANJANG & TEMPAT SAMPAH > KERANJANG DAPUR > KERANJANG ANYAMAN,model_code,1,0.0,0.0,0.0,0.0,0.0,0.0,0.026,0.211,UNMAPPED,,0,,,
1767,CANGKIR KERAMIK,8,true,38,Perawatan Diri & Rumah Tangga > Rumah Tangga > Peralatan & Perlengkapan Rumah Tangga > PERALATAN RUMAH TANGGA > PERALATAN DAN PENYIMPANAN DI DAPUR > PERALATAN MAKAN > CANGKIR > CANGKIR KERAMIK,model_code,1,0.026,0.053,0.026,0.026,0.0,0.0,0.0,0.816,UNMAPPED,,0,,,
1803,FORMAL,5,true,38,UNUSED > AREA DISPLAY > CARDINAL > CARDINAL NORMAL > FORMAL,model_code,1,0.026,0.0,0.0,0.0,0.0,0.0,0.0,0.947,UNMAPPED,,0,,,
1850,SAMBAL KEMASAN JAR,6,true,38,Makanan dan Minuman > MAKANAN & BAHAN MAKANAN > SAUS > SAOS  PEDAS & SAMBAL > SAOS SAMBAL > SAMBAL KEMASAN JAR,net_content,1,1.0,0.0,0.026,0.158,0.0,0.0,0.0,0.0,UNMAPPED,,0,,,
8,Fashion,1,false,37,Fashion,,0,0.027,0.0,0.027,0.0,0.0,0.0,0.0,0.081,UNMAPPED,,0,,,
156,GERGAJI,3,true,37,Perbaikan Rumah > ALAT ALAT PERBAIKAN RUMAH > GERGAJI,material,1,0.0,0.0,0.054,0.0,0.486,0.0,0.0,0.0,EXACT,Perkakas > Peralatan > Gergaji,3,Warna | Pola | Cocok untuk jenis bahan,True,exact-raw
604,KORNET,4,true,37,Makanan dan Minuman > MAKANAN & BAHAN MAKANAN > MAKANAN DALAM KEMASAN & KALENG > KORNET,flavour|net_content,2,1.0,0.027,0.0,0.595,0.0,0.0,0.0,0.0,EXACT,Seni & Hiburan > Hobi & Seni Kreatif > Alat Musik > Alat Musik Tiup Logam > Trompet & Kornet > Kornet,5,Ukuran lonceng | Konfigurasi katup alat musik tiup logam | Jenis tangkai mouthpiece kornet | Bahan alat musik | Nada penalaan,False,exact-raw
1121,ALAT CUTTER,4,true,37,Alat dan Buku Tulis > PERALATAN UMUM > CUTTER & REFILL > ALAT CUTTER,model_code,1,0.0,0.0,0.189,0.0,0.0,0.0,0.0,0.351,UNMAPPED,,0,,,
1553,LEMARI PENYIMPANAN SUSUN,6,true,37,Perawatan Diri & Rumah Tangga > Rumah Tangga > Peralatan & Perlengkapan Rumah Tangga > PERALATAN RUMAH TANGGA > PERALATAN DAN PENYIMPANAN PAKAIAN DAN CUCIAN > LEMARI PENYIMPANAN SUSUN,colour,1,0.0,0.0,0.486,0.027,0.027,0.0,0.0,0.0,AMBIGUOUS,,0,,,fuzzy-raw
1720,PANCI SUSU,8,true,37,Perawatan Diri & Rumah Tangga > Rumah Tangga > Peralatan & Perlengkapan Rumah Tangga > PERALATAN RUMAH TANGGA > PERALATAN DAN PENYIMPANAN DI DAPUR > ALAT MASAK > PANCI > PANCI SUSU,material|model_code,2,0.0,0.0,0.0,0.054,0.27,0.0,0.0,0.486,UNMAPPED,,0,,,
1724,ZIPPER BAG,8,true,37,Perawatan Diri & Rumah Tangga > Rumah Tangga > Peralatan & Perlengkapan Rumah Tangga > PERALATAN RUMAH TANGGA > PERALATAN DAN PENYIMPANAN DI DAPUR > TEMPAT PENYIMPANAN MAKANAN & MINUMAN > TEMPAT PENYIMPANAN MAKANAN > ZIPPER BAG,material|model_code|pack_count,3,0.0,0.784,0.135,0.0,0.541,0.0,0.0,0.243,UNMAPPED,,0,,,
1841,CLIPBOARD,3,true,37,Alat dan Buku Tulis > ALAT TULIS > CLIPBOARD,,0,0.0,0.0,0.081,0.0,0.054,0.0,0.0,0.108,UNMAPPED,,0,,,
219,PENITI,3,true,36,"Hobi, Ibadah, dan Olahraga > MENJAHIT > PENITI",,0,0.0,0.056,0.083,0.0,0.0,0.0,0.0,0.0,EXACT,Seni & Hiburan > Hobi & Seni Kreatif > Seni & Kerajinan > Alat Seni & Kerajinan > Peniti,2,Bahan alat seni/kerajinan | Ukuran peniti,False,exact-raw
314,BUKU ROHANI,3,true,36,Alat dan Buku Tulis > BUKU BACAAN > BUKU ROHANI,colour,1,0.0,0.0,0.306,0.0,0.0,0.0,0.0,0.028,UNMAPPED,,0,,,
554,TEPUNG KUE INSTANT,4,true,36,Makanan dan Minuman > MAKANAN & BAHAN MAKANAN > BAHAN KUE > TEPUNG KUE INSTANT,colour|flavour|net_content,3,1.0,0.0,0.25,0.444,0.0,0.0,0.0,0.083,UNMAPPED,,0,,,
818,SIKAT BOTOL SUSU & DOT,4,true,36,Keperluan Anak dan Bayi > PERALATAN UNTUK ANAK & BAYI > PERALATAN KEBERSIHAN ANAK & BAYI > SIKAT BOTOL SUSU & DOT,model_code,1,0.0,0.028,0.167,0.0,0.083,0.0,0.0,0.417,UNMAPPED,,0,,,
1179,CELANA BOXER,4,true,36,Fashion > FASHION PRIA > PAKAIAN DALAM PRIA > CELANA BOXER,,0,0.194,0.056,0.083,0.0,0.028,0.111,0.0,0.167,AMBIGUOUS,,0,,,fuzzy-raw
1185,KAUS POLO WANITA,4,true,36,Fashion > FASHION WANITA > ATASAN WANITA > KAUS POLO WANITA,colour|model_code,2,0.0,0.0,0.5,0.056,0.028,0.0,0.0,0.444,UNMAPPED,,0,,,
1297,SERAGAM PANGSI,4,true,36,Fashion > SERAGAM & ATRIBUT SEKOLAH > SERAGAM SEKOLAH > SERAGAM PANGSI,garment_size,1,0.0,0.0,0.139,0.0,0.0,0.25,0.0,0.0,UNMAPPED,,0,,,
1586,KAIN MICROFIBER,7,true,36,Perawatan Diri & Rumah Tangga > Rumah Tangga > Peralatan & Perlengkapan Rumah Tangga > PERALATAN RUMAH TANGGA > PERALATAN KEBERSIHAN RUMAH TANGGA > KAIN UNTUK LAP & PEL > KAIN MICROFIBER,pack_count,1,0.0,0.5,0.028,0.0,0.028,0.0,0.0,0.167,UNMAPPED,,0,,,
1737,SENDOK STAINLESS ,8,true,36,Perawatan Diri & Rumah Tangga > Rumah Tangga > Peralatan & Perlengkapan Rumah Tangga > PERALATAN RUMAH TANGGA > PERALATAN DAN PENYIMPANAN DI DAPUR > PERALATAN MAKAN > SENDOK > SENDOK STAINLESS ,model_code|pack_count,2,0.0,0.333,0.0,0.111,0.0,0.0,0.0,0.333,UNMAPPED,,0,,,
181,SEAL TAPE,3,true,35,Perbaikan Rumah > MATERIAL PERBAIKAN RUMAH > SEAL TAPE,,0,0.029,0.086,0.086,0.0,0.0,0.0,0.0,0.057,UNMAPPED,,0,,,
220,PITA,3,false,35,"Hobi, Ibadah, dan Olahraga > MENJAHIT > PITA",colour,1,0.0,0.0,0.486,0.029,0.0,0.0,0.0,0.0,UNMAPPED,,0,,,
276,ANTENA TV,3,true,35,Elektronik > ALAT ELEKTRONIK RUMAH LAINNYA > ANTENA TV,model_code,1,0.0,0.0,0.029,0.0,0.029,0.0,0.0,0.2,EXACT,Elektronik > Aksesori Elektronik > Antena > Antena TV,12,Tipe konektor RF antena | Jenis antena | Warna | Gender konektor | Antarmuka perangkat | Pita frekuensi/radio yang didukung | Peringkat ingress protection (IP) | Bahan | Jenis pemasangan | Pola | Polarisasi | Sumber listrik,False,exact-raw
379,DASI DEWASA,3,true,35,Fashion > AKSESORIS FASHION DEWASA > DASI DEWASA,colour,1,0.0,0.0,0.257,0.0,0.0,0.0,0.0,0.0,EXACT,Busana dan Aksesori > Aksesori Pakaian > Dasi,8,Item aksesori yang disertakan | Ukuran aksesori | Kelompok usia | Warna | Kain | Pola | Jenis kelamin sasaran | Tenun/finishing,True,exact-stripped
385,ROLL (GULUNGAN) RAMBUT DEWASA,3,true,35,Fashion > AKSESORIS FASHION DEWASA > ROLL (GULUNGAN) RAMBUT DEWASA,,0,0.0,0.057,0.029,0.0,0.029,0.0,0.0,0.0,UNMAPPED,,0,,,
497,TENDA,3,true,35,Mainan dan Alat Lainnya > ALAT LAINNYA > TENDA,colour,1,0.0,0.0,0.457,0.086,0.0,0.0,0.0,0.0,EXACT,Peralatan Olahraga > Rekreasi Luar Ruang > Berkemah & Hiking > Tenda,4,Warna | Pola | Mekanisme pengaturan | Kompatibilitas lubang cerobong asap,True,exact-raw
523,KOPI KEMASAN PACK,5,true,35,"Makanan dan Minuman > COKLAT, KOPI & TEH > KOPI MENTAH > KOPI BUBUK > KOPI KEMASAN PACK",colour|net_content|pack_count,3,1.0,0.371,0.457,0.171,0.0,0.0,0.0,0.0,UNMAPPED,,0,,,
858,WASLAP MANDI ANAK & BAYI,4,true,35,Keperluan Anak dan Bayi > PERLENGKAPAN ANAK & BAYI > PERLENGKAPAN MANDI ANAK & BAYI > WASLAP MANDI ANAK & BAYI,model_code|pack_count,2,0.0,0.2,0.143,0.0,0.029,0.0,0.0,0.571,UNMAPPED,,0,,,
1256,SEPATU FLAT DAN SEPATU BALET ANAK PEREMPUAN,4,true,35,Fashion > SEPATU ANAK & BAYI > SEPATU ANAK & BAYI PEREMPUAN > SEPATU FLAT DAN SEPATU BALET ANAK PEREMPUAN,colour|garment_size,2,0.0,0.0,0.829,0.0,0.0,1.0,0.0,0.086,UNMAPPED,,0,,,
1329,MAKARONI,5,true,35,Makanan dan Minuman > MAKANAN KECIL  > KACANG DAN SNACK LAINNYA > JAJANAN TRADISIONAL > MAKARONI,flavour|net_content,2,0.857,0.0,0.0,0.4,0.0,0.0,0.0,0.086,UNMAPPED,,0,,,
1380,GEL/KRIM PEREDA NYERI,5,true,35,Perawatan Diri & Rumah Tangga > Perawatan Diri > OBAT-OBATAN > PEREDA NYERI & OBAT LUAR > GEL/KRIM PEREDA NYERI,colour|net_content,2,0.971,0.029,0.429,0.0,0.0,0.0,0.057,0.0,UNMAPPED,,0,,,
1547,ALAS SETRIKAAN,6,true,35,Perawatan Diri & Rumah Tangga > Rumah Tangga > Peralatan & Perlengkapan Rumah Tangga > PERALATAN RUMAH TANGGA > PERALATAN DAN PENYIMPANAN PAKAIAN DAN CUCIAN > ALAS SETRIKAAN,colour,1,0.0,0.0,0.543,0.029,0.143,0.0,0.0,0.0,UNMAPPED,,0,,,
1669,PANCI,7,false,35,Perawatan Diri & Rumah Tangga > Rumah Tangga > Peralatan & Perlengkapan Rumah Tangga > PERALATAN RUMAH TANGGA > PERALATAN DAN PENYIMPANAN DI DAPUR > ALAT MASAK > PANCI,model_code,1,0.0,0.0,0.0,0.0,0.114,0.029,0.0,0.6,EXACT,Rumah & Taman > Dapur & Ruang Makan > Aksesori Peralatan Dapur > Aksesori Pembuat Yoghurt > Panci,6,Petunjuk pembersihan | Warna | Jenis tutup | Bahan | Pola | Sertifikasi & standar produk,False,exact-raw
203,AKSESORIS MOBIL,3,false,34,"Hobi, Ibadah, dan Olahraga > Perawatan & Suku Cadang Mobil > AKSESORIS MOBIL",colour,1,0.029,0.0,0.235,0.0,0.059,0.0,0.0,0.118,UNMAPPED,,0,,,
605,MAKANAN SIAP SAJI,4,false,34,Makanan dan Minuman > MAKANAN & BAHAN MAKANAN > MAKANAN DALAM KEMASAN & KALENG > MAKANAN SIAP SAJI,flavour|net_content,2,0.882,0.0,0.147,0.559,0.059,0.0,0.029,0.176,FUZZY,"Makanan, Minuman & Tembakau > Item Makanan > Makanan Olahan > Makanan Penutup & Manisan Siap Saji",6,Informasi alergen | Preferensi diet | Bentuk produk makanan | Petunjuk pemanasan | Hidangan makan | Persyaratan penyimpanan,False,fuzzy-raw
961,KUNCI L,4,true,34,Perbaikan Rumah > ALAT ALAT PERBAIKAN RUMAH > KUNCI > KUNCI L,pack_count,1,0.0,0.647,0.0,0.0,0.0,0.0,0.0,0.059,UNMAPPED,,0,,,
1041,KACAMATA RENANG,4,true,34,"Hobi, Ibadah, dan Olahraga > OLAHRAGA > PERALATAN & PERLENGKAPAN RENANG > KACAMATA RENANG",,0,0.0,0.059,0.059,0.0,0.059,0.0,0.0,0.176,EXACT,Peralatan Olahraga > Rekreasi Luar Ruang > Olahraga Air & Berperahu > Renang > Masker & Kacamata Renang > Kacamata Renang,12,Ukuran aksesori | Kelompok usia | Warna bingkai kacamata | Bahan bingkai kacamata | Pola bingkai kacamata | Warna lensa kacamata | Bahan lensa kacamata | Pola lensa kacamata | Bahan gasket kacamata pelindung | Bahan tali kacamata pelindung | Jenis bridge hidung | Jenis kelamin sasaran,False,exact-raw
1577,REFILL UNTUK FLOOR MOP PEL,7,true,34,Perawatan Diri & Rumah Tangga > Rumah Tangga > Peralatan & Perlengkapan Rumah Tangga > PERALATAN RUMAH TANGGA > PERALATAN KEBERSIHAN RUMAH TANGGA > FLOOR MOP > REFILL UNTUK FLOOR MOP PEL,material|model_code,2,0.0,0.0,0.029,0.0,0.324,0.0,0.0,0.471,UNMAPPED,,0,,,
1588,KAIN SERBET,7,true,34,Perawatan Diri & Rumah Tangga > Rumah Tangga > Peralatan & Perlengkapan Rumah Tangga > PERALATAN RUMAH TANGGA > PERALATAN KEBERSIHAN RUMAH TANGGA > KAIN UNTUK LAP & PEL > KAIN SERBET,model_code|pack_count,2,0.0,0.353,0.176,0.0,0.0,0.0,0.0,0.353,EXACT,Rumah & Taman > Linen & Alas Tidur > Linen Meja > Serbet Kain,8,Petunjuk perawatan | Warna | Kain | Struktur kain | Finishing tepi serbet | Acara | Pola | Bentuk,False,exact-raw
1603,SIKAT PEMBERSIH PERALATAN DAPUR,7,true,34,Perawatan Diri & Rumah Tangga > Rumah Tangga > Peralatan & Perlengkapan Rumah Tangga > PERALATAN RUMAH TANGGA > PERALATAN KEBERSIHAN RUMAH TANGGA > SIKAT > SIKAT PEMBERSIH PERALATAN DAPUR,model_code,1,0.0,0.059,0.147,0.088,0.118,0.0,0.0,0.235,UNMAPPED,,0,,,
1621,ASBAK,7,true,34,Perawatan Diri & Rumah Tangga > Rumah Tangga > Peralatan & Perlengkapan Rumah Tangga > PERALATAN RUMAH TANGGA > PERALATAN DAN PENYIMPANAN DI DAPUR > ALAT DAPUR & AKSESORIS DAPUR > ASBAK,material|model_code,2,0.0,0.0,0.147,0.029,0.235,0.0,0.0,0.412,EXACT,Rumah & Taman > Aksesori Merokok > Asbak,8,Jenis asbak | Petunjuk pembersihan | Warna | Jenis tutup | Bahan | Jenis pemasangan | Pola | Bentuk,True,exact-raw
1747,MANGKUK KERAMIK,8,true,34,Perawatan Diri & Rumah Tangga > Rumah Tangga > Peralatan & Perlengkapan Rumah Tangga > PERALATAN RUMAH TANGGA > PERALATAN DAN PENYIMPANAN DI DAPUR > PERALATAN MAKAN > MANGKUK > MANGKUK KERAMIK,model_code,1,0.029,0.088,0.029,0.118,0.0,0.0,0.0,0.706,UNMAPPED,,0,,,
1859,BODY SERUM,4,true,34,Perawatan Diri & Rumah Tangga > Perawatan Diri > PERAWATAN BADAN > BODY SERUM,net_content,1,1.0,0.0,0.118,0.118,0.0,0.0,0.147,0.059,UNMAPPED,,0,,,
19,PERALATAN UNTUK ANAK & BAYI,2,false,33,Keperluan Anak dan Bayi > PERALATAN UNTUK ANAK & BAYI,colour|model_code,2,0.091,0.0,0.394,0.0,0.061,0.0,0.0,0.394,UNMAPPED,,0,,,
1111,SANDARAN HP UNTUK DI MOBIL / MOTOR,4,true,33,Elektronik > ALAT ELEKTRONIK KANTOR & GADGET > PERLENGKAPAN & SUKU CADANG GADGET > SANDARAN HP UNTUK DI MOBIL / MOTOR,model_code,1,0.0,0.0,0.091,0.0,0.03,0.0,0.0,0.636,UNMAPPED,,0,,,
1472,SABUN ANAK & BAYI CAIR KEMASAN REFILL (POUCH),6,true,33,Keperluan Anak dan Bayi > PERAWATAN ANAK & BAYI > PERAWATAN KULIT ANAK & BAYI > SABUN ANAK & BAYI > SABUN ANAK & BAYI CAIR > SABUN ANAK & BAYI CAIR KEMASAN REFILL (POUCH),net_content,1,1.0,0.091,0.121,0.061,0.0,0.0,0.121,0.03,UNMAPPED,,0,,,
1599,SARUNG TANGAN LATEX,7,true,33,Perawatan Diri & Rumah Tangga > Rumah Tangga > Peralatan & Perlengkapan Rumah Tangga > PERALATAN RUMAH TANGGA > PERALATAN KEBERSIHAN RUMAH TANGGA > SARUNG TANGAN > SARUNG TANGAN LATEX,colour|pack_count,2,0.0,0.667,0.636,0.0,0.0,0.182,0.0,0.121,AMBIGUOUS,,0,,,fuzzy-raw
1659,TEMPAT PENYIMPAN ALAT MAKAN,7,true,33,Perawatan Diri & Rumah Tangga > Rumah Tangga > Peralatan & Perlengkapan Rumah Tangga > PERALATAN RUMAH TANGGA > PERALATAN DAN PENYIMPANAN DI DAPUR > ALAT DAPUR & AKSESORIS DAPUR > TEMPAT PENYIMPAN ALAT MAKAN,model_code,1,0.0,0.0,0.0,0.0,0.0,0.0,0.03,0.364,UNMAPPED,,0,,,
1740,PIRING KERAMIK,8,true,33,Perawatan Diri & Rumah Tangga > Rumah Tangga > Peralatan & Perlengkapan Rumah Tangga > PERALATAN RUMAH TANGGA > PERALATAN DAN PENYIMPANAN DI DAPUR > PERALATAN MAKAN > PIRING > PIRING KERAMIK,model_code,1,0.0,0.061,0.061,0.061,0.0,0.0,0.0,0.667,UNMAPPED,,0,,,
1839,PENGGARIS,3,true,33,UNUSED > UNUSED 2 > PENGGARIS,model_code,1,0.0,0.0,0.03,0.0,0.182,0.0,0.0,0.364,UNMAPPED,,0,,,
38,ALAT MENGGAMBAR / MELUKIS,2,false,32,Alat dan Buku Tulis > ALAT MENGGAMBAR / MELUKIS,model_code,1,0.062,0.094,0.031,0.062,0.094,0.0,0.0,0.312,UNMAPPED,,0,,,
144,OBAT-OBATAN,3,false,32,Perawatan Diri & Rumah Tangga > Perawatan Diri > OBAT-OBATAN,net_content|pack_count,2,0.75,0.219,0.062,0.062,0.0,0.0,0.031,0.062,FUZZY,Kesehatan & Kecantikan > Perawatan Kesehatan > Obat-Obatan & Narkoba,8,Bahan aktif | Kelompok usia | Preferensi diet | Rasa | Bentuk Obat | Status resep | Rute pemberian | Tujuan perawatan,True,fuzzy-raw
230,PERALATAN & PERLENGKAPAN RENANG,3,false,32,"Hobi, Ibadah, dan Olahraga > OLAHRAGA > PERALATAN & PERLENGKAPAN RENANG",model_code,1,0.0,0.0,0.094,0.0,0.0,0.031,0.0,0.656,UNMAPPED,,0,,,
641,SAUS PASTA,4,true,32,Makanan dan Minuman > MAKANAN & BAHAN MAKANAN > SAUS > SAUS PASTA,net_content,1,1.0,0.0,0.031,0.125,0.0,0.0,0.062,0.0,EXACT,"Makanan, Minuman & Tembakau > Item Makanan > Kondimen & Saus > Saus Pasta",6,Informasi alergen | Preferensi diet | Tingkat kepedasan | Tekstur saus pasta | Aneka saus pasta | Persyaratan penyimpanan,False,exact-raw
958,MATA BOR LISTRIK,4,true,32,Perbaikan Rumah > ALAT ALAT PERBAIKAN RUMAH > BOR LISTRIK & LAINNYA > MATA BOR LISTRIK,material,1,0.0,0.094,0.0,0.0,0.562,0.0,0.0,0.031,UNMAPPED,,0,,,
1406,ANTI NYAMUK ELEKTRIK KEMASAN REFILL SAJA,5,true,32,Perawatan Diri & Rumah Tangga > Rumah Tangga > ANTI HAMA & SERANGGA > ANTI NYAMUK ELEKTRIK > ANTI NYAMUK ELEKTRIK KEMASAN REFILL SAJA,colour|net_content|scent,3,0.531,0.062,0.25,0.125,0.0,0.0,0.438,0.0,UNMAPPED,,0,,,
1411,DETERJEN KRIM (SABUN COLEK / SABUN KRIM),5,true,32,Perawatan Diri & Rumah Tangga > Rumah Tangga > BAHAN LAUNDRY > DETERJEN PAKAIAN > DETERJEN KRIM (SABUN COLEK / SABUN KRIM),colour|flavour|net_content,3,1.0,0.0,0.844,0.312,0.0,0.0,0.0,0.188,UNMAPPED,,0,,,
1537,SHOWER KLOSET,6,true,32,Perawatan Diri & Rumah Tangga > Rumah Tangga > Peralatan & Perlengkapan Rumah Tangga > PERALATAN RUMAH TANGGA > PERALATAN DAN PENYIMPANAN DI KAMAR MANDI > SHOWER KLOSET,colour,1,0.0,0.0,0.406,0.0,0.0,0.0,0.0,0.188,UNMAPPED,,0,,,
1642,KUAS DAPUR,7,true,32,Perawatan Diri & Rumah Tangga > Rumah Tangga > Peralatan & Perlengkapan Rumah Tangga > PERALATAN RUMAH TANGGA > PERALATAN DAN PENYIMPANAN DI DAPUR > ALAT DAPUR & AKSESORIS DAPUR > KUAS DAPUR,material,1,0.0,0.031,0.125,0.031,0.562,0.0,0.0,0.031,UNMAPPED,,0,,,
1662,TUDUNG SAJI,7,true,32,Perawatan Diri & Rumah Tangga > Rumah Tangga > Peralatan & Perlengkapan Rumah Tangga > PERALATAN RUMAH TANGGA > PERALATAN DAN PENYIMPANAN DI DAPUR > ALAT DAPUR & AKSESORIS DAPUR > TUDUNG SAJI,model_code,1,0.0,0.0,0.062,0.031,0.0,0.0,0.0,0.219,UNMAPPED,,0,,,
1675,PLASTIK SAMPAH,7,true,32,Perawatan Diri & Rumah Tangga > Rumah Tangga > Peralatan & Perlengkapan Rumah Tangga > PERALATAN RUMAH TANGGA > PERALATAN DAN PENYIMPANAN DI DAPUR > KERANJANG & TEMPAT SAMPAH > PLASTIK SAMPAH,pack_count,1,0.0,0.781,0.125,0.0,0.0,0.031,0.062,0.031,UNMAPPED,,0,,,
87,KERIPIK,3,false,31,Makanan dan Minuman > MAKANAN KECIL  > KERIPIK,flavour|net_content,2,0.903,0.0,0.0,0.452,0.065,0.0,0.0,0.097,EXACT,"Makanan, Minuman & Tembakau > Item Makanan > Makanan Ringan > Keripik",5,Informasi alergen | Gaya potongan keripik | Preferensi diet | Rasa | Persyaratan penyimpanan,False,exact-raw
161,KUNCI,3,false,31,Perbaikan Rumah > ALAT ALAT PERBAIKAN RUMAH > KUNCI,,0,0.032,0.0,0.065,0.0,0.032,0.0,0.0,0.0,EXACT,Rumah & Taman > Keamanan Bisnis & Rumah > Aksesori Brankas Keamanan > Kunci,5,Warna | Jenis gembok yang kompatibel | Jenis bilah kunci | Bahan | Pola,False,exact-raw
196,SELANG SHOWER,3,true,31,Perbaikan Rumah > PERLENGKAPAN PERBAIKAN RUMAH > SELANG SHOWER,,0,0.0,0.065,0.065,0.0,0.0,0.0,0.0,0.194,UNMAPPED,,0,,,
302,KUAS CAT UNTUK MENGGAMBAR / MELUKIS,3,true,31,Alat dan Buku Tulis > ALAT MENGGAMBAR / MELUKIS > KUAS CAT UNTUK MENGGAMBAR / MELUKIS,model_code,1,0.0,0.097,0.032,0.0,0.0,0.0,0.0,0.226,UNMAPPED,,0,,,
454,AKSESORIS ALAT KECANTIKAN,3,false,31,Kosmetik dan Alat Kecantikan > ALAT KECANTIKAN > AKSESORIS ALAT KECANTIKAN,colour,1,0.194,0.0,0.419,0.032,0.065,0.0,0.0,0.097,UNMAPPED,,0,,,
471,BB & CC CREAM,3,true,31,Kosmetik dan Alat Kecantikan > MAKE UP WAJAH > BB & CC CREAM,colour|net_content,2,0.903,0.0,0.323,0.0,0.0,0.0,0.129,0.0,UNMAPPED,,0,,,
546,JAJANAN TRADISIONAL,4,false,31,Makanan dan Minuman > MAKANAN KECIL  > KACANG DAN SNACK LAINNYA > JAJANAN TRADISIONAL,net_content,1,0.419,0.065,0.032,0.161,0.0,0.0,0.0,0.0,UNMAPPED,,0,,,
567,GARAM,4,true,31,Makanan dan Minuman > MAKANAN & BAHAN MAKANAN > BUMBU DAPUR > GARAM,net_content,1,0.935,0.065,0.0,0.032,0.0,0.0,0.0,0.065,EXACT,"Makanan, Minuman & Tembakau > Item Makanan > Bumbu & Rempah > Garam",4,Informasi alergen | Preferensi diet | Iodisasi | Persyaratan penyimpanan,False,exact-raw
721,JAMUR,4,true,31,Makanan dan Minuman > FRESH > SAYURAN SEGAR > JAMUR,net_content,1,0.387,0.032,0.065,0.097,0.0,0.0,0.032,0.194,EXACT,"Makanan, Minuman & Tembakau > Item Makanan > Buah & Sayur > Sayur Segar & Beku > Jamur",7,Informasi alergen | Metode memasak | Preferensi diet | Bentuk produk makanan | Varietas jamur | Persyaratan penyimpanan | Gaya pengolahan sayuran,False,exact-raw
941,LEM/PERANGKAP/JEBAKAN HAMA,4,true,31,Perawatan Diri & Rumah Tangga > Rumah Tangga > ANTI HAMA & SERANGGA > LEM/PERANGKAP/JEBAKAN HAMA,net_content,1,0.613,0.129,0.0,0.0,0.065,0.0,0.0,0.0,UNMAPPED,,0,,,
951,PERAWATAN & PEMBERSIH RUMAH TANGGA LAINNYA,4,false,31,Perawatan Diri & Rumah Tangga > Rumah Tangga > BAHAN PEMBERSIH RUMAH > PERAWATAN & PEMBERSIH RUMAH TANGGA LAINNYA,net_content,1,0.968,0.0,0.097,0.065,0.0,0.0,0.097,0.161,AMBIGUOUS,,0,,,fuzzy-raw
1124,LEM KERTAS STIK,4,true,31,Alat dan Buku Tulis > PERALATAN UMUM > LEM KERTAS > LEM KERTAS STIK,model_code|net_content,2,0.677,0.0,0.0,0.0,0.0,0.0,0.0,0.71,FUZZY,Seni & Hiburan > Hobi & Seni Kreatif > Seni & Kerajinan > Bahan Seni & Kerajinan > Perekat & Magnet Kerajinan > Lem Kerajinan & Kantor > Lem Stik,3,Permukaan yang direkomendasikan | Cocok untuk bahan kerajinan | Kemudahan dicuci,False,fuzzy-raw
1643,NAMPAN,7,false,31,Perawatan Diri & Rumah Tangga > Rumah Tangga > Peralatan & Perlengkapan Rumah Tangga > PERALATAN RUMAH TANGGA > PERALATAN DAN PENYIMPANAN DI DAPUR > ALAT DAPUR & AKSESORIS DAPUR > NAMPAN,,0,0.0,0.129,0.097,0.0,0.0,0.0,0.0,0.129,UNMAPPED,,0,,,
1656,SENDOK DAPUR,7,false,31,Perawatan Diri & Rumah Tangga > Rumah Tangga > Peralatan & Perlengkapan Rumah Tangga > PERALATAN RUMAH TANGGA > PERALATAN DAN PENYIMPANAN DI DAPUR > ALAT DAPUR & AKSESORIS DAPUR > SENDOK DAPUR,colour|material|model_code,3,0.0,0.097,0.226,0.032,0.516,0.0,0.032,0.29,UNMAPPED,,0,,,
1670,TEKO,7,true,31,Perawatan Diri & Rumah Tangga > Rumah Tangga > Peralatan & Perlengkapan Rumah Tangga > PERALATAN RUMAH TANGGA > PERALATAN DAN PENYIMPANAN DI DAPUR > ALAT MASAK > TEKO,material|model_code|net_content,3,0.323,0.0,0.065,0.097,0.355,0.097,0.0,0.548,EXACT,Rumah & Taman > Dapur & Ruang Makan > Peralatan Makan > Alat Saji Kopi & Teko > Teko,7,Petunjuk pembersihan | Warna | Jenis kompor yang kompatibel | Jenis tutup | Pola | Bahan peralatan makan | Gaya corong teko,False,exact-raw
1680,MANGKUK,7,false,31,Perawatan Diri & Rumah Tangga > Rumah Tangga > Peralatan & Perlengkapan Rumah Tangga > PERALATAN RUMAH TANGGA > PERALATAN DAN PENYIMPANAN DI DAPUR > PERALATAN MAKAN > MANGKUK,model_code,1,0.032,0.0,0.0,0.097,0.0,0.032,0.0,0.29,EXACT,Rumah & Taman > Dapur & Ruang Makan > Peralatan Makan > Peralatan Makan > Mangkuk,8,Jenis mangkuk | Petunjuk pembersihan | Warna | Fitur peralatan makan | Finis | Pola | Bentuk | Bahan peralatan makan,False,exact-raw
255,TASBIH,3,true,30,"Hobi, Ibadah, dan Olahraga > BERIBADAH > TASBIH",material,1,0.0,0.0,0.0,0.0,0.233,0.0,0.0,0.033,EXACT,Keagamaan & Seremonial > Item Keagamaan > Tasbih,0,,True,exact-raw
260,DISPENSER,3,true,30,Elektronik > ALAT ELEKTRONIK DAPUR > DISPENSER,model_code,1,0.033,0.033,0.067,0.0,0.0,0.0,0.0,0.4,UNMAPPED,,0,,,
315,BUKU AGENDA / JURNAL,3,true,30,Alat dan Buku Tulis > BUKU TULIS > BUKU AGENDA / JURNAL,model_code|pack_count,2,0.033,0.2,0.033,0.0,0.0,0.0,0.0,0.4,UNMAPPED,,0,,,
576,GULA AREN,4,true,30,Makanan dan Minuman > MAKANAN & BAHAN MAKANAN > GULA & PEMANIS > GULA AREN,net_content,1,0.967,0.033,0.133,0.033,0.0,0.0,0.033,0.0,UNMAPPED,,0,,,
663,ANGGUR,4,true,30,Makanan dan Minuman > FRESH > BUAH > ANGGUR,colour,1,0.067,0.0,0.233,0.133,0.0,0.0,0.0,0.067,EXACT,"Makanan, Minuman & Tembakau > Item Makanan > Buah & Sayur > Buah Segar & Beku > Anggur",5,Informasi alergen | Preferensi diet | Bentuk produk makanan | Gaya potongan buah | Persyaratan penyimpanan,False,exact-raw
664,APEL ,4,true,30,Makanan dan Minuman > FRESH > BUAH > APEL ,colour|flavour,2,0.167,0.0,0.233,0.233,0.0,0.0,0.033,0.1,EXACT,"Makanan, Minuman & Tembakau > Item Makanan > Buah & Sayur > Buah Segar & Beku > Apel",7,Informasi alergen | Varietas apel | Preferensi diet | Bentuk produk makanan | Gaya potongan buah | Persyaratan penyimpanan | Profil rasa,False,exact-raw
1236,BAWAHAN OLAHRAGA WANITA,4,false,30,Fashion > PAKAIAN OLAHRAGA > PAKAIAN OLAHRAGA WANITA > BAWAHAN OLAHRAGA WANITA,colour,1,0.0,0.0,0.2,0.0,0.0,0.0,0.0,0.1,UNMAPPED,,0,,,
1407,KAMPER / KAPUR BARUS (CAMPHOR/NAPHTALENE BALL) DENGAN GANTUNGAN,5,false,30,Perawatan Diri & Rumah Tangga > Rumah Tangga > ANTI HAMA & SERANGGA > KAMPER / KAPUR BARUS (CAMPHOR/NAPHTALENE BALL) > KAMPER / KAPUR BARUS (CAMPHOR/NAPHTALENE BALL) DENGAN GANTUNGAN,flavour|net_content,2,0.9,0.0,0.133,0.2,0.0,0.0,0.1,0.033,UNMAPPED,,0,,,
1522,PENGKI,6,true,30,Perawatan Diri & Rumah Tangga > Rumah Tangga > Peralatan & Perlengkapan Rumah Tangga > PERALATAN RUMAH TANGGA > PERALATAN KEBERSIHAN RUMAH TANGGA > PENGKI,model_code,1,0.0,0.0,0.0,0.0,0.033,0.0,0.0,0.267,EXACT,Rumah & Taman > Perlengkapan Rumah Tangga > Perlengkapan Pembersih Rumah Tangga > Pengki,9,Warna | Jenis pengumpul debu | Fitur | Bahan pegangan | Jenis pegangan | Bahan | Pola | Ruang yang cocok | Jenis penggunaan,False,exact-raw
1640,KOCOKAN TELUR (EGG BEATER),7,true,30,Perawatan Diri & Rumah Tangga > Rumah Tangga > Peralatan & Perlengkapan Rumah Tangga > PERALATAN RUMAH TANGGA > PERALATAN DAN PENYIMPANAN DI DAPUR > ALAT DAPUR & AKSESORIS DAPUR > KOCOKAN TELUR (EGG BEATER),,0,0.0,0.0,0.133,0.033,0.067,0.0,0.0,0.1,UNMAPPED,,0,,,
1885,GRENDEL PINTU,3,true,30,Perbaikan Rumah > PERLENGKAPAN PERBAIKAN RUMAH > GRENDEL PINTU,,0,0.0,0.033,0.0,0.0,0.067,0.0,0.0,0.1,UNMAPPED,,0,,,
136,PERAWATAN WAJAH,3,false,29,Perawatan Diri & Rumah Tangga > Perawatan Diri > PERAWATAN WAJAH,net_content|pack_count,2,0.379,0.207,0.0,0.0,0.0,0.0,0.069,0.0,EXACT,Kesehatan & Kecantikan > Perawatan Tubuh > Kosmetik > Perawatan Wajah,18,Bahan aktif | Kelompok usia | Kandungan Alkohol/Pelarut | Fungsi kosmetik | Jenis dispenser | Keharuman | Tingkat keharuman | Asal bahan | Bahan | Jenis pelembap | Jenis kemasan | Sertifikasi & standar produk | Bentuk produk | Efek perawatan kulit | Fitur perawatan kulit | Cocok untuk jenis kulit | Jenis kelamin sasaran | Tingkat perlindungan UVA,True,exact-raw
345,KERTAS STIKER,3,true,29,Alat dan Buku Tulis > KERTAS > KERTAS STIKER,,0,0.0,0.034,0.069,0.0,0.0,0.0,0.0,0.034,UNMAPPED,,0,,,
826,PERALATAN MAKAN ANAK & BAYI ,4,true,29,Keperluan Anak dan Bayi > PERALATAN UNTUK ANAK & BAYI > PERALATAN MAKAN ANAK & BAYI > PERALATAN MAKAN ANAK & BAYI ,model_code|pack_count,2,0.0,0.379,0.069,0.0,0.034,0.0,0.034,0.793,UNMAPPED,,0,,,
881,TONIK RAMBUT (HAIR TONIC),4,true,29,Perawatan Diri & Rumah Tangga > Perawatan Diri > PERAWATAN RAMBUT > TONIK RAMBUT (HAIR TONIC),net_content,1,1.0,0.0,0.0,0.069,0.0,0.0,0.034,0.0,UNMAPPED,,0,,,
1112,SETRIKA LISTRIK BIASA,4,true,29,Elektronik > ALAT ELEKTRONIK RUMAH LAINNYA > LAMPU PERANGKAP NYAMUK > SETRIKA LISTRIK BIASA,colour|model_code,2,0.0,0.0,0.207,0.0,0.0,0.0,0.0,0.655,UNMAPPED,,0,,,
1416,PEMUTIH DAN PENGHILANG NODA KEMASAN BOTOL,5,true,29,Perawatan Diri & Rumah Tangga > Rumah Tangga > BAHAN LAUNDRY > PEMUTIH DAN PENGHILANG NODA > PEMUTIH DAN PENGHILANG NODA KEMASAN BOTOL,flavour|net_content,2,0.724,0.0,0.034,0.345,0.0,0.0,0.069,0.034,UNMAPPED,,0,,,
1469,KECAP MANIS KEMASAN BOTOL,6,true,29,Makanan dan Minuman > MAKANAN & BAHAN MAKANAN > SAUS > KECAP > KECAP MANIS > KECAP MANIS KEMASAN BOTOL,net_content,1,1.0,0.0,0.0,0.138,0.0,0.0,0.0,0.034,UNMAPPED,,0,,,
1533,"HOLDER / RAK PLASTIK DI KAMAR MANDI
",6,true,29,"Perawatan Diri & Rumah Tangga > Rumah Tangga > Peralatan & Perlengkapan Rumah Tangga > PERALATAN RUMAH TANGGA > PERALATAN DAN PENYIMPANAN DI KAMAR MANDI > HOLDER / RAK PLASTIK DI KAMAR MANDI
",,0,0.0,0.0,0.034,0.034,0.0,0.0,0.0,0.069,FUZZY,Rumah & Taman > Aksesori Kamar Mandi > Rak Kamar Mandi,5,Warna | Fitur furnitur/perabot | Bahan furnitur/perabot | Jenis pemasangan | Pola,True,fuzzy-raw
1624,CELEMEK,7,true,29,Perawatan Diri & Rumah Tangga > Rumah Tangga > Peralatan & Perlengkapan Rumah Tangga > PERALATAN RUMAH TANGGA > PERALATAN DAN PENYIMPANAN DI DAPUR > ALAT DAPUR & AKSESORIS DAPUR > CELEMEK,colour|model_code,2,0.0,0.034,0.483,0.069,0.172,0.0,0.0,0.379,EXACT,Rumah & Taman > Dapur & Ruang Makan > Peralatan & Perlengkapan Dapur > Celemek,10,Kelompok usia | Fitur celemek | Model celemek | Warna | Kain | Bahan pegangan | Pola | Ukuran | Jenis kelamin sasaran | Bahan alat/perkakas,False,exact-raw
1761,MUG KERAMIK,8,true,29,Perawatan Diri & Rumah Tangga > Rumah Tangga > Peralatan & Perlengkapan Rumah Tangga > PERALATAN RUMAH TANGGA > PERALATAN DAN PENYIMPANAN DI DAPUR > PERALATAN MAKAN > MUG > MUG KERAMIK,model_code|net_content|pack_count,3,0.379,0.241,0.103,0.0,0.034,0.0,0.034,0.241,UNMAPPED,,0,,,
1802,COTTON,5,true,29,UNUSED > AREA DISPLAY > CARDINAL > CARDINAL NORMAL > COTTON,model_code,1,0.0,0.0,0.0,0.0,0.0,0.0,0.0,0.931,UNMAPPED,,0,,,
208,PERAWATAN MOTOR,3,false,28,"Hobi, Ibadah, dan Olahraga > Perawatan & Suku Cadang Motor > PERAWATAN MOTOR",net_content,1,0.679,0.036,0.143,0.0,0.071,0.0,0.0,0.071,UNMAPPED,,0,,,
348,BINDER CLIP,3,true,28,Alat dan Buku Tulis > PERALATAN UMUM > BINDER CLIP,,0,0.0,0.036,0.0,0.0,0.0,0.0,0.0,0.071,UNMAPPED,,0,,,
600,BUAH DALAM KEMASAN,4,true,28,Makanan dan Minuman > MAKANAN & BAHAN MAKANAN > MAKANAN DALAM KEMASAN & KALENG > BUAH DALAM KEMASAN,colour|flavour|net_content,3,0.893,0.0,0.286,0.321,0.0,0.0,0.0,0.036,UNMAPPED,,0,,,
644,SAUS TIRAM,4,true,28,Makanan dan Minuman > MAKANAN & BAHAN MAKANAN > SAUS > SAUS TIRAM,net_content,1,0.964,0.0,0.0,0.071,0.0,0.0,0.0,0.0,UNMAPPED,,0,,,
1309,PERALATAN MANICURE & PEDICURE,4,true,28,Kosmetik dan Alat Kecantikan > ALAT KECANTIKAN > AKSESORIS ALAT KECANTIKAN > PERALATAN MANICURE & PEDICURE,,0,0.036,0.0,0.036,0.0,0.036,0.036,0.0,0.036,UNMAPPED,,0,,,
1320,SUSU KACANG (SOY MILK),5,true,28,Makanan dan Minuman > MINUMAN > MINUMAN DALAM KEMASAN > SUSU > SUSU KACANG (SOY MILK),flavour|net_content,2,0.786,0.0,0.179,0.25,0.0,0.0,0.0,0.0,UNMAPPED,,0,,,
1625,CEMPAL,7,true,28,Perawatan Diri & Rumah Tangga > Rumah Tangga > Peralatan & Perlengkapan Rumah Tangga > PERALATAN RUMAH TANGGA > PERALATAN DAN PENYIMPANAN DI DAPUR > ALAT DAPUR & AKSESORIS DAPUR > CEMPAL,colour|flavour|model_code|pack_count,4,0.0,0.25,0.464,0.214,0.036,0.036,0.0,0.75,UNMAPPED,,0,,,
1695,JAM BEKER,7,true,28,Perawatan Diri & Rumah Tangga > Rumah Tangga > Peralatan & Perlengkapan Rumah Tangga > PERLENGKAPAN RUMAH TANGGA > PERLENGKAPAN KAMAR & KAMAR MANDI > JAM > JAM BEKER,model_code,1,0.0,0.0,0.0,0.0,0.0,0.0,0.0,0.286,UNMAPPED,,0,,,
1703,PISAU BIASA,8,true,28,Perawatan Diri & Rumah Tangga > Rumah Tangga > Peralatan & Perlengkapan Rumah Tangga > PERALATAN RUMAH TANGGA > PERALATAN DAN PENYIMPANAN DI DAPUR > ALAT DAPUR & AKSESORIS DAPUR > PISAU > PISAU BIASA,,0,0.0,0.0,0.143,0.071,0.036,0.0,0.0,0.143,UNMAPPED,,0,,,
552,PERMEN KARET,4,true,27,Makanan dan Minuman > MAKANAN KECIL  > PERMEN MARSHMALLOW DAN LAIN LAIN > PERMEN KARET,colour|flavour|net_content|pack_count,4,0.926,0.63,0.296,0.407,0.0,0.0,0.037,0.037,EXACT,"Makanan, Minuman & Tembakau > Item Makanan > Permen & Cokelat > Permen > Permen Karet",5,Informasi alergen | Tekstur permen | Preferensi diet | Rasa | Persyaratan penyimpanan,False,exact-raw
589,KENTANG BEKU,4,true,27,Makanan dan Minuman > MAKANAN & BAHAN MAKANAN > MAKANAN BEKU > KENTANG BEKU,colour|net_content,2,0.963,0.0,0.296,0.0,0.0,0.0,0.0,0.0,UNMAPPED,,0,,,
602,IKAN DALAM KEMASAN PACK,4,true,27,Makanan dan Minuman > MAKANAN & BAHAN MAKANAN > MAKANAN DALAM KEMASAN & KALENG > IKAN DALAM KEMASAN PACK,net_content,1,0.963,0.0,0.111,0.074,0.0,0.0,0.0,0.0,UNMAPPED,,0,,,
933,KONDOM,4,true,27,Perawatan Diri & Rumah Tangga > Perawatan Diri > KESEHATAN SEKSUAL > KONDOM,pack_count,1,0.111,0.778,0.0,0.148,0.0,0.0,0.0,0.0,EXACT,Kesehatan & Kecantikan > Perawatan Kesehatan > Kondom,9,Warna | Jenis ukuran kondom | Jenis kondom | Rasa | Komposisi pelumas | Efek pelumas | Bahan | Pola | Tekstur permukaan,True,exact-raw
983,CAIRAN COOLANT (RADIATOR) MOBIL,4,true,27,"Hobi, Ibadah, dan Olahraga > Perawatan & Suku Cadang Mobil > PERAWATAN MOBIL > CAIRAN COOLANT (RADIATOR) MOBIL",colour|net_content,2,0.222,0.0,0.444,0.0,0.0,0.037,0.0,0.0,UNMAPPED,,0,,,
1011,BENANG LAINNYA,4,true,27,"Hobi, Ibadah, dan Olahraga > MENJAHIT > BENANG > BENANG LAINNYA",colour,1,0.0,0.0,0.741,0.037,0.074,0.0,0.0,0.0,UNMAPPED,,0,,,
1035,RAKET BADMINTON,4,true,27,"Hobi, Ibadah, dan Olahraga > OLAHRAGA > PERALATAN & PERLENGKAPAN BADMINTON > RAKET BADMINTON",pack_count,1,0.0,0.222,0.037,0.0,0.0,0.0,0.0,0.0,UNMAPPED,,0,,,
1481,OBAT BATUK & PILEK ANAK,6,true,27,Perawatan Diri & Rumah Tangga > Perawatan Diri > OBAT-OBATAN > OBAT MINUM > OBAT MINUM UNTUK BATUK & PILEK > OBAT BATUK & PILEK ANAK,flavour|net_content,2,1.0,0.0,0.0,0.37,0.0,0.0,0.0,0.0,FUZZY,"Kesehatan & Kecantikan > Perawatan Kesehatan > Obat-Obatan & Narkoba > Obat Batuk, Pilek dan Flu",8,Bahan aktif | Kelompok usia | Preferensi diet | Rasa | Bentuk Obat | Status resep | Rute pemberian | Tujuan perawatan,False,fuzzy-stripped
1628,CETAKAN AGAR/PUDDING,7,true,27,Perawatan Diri & Rumah Tangga > Rumah Tangga > Peralatan & Perlengkapan Rumah Tangga > PERALATAN RUMAH TANGGA > PERALATAN DAN PENYIMPANAN DI DAPUR > ALAT DAPUR & AKSESORIS DAPUR > CETAKAN AGAR/PUDDING,scent,1,0.037,0.111,0.074,0.074,0.074,0.0,0.259,0.111,UNMAPPED,,0,,,
1748,MANGKUK KERTAS,8,true,27,Perawatan Diri & Rumah Tangga > Rumah Tangga > Peralatan & Perlengkapan Rumah Tangga > PERALATAN RUMAH TANGGA > PERALATAN DAN PENYIMPANAN DI DAPUR > PERALATAN MAKAN > MANGKUK > MANGKUK KERTAS,colour|flavour|net_content|pack_count,4,0.333,0.333,0.519,0.296,0.0,0.0,0.037,0.0,UNMAPPED,,0,,,
16,FRESH,2,false,26,Makanan dan Minuman > FRESH,material|model_code|net_content,3,0.538,0.038,0.115,0.077,0.5,0.0,0.0,0.269,UNMAPPED,,0,,,
163,OBENG,3,false,26,Perbaikan Rumah > ALAT ALAT PERBAIKAN RUMAH > OBENG,pack_count,1,0.0,0.308,0.192,0.0,0.154,0.0,0.0,0.038,EXACT,Perkakas > Peralatan > Obeng,3,Warna | Bahan perangkat keras | Pola,True,exact-raw
434,SEPATU FORMAL PRIA,3,true,26,Fashion > SEPATU PRIA > SEPATU FORMAL PRIA,colour|flavour|garment_size|model_code,4,0.0,0.0,0.577,0.308,0.0,0.885,0.0,0.462,UNMAPPED,,0,,,
469,MASKARA,3,true,26,Kosmetik dan Alat Kecantikan > MAKE UP MATA > MASKARA,colour|net_content,2,0.885,0.0,0.269,0.0,0.0,0.0,0.0,0.0,EXACT,Kesehatan & Kecantikan > Perawatan Tubuh > Kosmetik > Makeup > Riasan Mata > Maskara,16,Warna | Tingkat cakupan | Jenis dispenser | Fitur daya tahan | Keharuman | Fitur riasan | Warna riasan | Bentuk kuas maskara | Efek maskara | Formulasi maskara | Bahan | Pola | Sertifikasi & standar produk | Bentuk produk | Tingkat SPF | Cocok untuk jenis kulit,False,exact-raw
954,SEMPROTAN PENGHARUM RUANGAN,4,true,26,Perawatan Diri & Rumah Tangga > Rumah Tangga > PENGHARUM RUANGAN > SEMPROTAN PENGHARUM RUANGAN,flavour|net_content|scent,3,1.0,0.0,0.115,0.308,0.0,0.0,0.846,0.115,UNMAPPED,,0,,,
1228,PAKAIAN DALAM HAMIL & MENYUSUI WANITA,4,true,26,Fashion > FASHION WANITA > PAKAIAN HAMIL & MENYUSUI WANITA > PAKAIAN DALAM HAMIL & MENYUSUI WANITA,,0,0.0,0.0,0.0,0.0,0.0,0.038,0.0,0.154,FUZZY,Busana dan Aksesori > Pakaian > Pakaian Hamil > Pakaian Dalam Ibu Hamil,9,Gaya panel perut | Petunjuk perawatan | Warna | Kain | Jenis akses keperawatan | Pola | Kesesuaian tahap kehamilan | Jenis ukuran | Jenis kelamin sasaran,False,fuzzy-stripped
1287,BADGE (BET) ,4,true,26,Fashion > SERAGAM & ATRIBUT SEKOLAH > ATRIBUT SEKOLAH & KELENGKAPAN LAINNYA > BADGE (BET) ,colour,1,0.0,0.0,0.308,0.077,0.0,0.0,0.0,0.0,UNMAPPED,,0,,,
1514,SERAP AIR & PENYERAP BAU KEMASAN BIASA,6,true,26,Perawatan Diri & Rumah Tangga > Rumah Tangga > BAHAN PEMBERSIH RUMAH > PERAWATAN & PEMBERSIH RUMAH TANGGA LAINNYA > SERAP AIR & PENYERAP BAU > SERAP AIR & PENYERAP BAU KEMASAN BIASA,colour|net_content|scent,3,0.962,0.038,0.308,0.0,0.0,0.0,0.231,0.154,UNMAPPED,,0,,,
1572,RAK SIKU,6,true,26,Perawatan Diri & Rumah Tangga > Rumah Tangga > Peralatan & Perlengkapan Rumah Tangga > PERLENGKAPAN RUMAH TANGGA > PERLENGKAPAN LAINNYA > RAK SIKU,colour|pack_count,2,0.0,0.846,0.692,0.0,0.038,0.0,0.0,0.038,UNMAPPED,,0,,,
1634,GELAS UKUR,7,true,26,Perawatan Diri & Rumah Tangga > Rumah Tangga > Peralatan & Perlengkapan Rumah Tangga > PERALATAN RUMAH TANGGA > PERALATAN DAN PENYIMPANAN DI DAPUR > ALAT DAPUR & AKSESORIS DAPUR > GELAS UKUR,model_code|net_content,2,0.5,0.0,0.0,0.0,0.154,0.038,0.0,0.5,EXACT,Rumah & Taman > Dapur & Ruang Makan > Peralatan & Perlengkapan Dapur > Gelas & Sendok Ukur > Gelas Ukur,7,Petunjuk pembersihan | Warna | Bahan pegangan | Pola | Sistem Pengukuran | Bahan alat/perkakas | Satuan pengukuran,False,exact-raw
1644,PARUTAN,7,true,26,Perawatan Diri & Rumah Tangga > Rumah Tangga > Peralatan & Perlengkapan Rumah Tangga > PERALATAN RUMAH TANGGA > PERALATAN DAN PENYIMPANAN DI DAPUR > ALAT DAPUR & AKSESORIS DAPUR > PARUTAN,flavour,1,0.0,0.077,0.038,0.269,0.115,0.0,0.0,0.154,UNMAPPED,,0,,,
1704,PISAU BUAH,8,true,26,Perawatan Diri & Rumah Tangga > Rumah Tangga > Peralatan & Perlengkapan Rumah Tangga > PERALATAN RUMAH TANGGA > PERALATAN DAN PENYIMPANAN DI DAPUR > ALAT DAPUR & AKSESORIS DAPUR > PISAU > PISAU BUAH,,0,0.0,0.0,0.0,0.0,0.038,0.0,0.0,0.038,UNMAPPED,,0,,,
1744,PIRING PORSELEN,8,true,26,Perawatan Diri & Rumah Tangga > Rumah Tangga > Peralatan & Perlengkapan Rumah Tangga > PERALATAN RUMAH TANGGA > PERALATAN DAN PENYIMPANAN DI DAPUR > PERALATAN MAKAN > PIRING > PIRING PORSELEN,colour|model_code,2,0.0,0.0,0.885,0.0,0.077,0.0,0.0,0.846,UNMAPPED,,0,,,
186,ENGSEL SIKU DINDING,3,true,25,Perbaikan Rumah > PERLENGKAPAN PERBAIKAN RUMAH > ENGSEL SIKU DINDING,,0,0.0,0.0,0.04,0.0,0.0,0.0,0.0,0.0,UNMAPPED,,0,,,
191,KLEM KABEL,3,true,25,Perbaikan Rumah > PERLENGKAPAN PERBAIKAN RUMAH > KLEM KABEL,material|pack_count,2,0.0,0.24,0.0,0.0,0.2,0.0,0.0,0.0,UNMAPPED,,0,,,
365,PAPER CLIP,3,true,25,Alat dan Buku Tulis > PERALATAN UMUM > PAPER CLIP,,0,0.0,0.12,0.0,0.0,0.0,0.0,0.0,0.16,UNMAPPED,,0,,,
387,SYAL DEWASA,3,true,25,Fashion > AKSESORIS FASHION DEWASA > SYAL DEWASA,colour,1,0.0,0.0,0.48,0.0,0.0,0.0,0.0,0.0,EXACT,Seni & Hiburan > Hobi & Seni Kreatif > Barang Koleksi > Koleksi Olahraga > Aksesori Kipas Olahraga > Syal,8,Kelompok usia | Warna | Kondisi | Kain | Pola | Olahraga | Logo olahraga | Jenis kelamin sasaran,False,exact-stripped
505,MINUMAN DENGAN AGAR/ JELLY,4,true,25,Makanan dan Minuman > MINUMAN > MINUMAN DALAM KEMASAN > MINUMAN DENGAN AGAR/ JELLY,colour|flavour|net_content,3,1.0,0.0,0.24,0.52,0.0,0.0,0.0,0.04,UNMAPPED,,0,,,
574,GULA PASIR,4,true,25,Makanan dan Minuman > MAKANAN & BAHAN MAKANAN > GULA & PEMANIS > GULA PASIR,colour|net_content|pack_count|scent,4,1.0,0.44,0.28,0.0,0.0,0.0,0.2,0.0,EXACT,"Makanan, Minuman & Tembakau > Item Makanan > Bahan Memasak & Baking > Gula & Pemanis > Gula Pasir",5,Informasi alergen | Preferensi diet | Persyaratan penyimpanan | Tingkat pemurnian gula | Sumber gula,False,exact-raw
681,PEAR,4,true,25,Makanan dan Minuman > FRESH > BUAH > PEAR,flavour,1,0.08,0.0,0.08,0.24,0.0,0.0,0.0,0.08,UNMAPPED,,0,,,
800,BODY LOTION ANAK & BAYI,4,true,25,Keperluan Anak dan Bayi > PERAWATAN ANAK & BAYI > PERAWATAN KULIT ANAK & BAYI > BODY LOTION ANAK & BAYI,net_content,1,1.0,0.0,0.0,0.0,0.08,0.0,0.08,0.0,UNMAPPED,,0,,,
1110,POWER BANK,4,true,25,Elektronik > ALAT ELEKTRONIK KANTOR & GADGET > PERLENGKAPAN & SUKU CADANG GADGET > POWER BANK,colour|model_code,2,0.0,0.0,0.32,0.0,0.0,0.0,0.0,0.92,EXACT,Elektronik > Aksesori Elektronik > Daya > Adaptor & Pengisi Daya > Power Bank,12,Ukuran baterai | Jenis baterai | Metode pengisian daya | Warna | Perangkat yang kompatibel | Gender konektor | Bahan | Pola | Jenis steker | Tipe semikonduktor konversi daya | Sumber listrik | Jenis konektor USB,False,exact-raw
1166,JAS PRIA,4,true,25,Fashion > FASHION PRIA > BAJU LUARAN PRIA > JAS PRIA,colour|model_code,2,0.04,0.0,0.36,0.0,0.0,0.08,0.0,0.32,UNMAPPED,,0,,,
1216,ROK MIDI WANITA,4,true,25,Fashion > FASHION WANITA > BAWAHAN WANITA > ROK MIDI WANITA,colour,1,0.0,0.0,0.6,0.04,0.08,0.08,0.0,0.0,UNMAPPED,,0,,,
1273,AKSESORIS TRAVEL & KOPER,4,false,25,Fashion > TAS & KOPER > TAS TRAVEL & KOPER > AKSESORIS TRAVEL & KOPER,colour,1,0.0,0.08,0.48,0.0,0.16,0.0,0.0,0.0,UNMAPPED,,0,,,
1314,AIR MINERAL KEMASAN GALON,5,true,25,Makanan dan Minuman > MINUMAN > MINUMAN DALAM KEMASAN > AIR MINERAL > AIR MINERAL KEMASAN GALON,,0,0.16,0.0,0.0,0.0,0.0,0.0,0.0,0.0,UNMAPPED,,0,,,
1316,SUSU ALMOND,5,true,25,Makanan dan Minuman > MINUMAN > MINUMAN DALAM KEMASAN > SUSU > SUSU ALMOND,colour|flavour|net_content,3,0.8,0.0,0.28,0.52,0.0,0.0,0.0,0.0,UNMAPPED,,0,,,
1400,PLESTER ANTISEPTIC,5,true,25,Perawatan Diri & Rumah Tangga > Perawatan Diri > OBAT-OBATAN > PERTOLONGAN PERTAMA (FIRST AID KIT) > PLESTER ANTISEPTIC,material|pack_count,2,0.04,0.52,0.0,0.0,0.32,0.0,0.0,0.0,UNMAPPED,,0,,,
1456,CELANA RENANG PRIA,5,true,25,Fashion > PAKAIAN OLAHRAGA > PAKAIAN OLAHRAGA PRIA > BAWAHAN OLAHRAGA PRIA > CELANA RENANG PRIA,model_code,1,0.0,0.0,0.0,0.0,0.0,0.04,0.0,0.28,FUZZY,Busana dan Aksesori > Pakaian > Pakaian Renang > Celana Renang Pendek,11,Kelompok usia | Warna | Tingkat cakupan | Kain | Jenis pelapis | Pola | Ukuran | Jenis ukuran | Jenis panjang lengan | Fitur pakaian renang | Jenis kelamin sasaran,False,fuzzy-stripped
1536,SHOWER HEAD UNTUK MANDI,6,true,25,Perawatan Diri & Rumah Tangga > Rumah Tangga > Peralatan & Perlengkapan Rumah Tangga > PERALATAN RUMAH TANGGA > PERALATAN DAN PENYIMPANAN DI KAMAR MANDI > SHOWER HEAD UNTUK MANDI,model_code,1,0.0,0.04,0.12,0.0,0.0,0.0,0.0,0.24,UNMAPPED,,0,,,
1717,PANCI KUKUSAN,8,true,25,Perawatan Diri & Rumah Tangga > Rumah Tangga > Peralatan & Perlengkapan Rumah Tangga > PERALATAN RUMAH TANGGA > PERALATAN DAN PENYIMPANAN DI DAPUR > ALAT MASAK > PANCI > PANCI KUKUSAN,model_code,1,0.12,0.0,0.0,0.0,0.04,0.0,0.0,0.48,UNMAPPED,,0,,,
1833,COKLAT COMPOUND,4,true,25,"Makanan dan Minuman > COKLAT, KOPI & TEH > COKLAT & COCOA BUBUK > COKLAT COMPOUND",colour|net_content,2,1.0,0.0,0.44,0.08,0.0,0.0,0.0,0.12,UNMAPPED,,0,,,
34,HEWAN PELIHARAAN,2,false,24,"Hobi, Ibadah, dan Olahraga > HEWAN PELIHARAAN",colour|garment_size|material|model_code,4,0.042,0.0,0.208,0.0,0.208,0.208,0.0,0.292,UNMAPPED,,0,,,
290,POMPA GALON ELEKTRIK,3,true,24,Elektronik > ALAT ELEKTRONIK RUMAH LAINNYA > POMPA GALON ELEKTRIK,model_code,1,0.0,0.0,0.083,0.0,0.0,0.0,0.0,0.458,UNMAPPED,,0,,,
325,KEMBANG API,3,true,24,Alat dan Buku Tulis > DEKORASI & KELENGKAPAN PESTA > KEMBANG API,,0,0.0,0.125,0.0,0.042,0.0,0.0,0.0,0.083,AMBIGUOUS,,0,,,fuzzy-raw
399,BAJU LUARAN WANITA,3,false,24,Fashion > FASHION WANITA > BAJU LUARAN WANITA,colour|model_code,2,0.0,0.0,0.25,0.042,0.0,0.167,0.0,0.25,UNMAPPED,,0,,,
443,SEPATU HAK TINGGI WANITA,3,true,24,Fashion > SEPATU WANITA > SEPATU HAK TINGGI WANITA,colour|garment_size|scent,3,0.0,0.0,1.0,0.0,0.0,1.0,0.5,0.042,FUZZY,Busana dan Aksesori > Sepatu > Sepatu Hak,17,Kelompok usia | Petunjuk perawatan | Jenis penutupan | Warna | Bahan alas kaki | Jenis ketinggian tumit | Bentuk tumit | Jenis tumit sepatu | Bahan pelapis | Gaya acara | Bahan sol luar | Pola | Fitur sepatu | Kesesuaian sepatu | Ukuran sepatu | Jenis kelamin sasaran | Gaya kaki,True,fuzzy-stripped
586,DAGING SAPI BEKU,4,true,24,Makanan dan Minuman > MAKANAN & BAHAN MAKANAN > MAKANAN BEKU > DAGING SAPI BEKU,net_content,1,0.958,0.125,0.0,0.125,0.0,0.0,0.042,0.042,UNMAPPED,,0,,,
610,BIHUN INSTAN BUNGKUS,4,true,24,"Makanan dan Minuman > MAKANAN & BAHAN MAKANAN > MIE, BIHUN, KWETIAU INSTAN > BIHUN INSTAN BUNGKUS",flavour|net_content|scent,3,1.0,0.0,0.0,0.583,0.0,0.0,0.208,0.0,UNMAPPED,,0,,,
959,KUNCI INGGRIS,4,true,24,Perbaikan Rumah > ALAT ALAT PERBAIKAN RUMAH > KUNCI > KUNCI INGGRIS,,0,0.0,0.0,0.042,0.0,0.0,0.0,0.0,0.0,UNMAPPED,,0,,,
968,KERAN AIR DAPUR,4,true,24,Perbaikan Rumah > PERLENGKAPAN PERBAIKAN RUMAH > KERAN AIR > KERAN AIR DAPUR,,0,0.0,0.0,0.083,0.0,0.083,0.0,0.0,0.083,UNMAPPED,,0,,,
1018,JARUM RAJUT / SULAM (HAKPEN),4,true,24,"Hobi, Ibadah, dan Olahraga > MENJAHIT > JARUM > JARUM RAJUT / SULAM (HAKPEN)",material,1,0.0,0.0,0.0,0.0,0.375,0.0,0.0,0.0,UNMAPPED,,0,,,
1019,PITA GROSS GRAIN,4,true,24,"Hobi, Ibadah, dan Olahraga > MENJAHIT > PITA > PITA GROSS GRAIN",colour,1,0.0,0.0,0.417,0.0,0.0,0.0,0.083,0.0,UNMAPPED,,0,,,
1082,GAMING PAD (STICK UNTUK MAIN GAME),4,true,24,Elektronik > ALAT ELEKTRONIK KANTOR & GADGET > PERLENGKAPAN KOMPUTER > GAMING PAD (STICK UNTUK MAIN GAME),colour,1,0.0,0.0,0.208,0.0,0.042,0.0,0.0,0.167,UNMAPPED,,0,,,
1392,OBAT MINUM UNTUK DEMAM,5,true,24,Perawatan Diri & Rumah Tangga > Perawatan Diri > OBAT-OBATAN > OBAT MINUM > OBAT MINUM UNTUK DEMAM,flavour|net_content|pack_count,3,0.625,0.292,0.083,0.208,0.0,0.0,0.0,0.042,UNMAPPED,,0,,,
1564,KASUR,6,true,24,Perawatan Diri & Rumah Tangga > Rumah Tangga > Peralatan & Perlengkapan Rumah Tangga > PERLENGKAPAN RUMAH TANGGA > PERLENGKAPAN KAMAR & KAMAR MANDI > KASUR,,0,0.0,0.0,0.083,0.0,0.0,0.0,0.0,0.0,EXACT,Furnitur > Tempat Tidur & Aksesori > Kasur,7,Ukuran alas tidur | Jenis sistem koil | Warna | Kekerasan | Fitur kasur | Jenis lapisan atas kasur | Pola,True,exact-raw
1598,SARUNG TANGAN KARET,7,true,24,Perawatan Diri & Rumah Tangga > Rumah Tangga > Peralatan & Perlengkapan Rumah Tangga > PERALATAN RUMAH TANGGA > PERALATAN KEBERSIHAN RUMAH TANGGA > SARUNG TANGAN > SARUNG TANGAN KARET,colour,1,0.0,0.0,0.417,0.0,0.0,0.042,0.0,0.125,AMBIGUOUS,,0,,,fuzzy-raw
1629,CETAKAN ES BATU,7,true,24,Perawatan Diri & Rumah Tangga > Rumah Tangga > Peralatan & Perlengkapan Rumah Tangga > PERALATAN RUMAH TANGGA > PERALATAN DAN PENYIMPANAN DI DAPUR > ALAT DAPUR & AKSESORIS DAPUR > CETAKAN ES BATU,colour,1,0.0,0.0,0.208,0.042,0.125,0.0,0.042,0.167,FUZZY,Rumah & Taman > Dapur & Ruang Makan > Aksesori Peralatan Dapur > Aksesori Pemecah & Penyerut Es > Cetakan Es,6,Petunjuk pembersihan | Warna | Jenis tutup | Bahan | Pola | Bentuk,False,fuzzy-raw
1751,MANGKUK PORSELEN,8,true,24,Perawatan Diri & Rumah Tangga > Rumah Tangga > Peralatan & Perlengkapan Rumah Tangga > PERALATAN RUMAH TANGGA > PERALATAN DAN PENYIMPANAN DI DAPUR > PERALATAN MAKAN > MANGKUK > MANGKUK PORSELEN,colour|model_code,2,0.0,0.0,0.75,0.0,0.167,0.0,0.0,0.792,UNMAPPED,,0,,,
23,Perawatan Diri & Rumah Tangga,1,false,23,Perawatan Diri & Rumah Tangga,model_code|net_content,2,0.217,0.043,0.174,0.0,0.0,0.0,0.043,0.391,UNMAPPED,,0,,,
81,KRIMER,3,true,23,"Makanan dan Minuman > COKLAT, KOPI & TEH > KRIMER",colour|net_content,2,1.0,0.043,0.522,0.13,0.0,0.0,0.0,0.043,UNMAPPED,,0,,,
468,EYESHADOW,3,true,23,Kosmetik dan Alat Kecantikan > MAKE UP MATA > EYESHADOW,net_content,1,0.739,0.087,0.0,0.0,0.0,0.0,0.087,0.0,UNMAPPED,,0,,,
516,MINUMAN LAINNYA,4,true,23,Makanan dan Minuman > MINUMAN > MINUMAN DALAM KEMASAN > MINUMAN LAINNYA,flavour|net_content|pack_count,3,1.0,0.87,0.174,0.391,0.043,0.0,0.0,0.0,EXACT,"Makanan, Minuman & Tembakau > Minuman",7,Batasan usia | Informasi alergen | Preferensi diet | Suplemen makanan | Rasa | Bahan-bahan | Sertifikasi organik,True,exact-raw
643,SAOS  PEDAS & SAMBAL,4,false,23,Makanan dan Minuman > MAKANAN & BAHAN MAKANAN > SAUS > SAOS  PEDAS & SAMBAL,flavour|net_content,2,1.0,0.043,0.174,0.304,0.0,0.0,0.0,0.0,UNMAPPED,,0,,,
670,JERUK,4,true,23,Makanan dan Minuman > FRESH > BUAH > JERUK,,0,0.087,0.0,0.087,0.0,0.0,0.0,0.087,0.087,EXACT,"Makanan, Minuman & Tembakau > Item Makanan > Buah & Sayur > Buah Segar & Beku > Buah Sitrus > Jeruk",6,Informasi alergen | Preferensi diet | Bentuk produk makanan | Gaya potongan buah | Isi biji | Persyaratan penyimpanan,False,exact-raw
1095,KABEL CONVERTER,4,true,23,Elektronik > ALAT ELEKTRONIK KANTOR & GADGET > SUKU CADANG KOMPUTER > KABEL CONVERTER,,0,0.0,0.0,0.0,0.0,0.0,0.0,0.0,0.174,UNMAPPED,,0,,,
1125,ALAT STAPLER,4,true,23,Alat dan Buku Tulis > PERALATAN UMUM > STAPLER & REFILL > ALAT STAPLER,model_code,1,0.0,0.0,0.087,0.0,0.0,0.0,0.0,0.783,UNMAPPED,,0,,,
1157,SARUNG KAKI BAYI,4,true,23,Fashion > FASHION ANAK & BAYI > PAKAIAN BAYI > SARUNG KAKI BAYI,model_code,1,0.0,0.174,0.0,0.0,0.043,0.043,0.0,0.217,UNMAPPED,,0,,,
1354,SABUN ANAK & BAYI BATANG,5,true,23,Keperluan Anak dan Bayi > PERAWATAN ANAK & BAYI > PERAWATAN KULIT ANAK & BAYI > SABUN ANAK & BAYI > SABUN ANAK & BAYI BATANG,net_content,1,1.0,0.087,0.0,0.0,0.0,0.0,0.174,0.0,EXACT,Kesehatan & Kecantikan > Perawatan Tubuh > Kosmetik > Mandi & Perawatan Tubuh > Sabun Batang,18,Kelompok usia | Kandungan Alkohol/Pelarut | Area tubuh | Warna | Bahan penyusun | Jenis agen eksfoliasi | Keharuman | Bahan-bahan | Bahan | Jenis kemasan | Pola | Sertifikasi & standar produk | Bentuk produk | Aroma | Bentuk | Efek perawatan kulit | Metode pembuatan sabun | Cocok untuk jenis kulit,False,exact-stripped
1531,EMBER,6,false,23,Perawatan Diri & Rumah Tangga > Rumah Tangga > Peralatan & Perlengkapan Rumah Tangga > PERALATAN RUMAH TANGGA > PERALATAN DAN PENYIMPANAN DI KAMAR MANDI > EMBER,colour|net_content,2,0.261,0.0,0.348,0.0,0.0,0.0,0.0,0.174,EXACT,Rumah & Taman > Perlengkapan Rumah Tangga > Perlengkapan Pembersih Rumah Tangga > Ember,9,Fitur ember | Warna | Bahan pegangan | Jenis pegangan | Bahan | Pola | Bentuk | Ruang yang cocok | Jenis penggunaan,False,exact-raw
1602,SIKAT LANTAI DENGAN GAGANG,7,true,23,Perawatan Diri & Rumah Tangga > Rumah Tangga > Peralatan & Perlengkapan Rumah Tangga > PERALATAN RUMAH TANGGA > PERALATAN KEBERSIHAN RUMAH TANGGA > SIKAT > SIKAT LANTAI DENGAN GAGANG,model_code,1,0.0,0.0,0.13,0.043,0.043,0.0,0.0,0.348,UNMAPPED,,0,,,
1616,TEMPAT SABUN BATANG PLASTIK,7,true,23,Perawatan Diri & Rumah Tangga > Rumah Tangga > Peralatan & Perlengkapan Rumah Tangga > PERALATAN RUMAH TANGGA > PERALATAN DAN PENYIMPANAN DI KAMAR MANDI > TEMPAT SABUN BATANG > TEMPAT SABUN BATANG PLASTIK,,0,0.0,0.0,0.0,0.0,0.0,0.0,0.0,0.174,UNMAPPED,,0,,,
1650,PLASTIK BENING CLING WRAP,7,true,23,Perawatan Diri & Rumah Tangga > Rumah Tangga > Peralatan & Perlengkapan Rumah Tangga > PERALATAN RUMAH TANGGA > PERALATAN DAN PENYIMPANAN DI DAPUR > ALAT DAPUR & AKSESORIS DAPUR > PLASTIK BENING CLING WRAP,,0,0.0,0.043,0.0,0.0,0.0,0.0,0.0,0.0,UNMAPPED,,0,,,
1660,TIMBANGAN MAKANAN,7,true,23,Perawatan Diri & Rumah Tangga > Rumah Tangga > Peralatan & Perlengkapan Rumah Tangga > PERALATAN RUMAH TANGGA > PERALATAN DAN PENYIMPANAN DI DAPUR > ALAT DAPUR & AKSESORIS DAPUR > TIMBANGAN MAKANAN,model_code|net_content,2,0.391,0.0,0.0,0.0,0.0,0.0,0.0,0.478,UNMAPPED,,0,,,
1712,KOMPOR GAS RUMAH,8,true,23,Perawatan Diri & Rumah Tangga > Rumah Tangga > Peralatan & Perlengkapan Rumah Tangga > PERALATAN RUMAH TANGGA > PERALATAN DAN PENYIMPANAN DI DAPUR > ALAT MASAK > KOMPOR GAS > KOMPOR GAS RUMAH,model_code,1,0.0,0.0,0.0,0.0,0.043,0.0,0.0,0.522,UNMAPPED,,0,,,
1756,GELAS / CUP MELAMIN,8,true,23,Perawatan Diri & Rumah Tangga > Rumah Tangga > Peralatan & Perlengkapan Rumah Tangga > PERALATAN RUMAH TANGGA > PERALATAN DAN PENYIMPANAN DI DAPUR > PERALATAN MAKAN > GELAS/CUP > GELAS / CUP MELAMIN,colour|model_code|net_content,3,0.565,0.0,0.391,0.13,0.0,0.0,0.0,0.609,UNMAPPED,,0,,,
108,DAGING AYAM SEGAR,3,true,22,Makanan dan Minuman > FRESH > DAGING AYAM SEGAR,,0,0.0,0.0,0.0,0.0,0.045,0.0,0.0,0.0,UNMAPPED,,0,,,
200,TALI TAMBANG,3,true,22,Perbaikan Rumah > PERLENGKAPAN PERBAIKAN RUMAH > TALI TAMBANG,material,1,0.0,0.136,0.0,0.0,0.5,0.0,0.0,0.045,FUZZY,Peralatan Olahraga > Rekreasi Luar Ruang > Berkemah & Hiking > Aksesori Tenda > Tali Penahan & Tali Tambang,2,Warna | Pola,False,fuzzy-raw
239,ALAT SEMPROT TANAMAN,3,true,22,"Hobi, Ibadah, dan Olahraga > BERKEBUN > ALAT SEMPROT TANAMAN",colour,1,0.182,0.0,0.273,0.0,0.0,0.045,0.091,0.045,UNMAPPED,,0,,,
400,BAJU MUSLIM WANITA,3,false,22,Fashion > FASHION WANITA > BAJU MUSLIM WANITA,colour,1,0.0,0.0,0.227,0.091,0.0,0.182,0.0,0.045,UNMAPPED,,0,,,
480,CATUR,3,true,22,Mainan dan Alat Lainnya > MAINAN DENGAN PAPAN (BOARD GAME) > CATUR,material,1,0.0,0.136,0.0,0.0,0.455,0.182,0.0,0.045,UNMAPPED,,0,,,
634,MARGARIN,4,true,22,Makanan dan Minuman > MAKANAN & BAHAN MAKANAN > PRODUK SUSU > MARGARIN,colour|net_content,2,1.0,0.0,0.5,0.091,0.0,0.0,0.045,0.0,EXACT,"Makanan, Minuman & Tembakau > Item Makanan > Produk Susu > Mentega & Margarin > Margarin",5,Informasi alergen | Varian beta-kasein | Preferensi diet | Sumber lemak | Persyaratan penyimpanan,False,exact-raw
635,MENTEGA (BUTTER),4,true,22,Makanan dan Minuman > MAKANAN & BAHAN MAKANAN > PRODUK SUSU > MENTEGA (BUTTER),net_content,1,0.955,0.136,0.136,0.091,0.0,0.0,0.0,0.045,UNMAPPED,,0,,,
802,CREAM ANAK & BAYI,4,true,22,Keperluan Anak dan Bayi > PERAWATAN ANAK & BAYI > PERAWATAN KULIT ANAK & BAYI > CREAM ANAK & BAYI,net_content,1,1.0,0.0,0.0,0.0,0.0,0.0,0.045,0.045,UNMAPPED,,0,,,
810,HAIR LOTION ANAK & BAYI,4,true,22,Keperluan Anak dan Bayi > PERAWATAN ANAK & BAYI > PERAWATAN RAMBUT ANAK & BAYI > HAIR LOTION ANAK & BAYI,net_content,1,1.0,0.0,0.045,0.0,0.0,0.0,0.0,0.0,UNMAPPED,,0,,,
850,BIB/SLABER BAYI,4,true,22,Keperluan Anak dan Bayi > PERLENGKAPAN ANAK & BAYI > PERLENGKAPAN MAKAN ANAK & BAYI  > BIB/SLABER BAYI,colour|model_code,2,0.0,0.045,0.227,0.0,0.136,0.0,0.0,0.5,UNMAPPED,,0,,,
936,ESSENTIAL OIL,4,true,22,Perawatan Diri & Rumah Tangga > Perawatan Diri > WELLNESS & RELAXATION > ESSENTIAL OIL,colour|net_content|scent,3,1.0,0.0,0.364,0.136,0.0,0.0,0.727,0.0,UNMAPPED,,0,,,
962,KUNCI PAS,4,true,22,Perbaikan Rumah > ALAT ALAT PERBAIKAN RUMAH > KUNCI > KUNCI PAS,pack_count,1,0.0,0.364,0.0,0.0,0.0,0.136,0.0,0.045,EXACT,Perkakas > Peralatan > Kunci Pas,3,Warna | Bahan perangkat keras | Pola,True,exact-raw
965,KUNCI SOCKET,4,true,22,Perbaikan Rumah > ALAT ALAT PERBAIKAN RUMAH > KUNCI > KUNCI SOCKET,,0,0.0,0.182,0.0,0.0,0.0,0.0,0.0,0.045,UNMAPPED,,0,,,
1062,POMPA BAN SEPEDA,4,true,22,"Hobi, Ibadah, dan Olahraga > OLAHRAGA > PERALATAN & PERLENGKAPAN SEPEDA > POMPA BAN SEPEDA",colour,1,0.0,0.0,0.455,0.0,0.045,0.0,0.0,0.0,AMBIGUOUS,,0,,,fuzzy-raw
1088,MOUSE MAT,4,true,22,Elektronik > ALAT ELEKTRONIK KANTOR & GADGET > PERLENGKAPAN KOMPUTER > MOUSE MAT,colour|model_code|pack_count,3,0.0,0.318,0.227,0.0,0.0,0.0,0.0,0.273,UNMAPPED,,0,,,
1117,AMPLOP SURAT,4,true,22,Alat dan Buku Tulis > PERALATAN UMUM > AMPLOP > AMPLOP SURAT,pack_count,1,0.136,0.318,0.0,0.0,0.0,0.0,0.0,0.0,UNMAPPED,,0,,,
1266,TAS DUFFLE PRIA,4,true,22,Fashion > TAS & KOPER > TAS PRIA > TAS DUFFLE PRIA,model_code,1,0.182,0.0,0.182,0.0,0.0,0.0,0.0,0.273,UNMAPPED,,0,,,
1439,MEJA ,5,false,22,Perawatan Diri & Rumah Tangga > Rumah Tangga > Peralatan & Perlengkapan Rumah Tangga > PERLENGKAPAN RUMAH TANGGA > MEJA ,colour|flavour,2,0.0,0.0,0.591,0.273,0.091,0.0,0.0,0.0,AMBIGUOUS,,0,,,exact-raw
1590,SABUT & SPONS DUA SISI UNTUK DAPUR,7,true,22,Perawatan Diri & Rumah Tangga > Rumah Tangga > Peralatan & Perlengkapan Rumah Tangga > PERALATAN RUMAH TANGGA > PERALATAN KEBERSIHAN RUMAH TANGGA > SABUT & SPONS > SABUT & SPONS DUA SISI UNTUK DAPUR,pack_count,1,0.045,0.273,0.182,0.0,0.045,0.0,0.0,0.182,UNMAPPED,,0,,,
1593,SPON / BUSA SAJA,7,true,22,Perawatan Diri & Rumah Tangga > Rumah Tangga > Peralatan & Perlengkapan Rumah Tangga > PERALATAN RUMAH TANGGA > PERALATAN KEBERSIHAN RUMAH TANGGA > SABUT & SPONS > SPON / BUSA SAJA,pack_count,1,0.0,0.318,0.045,0.0,0.091,0.0,0.0,0.136,UNMAPPED,,0,,,
1626,CENTONG,7,false,22,Perawatan Diri & Rumah Tangga > Rumah Tangga > Peralatan & Perlengkapan Rumah Tangga > PERALATAN RUMAH TANGGA > PERALATAN DAN PENYIMPANAN DI DAPUR > ALAT DAPUR & AKSESORIS DAPUR > CENTONG,material,1,0.0,0.0,0.091,0.0,0.227,0.0,0.0,0.045,UNMAPPED,,0,,,
1630,COBEK/COWET/ULEKAN,7,true,22,Perawatan Diri & Rumah Tangga > Rumah Tangga > Peralatan & Perlengkapan Rumah Tangga > PERALATAN RUMAH TANGGA > PERALATAN DAN PENYIMPANAN DI DAPUR > ALAT DAPUR & AKSESORIS DAPUR > COBEK/COWET/ULEKAN,material|model_code,2,0.0,0.045,0.0,0.0,0.455,0.0,0.0,0.682,UNMAPPED,,0,,,
1679,PIRING,7,false,22,Perawatan Diri & Rumah Tangga > Rumah Tangga > Peralatan & Perlengkapan Rumah Tangga > PERALATAN RUMAH TANGGA > PERALATAN DAN PENYIMPANAN DI DAPUR > PERALATAN MAKAN > PIRING,model_code,1,0.0,0.0,0.136,0.136,0.0,0.0,0.0,0.5,EXACT,Rumah & Taman > Dapur & Ruang Makan > Peralatan Makan > Peralatan Makan > Piring,7,Petunjuk pembersihan | Warna | Finis | Pola | Model piring | Bentuk | Bahan peralatan makan,False,exact-raw
1765,MUG STAINLESS STEEL,8,true,22,Perawatan Diri & Rumah Tangga > Rumah Tangga > Peralatan & Perlengkapan Rumah Tangga > PERALATAN RUMAH TANGGA > PERALATAN DAN PENYIMPANAN DI DAPUR > PERALATAN MAKAN > MUG > MUG STAINLESS STEEL,model_code|net_content,2,0.318,0.0,0.091,0.091,0.0,0.0,0.0,0.227,UNMAPPED,,0,,,
73,PERMAINAN KARTU,2,false,21,Mainan dan Alat Lainnya > PERMAINAN KARTU,model_code|pack_count,2,0.0,0.333,0.19,0.0,0.0,0.0,0.0,0.667,EXACT,Mainan & Permainan > Permainan > Permainan Kartu,6,Warna | Kondisi | Pola | Rekomendasi kelompok usia | Tema | Bahan mainan/permainan,True,exact-raw
83,TEH INSTAN,3,false,21,"Makanan dan Minuman > COKLAT, KOPI & TEH > TEH INSTAN",flavour|model_code|net_content|pack_count,4,0.952,0.286,0.143,0.381,0.0,0.0,0.095,0.238,UNMAPPED,,0,,,
110,IKAN & SEAFOOD SEGAR,3,false,21,Makanan dan Minuman > FRESH > IKAN & SEAFOOD SEGAR,model_code|net_content,2,0.714,0.0,0.048,0.048,0.0,0.0,0.0,0.286,UNMAPPED,,0,,,
332,TOPI PESTA/TOPI ULANG TAHUN,3,true,21,Alat dan Buku Tulis > DEKORASI & KELENGKAPAN PESTA > TOPI PESTA/TOPI ULANG TAHUN,colour,1,0.0,0.095,0.286,0.0,0.0,0.0,0.095,0.0,UNMAPPED,,0,,,
401,BATIK WANITA,3,false,21,Fashion > FASHION WANITA > BATIK WANITA,,0,0.0,0.0,0.143,0.048,0.0,0.0,0.0,0.0,UNMAPPED,,0,,,
467,EYELINER,3,true,21,Kosmetik dan Alat Kecantikan > MAKE UP MATA > EYELINER,colour|net_content,2,0.762,0.0,0.619,0.0,0.0,0.0,0.0,0.048,EXACT,Kesehatan & Kecantikan > Perawatan Tubuh > Kosmetik > Makeup > Riasan Mata > Eyeliner,16,Kandungan Alkohol/Pelarut | Warna | Finis kosmetik | Tingkat cakupan | Jenis dispenser | Fitur daya tahan | Keharuman | Fitur riasan | Warna riasan | Bahan | Pola | Desain ujung pena/bulu | Sertifikasi & standar produk | Bentuk produk | Tingkat SPF | Cocok untuk jenis kulit,False,exact-raw
570,SANTAN,4,true,21,Makanan dan Minuman > MAKANAN & BAHAN MAKANAN > BUMBU DAPUR > SANTAN,net_content,1,1.0,0.048,0.095,0.048,0.0,0.0,0.095,0.0,UNMAPPED,,0,,,
608,SAYUR DALAM KEMASAN,4,true,21,Makanan dan Minuman > MAKANAN & BAHAN MAKANAN > MAKANAN DALAM KEMASAN & KALENG > SAYUR DALAM KEMASAN,flavour|net_content,2,0.857,0.0,0.19,0.238,0.048,0.0,0.048,0.19,UNMAPPED,,0,,,
619,MIE TELOR KERING,4,true,21,Makanan dan Minuman > MAKANAN & BAHAN MAKANAN > MIE KERING & PASTA > MIE TELOR KERING,flavour|net_content,2,0.905,0.0,0.19,0.333,0.0,0.0,0.0,0.048,UNMAPPED,,0,,,
982,WIPER MOBIL,4,true,21,"Hobi, Ibadah, dan Olahraga > Perawatan & Suku Cadang Mobil > SUKU CADANG MOBIL > WIPER MOBIL",,0,0.048,0.0,0.0,0.0,0.19,0.0,0.0,0.095,UNMAPPED,,0,,,
1168,ROMPI PRIA,4,true,21,Fashion > FASHION PRIA > BAJU LUARAN PRIA > ROMPI PRIA,,0,0.0,0.0,0.19,0.048,0.095,0.19,0.0,0.19,AMBIGUOUS,,0,,,exact-stripped
1226,SET BRA WANITA,4,true,21,Fashion > FASHION WANITA > PAKAIAN DALAM WANITA > SET BRA WANITA,model_code,1,0.0,0.0,0.0,0.0,0.0,0.0,0.0,0.286,UNMAPPED,,0,,,
1299,BRUSH SET,4,true,21,Kosmetik dan Alat Kecantikan > ALAT KECANTIKAN > KUAS & APLIKATOR MAKE UP > BRUSH SET,colour,1,0.048,0.0,0.619,0.0,0.0,0.048,0.048,0.095,UNMAPPED,,0,,,
1360,ANTI NYAMUK LOTION,5,true,21,Perawatan Diri & Rumah Tangga > Perawatan Diri > PERAWATAN BADAN > ANTI NYAMUK > ANTI NYAMUK LOTION,flavour|net_content|pack_count|scent,4,0.952,0.286,0.0,0.286,0.143,0.0,0.524,0.0,UNMAPPED,,0,,,
1374,JAMU/OBAT HERBAL,5,true,21,Perawatan Diri & Rumah Tangga > Perawatan Diri > MULTIVITAMIN & SUPLEMEN > SUPLEMEN MAKANAN > JAMU/OBAT HERBAL,flavour|net_content|pack_count,3,0.762,0.333,0.048,0.333,0.048,0.0,0.0,0.048,UNMAPPED,,0,,,
1389,OBAT LUAR LAINNYA,5,true,21,Perawatan Diri & Rumah Tangga > Perawatan Diri > OBAT-OBATAN > PEREDA NYERI & OBAT LUAR > OBAT LUAR LAINNYA,net_content,1,0.333,0.143,0.143,0.0,0.0,0.0,0.095,0.0,UNMAPPED,,0,,,
1510,PEMBERSIH MULTIFUNGSI CAIR,6,true,21,Perawatan Diri & Rumah Tangga > Rumah Tangga > BAHAN PEMBERSIH RUMAH > PERAWATAN & PEMBERSIH RUMAH TANGGA LAINNYA > PEMBERSIH MULTIFUNGSI > PEMBERSIH MULTIFUNGSI CAIR,net_content|scent,2,1.0,0.0,0.143,0.143,0.048,0.048,0.238,0.19,UNMAPPED,,0,,,
1524,SAPU,6,false,21,Perawatan Diri & Rumah Tangga > Rumah Tangga > Peralatan & Perlengkapan Rumah Tangga > PERALATAN RUMAH TANGGA > PERALATAN KEBERSIHAN RUMAH TANGGA > SAPU,,0,0.0,0.048,0.0,0.0,0.048,0.0,0.0,0.048,EXACT,Rumah & Taman > Perlengkapan Rumah Tangga > Perlengkapan Pembersih Rumah Tangga > Sapu,8,Bahan bulu sikat | Kekakuan bulu sikat | Warna | Bahan pegangan | Bahan | Pola | Ruang yang cocok | Jenis penggunaan,False,exact-raw
1544,KERANJANG & TEMPAT SAMPAH,6,false,21,Perawatan Diri & Rumah Tangga > Rumah Tangga > Peralatan & Perlengkapan Rumah Tangga > PERALATAN RUMAH TANGGA > PERALATAN DAN PENYIMPANAN DI DAPUR > KERANJANG & TEMPAT SAMPAH,,0,0.095,0.0,0.048,0.0,0.0,0.0,0.0,0.048,EXACT,Rumah & Taman > Perlengkapan Rumah Tangga > Penampungan Limbah > Tempat Sampah & Keranjang Sampah,10,Warna | Jenis tutup | Bahan | Jenis pemasangan | Jumlah kompartemen | Mekanisme pembukaan | Pola | Bentuk | Lokasi yang cocok | Ruang yang cocok,True,exact-raw
1585,KAIN LAP TANGAN,7,true,21,Perawatan Diri & Rumah Tangga > Rumah Tangga > Peralatan & Perlengkapan Rumah Tangga > PERALATAN RUMAH TANGGA > PERALATAN KEBERSIHAN RUMAH TANGGA > KAIN UNTUK LAP & PEL > KAIN LAP TANGAN,model_code,1,0.048,0.095,0.143,0.0,0.0,0.0,0.0,0.333,UNMAPPED,,0,,,
1595,SAPU LIDI,7,true,21,Perawatan Diri & Rumah Tangga > Rumah Tangga > Peralatan & Perlengkapan Rumah Tangga > PERALATAN RUMAH TANGGA > PERALATAN KEBERSIHAN RUMAH TANGGA > SAPU > SAPU LIDI,colour|model_code,2,0.0,0.0,0.333,0.048,0.19,0.0,0.048,0.333,UNMAPPED,,0,,,
1838,CABAI BUBUK,4,true,21,Makanan dan Minuman > MAKANAN & BAHAN MAKANAN > BUMBU DAPUR > CABAI BUBUK,flavour|net_content,2,0.905,0.0,0.048,0.238,0.0,0.0,0.0,0.048,UNMAPPED,,0,,,
1851,SAOS CABAI KEMASAN POUCH,6,true,21,Makanan dan Minuman > MAKANAN & BAHAN MAKANAN > SAUS > SAOS  PEDAS & SAMBAL > SAOS CABAI > SAOS CABAI KEMASAN POUCH,net_content,1,1.0,0.0,0.0,0.0,0.0,0.0,0.0,0.095,UNMAPPED,,0,,,
1876,TESPEN,3,true,21,Perbaikan Rumah > ALAT ALAT PERBAIKAN RUMAH > TESPEN,model_code,1,0.0,0.0,0.048,0.0,0.0,0.0,0.0,0.286,UNMAPPED,,0,,,
1880,KUNCI Y,4,true,21,Perbaikan Rumah > ALAT ALAT PERBAIKAN RUMAH > KUNCI > KUNCI Y,colour|garment_size,2,0.0,0.0,0.571,0.0,0.0,0.286,0.0,0.0,UNMAPPED,,0,,,
169,SIKAT KAWAT (WIRE BRUSH),3,true,20,Perbaikan Rumah > ALAT ALAT PERBAIKAN RUMAH > SIKAT KAWAT (WIRE BRUSH),colour,1,0.0,0.15,0.45,0.0,0.0,0.0,0.0,0.0,UNMAPPED,,0,,,
197,SEPATU BOOT SAFETY,3,true,20,Perbaikan Rumah > PERLENGKAPAN PERBAIKAN RUMAH > SEPATU BOOT SAFETY,colour,1,0.0,0.0,1.0,0.0,0.0,0.0,0.0,0.0,UNMAPPED,,0,,,
262,KETEL AIR LISTRIK,3,true,20,Elektronik > ALAT ELEKTRONIK DAPUR > KETEL AIR LISTRIK,material|model_code,2,0.15,0.0,0.0,0.0,0.25,0.15,0.0,0.4,FUZZY,Rumah & Taman > Dapur & Ruang Makan > Peralatan Dapur > Ketel Listrik,7,Warna | Fitur ketel listrik | Kelas efisiensi energi | Bahan | Pola | Sumber listrik | Kontrol suhu,False,fuzzy-raw
320,BUKU NOTA,3,true,20,Alat dan Buku Tulis > BUKU TULIS > BUKU NOTA,,0,0.0,0.1,0.0,0.05,0.0,0.0,0.0,0.0,UNMAPPED,,0,,,
646,TAUCHO,4,true,20,Makanan dan Minuman > MAKANAN & BAHAN MAKANAN > SAUS > TAUCHO,net_content,1,1.0,0.0,0.05,0.15,0.0,0.0,0.0,0.0,UNMAPPED,,0,,,
880,SPRAY RAMBUT,4,true,20,Perawatan Diri & Rumah Tangga > Perawatan Diri > PERAWATAN RAMBUT > SPRAY RAMBUT,colour|net_content,2,0.9,0.0,0.2,0.0,0.0,0.0,0.0,0.0,EXACT,Kesehatan & Kecantikan > Perawatan Tubuh > Perawatan Rambut > Produk Penataan Rambut > Spray Rambut,15,Kelompok usia | Jenis pemakaian | Efek kondisioner | Bahan penyusun | Keharuman | Finis perawatan rambut | Item perawatan rambut yang disertakan | Manfaat penataan rambut | Jenis rambut | Tingkat ketahanan | Bahan | Sertifikasi & standar produk | Bentuk produk | Cocok untuk jenis rambut | Jenis kelamin sasaran,False,exact-raw
937,ANTI NYAMUK BAKAR,4,false,20,Perawatan Diri & Rumah Tangga > Rumah Tangga > ANTI HAMA & SERANGGA > ANTI NYAMUK BAKAR,net_content|pack_count|scent,3,0.35,1.0,0.0,0.0,0.0,0.0,0.5,0.0,UNMAPPED,,0,,,
999,SPION MOTOR,4,true,20,"Hobi, Ibadah, dan Olahraga > Perawatan & Suku Cadang Motor > SUKU CADANG MOTOR > SPION MOTOR",colour,1,0.0,0.0,0.25,0.0,0.0,0.0,0.0,0.0,UNMAPPED,,0,,,
1022,PITA ORGANZA,4,true,20,"Hobi, Ibadah, dan Olahraga > MENJAHIT > PITA > PITA ORGANZA",colour,1,0.0,0.0,0.85,0.1,0.0,0.0,0.0,0.0,EXACT,Seni & Hiburan > Hobi & Seni Kreatif > Seni & Kerajinan > Bahan Seni & Kerajinan > Hiasan & Trim > Pita & Trim > Pita Organza,6,Warna | Jenis proyek kerajinan | Bahan hiasan/trim | Tingkat transparansi pita organza | Pola | Jenis lapisan belakang pita/trim,False,exact-raw
1043,PELAMPUNG RENANG,4,true,20,"Hobi, Ibadah, dan Olahraga > OLAHRAGA > PERALATAN & PERLENGKAPAN RENANG > PELAMPUNG RENANG",,0,0.0,0.0,0.0,0.0,0.0,0.15,0.0,0.0,EXACT,Peralatan Olahraga > Rekreasi Luar Ruang > Olahraga Air & Berperahu > Renang > Alat Bantu Renang Anak > Pelampung Renang,5,Kelompok usia | Warna | Pola | Jenis kompartemen penyimpanan | Fitur pelampung renang,False,exact-raw
1047,BARBEL / DUMBELL,4,true,20,"Hobi, Ibadah, dan Olahraga > OLAHRAGA > PERALATAN & PERLENGKAPAN FITNESS > BARBEL / DUMBELL",net_content,1,1.0,0.0,0.0,0.0,0.0,0.0,0.0,0.0,UNMAPPED,,0,,,
1105,CHARGER HP UNTUK MOBIL,4,true,20,Elektronik > ALAT ELEKTRONIK KANTOR & GADGET > PERLENGKAPAN & SUKU CADANG GADGET > CHARGER HP UNTUK MOBIL,model_code,1,0.0,0.0,0.0,0.0,0.0,0.0,0.0,0.8,UNMAPPED,,0,,,
1123,LEM KERTAS CAIR,4,true,20,Alat dan Buku Tulis > PERALATAN UMUM > LEM KERTAS > LEM KERTAS CAIR,model_code|net_content,2,0.45,0.0,0.15,0.0,0.0,0.0,0.0,0.45,FUZZY,Seni & Hiburan > Hobi & Seni Kreatif > Seni & Kerajinan > Bahan Seni & Kerajinan > Perekat & Magnet Kerajinan > Lem Kerajinan & Kantor > Lem Cair,8,Kandungan Alkohol/Pelarut | Metode pembersihan | Lapisan akhir lem kerajinan | Jenis aplikator lem | Formulasi dasar lem | Permukaan yang direkomendasikan | Cocok untuk bahan kerajinan | Kemudahan dicuci,False,fuzzy-raw
1130,KUPLUK ANAK,4,true,20,Fashion > AKSESORIS FASHION ANAK > AKSESORIS RAMBUT ANAK > KUPLUK ANAK,,0,0.0,0.0,0.0,0.1,0.1,0.0,0.0,0.0,UNMAPPED,,0,,,
1202,PASHMINA WANITA,4,true,20,Fashion > FASHION WANITA > BAJU MUSLIM WANITA > PASHMINA WANITA,,0,0.0,0.0,0.0,0.0,0.05,0.0,0.0,0.0,UNMAPPED,,0,,,
1367,DEODORAN LOTION,5,true,20,Perawatan Diri & Rumah Tangga > Perawatan Diri > FRAGRANCE & DEODORAN > DEODORAN > DEODORAN LOTION,net_content|scent,2,0.85,0.0,0.15,0.0,0.0,0.0,0.2,0.0,UNMAPPED,,0,,,
1436,PERALATAN DAN PENYIMPANAN DI DAPUR,5,false,20,Perawatan Diri & Rumah Tangga > Rumah Tangga > Peralatan & Perlengkapan Rumah Tangga > PERALATAN RUMAH TANGGA > PERALATAN DAN PENYIMPANAN DI DAPUR,model_code|net_content,2,0.35,0.0,0.1,0.05,0.05,0.0,0.05,0.35,FUZZY,Rumah & Taman > Dapur & Ruang Makan > Peralatan & Perlengkapan Dapur > Penata Dapur > Tempat Penyimpanan & Rak Peralatan Dapur > Tempat Penyimpanan Peralatan Dapur,13,Petunjuk pembersihan | Warna | Fitur penata laci | Fitur furnitur/perabot | Bahan pegangan | Jenis Kayu | Jenis pemasangan | Pola | Penempatan yang didukung | Bentuk | Bahan alat/perkakas | Fitur tempat peralatan dapur | Finishing kayu,False,fuzzy-raw
1558,BANTAL DEWASA,6,true,20,Perawatan Diri & Rumah Tangga > Rumah Tangga > Peralatan & Perlengkapan Rumah Tangga > PERLENGKAPAN RUMAH TANGGA > PERLENGKAPAN KAMAR & KAMAR MANDI > BANTAL DEWASA,,0,0.0,0.05,0.05,0.0,0.05,0.0,0.1,0.0,UNMAPPED,,0,,,
1711,KOMPOR GAS PORTABLE,8,true,20,Perawatan Diri & Rumah Tangga > Rumah Tangga > Peralatan & Perlengkapan Rumah Tangga > PERALATAN RUMAH TANGGA > PERALATAN DAN PENYIMPANAN DI DAPUR > ALAT MASAK > KOMPOR GAS > KOMPOR GAS PORTABLE,colour|model_code,2,0.1,0.0,0.2,0.0,0.0,0.0,0.0,0.3,UNMAPPED,,0,,,
1854,SAOS PEDAS LAINNYA,5,true,20,Makanan dan Minuman > MAKANAN & BAHAN MAKANAN > SAUS > SAOS  PEDAS & SAMBAL > SAOS PEDAS LAINNYA,net_content,1,1.0,0.0,0.0,0.05,0.0,0.0,0.0,0.0,UNMAPPED,,0,,,
5,"Hobi, Ibadah, dan Olahraga",1,false,19,"Hobi, Ibadah, dan Olahraga",colour,1,0.053,0.158,0.263,0.0,0.0,0.053,0.0,0.158,UNMAPPED,,0,,,
172,AMPLAS (SAND PAPER),3,true,19,Perbaikan Rumah > MATERIAL PERBAIKAN RUMAH > AMPLAS (SAND PAPER),model_code,1,0.0,0.0,0.0,0.053,0.0,0.0,0.0,0.316,UNMAPPED,,0,,,
192,KOTAK PERKAKAS (TOOL BOX),3,true,19,Perbaikan Rumah > PERLENGKAPAN PERBAIKAN RUMAH > KOTAK PERKAKAS (TOOL BOX),colour,1,0.0,0.0,0.263,0.053,0.0,0.0,0.0,0.053,UNMAPPED,,0,,,
272,PERLENGKAPAN & SUKU CADANG GADGET,3,false,19,Elektronik > ALAT ELEKTRONIK KANTOR & GADGET > PERLENGKAPAN & SUKU CADANG GADGET,,0,0.0,0.0,0.053,0.0,0.0,0.0,0.0,0.105,UNMAPPED,,0,,,
273,GADGET LAINNYA,3,true,19,Elektronik > ALAT ELEKTRONIK KANTOR & GADGET > GADGET LAINNYA,colour,1,0.0,0.0,0.368,0.0,0.0,0.0,0.0,0.158,UNMAPPED,,0,,,
383,KUPLUK DEWASA,3,true,19,Fashion > AKSESORIS FASHION DEWASA > KUPLUK DEWASA,,0,0.0,0.0,0.0,0.0,0.158,0.0,0.0,0.0,UNMAPPED,,0,,,
531,TEH KEMASAN PACK,4,true,19,"Makanan dan Minuman > COKLAT, KOPI & TEH > TEH INSTAN > TEH KEMASAN PACK",flavour|net_content,2,1.0,0.0,0.158,0.316,0.0,0.0,0.0,0.0,UNMAPPED,,0,,,
538,KERIPIK PISANG,4,true,19,Makanan dan Minuman > MAKANAN KECIL  > KERIPIK > KERIPIK PISANG,colour|flavour|net_content,3,0.947,0.0,0.211,0.263,0.0,0.0,0.0,0.0,UNMAPPED,,0,,,
628,MINYAK KELAPA,4,true,19,Makanan dan Minuman > MAKANAN & BAHAN MAKANAN > MINYAK > MINYAK KELAPA,net_content,1,0.579,0.053,0.0,0.0,0.0,0.0,0.0,0.105,EXACT,"Makanan, Minuman & Tembakau > Item Makanan > Bahan Memasak & Baking > Minyak Goreng > Minyak Kelapa",5,Informasi alergen | Jenis pemurnian minyak kelapa | Preferensi diet | Metode pengolahan minyak | Persyaratan penyimpanan,False,exact-raw
661,TEPUNG TERIGU,4,true,19,Makanan dan Minuman > MAKANAN & BAHAN MAKANAN > TEPUNG > TEPUNG TERIGU,colour|net_content,2,1.0,0.0,0.263,0.0,0.158,0.0,0.0,0.0,UNMAPPED,,0,,,
1037,SHUTTLECOCK / KOK BADMINTON,4,true,19,"Hobi, Ibadah, dan Olahraga > OLAHRAGA > PERALATAN & PERLENGKAPAN BADMINTON > SHUTTLECOCK / KOK BADMINTON",colour|pack_count,2,0.0,0.526,0.211,0.0,0.0,0.0,0.0,0.0,UNMAPPED,,0,,,
1289,DASI,4,true,19,Fashion > SERAGAM & ATRIBUT SEKOLAH > ATRIBUT SEKOLAH & KELENGKAPAN LAINNYA > DASI,,0,0.0,0.0,0.0,0.0,0.0,0.0,0.0,0.0,EXACT,Busana dan Aksesori > Aksesori Pakaian > Dasi,8,Item aksesori yang disertakan | Ukuran aksesori | Kelompok usia | Warna | Kain | Pola | Jenis kelamin sasaran | Tenun/finishing,True,exact-raw
1339,MAKANAN SIAP SAJI LAINNYA,5,true,19,Makanan dan Minuman > MAKANAN & BAHAN MAKANAN > MAKANAN DALAM KEMASAN & KALENG > MAKANAN SIAP SAJI > MAKANAN SIAP SAJI LAINNYA,flavour|net_content,2,0.842,0.0,0.053,0.526,0.053,0.0,0.0,0.0,FUZZY,"Makanan, Minuman & Tembakau > Item Makanan > Makanan Olahan > Makanan Penutup & Manisan Siap Saji",6,Informasi alergen | Preferensi diet | Bentuk produk makanan | Petunjuk pemanasan | Hidangan makan | Persyaratan penyimpanan,False,fuzzy-raw
1344,KECAP ASIN,5,true,19,Makanan dan Minuman > MAKANAN & BAHAN MAKANAN > SAUS > KECAP > KECAP ASIN,net_content,1,1.0,0.0,0.0,0.053,0.0,0.0,0.0,0.0,UNMAPPED,,0,,,
1379,BEDAK GATAL,5,true,19,Perawatan Diri & Rumah Tangga > Perawatan Diri > OBAT-OBATAN > PEREDA NYERI & OBAT LUAR > BEDAK GATAL,net_content|scent,2,1.0,0.0,0.053,0.105,0.0,0.0,0.316,0.0,UNMAPPED,,0,,,
1571,BENDERA MERAH PUTIH,6,true,19,Perawatan Diri & Rumah Tangga > Rumah Tangga > Peralatan & Perlengkapan Rumah Tangga > PERLENGKAPAN RUMAH TANGGA > PERLENGKAPAN LAINNYA > BENDERA MERAH PUTIH,pack_count,1,0.0,0.474,0.0,0.0,0.105,0.0,0.0,0.0,UNMAPPED,,0,,,
1725,KOTAK MAKAN KERTAS UNTUK CATERING,8,true,19,Perawatan Diri & Rumah Tangga > Rumah Tangga > Peralatan & Perlengkapan Rumah Tangga > PERALATAN RUMAH TANGGA > PERALATAN DAN PENYIMPANAN DI DAPUR > TEMPAT PENYIMPANAN MAKANAN & MINUMAN > TEMPAT PENYIMPANAN MAKANAN > KOTAK MAKAN KERTAS UNTUK CATERING,pack_count,1,0.0,0.316,0.053,0.053,0.0,0.0,0.0,0.0,UNMAPPED,,0,,,
1735,GARPU STAINLESS,8,true,19,Perawatan Diri & Rumah Tangga > Rumah Tangga > Peralatan & Perlengkapan Rumah Tangga > PERALATAN RUMAH TANGGA > PERALATAN DAN PENYIMPANAN DI DAPUR > PERALATAN MAKAN > GARPU > GARPU STAINLESS,model_code|pack_count,2,0.0,0.474,0.0,0.0,0.0,0.0,0.0,0.474,UNMAPPED,,0,,,
1787,BELUM DISORTIR,1,false,19,BELUM DISORTIR,,0,0.105,0.0,0.053,0.0,0.0,0.053,0.053,0.0,UNMAPPED,,0,,,
1820,SAOS TOMAT KEMASAN BOTOL,6,true,19,Makanan dan Minuman > MAKANAN & BAHAN MAKANAN > SAUS > SAOS  PEDAS & SAMBAL > SAOS TOMAT > SAOS TOMAT KEMASAN BOTOL,net_content,1,1.0,0.0,0.0,0.0,0.0,0.0,0.0,0.0,UNMAPPED,,0,,,
1877,SARINGAN WASTAFEL,3,true,19,Perbaikan Rumah > PERLENGKAPAN PERBAIKAN RUMAH > SARINGAN WASTAFEL,,0,0.0,0.0,0.053,0.0,0.053,0.0,0.053,0.053,UNMAPPED,,0,,,
86,"COOKIES, BISKUIT DAN LAIN LAIN",3,false,18,"Makanan dan Minuman > MAKANAN KECIL  > COOKIES, BISKUIT DAN LAIN LAIN",flavour|net_content,2,1.0,0.0,0.111,0.222,0.0,0.0,0.0,0.0,UNMAPPED,,0,,,
177,MUR,3,true,18,Perbaikan Rumah > MATERIAL PERBAIKAN RUMAH > MUR,pack_count,1,0.0,0.944,0.0,0.0,0.0,0.0,0.0,0.0,UNMAPPED,,0,,,
244,GUNTING TANAMAN,3,true,18,"Hobi, Ibadah, dan Olahraga > BERKEBUN > GUNTING TANAMAN",,0,0.0,0.0,0.167,0.0,0.056,0.0,0.0,0.0,UNMAPPED,,0,,,
284,HAIR DRYER,3,true,18,Elektronik > ALAT ELEKTRONIK RUMAH LAINNYA > HAIR DRYER,model_code,1,0.0,0.0,0.0,0.0,0.0,0.0,0.0,0.556,UNMAPPED,,0,,,
615,PASTA INSTAN BUNGKUS,4,true,18,"Makanan dan Minuman > MAKANAN & BAHAN MAKANAN > MIE, BIHUN, KWETIAU INSTAN > PASTA INSTAN BUNGKUS",colour|net_content,2,1.0,0.0,0.389,0.056,0.0,0.0,0.0,0.056,UNMAPPED,,0,,,
870,PERLAK ANAK & BAYI,4,true,18,Keperluan Anak dan Bayi > PERLENGKAPAN ANAK & BAYI > PERLENGKAPAN TIDUR ANAK & BAYI > PERLAK ANAK & BAYI,colour|pack_count,2,0.0,0.389,0.333,0.0,0.0,0.0,0.0,0.056,UNMAPPED,,0,,,
914,TUSUK GIGI ,4,true,18,Perawatan Diri & Rumah Tangga > Perawatan Diri > PERAWATAN MULUT & GIGI > TUSUK GIGI ,pack_count,1,0.0,0.222,0.0,0.0,0.111,0.0,0.0,0.0,EXACT,Kesehatan & Kecantikan > Perawatan Tubuh > Perawatan Mulut > Tusuk Gigi,7,Jenis Kayu | Bahan | Fungsi perawatan mulut | Bentuk produk | Desain tusuk gigi | Jenis penggunaan | Finishing kayu,False,exact-raw
988,SABUT & SPONS DUA SISI UNTUK MOBIL,4,true,18,"Hobi, Ibadah, dan Olahraga > Perawatan & Suku Cadang Mobil > PERAWATAN MOBIL > SABUT & SPONS DUA SISI UNTUK MOBIL",,0,0.056,0.056,0.111,0.0,0.0,0.0,0.0,0.0,UNMAPPED,,0,,,
1067,KARPET / MATRAS OLAHRAGA,4,true,18,"Hobi, Ibadah, dan Olahraga > OLAHRAGA > PERALATAN & PERLENGKAPAN YOGA > KARPET / MATRAS OLAHRAGA",colour,1,0.0,0.167,0.278,0.0,0.056,0.0,0.0,0.056,UNMAPPED,,0,,,
1206,KAIN BATIK WANITA,4,true,18,Fashion > FASHION WANITA > BATIK WANITA > KAIN BATIK WANITA,,0,0.0,0.0,0.0,0.0,0.0,0.0,0.0,0.0,UNMAPPED,,0,,,
1308,PENJEPIT BULU MATA,4,true,18,Kosmetik dan Alat Kecantikan > ALAT KECANTIKAN > AKSESORIS ALAT KECANTIKAN > PENJEPIT BULU MATA,material,1,0.0,0.056,0.0,0.0,0.333,0.0,0.056,0.111,EXACT,Kesehatan & Kecantikan > Perawatan Tubuh > Kosmetik > Alat Kosmetik > Alat Rias > Penjepit Bulu Mata,14,Warna | Bahan bantalan pengeriting | Jenis penjepit bulu mata | Fitur | Keharuman | Jenis pegangan | Fungsi panas | Bahan | Pola | Sertifikasi & standar produk | Bentuk produk | Bentuk | Cocok untuk jenis kulit | Jenis penggunaan,False,exact-raw
1358,POPOK (DIAPERS) ANAK & BAYI KAIN,5,true,18,Keperluan Anak dan Bayi > PERLENGKAPAN ANAK & BAYI > PERLENGKAPAN KEBERSIHAN ANAK & BAYI > POPOK (DIAPERS) ANAK & BAYI > POPOK (DIAPERS) ANAK & BAYI KAIN,,0,0.0,0.056,0.0,0.0,0.0,0.0,0.0,0.111,UNMAPPED,,0,,,
1417,PEMUTIH DAN PENGHILANG NODA KEMASAN REFILL (POUCH),5,true,18,Perawatan Diri & Rumah Tangga > Rumah Tangga > BAHAN LAUNDRY > PEMUTIH DAN PENGHILANG NODA > PEMUTIH DAN PENGHILANG NODA KEMASAN REFILL (POUCH),colour|net_content,2,1.0,0.0,0.333,0.0,0.0,0.0,0.056,0.056,UNMAPPED,,0,,,
1494,CAIRAN PENCUCI PIRING KEMASAN BOTOL,6,true,18,Perawatan Diri & Rumah Tangga > Rumah Tangga > BAHAN PEMBERSIH RUMAH > PEMBERSIH DAPUR > CAIRAN PENCUCI PIRING > CAIRAN PENCUCI PIRING KEMASAN BOTOL,flavour|net_content,2,0.889,0.0,0.056,0.5,0.0,0.0,0.0,0.0,UNMAPPED,,0,,,
1632,CORONG,7,true,18,Perawatan Diri & Rumah Tangga > Rumah Tangga > Peralatan & Perlengkapan Rumah Tangga > PERALATAN RUMAH TANGGA > PERALATAN DAN PENYIMPANAN DI DAPUR > ALAT DAPUR & AKSESORIS DAPUR > CORONG,,0,0.0,0.0,0.167,0.0,0.056,0.0,0.0,0.0,EXACT,Rumah & Taman > Dapur & Ruang Makan > Peralatan & Perlengkapan Dapur > Corong,6,Petunjuk pembersihan | Warna | Jenis corong | Bahan pegangan | Pola | Bahan alat/perkakas,False,exact-raw
1648,PERESAN JERUK,7,true,18,Perawatan Diri & Rumah Tangga > Rumah Tangga > Peralatan & Perlengkapan Rumah Tangga > PERALATAN RUMAH TANGGA > PERALATAN DAN PENYIMPANAN DI DAPUR > ALAT DAPUR & AKSESORIS DAPUR > PERESAN JERUK,flavour,1,0.056,0.056,0.111,0.667,0.167,0.0,0.0,0.167,UNMAPPED,,0,,,
1861,KRIM JERAWAT,4,true,18,Perawatan Diri & Rumah Tangga > Perawatan Diri > PERAWATAN WAJAH > KRIM JERAWAT,net_content,1,1.0,0.0,0.111,0.0,0.0,0.0,0.0,0.0,UNMAPPED,,0,,,
1881,KUNCI T,4,true,18,Perbaikan Rumah > ALAT ALAT PERBAIKAN RUMAH > KUNCI > KUNCI T,,0,0.0,0.0,0.0,0.0,0.0,0.0,0.0,0.0,UNMAPPED,,0,,,
1884,OVERVAL,3,true,18,Perbaikan Rumah > ALAT ALAT PERBAIKAN RUMAH > OVERVAL,colour,1,0.0,0.0,0.5,0.0,0.0,0.0,0.0,0.0,UNMAPPED,,0,,,
1887,BALL VALVE,3,true,18,Perbaikan Rumah > PERLENGKAPAN PERBAIKAN RUMAH > BALL VALVE,,0,0.0,0.0,0.111,0.0,0.0,0.0,0.0,0.0,UNMAPPED,,0,,,
164,PAHAT,3,true,17,Perbaikan Rumah > ALAT ALAT PERBAIKAN RUMAH > PAHAT,material,1,0.0,0.0,0.0,0.0,0.706,0.0,0.0,0.0,UNMAPPED,,0,,,
233,PERALATAN & PERLENGKAPAN SEPAK BOLA,3,false,17,"Hobi, Ibadah, dan Olahraga > OLAHRAGA > PERALATAN & PERLENGKAPAN SEPAK BOLA",garment_size,1,0.0,0.0,0.176,0.059,0.0,0.353,0.0,0.0,FUZZY,Peralatan Olahraga > Atletik > Sepak Bola > Perlengkapan Pelindung Sepak Bola,3,Warna | Pola | Sertifikasi badan olahraga,True,fuzzy-raw
248,PUPUK,3,true,17,"Hobi, Ibadah, dan Olahraga > BERKEBUN > PUPUK",net_content,1,0.765,0.059,0.059,0.059,0.0,0.118,0.0,0.118,EXACT,Rumah & Taman > Rumput & Taman > Berkebun > Pupuk,9,Metode pemakaian | Warna | Penggunaan berkebun | Perawatan bahan | Kandungan gizi | Bahan tanaman | Sertifikasi & standar produk | Jenis pelepas | Ruang yang cocok,False,exact-raw
393,BAJU LUARAN PRIA,3,false,17,Fashion > FASHION PRIA > BAJU LUARAN PRIA,colour|garment_size,2,0.0,0.0,0.588,0.0,0.0,0.235,0.0,0.176,UNMAPPED,,0,,,
397,PAKAIAN DALAM PRIA,3,false,17,Fashion > FASHION PRIA > PAKAIAN DALAM PRIA,material|model_code,2,0.0,0.0,0.0,0.0,0.353,0.0,0.0,0.588,AMBIGUOUS,,0,,,exact-raw
436,SEPATU SLIP ON PRIA,3,true,17,Fashion > SEPATU PRIA > SEPATU SLIP ON PRIA,colour|garment_size|model_code,3,0.0,0.0,0.941,0.0,0.0,1.0,0.0,0.706,UNMAPPED,,0,,,
459,PERAWATAN BIBIR,3,true,17,Kosmetik dan Alat Kecantikan > MAKE UP BIBIR > PERAWATAN BIBIR,net_content,1,0.941,0.0,0.118,0.176,0.0,0.0,0.0,0.059,FUZZY,Kesehatan & Kecantikan > Perawatan Tubuh > Kosmetik > Perawatan Wajah > Lip Balm & Perawatan Bibir > Perawatan Pengobatan Bibir,18,Bahan aktif | Bahan penyusun | Finis kosmetik | Fungsi kosmetik | Rasa | Keharuman | Asal bahan | Tingkat warna lip balm | Bahan | Jenis kemasan | Sertifikasi & standar produk | Bentuk produk | Tingkat SPF | Aroma | Efek perawatan kulit | Cocok untuk jenis kulit | Jenis kelamin sasaran | Tingkat perlindungan UVA,False,fuzzy-raw
559,BAHAN KUE LAINNYA,4,true,17,Makanan dan Minuman > MAKANAN & BAHAN MAKANAN > BAHAN KUE > BAHAN KUE LAINNYA,flavour|net_content,2,0.941,0.0,0.176,0.294,0.0,0.0,0.059,0.0,UNMAPPED,,0,,,
658,TEPUNG ROTI,4,true,17,Makanan dan Minuman > MAKANAN & BAHAN MAKANAN > TEPUNG > TEPUNG ROTI,colour|net_content,2,1.0,0.0,0.353,0.0,0.0,0.0,0.0,0.0,EXACT,"Makanan, Minuman & Tembakau > Item Makanan > Bahan Memasak & Baking > Tepung Roti",4,Informasi alergen | Bahan dasar remah roti | Preferensi diet | Persyaratan penyimpanan,False,exact-raw
707,CABE,4,true,17,Makanan dan Minuman > FRESH > SAYURAN SEGAR > CABE,colour,1,0.059,0.0,0.765,0.0,0.0,0.0,0.0,0.0,UNMAPPED,,0,,,
1489,DETERJEN CAIR UNTUK PAKAIAN ANAK ATAU BAYI,6,true,17,Perawatan Diri & Rumah Tangga > Rumah Tangga > BAHAN LAUNDRY > DETERJEN PAKAIAN > DETERJEN CAIR > DETERJEN CAIR UNTUK PAKAIAN ANAK ATAU BAYI,net_content,1,0.941,0.0,0.0,0.0,0.0,0.0,0.0,0.0,FUZZY,Busana dan Aksesori > Pakaian > Pakaian Bayi & Anak,6,Warna | Kain | Pola | Ukuran | Jenis ukuran | Jenis kelamin sasaran,True,fuzzy-raw
1521,PENGANGKAT DEBU PAKAIAN (LINT ROLLER),6,true,17,Perawatan Diri & Rumah Tangga > Rumah Tangga > Peralatan & Perlengkapan Rumah Tangga > PERALATAN RUMAH TANGGA > PERALATAN KEBERSIHAN RUMAH TANGGA > PENGANGKAT DEBU PAKAIAN (LINT ROLLER),colour,1,0.0,0.059,0.529,0.0,0.0,0.0,0.0,0.0,UNMAPPED,,0,,,
1530,DISPENSER SABUN CAIR,6,true,17,Perawatan Diri & Rumah Tangga > Rumah Tangga > Peralatan & Perlengkapan Rumah Tangga > PERALATAN RUMAH TANGGA > PERALATAN DAN PENYIMPANAN DI KAMAR MANDI > DISPENSER SABUN CAIR,net_content,1,0.294,0.0,0.059,0.0,0.059,0.0,0.0,0.118,UNMAPPED,,0,,,
1539,TEMPAT TISSUE,6,false,17,Perawatan Diri & Rumah Tangga > Rumah Tangga > Peralatan & Perlengkapan Rumah Tangga > PERALATAN RUMAH TANGGA > PERALATAN DAN PENYIMPANAN DI KAMAR MANDI > TEMPAT TISSUE,model_code,1,0.0,0.0,0.059,0.0,0.118,0.0,0.0,0.353,UNMAPPED,,0,,,
1545,PERALATAN MAKAN,6,false,17,Perawatan Diri & Rumah Tangga > Rumah Tangga > Peralatan & Perlengkapan Rumah Tangga > PERALATAN RUMAH TANGGA > PERALATAN DAN PENYIMPANAN DI DAPUR > PERALATAN MAKAN,material,1,0.0,0.0,0.118,0.0,0.353,0.0,0.0,0.118,AMBIGUOUS,,0,,,exact-raw
1592,SABUT STAINLESS STEEL,7,true,17,Perawatan Diri & Rumah Tangga > Rumah Tangga > Peralatan & Perlengkapan Rumah Tangga > PERALATAN RUMAH TANGGA > PERALATAN KEBERSIHAN RUMAH TANGGA > SABUT & SPONS > SABUT STAINLESS STEEL,net_content,1,0.294,0.176,0.0,0.0,0.0,0.0,0.0,0.118,UNMAPPED,,0,,,
1622,BAKARAN / PANGGANGAN IKAN,7,true,17,Perawatan Diri & Rumah Tangga > Rumah Tangga > Peralatan & Perlengkapan Rumah Tangga > PERALATAN RUMAH TANGGA > PERALATAN DAN PENYIMPANAN DI DAPUR > ALAT DAPUR & AKSESORIS DAPUR > BAKARAN / PANGGANGAN IKAN,,0,0.0,0.0,0.0,0.0,0.059,0.0,0.0,0.176,UNMAPPED,,0,,,
1683,CANGKIR,7,false,17,Perawatan Diri & Rumah Tangga > Rumah Tangga > Peralatan & Perlengkapan Rumah Tangga > PERALATAN RUMAH TANGGA > PERALATAN DAN PENYIMPANAN DI DAPUR > PERALATAN MAKAN > CANGKIR,model_code,1,0.059,0.0,0.176,0.0,0.059,0.0,0.0,0.294,UNMAPPED,,0,,,
1733,KERANJANG UNTUK AIR MINERAL GELAS,8,true,17,Perawatan Diri & Rumah Tangga > Rumah Tangga > Peralatan & Perlengkapan Rumah Tangga > PERALATAN RUMAH TANGGA > PERALATAN DAN PENYIMPANAN DI DAPUR > KERANJANG & TEMPAT SAMPAH > KERANJANG DAPUR > KERANJANG UNTUK AIR MINERAL GELAS,material|pack_count,2,0.0,0.353,0.176,0.059,0.294,0.0,0.059,0.118,UNMAPPED,,0,,,
1846,SAUS BUMBU LAINNYA,5,true,17,Makanan dan Minuman > MAKANAN & BAHAN MAKANAN > SAUS > SAUS BUMBU MASAK > SAUS BUMBU LAINNYA,net_content,1,1.0,0.0,0.176,0.118,0.0,0.0,0.0,0.118,UNMAPPED,,0,,,
1848,SAMBAL KEMASAN SACHET,6,true,17,Makanan dan Minuman > MAKANAN & BAHAN MAKANAN > SAUS > SAOS  PEDAS & SAMBAL > SAOS SAMBAL > SAMBAL KEMASAN SACHET,net_content|pack_count,2,0.882,0.882,0.059,0.059,0.0,0.0,0.0,0.0,UNMAPPED,,0,,,
71,MAINAN DENGAN PAPAN (BOARD GAME),2,false,16,Mainan dan Alat Lainnya > MAINAN DENGAN PAPAN (BOARD GAME),model_code,1,0.0,0.188,0.0,0.062,0.0,0.0,0.0,0.625,UNMAPPED,,0,,,
90,BINGKISAN SNACK,3,true,16,Makanan dan Minuman > MAKANAN KECIL  > BINGKISAN SNACK,net_content,1,0.25,0.0,0.0,0.0,0.0,0.0,0.0,0.0,UNMAPPED,,0,,,
99,"MIE, BIHUN, KWETIAU INSTAN",3,false,16,"Makanan dan Minuman > MAKANAN & BAHAN MAKANAN > MIE, BIHUN, KWETIAU INSTAN",flavour|net_content,2,1.0,0.0,0.062,0.438,0.0,0.0,0.0,0.188,UNMAPPED,,0,,,
135,PERAWATAN RAMBUT,3,false,16,Perawatan Diri & Rumah Tangga > Perawatan Diri > PERAWATAN RAMBUT,colour|net_content,2,1.0,0.062,0.625,0.125,0.0,0.0,0.0,0.125,AMBIGUOUS,,0,,,exact-raw
291,RAKET NYAMUK LISTRIK,3,true,16,Elektronik > ALAT ELEKTRONIK RUMAH LAINNYA > RAKET NYAMUK LISTRIK,model_code,1,0.0,0.0,0.0,0.0,0.0,0.0,0.0,0.688,UNMAPPED,,0,,,
300,JANGKA,3,true,16,Alat dan Buku Tulis > ALAT MENGGAMBAR / MELUKIS > JANGKA,model_code,1,0.0,0.0,0.062,0.0,0.062,0.0,0.0,0.75,UNMAPPED,,0,,,
375,AKSESORIS RAMBUT ANAK,3,false,16,Fashion > AKSESORIS FASHION ANAK > AKSESORIS RAMBUT ANAK,colour|material|model_code,3,0.0,0.062,0.312,0.0,0.25,0.0,0.0,0.375,UNMAPPED,,0,,,
581,PEMANIS & PENGGANTI GULA,4,true,16,Makanan dan Minuman > MAKANAN & BAHAN MAKANAN > GULA & PEMANIS > PEMANIS & PENGGANTI GULA,net_content|pack_count,2,0.938,0.562,0.0,0.188,0.0,0.0,0.0,0.0,FUZZY,"Makanan, Minuman & Tembakau > Item Makanan > Bahan Memasak & Baking > Gula & Pemanis",3,Informasi alergen | Preferensi diet | Persyaratan penyimpanan,True,fuzzy-raw
601,BIJI BIJIAN DAN KACANG MENTAH,4,true,16,Makanan dan Minuman > MAKANAN & BAHAN MAKANAN > MAKANAN DALAM KEMASAN & KALENG > BIJI BIJIAN DAN KACANG MENTAH,colour|net_content,2,0.875,0.0,0.688,0.0,0.0,0.0,0.0,0.0,FUZZY,"Makanan, Minuman & Tembakau > Item Makanan > Kacang & Biji-Bijian",7,Informasi alergen | Preferensi diet | Metode pengolahan kacang | Jenis Kacang/Biji | Tingkat garam | Status lambung/perut | Persyaratan penyimpanan,True,fuzzy-raw
637,WHIPPED CREAM CAIR,4,true,16,Makanan dan Minuman > MAKANAN & BAHAN MAKANAN > PRODUK SUSU > WHIPPED CREAM CAIR,colour|net_content,2,0.375,0.0,0.312,0.0,0.0,0.0,0.0,0.0,UNMAPPED,,0,,,
790,TELUR AYAM PACK,4,true,16,Makanan dan Minuman > FRESH > TELUR > TELUR AYAM PACK,pack_count,1,0.0,0.688,0.188,0.0,0.0,0.0,0.0,0.0,UNMAPPED,,0,,,
898,BODY BUTTER,4,true,16,Perawatan Diri & Rumah Tangga > Perawatan Diri > PERAWATAN BADAN > BODY BUTTER,colour|net_content,2,1.0,0.0,0.312,0.188,0.0,0.0,0.062,0.0,EXACT,Kesehatan & Kecantikan > Perawatan Tubuh > Kosmetik > Perawatan Wajah > Body Butter & Balm > Body Butter,11,Bahan aktif | Area tubuh | Keharuman | Asal bahan | Bahan | Jenis kemasan | Sertifikasi & standar produk | Bentuk produk | Efek perawatan kulit | Cocok untuk jenis kulit | Tingkat perlindungan UVA,False,exact-raw
902,KRIM TANGAN & KAKI,4,true,16,Perawatan Diri & Rumah Tangga > Perawatan Diri > PERAWATAN BADAN > KRIM TANGAN & KAKI,colour|net_content,2,1.0,0.0,0.688,0.062,0.0,0.0,0.062,0.0,FUZZY,Kesehatan & Kecantikan > Perawatan Tubuh > Kosmetik > Perawatan Wajah > Krim Tangan,13,Bahan aktif | Area tubuh | Jenis dispenser | Keharuman | Asal bahan | Bahan | Sertifikasi & standar produk | Bentuk produk | Tingkat SPF | Efek perawatan kulit | Fitur perawatan kulit | Cocok untuk jenis kulit | Tingkat perlindungan UVA,False,fuzzy-raw
970,KERAN AIR WASTAFEL,4,true,16,Perbaikan Rumah > PERLENGKAPAN PERBAIKAN RUMAH > KERAN AIR > KERAN AIR WASTAFEL,,0,0.0,0.0,0.0,0.0,0.0,0.0,0.0,0.125,UNMAPPED,,0,,,
996,BOHLAM LAMPU MOTOR,4,true,16,"Hobi, Ibadah, dan Olahraga > Perawatan & Suku Cadang Motor > SUKU CADANG MOTOR > BOHLAM LAMPU MOTOR",colour|model_code,2,0.0,0.0,0.25,0.0,0.0,0.0,0.0,0.438,UNMAPPED,,0,,,
1056,BOLA SEPAK,4,true,16,"Hobi, Ibadah, dan Olahraga > OLAHRAGA > PERALATAN & PERLENGKAPAN SEPAK BOLA > BOLA SEPAK",,0,0.0,0.0,0.0,0.0,0.0,0.0,0.0,0.062,AMBIGUOUS,,0,,,exact-raw
1116,AMPLOP DOKUMEN,4,true,16,Alat dan Buku Tulis > PERALATAN UMUM > AMPLOP > AMPLOP DOKUMEN,,0,0.0,0.0,0.188,0.0,0.0,0.0,0.0,0.0,UNMAPPED,,0,,,
1205,GAUN BATIK WANITA,4,true,16,Fashion > FASHION WANITA > BATIK WANITA > GAUN BATIK WANITA,,0,0.0,0.0,0.0,0.062,0.0,0.0,0.0,0.0,UNMAPPED,,0,,,
1233,ATASAN OLAHRAGA PRIA,4,false,16,Fashion > PAKAIAN OLAHRAGA > PAKAIAN OLAHRAGA PRIA > ATASAN OLAHRAGA PRIA,,0,0.0,0.0,0.0,0.0,0.0,0.125,0.0,0.0,UNMAPPED,,0,,,
1291,TALI PRAMUKA,4,true,16,Fashion > SERAGAM & ATRIBUT SEKOLAH > ATRIBUT SEKOLAH & KELENGKAPAN LAINNYA > TALI PRAMUKA,colour,1,0.0,0.0,0.75,0.0,0.125,0.0,0.0,0.0,UNMAPPED,,0,,,
1303,KUAS WAJAH,4,true,16,Kosmetik dan Alat Kecantikan > ALAT KECANTIKAN > KUAS & APLIKATOR MAKE UP > KUAS WAJAH,,0,0.0,0.0,0.0,0.0,0.0,0.0,0.0,0.0,UNMAPPED,,0,,,
1338,SUP SAJI,5,true,16,Makanan dan Minuman > MAKANAN & BAHAN MAKANAN > MAKANAN DALAM KEMASAN & KALENG > MAKANAN SIAP SAJI > SUP SAJI,colour|flavour|net_content,3,1.0,0.0,0.375,0.375,0.0,0.0,0.0,0.0,UNMAPPED,,0,,,
1349,ROTI TAWAR,5,true,16,Makanan dan Minuman > MAKANAN & BAHAN MAKANAN > SEREAL & SARAPAN > ROTI > ROTI TAWAR,net_content,1,1.0,0.0,0.062,0.125,0.0,0.0,0.0,0.0,UNMAPPED,,0,,,
1499,CAIRAN PEMBERSIH KACA KEMASAN REFILL (POUCH),6,true,16,Perawatan Diri & Rumah Tangga > Rumah Tangga > BAHAN PEMBERSIH RUMAH > PEMBERSIH KACA > CAIRAN PEMBERSIH KACA > CAIRAN PEMBERSIH KACA KEMASAN REFILL (POUCH),flavour|net_content|scent,3,1.0,0.0,0.188,0.438,0.0,0.0,0.438,0.062,UNMAPPED,,0,,,
1501,CAIRAN PEMBERSIH KAMAR MANDI & KLOSET (PORSTEX) KEMASAN REFILL (POUCH),6,true,16,Perawatan Diri & Rumah Tangga > Rumah Tangga > BAHAN PEMBERSIH RUMAH > PEMBERSIH KAMAR MANDI > CAIRAN PEMBERSIH KAMAR MANDI & KLOSET (PORSTEX) > CAIRAN PEMBERSIH KAMAR MANDI & KLOSET (PORSTEX) KEMASAN REFILL (POUCH),net_content|scent,2,1.0,0.062,0.125,0.125,0.062,0.0,0.375,0.062,UNMAPPED,,0,,,
1505,CAIRAN PEMBERSIH LANTAI KEMASAN JERIGEN,6,true,16,Perawatan Diri & Rumah Tangga > Rumah Tangga > BAHAN PEMBERSIH RUMAH > PEMBERSIH LANTAI > CAIRAN PEMBERSIH LANTAI > CAIRAN PEMBERSIH LANTAI KEMASAN JERIGEN,flavour|net_content|scent,3,0.375,0.0,0.062,0.312,0.062,0.0,0.312,0.0,UNMAPPED,,0,,,
1535,RAK GANTUNG HANDUK,6,true,16,Perawatan Diri & Rumah Tangga > Rumah Tangga > Peralatan & Perlengkapan Rumah Tangga > PERALATAN RUMAH TANGGA > PERALATAN DAN PENYIMPANAN DI KAMAR MANDI > RAK GANTUNG HANDUK,colour,1,0.0,0.188,0.375,0.0,0.0,0.0,0.0,0.0,FUZZY,Rumah & Taman > Aksesori Kamar Mandi > Rak & Tempat Handuk > Rak Handuk,6,Warna | Finis perangkat keras | Fungsi panas | Bahan | Jenis pemasangan | Pola,False,fuzzy-raw
1710,KLEM SELANG GAS,8,true,16,Perawatan Diri & Rumah Tangga > Rumah Tangga > Peralatan & Perlengkapan Rumah Tangga > PERALATAN RUMAH TANGGA > PERALATAN DAN PENYIMPANAN DI DAPUR > ALAT MASAK > KOMPOR GAS > KLEM SELANG GAS,,0,0.0,0.062,0.062,0.0,0.0,0.0,0.0,0.0,FUZZY,Perkakas > Aksesori Perkakas > Selang Gas,4,Warna | Bahan selang | Pola | Cocok untuk jenis gas,True,fuzzy-raw
1734,GARPU PLASTIK,8,true,16,Perawatan Diri & Rumah Tangga > Rumah Tangga > Peralatan & Perlengkapan Rumah Tangga > PERALATAN RUMAH TANGGA > PERALATAN DAN PENYIMPANAN DI DAPUR > PERALATAN MAKAN > GARPU > GARPU PLASTIK,pack_count,1,0.0,0.312,0.188,0.0,0.0,0.0,0.0,0.0,UNMAPPED,,0,,,
1781,TUTUP GELAS PLASTIK,8,true,16,Perawatan Diri & Rumah Tangga > Rumah Tangga > Peralatan & Perlengkapan Rumah Tangga > PERALATAN RUMAH TANGGA > PERALATAN DAN PENYIMPANAN DI DAPUR > PERALATAN MAKAN > TUTUP GELAS > TUTUP GELAS PLASTIK,colour,1,0.0,0.0,0.688,0.062,0.062,0.0,0.0,0.125,FUZZY,Rumah & Taman > Dapur & Ruang Makan > Aksesori Peralatan Dapur > Aksesori Wajan Pipih & Wok Listrik > Tutup Gelas,7,Petunjuk pembersihan | Warna | Model penutup peralatan masak | Fitur peralatan masak/panggang | Fitur tutup | Bahan | Bentuk,False,fuzzy-raw
1835,MINUMAN SERBUK RASA COKLAT,4,true,16,"Makanan dan Minuman > COKLAT, KOPI & TEH > COKLAT & COCOA BUBUK > MINUMAN SERBUK RASA COKLAT",net_content|pack_count,2,0.938,0.438,0.0,0.062,0.0,0.0,0.0,0.0,UNMAPPED,,0,,,
134,PERLENGKAPAN TIDUR ANAK & BAYI,3,false,15,Keperluan Anak dan Bayi > PERLENGKAPAN ANAK & BAYI > PERLENGKAPAN TIDUR ANAK & BAYI,colour|model_code,2,0.0,0.0,0.267,0.0,0.0,0.0,0.0,0.467,AMBIGUOUS,,0,,,fuzzy-raw
486,MANDI BOLA,3,true,15,Mainan dan Alat Lainnya > MAINAN OLAHRAGA DAN AKTIVITAS > MANDI BOLA,model_code|pack_count,2,0.0,0.667,0.133,0.0,0.0,0.0,0.0,0.533,AMBIGUOUS,,0,,,exact-raw
494,PENGGARUK PUNGGUNG,3,true,15,Mainan dan Alat Lainnya > ALAT LAINNYA > PENGGARUK PUNGGUNG,,0,0.0,0.0,0.0,0.0,0.133,0.0,0.0,0.0,EXACT,Kesehatan & Kecantikan > Perawatan Tubuh > Pijat & Relaksasi > Penggaruk Punggung,9,Desain cakar | Bahan terperinci | Keharuman | Tekstur grip pegangan | Bahan pegangan | Jenis pegangan | Bahan | Bentuk produk | Tujuan perawatan,False,exact-raw
522,KOPI RTD KEMASAN KALENG,4,true,15,"Makanan dan Minuman > COKLAT, KOPI & TEH > KOPI INSTAN (RTD) > KOPI RTD KEMASAN KALENG",net_content,1,1.0,0.0,0.133,0.133,0.0,0.0,0.0,0.067,UNMAPPED,,0,,,
550,PERMEN GULA KAPAS,4,true,15,Makanan dan Minuman > MAKANAN KECIL  > PERMEN MARSHMALLOW DAN LAIN LAIN > PERMEN GULA KAPAS,flavour|net_content|scent,3,0.8,0.067,0.133,0.4,0.0,0.0,0.533,0.0,EXACT,"Makanan, Minuman & Tembakau > Item Makanan > Bahan Memasak & Baking > Gula & Pemanis > Gula Permen Kapas",3,Informasi alergen | Preferensi diet | Persyaratan penyimpanan,False,exact-raw
616,BIHUN KERING,4,true,15,Makanan dan Minuman > MAKANAN & BAHAN MAKANAN > MIE KERING & PASTA > BIHUN KERING,flavour|net_content|scent,3,0.867,0.0,0.0,0.4,0.0,0.0,0.2,0.0,UNMAPPED,,0,,,
630,MINYAK WIJEN,4,true,15,Makanan dan Minuman > MAKANAN & BAHAN MAKANAN > MINYAK > MINYAK WIJEN,net_content,1,1.0,0.0,0.067,0.0,0.0,0.0,0.0,0.0,EXACT,"Makanan, Minuman & Tembakau > Item Makanan > Bahan Memasak & Baking > Minyak Goreng > Minyak Wijen",5,Informasi alergen | Preferensi diet | Metode pengolahan minyak | Varietas biji wijen | Persyaratan penyimpanan,False,exact-raw
798,BABY OIL,4,true,15,Keperluan Anak dan Bayi > PERAWATAN ANAK & BAYI > PERAWATAN KULIT ANAK & BAYI > BABY OIL,net_content,1,1.0,0.0,0.0,0.0,0.0,0.0,0.067,0.067,UNMAPPED,,0,,,
846,GURITA ANAK & BAYI,4,true,15,Keperluan Anak dan Bayi > PERLENGKAPAN ANAK & BAYI > PERLENGKAPAN ANAK & BAYI LAINNYA  > GURITA ANAK & BAYI,,0,0.0,0.0,0.0,0.0,0.0,0.0,0.0,0.067,UNMAPPED,,0,,,
986,OLI MOBIL,4,true,15,"Hobi, Ibadah, dan Olahraga > Perawatan & Suku Cadang Mobil > PERAWATAN MOBIL > OLI MOBIL",garment_size|net_content,2,0.467,0.0,0.067,0.0,0.0,0.267,0.0,0.067,UNMAPPED,,0,,,
1023,PITA RENDA,4,true,15,"Hobi, Ibadah, dan Olahraga > MENJAHIT > PITA > PITA RENDA",colour,1,0.0,0.0,0.667,0.0,0.0,0.0,0.0,0.0,UNMAPPED,,0,,,
1027,GITAR,4,false,15,"Hobi, Ibadah, dan Olahraga > OLAHRAGA > ALAT MUSIK > GITAR",,0,0.0,0.0,0.0,0.0,0.0,0.0,0.0,0.0,EXACT,Seni & Hiburan > Hobi & Seni Kreatif > Alat Musik > Alat Musik Dawai > Gitar,15,Ukuran baterai | Jenis baterai | Warna papan jari | Bahan papan jari | Pola papan jari | Ukuran gitar | Warna alat musik | Bahan alat musik | Pola alat musik | Warna senar alat musik | Bahan senar alat musik | Pola senar alat musik | Warna leher | Bahan leher | Pola leher,True,exact-raw
1049,HAND GRIP BUSA,4,true,15,"Hobi, Ibadah, dan Olahraga > OLAHRAGA > PERALATAN & PERLENGKAPAN FITNESS > HAND GRIP BUSA",colour,1,0.0,0.133,0.267,0.0,0.067,0.0,0.0,0.0,UNMAPPED,,0,,,
1106,KABEL CHARGER,4,true,15,Elektronik > ALAT ELEKTRONIK KANTOR & GADGET > PERLENGKAPAN & SUKU CADANG GADGET > KABEL CHARGER,model_code,1,0.0,0.0,0.067,0.0,0.0,0.0,0.0,0.4,UNMAPPED,,0,,,
1158,SARUNG TANGAN BAYI,4,true,15,Fashion > FASHION ANAK & BAYI > PAKAIAN BAYI > SARUNG TANGAN BAYI,material,1,0.0,0.0,0.067,0.0,0.267,0.0,0.0,0.067,AMBIGUOUS,,0,,,fuzzy-stripped
1181,CELANA DALAM PRIA SEKALI PAKAI,4,true,15,Fashion > FASHION PRIA > PAKAIAN DALAM PRIA > CELANA DALAM PRIA SEKALI PAKAI,garment_size,1,0.0,0.0,0.0,0.0,0.0,0.267,0.0,0.0,UNMAPPED,,0,,,
1323,SUSU LAINNYA,5,true,15,Makanan dan Minuman > MINUMAN > MINUMAN DALAM KEMASAN > SUSU > SUSU LAINNYA,net_content|pack_count,2,1.0,0.533,0.0,0.133,0.0,0.0,0.0,0.0,AMBIGUOUS,,0,,,exact-raw
1382,KOYO,5,true,15,Perawatan Diri & Rumah Tangga > Perawatan Diri > OBAT-OBATAN > PEREDA NYERI & OBAT LUAR > KOYO,pack_count,1,0.067,0.533,0.133,0.0,0.0,0.0,0.067,0.0,UNMAPPED,,0,,,
1497,CAIRAN PEMBERSIH KACA KEMASAN SPRAY,6,true,15,Perawatan Diri & Rumah Tangga > Rumah Tangga > BAHAN PEMBERSIH RUMAH > PEMBERSIH KACA > CAIRAN PEMBERSIH KACA > CAIRAN PEMBERSIH KACA KEMASAN SPRAY,flavour|net_content|scent,3,1.0,0.0,0.133,0.467,0.0,0.0,0.4,0.0,UNMAPPED,,0,,,
1706,SENDOK PENYARING (SKIMMER),8,true,15,Perawatan Diri & Rumah Tangga > Rumah Tangga > Peralatan & Perlengkapan Rumah Tangga > PERALATAN RUMAH TANGGA > PERALATAN DAN PENYIMPANAN DI DAPUR > ALAT DAPUR & AKSESORIS DAPUR > SENDOK DAPUR > SENDOK PENYARING (SKIMMER),model_code,1,0.0,0.0,0.067,0.133,0.067,0.0,0.0,0.267,UNMAPPED,,0,,,
1708,SENDOK TAKAR,8,true,15,Perawatan Diri & Rumah Tangga > Rumah Tangga > Peralatan & Perlengkapan Rumah Tangga > PERALATAN RUMAH TANGGA > PERALATAN DAN PENYIMPANAN DI DAPUR > ALAT DAPUR & AKSESORIS DAPUR > SENDOK DAPUR > SENDOK TAKAR,model_code,1,0.067,0.067,0.0,0.0,0.0,0.0,0.0,0.2,UNMAPPED,,0,,,
1736,SENDOK PLASTIK,8,true,15,Perawatan Diri & Rumah Tangga > Rumah Tangga > Peralatan & Perlengkapan Rumah Tangga > PERALATAN RUMAH TANGGA > PERALATAN DAN PENYIMPANAN DI DAPUR > PERALATAN MAKAN > SENDOK > SENDOK PLASTIK,colour|pack_count,2,0.0,0.6,0.267,0.067,0.0,0.0,0.0,0.133,UNMAPPED,,0,,,
1755,GELAS / CUP KERTAS,8,true,15,Perawatan Diri & Rumah Tangga > Rumah Tangga > Peralatan & Perlengkapan Rumah Tangga > PERALATAN RUMAH TANGGA > PERALATAN DAN PENYIMPANAN DI DAPUR > PERALATAN MAKAN > GELAS/CUP > GELAS / CUP KERTAS,colour|pack_count,2,0.0,0.667,0.267,0.0,0.0,0.0,0.0,0.0,UNMAPPED,,0,,,
1779,SEDOTAN PLASTIK,8,true,15,Perawatan Diri & Rumah Tangga > Rumah Tangga > Peralatan & Perlengkapan Rumah Tangga > PERALATAN RUMAH TANGGA > PERALATAN DAN PENYIMPANAN DI DAPUR > PERALATAN MAKAN > SEDOTAN > SEDOTAN PLASTIK,pack_count,1,0.0,0.2,0.133,0.0,0.0,0.0,0.0,0.0,UNMAPPED,,0,,,
1872,TATAKAN KOMPOR,8,true,15,Perawatan Diri & Rumah Tangga > Rumah Tangga > Peralatan & Perlengkapan Rumah Tangga > PERALATAN RUMAH TANGGA > PERALATAN DAN PENYIMPANAN DI DAPUR > ALAT MASAK > KOMPOR GAS > TATAKAN KOMPOR,,0,0.0,0.0,0.067,0.0,0.0,0.0,0.0,0.0,UNMAPPED,,0,,,
21,GIFT SET ANAK & BAYI,2,true,14,Keperluan Anak dan Bayi > GIFT SET ANAK & BAYI,,0,0.0,0.0,0.0,0.0,0.0,0.0,0.0,0.143,UNMAPPED,,0,,,
36,ALAT ELEKTRONIK KANTOR & GADGET,2,false,14,Elektronik > ALAT ELEKTRONIK KANTOR & GADGET,colour|model_code,2,0.0,0.071,0.214,0.0,0.071,0.0,0.0,0.571,UNMAPPED,,0,,,
91,BAHAN KUE,3,false,14,Makanan dan Minuman > MAKANAN & BAHAN MAKANAN > BAHAN KUE,colour|net_content,2,0.929,0.0,0.357,0.143,0.0,0.0,0.0,0.0,UNMAPPED,,0,,,
243,GUNTING RUMPUT,3,true,14,"Hobi, Ibadah, dan Olahraga > BERKEBUN > GUNTING RUMPUT",,0,0.0,0.0,0.071,0.0,0.143,0.0,0.0,0.0,UNMAPPED,,0,,,
252,PERALATAN BERKEBUN LAINNYA,3,true,14,"Hobi, Ibadah, dan Olahraga > BERKEBUN > PERALATAN BERKEBUN LAINNYA",,0,0.0,0.071,0.071,0.071,0.0,0.0,0.0,0.0,UNMAPPED,,0,,,
280,EMERGENCY LAMP (LAMPU DARURAT),3,true,14,Elektronik > ALAT ELEKTRONIK RUMAH LAINNYA > EMERGENCY LAMP (LAMPU DARURAT),model_code,1,0.0,0.0,0.0,0.0,0.0,0.0,0.0,0.5,UNMAPPED,,0,,,
316,BUKU FOLIO,3,true,14,Alat dan Buku Tulis > BUKU TULIS > BUKU FOLIO,model_code|net_content|pack_count,3,0.286,0.286,0.0,0.0,0.0,0.0,0.0,0.5,UNMAPPED,,0,,,
338,KERTAS CREPE,3,true,14,Alat dan Buku Tulis > KERTAS > KERTAS CREPE,colour,1,0.0,0.0,0.429,0.0,0.0,0.0,0.0,0.0,UNMAPPED,,0,,,
475,CONCEALER,3,true,14,Kosmetik dan Alat Kecantikan > MAKE UP WAJAH > CONCEALER,colour|net_content,2,0.786,0.0,0.643,0.0,0.0,0.0,0.0,0.0,EXACT,Kesehatan & Kecantikan > Perawatan Tubuh > Kosmetik > Makeup > Rias Wajah > Alas Bedak dan Concealer > Concealer,16,Warna | Finis kosmetik | Tingkat cakupan | Jenis dispenser | Fitur daya tahan | Keharuman | Fitur riasan | Warna riasan | Bahan | Sertifikasi & standar produk | Bentuk produk | Tingkat SPF | Efek perawatan kulit | Warna kulit | Warna dasar kulit | Cocok untuk jenis kulit,False,exact-raw
621,SOUN KERING ,4,true,14,Makanan dan Minuman > MAKANAN & BAHAN MAKANAN > MIE KERING & PASTA > SOUN KERING ,net_content,1,0.929,0.0,0.0,0.0,0.143,0.0,0.0,0.0,UNMAPPED,,0,,,
777,TEMPE,4,true,14,Makanan dan Minuman > FRESH > SAYURAN SEGAR > TEMPE,model_code|net_content,2,0.857,0.143,0.143,0.0,0.0,0.0,0.0,0.5,EXACT,"Makanan, Minuman & Tembakau > Item Makanan > Tahu, Produk Kedelai & Vegetarian > Tempe",3,Informasi alergen | Preferensi diet | Persyaratan penyimpanan,False,exact-raw
855,HANDUK ANAK & BAYI,4,true,14,Keperluan Anak dan Bayi > PERLENGKAPAN ANAK & BAYI > PERLENGKAPAN MANDI ANAK & BAYI > HANDUK ANAK & BAYI,model_code|pack_count,2,0.0,0.643,0.0,0.0,0.0,0.0,0.0,0.214,UNMAPPED,,0,,,
973,COVER MOBIL,4,true,14,"Hobi, Ibadah, dan Olahraga > Perawatan & Suku Cadang Mobil > AKSESORIS MOBIL > COVER MOBIL",,0,0.0,0.0,0.0,0.0,0.0,0.0,0.0,0.0,UNMAPPED,,0,,,
977,KARPET MOBIL,4,true,14,"Hobi, Ibadah, dan Olahraga > Perawatan & Suku Cadang Mobil > AKSESORIS MOBIL > KARPET MOBIL",colour|pack_count,2,0.0,0.286,0.643,0.071,0.143,0.0,0.0,0.071,UNMAPPED,,0,,,
1017,JARUM PENTUL,4,true,14,"Hobi, Ibadah, dan Olahraga > MENJAHIT > JARUM > JARUM PENTUL",,0,0.0,0.0,0.071,0.0,0.0,0.0,0.0,0.0,UNMAPPED,,0,,,
1025,PITA UKUR,4,true,14,"Hobi, Ibadah, dan Olahraga > MENJAHIT > PITA > PITA UKUR",,0,0.0,0.0,0.0,0.0,0.0,0.0,0.0,0.071,EXACT,Seni & Hiburan > Hobi & Seni Kreatif > Seni & Kerajinan > Alat Seni & Kerajinan > Alat Ukur & Penanda Kerajinan > Pita Ukur,3,Warna | Konstruksi | Pola,False,exact-raw
1098,KABEL POWER,4,true,14,Elektronik > ALAT ELEKTRONIK KANTOR & GADGET > SUKU CADANG KOMPUTER > KABEL POWER,,0,0.0,0.143,0.0,0.0,0.0,0.0,0.0,0.0,UNMAPPED,,0,,,
1109,MEMORY CARD,4,true,14,Elektronik > ALAT ELEKTRONIK KANTOR & GADGET > PERLENGKAPAN & SUKU CADANG GADGET > MEMORY CARD,model_code,1,0.0,0.0,0.071,0.0,0.0,0.0,0.0,0.429,UNMAPPED,,0,,,
1357,CAIRAN PEMBERSIH PERALATAN DAN PERLENGKAPAN ANAK & BAYI KEMASAN REFILL (POUCH),5,true,14,Keperluan Anak dan Bayi > PERLENGKAPAN ANAK & BAYI > PERLENGKAPAN KEBERSIHAN ANAK & BAYI > CAIRAN PEMBERSIH PERALATAN DAN PERLENGKAPAN ANAK & BAYI > CAIRAN PEMBERSIH PERALATAN DAN PERLENGKAPAN ANAK & BAYI KEMASAN REFILL (POUCH),net_content,1,1.0,0.0,0.0,0.0,0.0,0.0,0.0,0.0,UNMAPPED,,0,,,
1376,SUPLEMEN MAKANAN ANAK,5,true,14,Perawatan Diri & Rumah Tangga > Perawatan Diri > MULTIVITAMIN & SUPLEMEN > SUPLEMEN MAKANAN > SUPLEMEN MAKANAN ANAK,colour|flavour|net_content,3,1.0,0.143,0.286,0.643,0.0,0.0,0.0,0.071,UNMAPPED,,0,,,
1378,BALSEM,5,true,14,Perawatan Diri & Rumah Tangga > Perawatan Diri > OBAT-OBATAN > PEREDA NYERI & OBAT LUAR > BALSEM,colour|net_content,2,1.0,0.0,0.214,0.0,0.0,0.0,0.143,0.0,UNMAPPED,,0,,,
1432,PENGHARUM RUANGAN ELEKTRIK ALAT & ISINYA,5,true,14,Perawatan Diri & Rumah Tangga > Rumah Tangga > PENGHARUM RUANGAN > PENGHARUM RUANGAN ELEKTRIK > PENGHARUM RUANGAN ELEKTRIK ALAT & ISINYA,net_content|scent,2,0.786,0.0,0.0,0.071,0.0,0.0,0.643,0.0,UNMAPPED,,0,,,
1507,KARBOL KEMASAN BOTOL,6,true,14,Perawatan Diri & Rumah Tangga > Rumah Tangga > BAHAN PEMBERSIH RUMAH > PEMBERSIH LANTAI > KARBOL > KARBOL KEMASAN BOTOL,net_content|scent,2,0.571,0.0,0.071,0.071,0.0,0.0,0.429,0.071,UNMAPPED,,0,,,
1550,JEPIT UNTUK JEMURAN,6,true,14,Perawatan Diri & Rumah Tangga > Rumah Tangga > Peralatan & Perlengkapan Rumah Tangga > PERALATAN RUMAH TANGGA > PERALATAN DAN PENYIMPANAN PAKAIAN DAN CUCIAN > JEPIT UNTUK JEMURAN,pack_count,1,0.0,0.571,0.0,0.0,0.0,0.0,0.0,0.143,UNMAPPED,,0,,,
1587,KAIN PEL,7,true,14,Perawatan Diri & Rumah Tangga > Rumah Tangga > Peralatan & Perlengkapan Rumah Tangga > PERALATAN RUMAH TANGGA > PERALATAN KEBERSIHAN RUMAH TANGGA > KAIN UNTUK LAP & PEL > KAIN PEL,colour,1,0.0,0.143,0.286,0.0,0.143,0.0,0.0,0.071,UNMAPPED,,0,,,
1612,EMBER DENGAN TUTUP,7,true,14,Perawatan Diri & Rumah Tangga > Rumah Tangga > Peralatan & Perlengkapan Rumah Tangga > PERALATAN RUMAH TANGGA > PERALATAN DAN PENYIMPANAN DI KAMAR MANDI > EMBER > EMBER DENGAN TUTUP,net_content,1,0.357,0.0,0.071,0.0,0.0,0.0,0.0,0.143,UNMAPPED,,0,,,
1815,TEPUNG ES KRIM,5,true,14,Makanan dan Minuman > MAKANAN & BAHAN MAKANAN > ES KRIM & LAINNYA > TEPUNG ES KRIM,colour|flavour|net_content,3,1.0,0.0,1.0,0.571,0.071,0.0,0.0,0.0,FUZZY,"Makanan, Minuman & Tembakau > Item Makanan > Hidangan Pencuci Mulut Beku & Kebaruan > Es Krim & Yoghurt Beku > Es Krim",4,Informasi alergen | Preferensi diet | Format es krim | Persyaratan penyimpanan,False,fuzzy-raw
1817,SAOS SAMBAL,5,false,14,Makanan dan Minuman > MAKANAN & BAHAN MAKANAN > SAUS > SAOS  PEDAS & SAMBAL > SAOS SAMBAL,flavour|net_content,2,1.0,0.0,0.0,0.214,0.0,0.0,0.0,0.071,UNMAPPED,,0,,,
30,MEMANCING,2,false,13,"Hobi, Ibadah, dan Olahraga > MEMANCING",garment_size,1,0.0,0.0,0.0,0.0,0.0,0.308,0.0,0.0,EXACT,Peralatan Olahraga > Rekreasi Luar Ruang > Memancing,2,Warna | Pola,True,exact-raw
258,MAKANAN HEWAN PELIHARAAN,3,false,13,"Hobi, Ibadah, dan Olahraga > HEWAN PELIHARAAN > MAKANAN HEWAN PELIHARAAN",net_content,1,0.923,0.077,0.0,0.154,0.0,0.0,0.0,0.077,UNMAPPED,,0,,,
560,BERAS CAMPUR,4,true,13,Makanan dan Minuman > MAKANAN & BAHAN MAKANAN > BERAS > BERAS CAMPUR,net_content|pack_count,2,0.846,0.308,0.077,0.154,0.0,0.0,0.0,0.077,UNMAPPED,,0,,,
563,BERAS MERAH,4,true,13,Makanan dan Minuman > MAKANAN & BAHAN MAKANAN > BERAS > BERAS MERAH,net_content,1,1.0,0.0,0.077,0.0,0.0,0.0,0.0,0.0,UNMAPPED,,0,,,
690,STRAWBERRY,4,true,13,Makanan dan Minuman > FRESH > BUAH > STRAWBERRY,model_code|net_content,2,0.615,0.154,0.0,0.0,0.0,0.0,0.0,0.538,UNMAPPED,,0,,,
736,KENTANG,4,true,13,Makanan dan Minuman > FRESH > SAYURAN SEGAR > KENTANG,net_content,1,0.308,0.0,0.077,0.077,0.0,0.0,0.0,0.077,EXACT,"Makanan, Minuman & Tembakau > Item Makanan > Buah & Sayur > Sayur Segar & Beku > Kentang",9,Informasi alergen | Metode memasak | Preferensi diet | Bentuk produk makanan | gaya potongan kentang | Penggunaan kentang yang dimaksudkan | Varietas kentang | Persyaratan penyimpanan | Gaya pengolahan sayuran,False,exact-raw
793,PAKET SIKAT GIGI DAN PASTA GIGI ANAK & BAYI,4,true,13,Keperluan Anak dan Bayi > PERAWATAN ANAK & BAYI > PERAWATAN MULUT & GIGI ANAK & BAYI > PAKET SIKAT GIGI DAN PASTA GIGI ANAK & BAYI,net_content,1,0.231,0.154,0.154,0.154,0.0,0.0,0.0,0.0,UNMAPPED,,0,,,
807,TOP TO TOE WASH ANAK & BAYI,4,true,13,Keperluan Anak dan Bayi > PERAWATAN ANAK & BAYI > PERAWATAN MENYELURUH ANAK & BAYI > TOP TO TOE WASH ANAK & BAYI,net_content,1,1.0,0.077,0.077,0.0,0.0,0.0,0.0,0.154,UNMAPPED,,0,,,
944,PELEMBUT & PEWANGI PAKAIAN (SOFTENER),4,false,13,Perawatan Diri & Rumah Tangga > Rumah Tangga > BAHAN LAUNDRY > PELEMBUT & PEWANGI PAKAIAN (SOFTENER),net_content|pack_count|scent,3,1.0,0.923,0.154,0.077,0.0,0.0,0.385,0.0,UNMAPPED,,0,,,
1076,MAKANAN IKAN,4,true,13,"Hobi, Ibadah, dan Olahraga > HEWAN PELIHARAAN > MAKANAN HEWAN PELIHARAAN > MAKANAN IKAN",colour|flavour|model_code|net_content,4,1.0,0.0,0.385,0.846,0.0,0.0,0.0,0.308,EXACT,Hewan & Perlengkapan Hewan Piaraan > Perlengkapan Hewan Piaraan > Perlengkapan Ikan & Akuatik > Makanan Ikan,5,Jenis ikan | Jenis kemasan | Rasa makanan hewan peliharaan | Formulir produk perlengkapan hewan peliharaan | Cocok untuk jenis ikan,True,exact-raw
1156,KAIN BEDONG,4,true,13,Fashion > FASHION ANAK & BAYI > PAKAIAN BAYI > KAIN BEDONG,pack_count,1,0.0,0.615,0.0,0.0,0.0,0.0,0.0,0.077,UNMAPPED,,0,,,
1164,BLAZER PRIA,4,true,13,Fashion > FASHION PRIA > BAJU LUARAN PRIA > BLAZER PRIA,model_code,1,0.0,0.0,0.0,0.0,0.0,0.0,0.0,1.0,EXACT,Busana dan Aksesori > Pakaian > Pakaian Luar > Mantel & Jaket > Blazer,13,Kelompok usia | Petunjuk perawatan | Fitur pakaian | Warna | Kain | Garis leher | Fitur pakaian luar | Pola | Ukuran | Jenis ukuran | Jenis panjang lengan | Jenis kelamin sasaran | Jenis panjang atasan,False,exact-stripped
1257,SEPATU OLAHRAGA ANAK PEREMPUAN,4,true,13,Fashion > SEPATU ANAK & BAYI > SEPATU ANAK & BAYI PEREMPUAN > SEPATU OLAHRAGA ANAK PEREMPUAN,colour|garment_size|model_code,3,0.0,0.0,0.846,0.0,0.0,1.0,0.0,0.769,FUZZY,Busana dan Aksesori > Sepatu > Sepatu Bayi & Anak > Sepatu Olahraga Bayi & Anak,13,Aktivitas | Petunjuk perawatan | Jenis penutupan | Warna | Bahan alas kaki | Bahan pelapis | Bahan sol luar | Pola | Fitur sepatu | Kesesuaian sepatu | Ukuran sepatu | Jenis kelamin sasaran | Gaya kaki,False,fuzzy-raw
1355,SABUN ANAK & BAYI CAIR,5,false,13,Keperluan Anak dan Bayi > PERAWATAN ANAK & BAYI > PERAWATAN KULIT ANAK & BAYI > SABUN ANAK & BAYI > SABUN ANAK & BAYI CAIR,net_content,1,1.0,0.0,0.077,0.0,0.0,0.0,0.077,0.0,FUZZY,Kesehatan & Kecantikan > Perawatan Tubuh > Kosmetik > Mandi & Perawatan Tubuh > Sabun Tangan Cair,17,Kelompok usia | Kandungan Alkohol/Pelarut | Area tubuh | Warna | Bahan penyusun | Jenis agen eksfoliasi | Keharuman | Bahan-bahan | Bahan | Jenis kemasan | Pola | Sertifikasi & standar produk | Bentuk produk | Aroma | Efek perawatan kulit | Cocok untuk jenis kulit | Jenis penggunaan,False,fuzzy-stripped
1363,SABUN BADAN CAIR,5,false,13,Perawatan Diri & Rumah Tangga > Perawatan Diri > PERAWATAN BADAN > SABUN BADAN > SABUN BADAN CAIR,net_content|scent,2,0.923,0.0,0.154,0.154,0.0,0.0,0.308,0.0,UNMAPPED,,0,,,
1398,CAIRAN ANTISEPTIC,5,true,13,Perawatan Diri & Rumah Tangga > Perawatan Diri > OBAT-OBATAN > PERTOLONGAN PERTAMA (FIRST AID KIT) > CAIRAN ANTISEPTIC,net_content,1,0.923,0.0,0.0,0.0,0.0,0.0,0.0,0.0,UNMAPPED,,0,,,
1415,PELICIN PAKAIAN KEMASAN SPRAY,5,true,13,Perawatan Diri & Rumah Tangga > Rumah Tangga > BAHAN LAUNDRY > PELICIN PAKAIAN  > PELICIN PAKAIAN KEMASAN SPRAY,colour|net_content,2,1.0,0.0,0.385,0.0,0.0,0.0,0.0,0.0,UNMAPPED,,0,,,
1484,OBAT LAMBUNG,6,true,13,Perawatan Diri & Rumah Tangga > Perawatan Diri > OBAT-OBATAN > OBAT MINUM > OBAT MINUM UNTUK PENCERNAAN & MAAG > OBAT LAMBUNG,net_content,1,0.615,0.154,0.0,0.154,0.0,0.0,0.0,0.0,UNMAPPED,,0,,,
1560,GULING DEWASA,6,true,13,Perawatan Diri & Rumah Tangga > Rumah Tangga > Peralatan & Perlengkapan Rumah Tangga > PERLENGKAPAN RUMAH TANGGA > PERLENGKAPAN KAMAR & KAMAR MANDI > GULING DEWASA,,0,0.0,0.0,0.154,0.0,0.0,0.0,0.077,0.077,UNMAPPED,,0,,,
1635,GULUNGAN ALUMINUM FOIL,7,true,13,Perawatan Diri & Rumah Tangga > Rumah Tangga > Peralatan & Perlengkapan Rumah Tangga > PERALATAN RUMAH TANGGA > PERALATAN DAN PENYIMPANAN DI DAPUR > ALAT DAPUR & AKSESORIS DAPUR > GULUNGAN ALUMINUM FOIL,,0,0.0,0.154,0.0,0.0,0.077,0.0,0.0,0.0,UNMAPPED,,0,,,
1714,SELANG KOMPOR GAS,8,true,13,Perawatan Diri & Rumah Tangga > Rumah Tangga > Peralatan & Perlengkapan Rumah Tangga > PERALATAN RUMAH TANGGA > PERALATAN DAN PENYIMPANAN DI DAPUR > ALAT MASAK > KOMPOR GAS > SELANG KOMPOR GAS,colour,1,0.0,0.0,0.231,0.0,0.0,0.0,0.0,0.154,FUZZY,Perkakas > Aksesori Perkakas > Selang Gas,4,Warna | Bahan selang | Pola | Cocok untuk jenis gas,True,fuzzy-raw
1752,MANGKUK STAINLESS STEEL,8,true,13,Perawatan Diri & Rumah Tangga > Rumah Tangga > Peralatan & Perlengkapan Rumah Tangga > PERALATAN RUMAH TANGGA > PERALATAN DAN PENYIMPANAN DI DAPUR > PERALATAN MAKAN > MANGKUK > MANGKUK STAINLESS STEEL,model_code,1,0.0,0.0,0.0,0.0,0.0,0.0,0.0,0.769,UNMAPPED,,0,,,
1843,SAUS BARBEQUE,5,true,13,Makanan dan Minuman > MAKANAN & BAHAN MAKANAN > SAUS > SAUS BUMBU MASAK > SAUS BARBEQUE,flavour|model_code|net_content,3,1.0,0.0,0.0,0.615,0.0,0.0,0.0,0.231,UNMAPPED,,0,,,
1870,DISINFECTANT,5,true,13,Perawatan Diri & Rumah Tangga > Rumah Tangga > BAHAN PEMBERSIH RUMAH > PERAWATAN & PEMBERSIH RUMAH TANGGA LAINNYA > DISINFECTANT,net_content|scent,2,1.0,0.0,0.0,0.0,0.0,0.0,0.308,0.0,UNMAPPED,,0,,,
187,FLOOR DRAIN (LUBANG PENUTUP SALURAN PEMBUANGAN AIR / SARINGAN GOT),3,true,12,Perbaikan Rumah > PERLENGKAPAN PERBAIKAN RUMAH > FLOOR DRAIN (LUBANG PENUTUP SALURAN PEMBUANGAN AIR / SARINGAN GOT),colour|material,2,0.0,0.083,0.333,0.0,0.25,0.0,0.0,0.0,UNMAPPED,,0,,,
281,GLUE GUN,3,true,12,Elektronik > ALAT ELEKTRONIK RUMAH LAINNYA > GLUE GUN,,0,0.0,0.0,0.0,0.0,0.0,0.0,0.0,0.0,UNMAPPED,,0,,,
289,POMPA AIR,3,true,12,Elektronik > ALAT ELEKTRONIK RUMAH LAINNYA > POMPA AIR,model_code,1,0.0,0.0,0.0,0.0,0.0,0.0,0.0,0.583,EXACT,Kendaraan & Suku Cadang > Suku Cadang & Aksesori Kendaraan > Suku Cadang Kendaraan Bermotor > Sistem Pendinginan Kendaraan Bermotor > Pompa Air,10,Jenis bantalan | Komponen sistem cairan pendingin disertakan | Kondisi barang | Bahan barang | Jenis pabrikan | Jenis kendaraan bermotor | Jenis penggerak pompa air | Bahan rumah pompa air | Bahan impeler pompa air | Jenis pemasangan pompa air,False,exact-raw
396,BAWAHAN PRIA,3,false,12,Fashion > FASHION PRIA > BAWAHAN PRIA,colour|garment_size,2,0.167,0.0,0.25,0.0,0.0,0.25,0.0,0.083,UNMAPPED,,0,,,
453,KUAS & APLIKATOR MAKE UP,3,false,12,Kosmetik dan Alat Kecantikan > ALAT KECANTIKAN > KUAS & APLIKATOR MAKE UP,colour,1,0.0,0.083,0.5,0.0,0.0,0.0,0.0,0.083,UNMAPPED,,0,,,
499,TONGKAT JALAN,3,true,12,Mainan dan Alat Lainnya > ALAT LAINNYA > TONGKAT JALAN,colour,1,0.0,0.0,0.75,0.0,0.0,0.0,0.0,0.0,AMBIGUOUS,,0,,,exact-raw
569,BAWANG GORENG,4,true,12,Makanan dan Minuman > MAKANAN & BAHAN MAKANAN > BUMBU DAPUR > BAWANG GORENG,colour|net_content,2,0.833,0.0,0.333,0.083,0.0,0.0,0.083,0.0,UNMAPPED,,0,,,
618,MIE SOA KERING,4,true,12,Makanan dan Minuman > MAKANAN & BAHAN MAKANAN > MIE KERING & PASTA > MIE SOA KERING,net_content,1,0.667,0.0,0.0,0.083,0.0,0.0,0.0,0.083,UNMAPPED,,0,,,
657,TEPUNG MAIZENA,4,true,12,Makanan dan Minuman > MAKANAN & BAHAN MAKANAN > TEPUNG > TEPUNG MAIZENA,net_content,1,1.0,0.0,0.0,0.0,0.0,0.0,0.167,0.083,UNMAPPED,,0,,,
782,TOMAT,4,true,12,Makanan dan Minuman > FRESH > SAYURAN SEGAR > TOMAT,,0,0.083,0.0,0.083,0.0,0.0,0.0,0.0,0.083,EXACT,"Makanan, Minuman & Tembakau > Item Makanan > Buah & Sayur > Sayur Segar & Beku > Tomat",6,Informasi alergen | Metode memasak | Preferensi diet | Bentuk produk makanan | Persyaratan penyimpanan | Gaya pengolahan sayuran,False,exact-raw
878,SERUM RAMBUT,4,true,12,Perawatan Diri & Rumah Tangga > Perawatan Diri > PERAWATAN RAMBUT > SERUM RAMBUT,net_content|pack_count,2,0.917,0.25,0.0,0.167,0.0,0.0,0.0,0.0,EXACT,Kesehatan & Kecantikan > Perawatan Tubuh > Perawatan Rambut > Perawatan Rambut > Serum Rambut,12,Jenis pemakaian | Warna rambut yang kompatibel | Efek kondisioner | Bahan penyusun | Keharuman | Finis perawatan rambut | Efek perawatan rambut | Bahan | Sertifikasi & standar produk | Bentuk produk | Cocok untuk jenis rambut | Jenis kelamin sasaran,False,exact-raw
1059,KUNCI SEPEDA,4,true,12,"Hobi, Ibadah, dan Olahraga > OLAHRAGA > PERALATAN & PERLENGKAPAN SEPEDA > KUNCI SEPEDA",,0,0.0,0.0,0.0,0.0,0.167,0.0,0.0,0.0,EXACT,Peralatan Olahraga > Rekreasi Luar Ruang > Bersepeda > Aksesori Sepeda > Kunci Sepeda,4,Warna | Tipe sepeda yang kompatibel | Pola | Peringkat Sold Secure,True,exact-raw
1265,TAS CLUTCH PRIA,4,true,12,Fashion > TAS & KOPER > TAS PRIA > TAS CLUTCH PRIA,net_content,1,0.25,0.0,0.083,0.0,0.0,0.167,0.0,0.0,EXACT,"Busana dan Aksesori > Tas Tangan, Dompet & Kotak > Tas Tangan > Tas Clutch",11,Kelompok usia | Hiasan tas | Penutup tas/kotak | Fitur tas/kotak | Bahan tas/kotak | Fitur penyimpanan tas/kotak | Petunjuk perawatan | Opsi bawa | Warna | Pola | Jenis kelamin sasaran,False,exact-stripped
1280,TAS LAPTOP WANITA,4,true,12,Fashion > TAS & KOPER > TAS WANITA > TAS LAPTOP WANITA,,0,0.0,0.0,0.167,0.0,0.0,0.0,0.0,0.083,FUZZY,Bagasi & Tas > Tas Laptop,10,Jenis tali tas | Penutup tas/kotak | Fitur tas/kotak | Bahan tas/kotak | Fitur penyimpanan tas/kotak | Petunjuk perawatan | Opsi bawa | Warna | Penutup Koper/Tas | Pola,True,fuzzy-raw
1306,LEM BULU MATA,4,true,12,Kosmetik dan Alat Kecantikan > ALAT KECANTIKAN > AKSESORIS ALAT KECANTIKAN > LEM BULU MATA,colour,1,0.167,0.0,0.25,0.0,0.0,0.0,0.0,0.0,FUZZY,Kesehatan & Kecantikan > Perawatan Tubuh > Kosmetik > Alat Kosmetik > Alat Rias > Aksesori Bulu Mata Palsu > Lem Bulu Mata Palsu,16,Jenis penggunaan perekat | Kandungan Alkohol/Pelarut | Fitur ramah alergi | Warna | Jenis dispenser | Kecepatan pengeringan | Formulasi perekat bulu mata palsu | Fitur | Keharuman | Bahan | Pola | Sertifikasi & standar produk | Bentuk produk | Bentuk | Cocok untuk jenis kulit | Jenis penggunaan,True,fuzzy-raw
1327,BASRENG,5,true,12,Makanan dan Minuman > MAKANAN KECIL  > KACANG DAN SNACK LAINNYA > JAJANAN TRADISIONAL > BASRENG,flavour|net_content,2,0.917,0.0,0.083,0.583,0.0,0.0,0.0,0.167,UNMAPPED,,0,,,
1450,PIANIKA,5,true,12,"Hobi, Ibadah, dan Olahraga > OLAHRAGA > ALAT MUSIK > PIANIKA > PIANIKA",colour,1,0.0,0.0,0.75,0.0,0.0,0.0,0.0,0.083,UNMAPPED,,0,,,
1526,SEROK AIR UNTUK LANTAI,6,true,12,Perawatan Diri & Rumah Tangga > Rumah Tangga > Peralatan & Perlengkapan Rumah Tangga > PERALATAN RUMAH TANGGA > PERALATAN KEBERSIHAN RUMAH TANGGA > SEROK AIR UNTUK LANTAI,material|model_code,2,0.0,0.0,0.0,0.0,0.25,0.0,0.083,0.25,UNMAPPED,,0,,,
1682,MUG,7,false,12,Perawatan Diri & Rumah Tangga > Rumah Tangga > Peralatan & Perlengkapan Rumah Tangga > PERALATAN RUMAH TANGGA > PERALATAN DAN PENYIMPANAN DI DAPUR > PERALATAN MAKAN > MUG,model_code|net_content,2,0.417,0.0,0.083,0.083,0.083,0.0,0.0,0.333,EXACT,Rumah & Taman > Dapur & Ruang Makan > Peralatan Makan > Peralatan Minum > Mug,9,Petunjuk pembersihan | Warna | Insulasi untuk gelas minum | Bahan peralatan minum | Bentuk peralatan minum | Jenis pegangan | Jenis tutup | Kompatibilitas microwave | Pola,False,exact-raw
1763,MUG PLASTIK,8,true,12,Perawatan Diri & Rumah Tangga > Rumah Tangga > Peralatan & Perlengkapan Rumah Tangga > PERALATAN RUMAH TANGGA > PERALATAN DAN PENYIMPANAN DI DAPUR > PERALATAN MAKAN > MUG > MUG PLASTIK,colour|model_code|net_content,3,0.25,0.0,0.75,0.167,0.0,0.0,0.0,0.25,UNMAPPED,,0,,,
1862,SETTING SPRAY,3,true,12,Kosmetik dan Alat Kecantikan > MAKE UP WAJAH > SETTING SPRAY,net_content,1,1.0,0.0,0.0,0.0,0.0,0.0,0.0,0.083,UNMAPPED,,0,,,
1865,BOTOL SPRAYER,7,true,12,Perawatan Diri & Rumah Tangga > Rumah Tangga > Peralatan & Perlengkapan Rumah Tangga > PERALATAN RUMAH TANGGA > PERALATAN DAN PENYIMPANAN DI DAPUR > TEMPAT PENYIMPANAN LAINNYA > BOTOL SPRAYER,model_code|net_content,2,0.583,0.0,0.0,0.0,0.0,0.0,0.0,0.417,UNMAPPED,,0,,,
1891,KERANJANG BUAH,7,true,12,Perawatan Diri & Rumah Tangga > Rumah Tangga > Peralatan & Perlengkapan Rumah Tangga > PERALATAN RUMAH TANGGA > PERALATAN DAN PENYIMPANAN DI DAPUR > KERANJANG & TEMPAT SAMPAH > KERANJANG BUAH,,0,0.0,0.0,0.0,0.083,0.083,0.0,0.0,0.083,UNMAPPED,,0,,,
97,MAKANAN BEKU,3,false,11,Makanan dan Minuman > MAKANAN & BAHAN MAKANAN > MAKANAN BEKU,net_content,1,0.818,0.091,0.0,0.091,0.091,0.0,0.0,0.182,EXACT,Hewan & Perlengkapan Hewan Piaraan > Perlengkapan Hewan Piaraan > Perlengkapan Ikan & Akuatik > Makanan Ikan > Makanan Beku,4,Jenis ikan | Jenis kemasan | Rasa makanan hewan peliharaan | Cocok untuk jenis ikan,False,exact-raw
199,TALI RAFIA,3,true,11,Perbaikan Rumah > PERLENGKAPAN PERBAIKAN RUMAH > TALI RAFIA,net_content,1,0.364,0.091,0.091,0.0,0.0,0.0,0.0,0.0,UNMAPPED,,0,,,
209,BENANG,3,false,11,"Hobi, Ibadah, dan Olahraga > MENJAHIT > BENANG",colour|flavour|material|model_code,4,0.0,0.0,0.818,0.273,0.364,0.0,0.0,0.273,UNMAPPED,,0,,,
249,SEKOP TANAH,3,true,11,"Hobi, Ibadah, dan Olahraga > BERKEBUN > SEKOP TANAH",material,1,0.0,0.0,0.091,0.0,0.273,0.0,0.0,0.0,UNMAPPED,,0,,,
264,MIXER,3,true,11,Elektronik > ALAT ELEKTRONIK DAPUR > MIXER,model_code,1,0.0,0.0,0.182,0.0,0.0,0.0,0.0,0.364,UNMAPPED,,0,,,
319,BUKU KWITANSI,3,true,11,Alat dan Buku Tulis > BUKU TULIS > BUKU KWITANSI,model_code|pack_count,2,0.0,0.545,0.091,0.091,0.0,0.0,0.0,0.273,UNMAPPED,,0,,,
372,TAPE DISPENSER,3,true,11,Alat dan Buku Tulis > PERALATAN UMUM > TAPE DISPENSER,model_code,1,0.0,0.0,0.0,0.0,0.091,0.0,0.0,0.364,UNMAPPED,,0,,,
374,WHITE BOARD,3,true,11,Alat dan Buku Tulis > PERALATAN UMUM > WHITE BOARD,pack_count,1,0.0,0.727,0.0,0.0,0.0,0.0,0.0,0.0,UNMAPPED,,0,,,
556,PENGEMBANG KUE,4,true,11,Makanan dan Minuman > MAKANAN & BAHAN MAKANAN > BAHAN KUE > PENGEMBANG KUE,net_content,1,1.0,0.0,0.0,0.0,0.0,0.0,0.0,0.091,UNMAPPED,,0,,,
583,ANEKA DIMSUM BEKU,4,true,11,Makanan dan Minuman > MAKANAN & BAHAN MAKANAN > MAKANAN BEKU > ANEKA DIMSUM BEKU,flavour|net_content,2,0.636,0.182,0.0,0.636,0.0,0.0,0.0,0.091,UNMAPPED,,0,,,
590,MANTAU BEKU,4,true,11,Makanan dan Minuman > MAKANAN & BAHAN MAKANAN > MAKANAN BEKU > MANTAU BEKU,colour|flavour|net_content,3,0.909,0.091,0.364,0.364,0.182,0.0,0.0,0.0,UNMAPPED,,0,,,
703,BAYAM,4,true,11,Makanan dan Minuman > FRESH > SAYURAN SEGAR > BAYAM,colour|net_content,2,0.273,0.0,0.818,0.0,0.0,0.0,0.0,0.091,EXACT,"Makanan, Minuman & Tembakau > Item Makanan > Buah & Sayur > Sayur Segar & Beku > Sayuran Hijau > Bayam",11,Informasi alergen | Metode memasak | Metode budidaya | Preferensi diet | Bentuk produk makanan | Tahap kematangan sayuran hijau | Kondisi pencucian produk | Gaya pengolahan bayam | Varietas bayam | Persyaratan penyimpanan | Gaya pengolahan sayuran,False,exact-raw
769,SELADA KERITING,4,true,11,Makanan dan Minuman > FRESH > SAYURAN SEGAR > SELADA KERITING,colour|model_code|net_content,3,0.455,0.0,0.364,0.0,0.0,0.0,0.0,0.273,UNMAPPED,,0,,,
774,TAHU,4,true,11,Makanan dan Minuman > FRESH > SAYURAN SEGAR > TAHU,colour|net_content|pack_count,3,0.273,0.455,0.455,0.091,0.0,0.0,0.0,0.0,EXACT,"Makanan, Minuman & Tembakau > Item Makanan > Tahu, Produk Kedelai & Vegetarian > Tahu",4,Informasi alergen | Preferensi diet | Persyaratan penyimpanan | Gaya pengolahan tahu,True,exact-raw
831,GIGITAN BAYI (TEETHER),4,true,11,Keperluan Anak dan Bayi > PERALATAN UNTUK ANAK & BAYI > PERALATAN MENYUSUI ANAK & BAYI > GIGITAN BAYI (TEETHER),model_code,1,0.0,0.0,0.0,0.091,0.0,0.0,0.0,0.727,UNMAPPED,,0,,,
844,POPOK (DIAPERS) ANAK & BAYI,4,false,11,Keperluan Anak dan Bayi > PERLENGKAPAN ANAK & BAYI > PERLENGKAPAN KEBERSIHAN ANAK & BAYI > POPOK (DIAPERS) ANAK & BAYI,model_code,1,0.0,0.0,0.0,0.0,0.0,0.182,0.0,0.545,FUZZY,Busana dan Aksesori > Pakaian > Pakaian Bayi & Anak > Penutup Popok Bayi & Anak,7,Fitur pakaian bayi/balita | Warna | Kain | Pola | Ukuran | Jenis ukuran | Jenis kelamin sasaran,False,fuzzy-raw
864,PERLENGKAPAN UNTUK IBU MENYUSUI,4,true,11,Keperluan Anak dan Bayi > PERLENGKAPAN ANAK & BAYI > PERLENGKAPAN MENYUSUI ANAK & BAYI > PERLENGKAPAN UNTUK IBU MENYUSUI,model_code|pack_count,2,0.0,0.455,0.182,0.091,0.0,0.0,0.0,0.364,UNMAPPED,,0,,,
876,PENYUBUR RAMBUT,4,true,11,Perawatan Diri & Rumah Tangga > Perawatan Diri > PERAWATAN RAMBUT > PENYUBUR RAMBUT,net_content,1,1.0,0.0,0.0,0.0,0.0,0.0,0.0,0.0,UNMAPPED,,0,,,
990,SHAMPO MOBIL,4,true,11,"Hobi, Ibadah, dan Olahraga > Perawatan & Suku Cadang Mobil > PERAWATAN MOBIL > SHAMPO MOBIL",net_content,1,0.909,0.0,0.0,0.0,0.0,0.0,0.0,0.0,UNMAPPED,,0,,,
991,WAX MOBIL,4,true,11,"Hobi, Ibadah, dan Olahraga > Perawatan & Suku Cadang Mobil > PERAWATAN MOBIL > WAX MOBIL",net_content,1,1.0,0.0,0.091,0.091,0.0,0.0,0.0,0.0,EXACT,"Kendaraan & Suku Cadang > Suku Cadang & Aksesori Kendaraan > Pemeliharaan, Perawatan & Dekorasi Kendaraan > Pembersihan Kendaraan > Wax, Poles & Pelindung Kendaraan > Wax Mobil",8,Warna | Bahan permukaan yang kompatibel | Jenis kemasan | Pola | Area aplikasi kendaraan | Fitur item pembersih kendaraan | Jenis kendaraan | Bentuk produk lilin/pemoles kendaraan,False,exact-raw
1070,PERALATAN PERAWATAN HAMSTER,4,true,11,"Hobi, Ibadah, dan Olahraga > HEWAN PELIHARAAN > PERAWATAN HEWAN PELIHARAAN > PERALATAN PERAWATAN HAMSTER",material,1,0.182,0.182,0.0,0.0,0.273,0.0,0.0,0.091,UNMAPPED,,0,,,
1093,COOLER FAN,4,true,11,Elektronik > ALAT ELEKTRONIK KANTOR & GADGET > SUKU CADANG KOMPUTER > COOLER FAN,model_code,1,0.0,0.0,0.182,0.0,0.0,0.0,0.0,0.455,UNMAPPED,,0,,,
1120,TINTA STEMPEL,4,true,11,Alat dan Buku Tulis > PERALATAN UMUM > CAP/STEMPEL > TINTA STEMPEL,colour|model_code,2,0.0,0.091,0.727,0.0,0.0,0.0,0.0,0.636,UNMAPPED,,0,,,
1122,ISI REFILL CUTTER,4,true,11,Alat dan Buku Tulis > PERALATAN UMUM > CUTTER & REFILL > ISI REFILL CUTTER,,0,0.0,0.182,0.0,0.0,0.0,0.0,0.0,0.182,UNMAPPED,,0,,,
1126,REFILL STAPLER,4,true,11,Alat dan Buku Tulis > PERALATAN UMUM > STAPLER & REFILL > REFILL STAPLER,,0,0.0,0.091,0.0,0.0,0.0,0.0,0.0,0.091,UNMAPPED,,0,,,
1247,SANDAL GUNUNG ANAK LAKI-LAKI,4,true,11,Fashion > SEPATU ANAK & BAYI > SEPATU ANAK & BAYI LAKI-LAKI > SANDAL GUNUNG ANAK LAKI-LAKI,colour|garment_size,2,0.0,0.0,0.818,0.0,0.0,0.909,0.0,0.091,UNMAPPED,,0,,,
1290,PELUIT,4,true,11,Fashion > SERAGAM & ATRIBUT SEKOLAH > ATRIBUT SEKOLAH & KELENGKAPAN LAINNYA > PELUIT,colour,1,0.0,0.0,0.636,0.0,0.0,0.0,0.0,0.0,EXACT,Seni & Hiburan > Pesta & Perayaan > Perlengkapan Pesta > Pembuat Kebisingan & Peniup Pesta > Peluit,7,Ukuran baterai | Jenis baterai | Warna | Bahan | Pola | Fitur lampu peluit | Gaya suara siulan,False,exact-raw
1336,BUBUR SIAP SAJI,5,true,11,Makanan dan Minuman > MAKANAN & BAHAN MAKANAN > MAKANAN DALAM KEMASAN & KALENG > MAKANAN SIAP SAJI > BUBUR SIAP SAJI,flavour|net_content,2,1.0,0.0,0.0,0.909,0.0,0.0,0.0,0.0,UNMAPPED,,0,,,
1356,CAIRAN PEMBERSIH PERALATAN DAN PERLENGKAPAN ANAK & BAYI KEMASAN BOTOL,5,true,11,Keperluan Anak dan Bayi > PERLENGKAPAN ANAK & BAYI > PERLENGKAPAN KEBERSIHAN ANAK & BAYI > CAIRAN PEMBERSIH PERALATAN DAN PERLENGKAPAN ANAK & BAYI > CAIRAN PEMBERSIH PERALATAN DAN PERLENGKAPAN ANAK & BAYI KEMASAN BOTOL,net_content,1,1.0,0.0,0.0,0.0,0.0,0.0,0.0,0.0,UNMAPPED,,0,,,
1424,CAIRAN PEMBERSIH LANTAI,5,false,11,Perawatan Diri & Rumah Tangga > Rumah Tangga > BAHAN PEMBERSIH RUMAH > PEMBERSIH LANTAI > CAIRAN PEMBERSIH LANTAI,flavour|net_content,2,0.727,0.091,0.182,0.364,0.0,0.0,0.0,0.0,FUZZY,Rumah & Taman > Peralatan Rumah Tangga > Pembersih Lantai & Uap > Pembersih Lantai,8,Ukuran baterai | Jenis baterai | Permukaan pembersihan | Warna | Jenis wadah debu | Kelas efisiensi energi | Pola | Sumber listrik,False,fuzzy-raw
1435,PERALATAN DAN PENYIMPANAN DI KAMAR MANDI,5,false,11,Perawatan Diri & Rumah Tangga > Rumah Tangga > Peralatan & Perlengkapan Rumah Tangga > PERALATAN RUMAH TANGGA > PERALATAN DAN PENYIMPANAN DI KAMAR MANDI,colour,1,0.0,0.091,0.273,0.0,0.0,0.0,0.0,0.091,UNMAPPED,,0,,,
1636,GUNTING DAPUR,7,true,11,Perawatan Diri & Rumah Tangga > Rumah Tangga > Peralatan & Perlengkapan Rumah Tangga > PERALATAN RUMAH TANGGA > PERALATAN DAN PENYIMPANAN DI DAPUR > ALAT DAPUR & AKSESORIS DAPUR > GUNTING DAPUR,,0,0.0,0.0,0.0,0.0,0.091,0.0,0.0,0.091,EXACT,Rumah & Taman > Dapur & Ruang Makan > Peralatan & Perlengkapan Dapur > Gunting Dapur,8,Ukuran aksesori | Bahan mata pisau | Petunjuk pembersihan | Warna | Jenis tepi | Sisi tangan | Bahan pegangan | Pola,False,exact-raw
1834,COCOA POWDER,4,true,11,"Makanan dan Minuman > COKLAT, KOPI & TEH > COKLAT & COCOA BUBUK > COCOA POWDER",net_content,1,1.0,0.0,0.0,0.0,0.0,0.0,0.0,0.0,UNMAPPED,,0,,,
1842,SAUS TERIYAKI,5,true,11,Makanan dan Minuman > MAKANAN & BAHAN MAKANAN > SAUS > SAUS BUMBU MASAK > SAUS TERIYAKI,net_content,1,0.909,0.0,0.091,0.091,0.0,0.0,0.0,0.0,UNMAPPED,,0,,,
1883,ISI LEM TEMBAK,3,true,11,Perbaikan Rumah > MATERIAL PERBAIKAN RUMAH > ISI LEM TEMBAK,pack_count,1,0.0,0.727,0.0,0.0,0.0,0.0,0.0,0.182,FUZZY,Seni & Hiburan > Hobi & Seni Kreatif > Seni & Kerajinan > Alat Seni & Kerajinan > Lem Tembak,7,Ukuran aksesori | Fitur lem tembak | Gaya nozel pistol lem | Pengoperasian lem tembak | Teknologi lem tembak | Sumber listrik | Suhu,False,fuzzy-raw
103,SAUS,3,false,10,Makanan dan Minuman > MAKANAN & BAHAN MAKANAN > SAUS,colour|flavour|net_content|pack_count,4,1.0,0.2,0.2,0.2,0.0,0.0,0.0,0.0,UNMAPPED,,0,,,
168,SENDOK SEMEN,3,true,10,Perbaikan Rumah > ALAT ALAT PERBAIKAN RUMAH > SENDOK SEMEN,,0,0.0,0.0,0.0,0.0,0.0,0.0,0.0,0.0,UNMAPPED,,0,,,
195,RANTAI,3,true,10,Perbaikan Rumah > PERLENGKAPAN PERBAIKAN RUMAH > RANTAI,material,1,0.0,0.0,0.1,0.0,0.5,0.0,0.0,0.0,EXACT,"Perkakas > Aksesori Perkakas > Rantai, Kawat & Tali > Rantai",3,Warna | Bahan perangkat keras | Pola,False,exact-raw
227,ALAT MUSIK,3,false,10,"Hobi, Ibadah, dan Olahraga > OLAHRAGA > ALAT MUSIK",,0,0.0,0.0,0.1,0.0,0.0,0.0,0.0,0.1,EXACT,Seni & Hiburan > Hobi & Seni Kreatif > Alat Musik,1,Bahan alat musik,True,exact-raw
285,HAIR STRAIGHTENER (CATOKAN RAMBUT),3,true,10,Elektronik > ALAT ELEKTRONIK RUMAH LAINNYA > HAIR STRAIGHTENER (CATOKAN RAMBUT),model_code,1,0.0,0.0,0.0,0.0,0.1,0.0,0.0,0.8,UNMAPPED,,0,,,
342,KERTAS MANILA,3,true,10,Alat dan Buku Tulis > KERTAS > KERTAS MANILA,colour,1,0.0,0.0,1.0,0.0,0.0,0.0,0.0,0.0,UNMAPPED,,0,,,
354,DESK SET,3,true,10,Alat dan Buku Tulis > PERALATAN UMUM > DESK SET,colour|model_code,2,0.0,0.0,0.3,0.0,0.0,0.0,0.0,0.5,UNMAPPED,,0,,,
356,HOLE PUNCHER,3,true,10,Alat dan Buku Tulis > PERALATAN UMUM > HOLE PUNCHER,model_code,1,0.0,0.0,0.1,0.0,0.0,0.0,0.0,0.4,UNMAPPED,,0,,,
419,GELANG ANAK-ANAK,3,true,10,Fashion > PERHIASAN ANAK > GELANG ANAK-ANAK,,0,0.0,0.0,0.1,0.0,0.0,0.0,0.0,0.0,EXACT,Busana dan Aksesori > Perhiasan > Gelang,8,Kelompok usia | Desain gelang | Warna | Bahan perhiasan | Jenis perhiasan | Desain kalung | Pola | Jenis kelamin sasaran,True,exact-stripped
521,KOPI INSTAN KEMASAN JAR,5,true,10,"Makanan dan Minuman > COKLAT, KOPI & TEH > KOPI MENTAH > KOPI BUBUK > KOPI INSTAN KEMASAN JAR",flavour|net_content,2,1.0,0.0,0.1,0.4,0.0,0.0,0.0,0.1,UNMAPPED,,0,,,
754,PAKCOY,4,true,10,Makanan dan Minuman > FRESH > SAYURAN SEGAR > PAKCOY,model_code|net_content,2,0.4,0.0,0.1,0.0,0.0,0.0,0.0,0.2,UNMAPPED,,0,,,
827,BAK MANDI ANAK & BAYI,4,true,10,Keperluan Anak dan Bayi > PERALATAN UNTUK ANAK & BAYI > PERALATAN MANDI ANAK & BAYI > BAK MANDI ANAK & BAYI,colour|model_code,2,0.0,0.0,0.2,0.0,0.0,0.0,0.0,0.3,FUZZY,Bayi & Balita > Mandi Bayi > Bak & Kursi Mandi Bayi,5,Warna | Kelompok usia bayi | Bahan | Pola | Sertifikasi keselamatan,True,fuzzy-raw
841,COTTON BALL ANAK & BAYI,4,true,10,Keperluan Anak dan Bayi > PERLENGKAPAN ANAK & BAYI > PERLENGKAPAN KEBERSIHAN ANAK & BAYI > COTTON BALL ANAK & BAYI,net_content|pack_count,2,0.4,0.6,0.1,0.0,0.0,0.0,0.0,0.0,UNMAPPED,,0,,,
967,OBENG KACAMATA,4,true,10,Perbaikan Rumah > ALAT ALAT PERBAIKAN RUMAH > OBENG > OBENG KACAMATA,pack_count,1,0.0,0.2,0.0,0.0,0.0,0.0,0.0,0.1,UNMAPPED,,0,,,
1054,BOLA PING PONG,4,true,10,"Hobi, Ibadah, dan Olahraga > OLAHRAGA > PERALATAN & PERLENGKAPAN PING PONG > BOLA PING PONG",,0,0.0,0.1,0.0,0.0,0.0,0.0,0.0,0.0,UNMAPPED,,0,,,
1234,BAWAHAN OLAHRAGA PRIA,4,false,10,Fashion > PAKAIAN OLAHRAGA > PAKAIAN OLAHRAGA PRIA > BAWAHAN OLAHRAGA PRIA,colour|garment_size|model_code,3,0.0,0.0,0.3,0.0,0.0,0.2,0.0,0.3,UNMAPPED,,0,,,
1288,CINCIN PRAMUKA (RING KACU),4,true,10,Fashion > SERAGAM & ATRIBUT SEKOLAH > ATRIBUT SEKOLAH & KELENGKAPAN LAINNYA > CINCIN PRAMUKA (RING KACU),colour,1,0.0,0.0,0.6,0.0,0.0,0.0,0.0,0.0,UNMAPPED,,0,,,
1315,AIR MINERAL KEMASAN GELAS,5,true,10,Makanan dan Minuman > MINUMAN > MINUMAN DALAM KEMASAN > AIR MINERAL > AIR MINERAL KEMASAN GELAS,model_code|net_content,2,0.9,0.0,0.0,0.0,0.1,0.0,0.0,0.2,UNMAPPED,,0,,,
1440,PERLENGKAPAN KAMAR & KAMAR MANDI,5,false,10,Perawatan Diri & Rumah Tangga > Rumah Tangga > Peralatan & Perlengkapan Rumah Tangga > PERLENGKAPAN RUMAH TANGGA > PERLENGKAPAN KAMAR & KAMAR MANDI,pack_count,1,0.0,0.6,0.0,0.0,0.0,0.0,0.0,0.0,EXACT,Perkakas > Perpipaan > Perlengkapan Perpipaan > Perlengkapan Kamar Mandi,3,Warna | Bahan | Pola,False,exact-raw
1491,DETERJEN CAIR UNTUK PAKAIAN DEWASA,6,true,10,Perawatan Diri & Rumah Tangga > Rumah Tangga > BAHAN LAUNDRY > DETERJEN PAKAIAN > DETERJEN CAIR > DETERJEN CAIR UNTUK PAKAIAN DEWASA,net_content,1,0.8,0.0,0.1,0.1,0.0,0.0,0.0,0.0,UNMAPPED,,0,,,
1503,PENGHARUM FLUSH KLOSET SOLID,6,true,10,Perawatan Diri & Rumah Tangga > Rumah Tangga > BAHAN PEMBERSIH RUMAH > PEMBERSIH KAMAR MANDI > PENGHARUM FLUSH KLOSET > PENGHARUM FLUSH KLOSET SOLID,colour|net_content|scent,3,1.0,0.0,0.2,0.1,0.0,0.0,0.6,0.0,UNMAPPED,,0,,,
1516,FLOOR MOP,6,false,10,Perawatan Diri & Rumah Tangga > Rumah Tangga > Peralatan & Perlengkapan Rumah Tangga > PERALATAN RUMAH TANGGA > PERALATAN KEBERSIHAN RUMAH TANGGA > FLOOR MOP,colour|model_code,2,0.0,0.0,0.3,0.0,0.1,0.0,0.0,0.8,UNMAPPED,,0,,,
1552,LAUNDRY BAG JARING,6,true,10,Perawatan Diri & Rumah Tangga > Rumah Tangga > Peralatan & Perlengkapan Rumah Tangga > PERALATAN RUMAH TANGGA > PERALATAN DAN PENYIMPANAN PAKAIAN DAN CUCIAN > LAUNDRY BAG JARING,,0,0.0,0.0,0.0,0.0,0.1,0.0,0.0,0.1,UNMAPPED,,0,,,
1639,KIPAS SATE,7,true,10,Perawatan Diri & Rumah Tangga > Rumah Tangga > Peralatan & Perlengkapan Rumah Tangga > PERALATAN RUMAH TANGGA > PERALATAN DAN PENYIMPANAN DI DAPUR > ALAT DAPUR & AKSESORIS DAPUR > KIPAS SATE,model_code,1,0.0,0.0,0.1,0.0,0.1,0.0,0.0,0.2,UNMAPPED,,0,,,
1794,CARDINAL,3,false,10,UNUSED > AREA DISPLAY > CARDINAL,,0,0.0,0.0,0.0,0.0,0.0,0.0,0.0,0.0,UNMAPPED,,0,,,
1821,SAOS TOMAT KEMASAN POUCH,6,true,10,Makanan dan Minuman > MAKANAN & BAHAN MAKANAN > SAUS > SAOS  PEDAS & SAMBAL > SAOS TOMAT > SAOS TOMAT KEMASAN POUCH,net_content,1,1.0,0.0,0.0,0.0,0.0,0.0,0.0,0.1,UNMAPPED,,0,,,
1867,PELICIN PAKAIAN KEMASAN SACHET,5,true,10,Perawatan Diri & Rumah Tangga > Rumah Tangga > BAHAN LAUNDRY > PELICIN PAKAIAN  > PELICIN PAKAIAN KEMASAN SACHET,colour|net_content|pack_count|scent,4,1.0,1.0,0.4,0.0,0.0,0.0,0.2,0.0,UNMAPPED,,0,,,
1879,ALAT UKUR MATRIAL,3,true,10,Perbaikan Rumah > ALAT ALAT PERBAIKAN RUMAH > ALAT UKUR MATRIAL,model_code,1,0.0,0.0,0.0,0.0,0.0,0.0,0.0,0.2,UNMAPPED,,0,,,
22,Perawatan Diri,2,false,9,Perawatan Diri & Rumah Tangga > Perawatan Diri,net_content,1,0.556,0.111,0.0,0.0,0.0,0.0,0.0,0.0,FUZZY,Layanan > Layanan Pribadi > Kecantikan & Perawatan Diri,0,,True,fuzzy-raw
92,BERAS,3,false,9,Makanan dan Minuman > MAKANAN & BAHAN MAKANAN > BERAS,colour|net_content,2,1.0,0.111,0.333,0.0,0.0,0.0,0.0,0.0,EXACT,"Makanan, Minuman & Tembakau > Item Makanan > Bijian, Beras & Sereal > Beras",5,Informasi alergen | Preferensi diet | Metode pengolahan beras | Varietas padi | Persyaratan penyimpanan,False,exact-raw
109,DAGING SAPI SEGAR,3,true,9,Makanan dan Minuman > FRESH > DAGING SAPI SEGAR,model_code|net_content,2,0.444,0.0,0.0,0.0,0.0,0.0,0.0,0.333,UNMAPPED,,0,,,
184,BRACKET DINDING UNTUK TV,3,true,9,Perbaikan Rumah > PERLENGKAPAN PERBAIKAN RUMAH > BRACKET DINDING UNTUK TV,model_code,1,0.0,0.0,0.0,0.0,0.0,0.0,0.0,0.333,UNMAPPED,,0,,,
251,VAS BUNGA,3,true,9,"Hobi, Ibadah, dan Olahraga > BERKEBUN > VAS BUNGA",colour,1,0.0,0.0,0.444,0.0,0.0,0.0,0.0,0.111,FUZZY,Rumah & Taman > Dekorasi > Vas > Vas Bunga Kecil,2,Gaya barang | Bahan,False,fuzzy-raw
253,PERLENGKAPAN BERKEBUN LAINNYA,3,true,9,"Hobi, Ibadah, dan Olahraga > BERKEBUN > PERLENGKAPAN BERKEBUN LAINNYA",colour|model_code|net_content|pack_count,4,0.667,0.556,0.667,0.111,0.111,0.0,0.0,0.222,UNMAPPED,,0,,,
279,DOOR BELL (BEL RUMAH),3,true,9,Elektronik > ALAT ELEKTRONIK RUMAH LAINNYA > DOOR BELL (BEL RUMAH),model_code,1,0.0,0.0,0.0,0.0,0.0,0.0,0.0,0.556,UNMAPPED,,0,,,
297,BUSUR,3,true,9,Alat dan Buku Tulis > ALAT MENGGAMBAR / MELUKIS > BUSUR,,0,0.0,0.0,0.0,0.0,0.0,0.0,0.0,0.0,UNMAPPED,,0,,,
318,BUKU KAS,3,true,9,Alat dan Buku Tulis > BUKU TULIS > BUKU KAS,colour|model_code,2,0.0,0.111,0.222,0.0,0.0,0.0,0.0,0.333,UNMAPPED,,0,,,
337,KERTAS CONCORD,3,true,9,Alat dan Buku Tulis > KERTAS > KERTAS CONCORD,colour,1,0.111,0.0,0.889,0.0,0.0,0.0,0.0,0.111,UNMAPPED,,0,,,
376,"DASI, SYAL, DAN TALI SUSPENDER ANAK",3,true,9,"Fashion > AKSESORIS FASHION ANAK > DASI, SYAL, DAN TALI SUSPENDER ANAK",colour,1,0.0,0.0,0.778,0.111,0.0,0.0,0.0,0.0,UNMAPPED,,0,,,
418,CINCIN ANAK-ANAK,3,true,9,Fashion > PERHIASAN ANAK > CINCIN ANAK-ANAK,,0,0.0,0.111,0.0,0.0,0.0,0.0,0.0,0.0,EXACT,Busana dan Aksesori > Perhiasan > Cincin,11,Kelompok usia | Warna | Gaya potongan batu permata | Jenis batu permata | Bahan perhiasan | Jenis perhiasan | Pola | Desain cincin | Ukuran cincin | Bentuk batu | Jenis kelamin sasaran,True,exact-stripped
420,KALUNG ANAK-ANAK,3,true,9,Fashion > PERHIASAN ANAK > KALUNG ANAK-ANAK,,0,0.0,0.0,0.0,0.0,0.111,0.0,0.0,0.0,EXACT,Busana dan Aksesori > Perhiasan > Kalung,8,Kelompok usia | Warna | Bahan perhiasan | Jenis perhiasan | Desain kalung | Jenis panjang kalung | Pola | Jenis kelamin sasaran,True,exact-stripped
446,SEPATU WEDGES WANITA,3,true,9,Fashion > SEPATU WANITA > SEPATU WEDGES WANITA,colour|garment_size,2,0.0,0.0,0.778,0.0,0.0,1.0,0.0,0.0,UNMAPPED,,0,,,
460,DEKORASI PEWARNA KUKU,3,true,9,Kosmetik dan Alat Kecantikan > MAKE UP KUKU > DEKORASI PEWARNA KUKU,,0,0.0,0.0,0.0,0.0,0.0,0.0,0.0,0.0,UNMAPPED,,0,,,
518,KOPI BUBUK,4,false,9,"Makanan dan Minuman > COKLAT, KOPI & TEH > KOPI MENTAH > KOPI BUBUK",net_content,1,1.0,0.0,0.0,0.0,0.0,0.0,0.0,0.0,FUZZY,"Makanan, Minuman & Tembakau > Minuman > Kopi > Biji Kopi & Kopi Bubuk",12,Informasi alergen | Kandungan kafein | Spesies biji kopi | Bentuk produk kopi | Sangrai kopi | Negara | Metode dekafeinasi | Preferensi diet | Suplemen makanan | Rasa | Bentuk produk makanan | Ukuran gilingan,False,fuzzy-raw
558,RAGI,4,true,9,Makanan dan Minuman > MAKANAN & BAHAN MAKANAN > BAHAN KUE > RAGI,net_content|pack_count,2,1.0,0.556,0.0,0.0,0.0,0.0,0.0,0.0,EXACT,"Makanan, Minuman & Tembakau > Item Makanan > Bahan Memasak & Baking > Ragi",5,Informasi alergen | Preferensi diet | Bentuk produk makanan | Persyaratan penyimpanan | Aplikasi ragi,True,exact-raw
603,KERUPUK ,4,false,9,Makanan dan Minuman > MAKANAN & BAHAN MAKANAN > MAKANAN DALAM KEMASAN & KALENG > KERUPUK ,colour|flavour,2,0.111,0.0,0.222,0.222,0.0,0.0,0.0,0.0,UNMAPPED,,0,,,
626,MINYAK KANOLA,4,true,9,Makanan dan Minuman > MAKANAN & BAHAN MAKANAN > MINYAK > MINYAK KANOLA,colour|net_content,2,0.333,0.0,0.222,0.0,0.0,0.0,0.0,0.0,UNMAPPED,,0,,,
660,TEPUNG TAPIOKA,4,true,9,Makanan dan Minuman > MAKANAN & BAHAN MAKANAN > TEPUNG > TEPUNG TAPIOKA,colour|model_code|net_content|scent,4,0.778,0.0,0.222,0.0,0.0,0.0,0.222,0.222,UNMAPPED,,0,,,
724,KACANG TANAH,4,true,9,Makanan dan Minuman > FRESH > SAYURAN SEGAR > KACANG TANAH,net_content,1,1.0,0.0,0.0,0.0,0.0,0.0,0.0,0.0,FUZZY,"Makanan, Minuman & Tembakau > Item Makanan > Bahan Memasak & Baking > Minyak Goreng > Minyak Kacang Tanah",4,Informasi alergen | Preferensi diet | Metode pengolahan minyak | Persyaratan penyimpanan,False,fuzzy-raw
738,KETUMBAR,4,true,9,Makanan dan Minuman > FRESH > SAYURAN SEGAR > KETUMBAR,net_content,1,1.0,0.0,0.0,0.0,0.0,0.0,0.0,0.0,UNMAPPED,,0,,,
837,HIP SEAT,4,true,9,Keperluan Anak dan Bayi > PERLENGKAPAN ANAK & BAYI > PERLENGKAPAN BEPERGIAN ANAK & BAYI > HIP SEAT,colour|model_code,2,0.0,0.0,0.778,0.0,0.0,0.0,0.0,0.889,UNMAPPED,,0,,,
869,KELAMBU,4,true,9,Keperluan Anak dan Bayi > PERLENGKAPAN ANAK & BAYI > PERLENGKAPAN TIDUR ANAK & BAYI > KELAMBU,model_code,1,0.0,0.0,0.0,0.0,0.0,0.0,0.0,0.667,UNMAPPED,,0,,,
938,ANTI NYAMUK ELEKTRIK,4,false,9,Perawatan Diri & Rumah Tangga > Rumah Tangga > ANTI HAMA & SERANGGA > ANTI NYAMUK ELEKTRIK,colour|net_content,2,0.333,0.111,0.333,0.111,0.0,0.0,0.111,0.0,UNMAPPED,,0,,,
1051,SKIPROPE (LOMPAT TALI / ALAT SKIPPING),4,true,9,"Hobi, Ibadah, dan Olahraga > OLAHRAGA > PERALATAN & PERLENGKAPAN FITNESS > SKIPROPE (LOMPAT TALI / ALAT SKIPPING)",,0,0.0,0.0,0.0,0.0,0.0,0.0,0.0,0.111,UNMAPPED,,0,,,
1100,KABEL VGA,4,true,9,Elektronik > ALAT ELEKTRONIK KANTOR & GADGET > SUKU CADANG KOMPUTER > KABEL VGA,,0,0.0,0.0,0.0,0.0,0.0,0.0,0.0,0.111,EXACT,Elektronik > Aksesori Elektronik > Kabel > Kabel Audio & Video > Kabel VGA,12,Jenis konektor kabel audio/video (ujung A) | Jenis konektor kabel audio/video (ujung B) | Bahan rumah kabel | Pelindung kabel | Warna | Pelapisan kontak konektor | Gender konektor | Orientasi konektor | Antarmuka perangkat | Bahan | Pola | Sumber listrik,False,exact-raw
1150,PLAYSUIT / JUMPSUIT ANAK PEREMPUAN,4,true,9,Fashion > FASHION ANAK & BAYI > PAKAIAN ANAK PEREMPUAN > PLAYSUIT / JUMPSUIT ANAK PEREMPUAN,model_code|scent,2,0.0,0.0,0.0,0.0,0.0,0.111,0.222,0.444,UNMAPPED,,0,,,
1210,CELANA CROP WANITA,4,true,9,Fashion > FASHION WANITA > BAWAHAN WANITA > CELANA CROP WANITA,colour|garment_size,2,0.0,0.0,1.0,0.0,0.0,0.444,0.0,0.0,UNMAPPED,,0,,,
1390,OBAT TETES MATA,5,true,9,Perawatan Diri & Rumah Tangga > Perawatan Diri > OBAT-OBATAN > PEREDA NYERI & OBAT LUAR > OBAT TETES MATA,net_content,1,1.0,0.0,0.0,0.0,0.0,0.0,0.111,0.0,UNMAPPED,,0,,,
1412,PELEMBUT & PEWANGI PAKAIAN (SOFTENER) KEMASAN BOTOL,5,true,9,Perawatan Diri & Rumah Tangga > Rumah Tangga > BAHAN LAUNDRY > PELEMBUT & PEWANGI PAKAIAN (SOFTENER) > PELEMBUT & PEWANGI PAKAIAN (SOFTENER) KEMASAN BOTOL,net_content|scent,2,0.889,0.0,0.111,0.0,0.0,0.0,0.222,0.0,UNMAPPED,,0,,,
1492,CAIRAN PEMBERSIH DAPUR KEMASAN BOTOL / SPRAY,6,true,9,Perawatan Diri & Rumah Tangga > Rumah Tangga > BAHAN PEMBERSIH RUMAH > PEMBERSIH DAPUR > CAIRAN PEMBERSIH DAPUR > CAIRAN PEMBERSIH DAPUR KEMASAN BOTOL / SPRAY,colour|flavour|net_content,3,1.0,0.0,0.222,0.333,0.111,0.0,0.0,0.0,UNMAPPED,,0,,,
1515,SERAP AIR & PENYERAP BAU KEMASAN REFILL (POUCH),6,true,9,Perawatan Diri & Rumah Tangga > Rumah Tangga > BAHAN PEMBERSIH RUMAH > PERAWATAN & PEMBERSIH RUMAH TANGGA LAINNYA > SERAP AIR & PENYERAP BAU > SERAP AIR & PENYERAP BAU KEMASAN REFILL (POUCH),colour|net_content|scent,3,0.889,0.111,0.556,0.0,0.0,0.0,0.333,0.111,UNMAPPED,,0,,,
1520,PEMBERSIH KACA (WIPER),6,true,9,Perawatan Diri & Rumah Tangga > Rumah Tangga > Peralatan & Perlengkapan Rumah Tangga > PERALATAN RUMAH TANGGA > PERALATAN KEBERSIHAN RUMAH TANGGA > PEMBERSIH KACA (WIPER),model_code,1,0.0,0.0,0.111,0.111,0.0,0.0,0.0,0.222,FUZZY,Rumah & Taman > Perlengkapan Rumah Tangga > Perlengkapan Pembersih Rumah Tangga > Produk Pembersih Rumah Tangga > Pembersih Kaca & Permukaan > Pembersih Kaca,16,Jenis wadah kimia | Bentuk produk kimia | Fitur keamanan bahan kimia | Permukaan pembersihan | Warna | Jenis dispenser | Keharuman | Fitur pembersih kaca dan permukaan | Fitur pembersih kaca | Bahan-bahan | Bahan | Tingkat PH | Pola | Bentuk produk | Ruang yang cocok | Jenis penggunaan,False,fuzzy-raw
1591,SABUT NILON SAJA,7,true,9,Perawatan Diri & Rumah Tangga > Rumah Tangga > Peralatan & Perlengkapan Rumah Tangga > PERALATAN RUMAH TANGGA > PERALATAN KEBERSIHAN RUMAH TANGGA > SABUT & SPONS > SABUT NILON SAJA,pack_count,1,0.0,0.444,0.0,0.0,0.0,0.0,0.0,0.0,UNMAPPED,,0,,,
1611,TISU NAPKIN (KASAR),7,true,9,Perawatan Diri & Rumah Tangga > Rumah Tangga > Peralatan & Perlengkapan Rumah Tangga > PERALATAN RUMAH TANGGA > PERALATAN KEBERSIHAN RUMAH TANGGA > TISU > TISU NAPKIN (KASAR),pack_count,1,0.0,0.889,0.111,0.0,0.0,0.0,0.0,0.111,UNMAPPED,,0,,,
1641,KOREK API,7,false,9,Perawatan Diri & Rumah Tangga > Rumah Tangga > Peralatan & Perlengkapan Rumah Tangga > PERALATAN RUMAH TANGGA > PERALATAN DAN PENYIMPANAN DI DAPUR > ALAT DAPUR & AKSESORIS DAPUR > KOREK API,,0,0.0,0.0,0.0,0.111,0.0,0.0,0.0,0.0,UNMAPPED,,0,,,
1654,ROL KUE / GILINGAN ADONAN (ROLLING PIN),7,true,9,Perawatan Diri & Rumah Tangga > Rumah Tangga > Peralatan & Perlengkapan Rumah Tangga > PERALATAN RUMAH TANGGA > PERALATAN DAN PENYIMPANAN DI DAPUR > ALAT DAPUR & AKSESORIS DAPUR > ROL KUE / GILINGAN ADONAN (ROLLING PIN),material,1,0.0,0.0,0.0,0.0,0.222,0.0,0.0,0.0,UNMAPPED,,0,,,
1663,TUSUK SATE,7,true,9,Perawatan Diri & Rumah Tangga > Rumah Tangga > Peralatan & Perlengkapan Rumah Tangga > PERALATAN RUMAH TANGGA > PERALATAN DAN PENYIMPANAN DI DAPUR > ALAT DAPUR & AKSESORIS DAPUR > TUSUK SATE,flavour|model_code|pack_count,3,0.111,0.222,0.0,0.222,0.0,0.0,0.0,0.333,EXACT,Rumah & Taman > Dapur & Ruang Makan > Peralatan & Perlengkapan Dapur > Tusuk Sate & Makanan > Tusuk Sate,8,Petunjuk pembersihan | Warna | Bahan pegangan | Pola | Bentuk | Jenis ujung tusuk sate | Bahan alat/perkakas | Jenis penggunaan,False,exact-raw
1665,ALAT UNTUK BAKAR SATE,7,false,9,Perawatan Diri & Rumah Tangga > Rumah Tangga > Peralatan & Perlengkapan Rumah Tangga > PERALATAN RUMAH TANGGA > PERALATAN DAN PENYIMPANAN DI DAPUR > ALAT MASAK > ALAT UNTUK BAKAR SATE,model_code,1,0.0,0.0,0.111,0.0,0.0,0.0,0.0,0.333,UNMAPPED,,0,,,
1690,TONG AIR,7,true,9,Perawatan Diri & Rumah Tangga > Rumah Tangga > Peralatan & Perlengkapan Rumah Tangga > PERALATAN RUMAH TANGGA > PERALATAN DAN PENYIMPANAN DI DAPUR > TEMPAT PENYIMPANAN LAINNYA > TONG AIR,model_code,1,0.0,0.0,0.111,0.0,0.0,0.0,0.0,0.667,UNMAPPED,,0,,,
1707,SENDOK PASTA ,8,true,9,Perawatan Diri & Rumah Tangga > Rumah Tangga > Peralatan & Perlengkapan Rumah Tangga > PERALATAN RUMAH TANGGA > PERALATAN DAN PENYIMPANAN DI DAPUR > ALAT DAPUR & AKSESORIS DAPUR > SENDOK DAPUR > SENDOK PASTA ,colour|material,2,0.0,0.0,0.444,0.0,0.778,0.0,0.0,0.0,UNMAPPED,,0,,,
1716,PANCI ANTI LENGKET,8,true,9,Perawatan Diri & Rumah Tangga > Rumah Tangga > Peralatan & Perlengkapan Rumah Tangga > PERALATAN RUMAH TANGGA > PERALATAN DAN PENYIMPANAN DI DAPUR > ALAT MASAK > PANCI > PANCI ANTI LENGKET,net_content,1,0.556,0.0,0.0,0.0,0.0,0.111,0.0,0.111,UNMAPPED,,0,,,
1738,PIRING ANYAMAN,8,true,9,Perawatan Diri & Rumah Tangga > Rumah Tangga > Peralatan & Perlengkapan Rumah Tangga > PERALATAN RUMAH TANGGA > PERALATAN DAN PENYIMPANAN DI DAPUR > PERALATAN MAKAN > PIRING > PIRING ANYAMAN,model_code,1,0.0,0.0,0.111,0.0,0.111,0.0,0.0,0.222,UNMAPPED,,0,,,
1864,UNDERPAD,4,true,9,Perawatan Diri & Rumah Tangga > Perawatan Diri > KEBUTUHAN KHUSUS LANJUT USIA > UNDERPAD,pack_count,1,0.111,1.0,0.0,0.0,0.0,0.0,0.0,0.0,UNMAPPED,,0,,,
56,PERHIASAN DEWASA,2,false,8,Fashion > PERHIASAN DEWASA,,0,0.0,0.0,0.0,0.0,0.0,0.0,0.0,0.125,EXACT,Busana dan Aksesori > Perhiasan,12,Kelompok usia | Petunjuk perawatan | Warna | Tingkat warna berlian | Tingkat fluoresensi | Tingkat kejernihan batu permata | Bahan perhiasan | Jenis perhiasan | Pola | Metode pembuatan batu | Batu potong berkualitas tinggi | Jenis kelamin sasaran,True,exact-stripped
106,TEPUNG,3,false,8,Makanan dan Minuman > MAKANAN & BAHAN MAKANAN > TEPUNG,net_content,1,0.75,0.0,0.125,0.125,0.0,0.0,0.125,0.0,EXACT,"Makanan, Minuman & Tembakau > Item Makanan > Bahan Memasak & Baking > Tepung",6,Informasi alergen | Preferensi diet | Tekstur gilingan tepung | Metode pengolahan tepung | Jenis tepung/bulir | Persyaratan penyimpanan,False,exact-raw
155,GEGEP,3,true,8,Perbaikan Rumah > ALAT ALAT PERBAIKAN RUMAH > GEGEP,material,1,0.0,0.0,0.0,0.0,0.25,0.0,0.0,0.0,UNMAPPED,,0,,,
157,GERINDA (GRINDER),3,true,8,Perbaikan Rumah > ALAT ALAT PERBAIKAN RUMAH > GERINDA (GRINDER),,0,0.0,0.0,0.0,0.0,0.125,0.0,0.0,0.125,UNMAPPED,,0,,,
207,SUKU CADANG MOTOR,3,false,8,"Hobi, Ibadah, dan Olahraga > Perawatan & Suku Cadang Motor > SUKU CADANG MOTOR",model_code,1,0.0,0.0,0.0,0.0,0.125,0.0,0.0,0.5,UNMAPPED,,0,,,
234,PERALATAN & PERLENGKAPAN SEPEDA,3,false,8,"Hobi, Ibadah, dan Olahraga > OLAHRAGA > PERALATAN & PERLENGKAPAN SEPEDA",model_code,1,0.125,0.0,0.0,0.125,0.0,0.0,0.0,0.5,FUZZY,Peralatan Olahraga > Rekreasi Luar Ruang > Bersepeda > Aksesori Sepeda > Peralatan Sepeda,8,Ukuran baterai | Jenis baterai | Warna | Komponen sepeda yang kompatibel | Tipe sepeda yang kompatibel | Pola | Kondisi berkendara yang sesuai | Fungsi alat meliputi,True,fuzzy-raw
246,MEDIA TANAM,3,true,8,"Hobi, Ibadah, dan Olahraga > BERKEBUN > MEDIA TANAM",,0,0.125,0.0,0.0,0.0,0.0,0.0,0.0,0.0,EXACT,Rumah & Taman > Rumput & Taman > Berkebun > Hidroponik > Media Tanam,7,Warna | Bahan | Tingkat PH | Pola | Sertifikasi & standar produk | Sterilitas produk | Ruang yang cocok,True,exact-raw
266,PANCI ELEKTRIK,3,true,8,Elektronik > ALAT ELEKTRONIK DAPUR > PANCI ELEKTRIK,model_code,1,0.0,0.0,0.125,0.0,0.0,0.0,0.0,0.75,UNMAPPED,,0,,,
293,SETRIKA LISTRIK,3,true,8,Elektronik > ALAT ELEKTRONIK RUMAH LAINNYA > SETRIKA LISTRIK,model_code,1,0.0,0.0,0.125,0.0,0.0,0.0,0.0,0.375,UNMAPPED,,0,,,
336,ORDNER,3,true,8,Alat dan Buku Tulis > FILE ORGANIZER > ORDNER,colour|model_code,2,0.0,0.0,0.25,0.0,0.0,0.0,0.0,0.625,UNMAPPED,,0,,,
341,KERTAS KARTON,3,true,8,Alat dan Buku Tulis > KERTAS > KERTAS KARTON,colour|model_code,2,0.125,0.125,0.375,0.0,0.0,0.0,0.0,0.375,UNMAPPED,,0,,,
363,LEM KERTAS,3,false,8,Alat dan Buku Tulis > PERALATAN UMUM > LEM KERTAS,model_code|net_content,2,0.25,0.0,0.0,0.0,0.0,0.0,0.0,0.25,UNMAPPED,,0,,,
386,SAPU TANGAN DEWASA,3,true,8,Fashion > AKSESORIS FASHION DEWASA > SAPU TANGAN DEWASA,,0,0.0,0.125,0.0,0.0,0.0,0.0,0.0,0.125,EXACT,Busana dan Aksesori > Aksesori Pakaian > Sapu Tangan,6,Item aksesori yang disertakan | Kelompok usia | Warna | Kain | Pola | Jenis kelamin sasaran,True,exact-stripped
461,PEMBERSIH KUKU,3,true,8,Kosmetik dan Alat Kecantikan > MAKE UP KUKU > PEMBERSIH KUKU,net_content,1,0.5,0.0,0.0,0.0,0.0,0.0,0.0,0.125,UNMAPPED,,0,,,
501,AIR MINERAL,4,false,8,Makanan dan Minuman > MINUMAN > MINUMAN DALAM KEMASAN > AIR MINERAL,flavour|net_content,2,0.5,0.0,0.0,0.25,0.0,0.0,0.125,0.0,FUZZY,"Makanan, Minuman & Tembakau > Minuman > Air > Air Mineral Biasa",7,Informasi alergen | Bahan wadah | Preferensi diet | Suplemen makanan | Rasa | Jenis kemasan | Bahan kemasan,False,fuzzy-raw
579,GULA BATU,4,true,8,Makanan dan Minuman > MAKANAN & BAHAN MAKANAN > GULA & PEMANIS > GULA BATU,net_content,1,0.875,0.0,0.0,0.0,0.0,0.0,0.0,0.0,UNMAPPED,,0,,,
595,SAYURAN BEKU,4,true,8,Makanan dan Minuman > MAKANAN & BAHAN MAKANAN > MAKANAN BEKU > SAYURAN BEKU,colour|model_code|net_content,3,1.0,0.0,0.75,0.125,0.125,0.0,0.0,0.25,UNMAPPED,,0,,,
599,BAHAN MAKANAN KERING LAINNYA,4,true,8,Makanan dan Minuman > MAKANAN & BAHAN MAKANAN > MAKANAN DALAM KEMASAN & KALENG > BAHAN MAKANAN KERING LAINNYA,net_content,1,0.625,0.0,0.0,0.0,0.125,0.0,0.0,0.0,UNMAPPED,,0,,,
625,MINYAK JAGUNG,4,true,8,Makanan dan Minuman > MAKANAN & BAHAN MAKANAN > MINYAK > MINYAK JAGUNG,colour|net_content,2,0.375,0.0,0.25,0.0,0.0,0.0,0.0,0.0,EXACT,"Makanan, Minuman & Tembakau > Item Makanan > Bahan Memasak & Baking > Minyak Goreng > Minyak Jagung",4,Informasi alergen | Preferensi diet | Metode pengolahan minyak | Persyaratan penyimpanan,False,exact-raw
756,PAPRIKA,4,true,8,Makanan dan Minuman > FRESH > SAYURAN SEGAR > PAPRIKA,colour,1,0.0,0.0,1.0,0.0,0.0,0.0,0.0,0.0,EXACT,"Makanan, Minuman & Tembakau > Item Makanan > Buah & Sayur > Sayur Segar & Beku > Paprika",6,Informasi alergen | Metode memasak | Preferensi diet | Bentuk produk makanan | Persyaratan penyimpanan | Gaya pengolahan sayuran,False,exact-raw
847,MATRAS BAYI,4,true,8,Keperluan Anak dan Bayi > PERLENGKAPAN ANAK & BAYI > PERLENGKAPAN ANAK & BAYI LAINNYA  > MATRAS BAYI,colour|model_code,2,0.0,0.0,0.375,0.0,0.0,0.0,0.0,0.625,UNMAPPED,,0,,,
886,KRIM MATA,4,true,8,Perawatan Diri & Rumah Tangga > Perawatan Diri > PERAWATAN WAJAH > KRIM MATA,colour|net_content,2,1.0,0.0,0.5,0.0,0.0,0.0,0.0,0.0,EXACT,Kesehatan & Kecantikan > Perawatan Tubuh > Kosmetik > Perawatan Wajah > Krim Mata,16,Bahan aktif | Jenis dispenser | Jenis aplikator perawatan mata | Keharuman | Asal bahan | Warna riasan | Bahan | Jenis pelembap | Jenis kemasan | Sertifikasi & standar produk | Bentuk produk | Efek perawatan kulit | Cocok untuk jenis kulit | Jenis kelamin sasaran | Tekstur | Tingkat perlindungan UVA,False,exact-raw
972,BANTAL AKSESORIS,4,true,8,"Hobi, Ibadah, dan Olahraga > Perawatan & Suku Cadang Mobil > AKSESORIS MOBIL > BANTAL AKSESORIS",colour|pack_count,2,0.0,1.0,0.375,0.0,0.0,0.0,0.0,0.0,UNMAPPED,,0,,,
980,SARUNG SETIR,4,true,8,"Hobi, Ibadah, dan Olahraga > Perawatan & Suku Cadang Mobil > AKSESORIS MOBIL > SARUNG SETIR",colour|garment_size,2,0.0,0.0,1.0,0.0,0.0,1.0,0.0,0.0,UNMAPPED,,0,,,
985,KOMPON MOBIL,4,true,8,"Hobi, Ibadah, dan Olahraga > Perawatan & Suku Cadang Mobil > PERAWATAN MOBIL > KOMPON MOBIL",,0,0.125,0.0,0.125,0.0,0.0,0.0,0.0,0.0,UNMAPPED,,0,,,
1039,BOLA BASKET,4,true,8,"Hobi, Ibadah, dan Olahraga > OLAHRAGA > PERALATAN & PERLENGKAPAN BASKET > BOLA BASKET",,0,0.0,0.0,0.0,0.0,0.0,0.0,0.0,0.0,EXACT,Peralatan Olahraga > Atletik > Basket > Bola Basket,5,Bahan bola | Ukuran bola | Warna | Pola | Sertifikasi badan olahraga,False,exact-raw
1089,PENGUAT SINYAL WIFI (WIFI BOOSTER/EXTENDER),4,true,8,Elektronik > ALAT ELEKTRONIK KANTOR & GADGET > PERLENGKAPAN KOMPUTER > PENGUAT SINYAL WIFI (WIFI BOOSTER/EXTENDER),model_code,1,0.0,0.0,0.0,0.0,0.0,0.0,0.0,0.375,UNMAPPED,,0,,,
1241,KNEE SUPPORT (LUTUT),4,true,8,Fashion > PAKAIAN OLAHRAGA > PAKAIAN PELINDUNG OLAHRAGA > KNEE SUPPORT (LUTUT),,0,0.0,0.0,0.0,0.0,0.0,0.0,0.0,0.0,UNMAPPED,,0,,,
1284,TAS TANGAN WANITA,4,true,8,Fashion > TAS & KOPER > TAS WANITA > TAS TANGAN WANITA,model_code,1,0.0,0.0,0.0,0.0,0.0,0.0,0.0,0.25,EXACT,"Busana dan Aksesori > Tas Tangan, Dompet & Kotak > Tas Tangan",12,Ukuran aksesori | Kelompok usia | Hiasan tas | Penutup tas/kotak | Fitur tas/kotak | Bahan tas/kotak | Fitur penyimpanan tas/kotak | Petunjuk perawatan | Opsi bawa | Warna | Pola | Jenis kelamin sasaran,True,exact-stripped
1328,GURILEM,5,true,8,Makanan dan Minuman > MAKANAN KECIL  > KACANG DAN SNACK LAINNYA > JAJANAN TRADISIONAL > GURILEM,flavour|net_content,2,0.875,0.0,0.0,0.375,0.0,0.0,0.0,0.0,UNMAPPED,,0,,,
1340,CUKA APEL,5,true,8,Makanan dan Minuman > MAKANAN & BAHAN MAKANAN > SAUS > CUKA > CUKA APEL,flavour|net_content,2,1.0,0.0,0.0,0.375,0.0,0.0,0.0,0.0,UNMAPPED,,0,,,
1343,CUKA MAKAN/DAPUR,5,true,8,Makanan dan Minuman > MAKANAN & BAHAN MAKANAN > SAUS > CUKA > CUKA MAKAN/DAPUR,net_content,1,1.0,0.0,0.0,0.125,0.0,0.0,0.0,0.0,UNMAPPED,,0,,,
1394,OBAT MINUM UNTUK SAKIT KEPALA,5,true,8,Perawatan Diri & Rumah Tangga > Perawatan Diri > OBAT-OBATAN > OBAT MINUM > OBAT MINUM UNTUK SAKIT KEPALA,pack_count,1,0.0,0.625,0.0,0.0,0.0,0.0,0.0,0.0,UNMAPPED,,0,,,
1483,OBAT DIARE,6,true,8,Perawatan Diri & Rumah Tangga > Perawatan Diri > OBAT-OBATAN > OBAT MINUM > OBAT MINUM UNTUK PENCERNAAN & MAAG > OBAT DIARE,net_content|pack_count,2,0.625,0.25,0.0,0.0,0.0,0.0,0.0,0.125,UNMAPPED,,0,,,
1487,KAMPER / KAPUR BARUS (CAMPHOR/NAPHTALENE BALL) DENGAN GANTUNGAN DAN ISI,6,true,8,Perawatan Diri & Rumah Tangga > Rumah Tangga > ANTI HAMA & SERANGGA > KAMPER / KAPUR BARUS (CAMPHOR/NAPHTALENE BALL) > KAMPER / KAPUR BARUS (CAMPHOR/NAPHTALENE BALL) DENGAN GANTUNGAN > KAMPER / KAPUR BARUS (CAMPHOR/NAPHTALENE BALL) DENGAN GANTUNGAN DAN ISI,net_content,1,0.875,0.0,0.0,0.125,0.0,0.0,0.125,0.0,UNMAPPED,,0,,,
1580,KEMOCENG BULU SINTETIS,7,true,8,Perawatan Diri & Rumah Tangga > Rumah Tangga > Peralatan & Perlengkapan Rumah Tangga > PERALATAN RUMAH TANGGA > PERALATAN KEBERSIHAN RUMAH TANGGA > KEMOCENG > KEMOCENG BULU SINTETIS,,0,0.0,0.0,0.0,0.0,0.125,0.0,0.125,0.125,FUZZY,Seni & Hiburan > Hobi & Seni Kreatif > Seni & Kerajinan > Bahan Seni & Kerajinan > Hiasan & Trim > Bulu > Bulu Sintetis,7,Warna | Jenis proyek kerajinan | Lampiran/format bulu | Jenis pengolahan bulu | Bentuk produk bulu | Pola | Gaya bulu sintetis,False,fuzzy-raw
1594,SAPU IJUK,7,true,8,Perawatan Diri & Rumah Tangga > Rumah Tangga > Peralatan & Perlengkapan Rumah Tangga > PERALATAN RUMAH TANGGA > PERALATAN KEBERSIHAN RUMAH TANGGA > SAPU > SAPU IJUK,model_code,1,0.0,0.0,0.0,0.0,0.125,0.0,0.0,0.375,UNMAPPED,,0,,,
1645,PEMBUKA BOTOL,7,true,8,Perawatan Diri & Rumah Tangga > Rumah Tangga > Peralatan & Perlengkapan Rumah Tangga > PERALATAN RUMAH TANGGA > PERALATAN DAN PENYIMPANAN DI DAPUR > ALAT DAPUR & AKSESORIS DAPUR > PEMBUKA BOTOL,colour,1,0.0,0.0,0.25,0.0,0.0,0.0,0.0,0.0,EXACT,Rumah & Taman > Dapur & Ruang Makan > Peralatan Bar > Alat & Pengocok Koktail > Pembuka Botol,8,Peralatan bar yang disertakan | Bahan peralatan bar | Petunjuk pembersihan | Warna | Finis | Jenis pemasangan | Pola | Sumber listrik,False,exact-raw
1677,GARPU,7,false,8,Perawatan Diri & Rumah Tangga > Rumah Tangga > Peralatan & Perlengkapan Rumah Tangga > PERALATAN RUMAH TANGGA > PERALATAN DAN PENYIMPANAN DI DAPUR > PERALATAN MAKAN > GARPU,material,1,0.0,0.0,0.0,0.0,0.25,0.0,0.0,0.125,EXACT,Rumah & Taman > Dapur & Ruang Makan > Peralatan Makan > Peralatan Makan > Garpu,13,Ukuran aksesori | Petunjuk pembersihan | Warna | Konstruksi | Bahan hiasan/trim | Finis | Bahan peralatan makan | Peralatan makan yang disertakan | Bahan pegangan | Jenis Kayu | Pola | Bahan peralatan makan | Finishing kayu,True,exact-raw
1705,PISAU DAGING,8,true,8,Perawatan Diri & Rumah Tangga > Rumah Tangga > Peralatan & Perlengkapan Rumah Tangga > PERALATAN RUMAH TANGGA > PERALATAN DAN PENYIMPANAN DI DAPUR > ALAT DAPUR & AKSESORIS DAPUR > PISAU > PISAU DAGING,,0,0.0,0.0,0.125,0.0,0.125,0.0,0.0,0.0,AMBIGUOUS,,0,,,exact-raw
1741,PIRING KERTAS,8,true,8,Perawatan Diri & Rumah Tangga > Rumah Tangga > Peralatan & Perlengkapan Rumah Tangga > PERALATAN RUMAH TANGGA > PERALATAN DAN PENYIMPANAN DI DAPUR > PERALATAN MAKAN > PIRING > PIRING KERTAS,colour|model_code|net_content|pack_count,4,0.25,0.25,0.25,0.0,0.0,0.0,0.0,0.25,UNMAPPED,,0,,,
1760,MUG ENAMEL,8,true,8,Perawatan Diri & Rumah Tangga > Rumah Tangga > Peralatan & Perlengkapan Rumah Tangga > PERALATAN RUMAH TANGGA > PERALATAN DAN PENYIMPANAN DI DAPUR > PERALATAN MAKAN > MUG > MUG ENAMEL,,0,0.0,0.0,0.0,0.125,0.0,0.0,0.0,0.0,UNMAPPED,,0,,,
1762,MUG MELAMIN,8,true,8,Perawatan Diri & Rumah Tangga > Rumah Tangga > Peralatan & Perlengkapan Rumah Tangga > PERALATAN RUMAH TANGGA > PERALATAN DAN PENYIMPANAN DI DAPUR > PERALATAN MAKAN > MUG > MUG MELAMIN,colour|model_code|net_content,3,0.25,0.0,0.25,0.0,0.0,0.0,0.0,0.625,UNMAPPED,,0,,,
1823,PAKAIAN TIDUR PRIA,3,true,8,Fashion > FASHION PRIA > PAKAIAN TIDUR PRIA,,0,0.0,0.0,0.0,0.0,0.0,0.0,0.0,0.0,AMBIGUOUS,,0,,,fuzzy-stripped
1824,MINUMAN BUBUK,2,true,8,UNUSED > MINUMAN BUBUK,colour|flavour|net_content|pack_count,4,1.0,0.875,0.25,0.375,0.0,0.0,0.0,0.125,UNMAPPED,,0,,,
1873,ALAT MASAK LAINNYA,7,true,8,Perawatan Diri & Rumah Tangga > Rumah Tangga > Peralatan & Perlengkapan Rumah Tangga > PERALATAN RUMAH TANGGA > PERALATAN DAN PENYIMPANAN DI DAPUR > ALAT MASAK > ALAT MASAK LAINNYA,material,1,0.0,0.0,0.0,0.125,0.5,0.0,0.0,0.125,UNMAPPED,,0,,,
15,MAKANAN & BAHAN MAKANAN,2,false,7,Makanan dan Minuman > MAKANAN & BAHAN MAKANAN,model_code|net_content,2,1.0,0.143,0.0,0.0,0.0,0.0,0.0,0.286,UNMAPPED,,0,,,
18,PERAWATAN ANAK & BAYI,2,false,7,Keperluan Anak dan Bayi > PERAWATAN ANAK & BAYI,model_code,1,0.0,0.0,0.0,0.0,0.0,0.0,0.0,0.857,UNMAPPED,,0,,,
63,MAKE UP BIBIR,2,false,7,Kosmetik dan Alat Kecantikan > MAKE UP BIBIR,colour|net_content,2,0.429,0.0,0.714,0.0,0.0,0.0,0.143,0.0,UNMAPPED,,0,,,
89,PERMEN MARSHMALLOW DAN LAIN LAIN,3,false,7,Makanan dan Minuman > MAKANAN KECIL  > PERMEN MARSHMALLOW DAN LAIN LAIN,colour|model_code|net_content,3,1.0,0.0,0.286,0.0,0.0,0.0,0.0,0.286,UNMAPPED,,0,,,
129,PERLENGKAPAN KEBERSIHAN ANAK & BAYI,3,false,7,Keperluan Anak dan Bayi > PERLENGKAPAN ANAK & BAYI > PERLENGKAPAN KEBERSIHAN ANAK & BAYI,model_code,1,0.0,0.0,0.0,0.0,0.0,0.0,0.0,0.857,UNMAPPED,,0,,,
301,KANVAS,3,true,7,Alat dan Buku Tulis > ALAT MENGGAMBAR / MELUKIS > KANVAS,pack_count,1,0.0,1.0,0.0,0.0,0.0,0.0,0.0,0.0,UNMAPPED,,0,,,
329,STRING SPRAY,3,true,7,Alat dan Buku Tulis > DEKORASI & KELENGKAPAN PESTA > STRING SPRAY,,0,0.0,0.0,0.0,0.0,0.0,0.0,0.0,0.0,UNMAPPED,,0,,,
343,KERTAS MINYAK,3,true,7,Alat dan Buku Tulis > KERTAS > KERTAS MINYAK,colour,1,0.0,0.0,0.286,0.0,0.0,0.0,0.0,0.0,FUZZY,Kesehatan & Kecantikan > Perawatan Tubuh > Kosmetik > Alat Kosmetik > Alat Rias > Kertas Minyak Wajah,10,Bahan penyusun | Fitur | Keharuman | Bahan | Jenis kemasan | Sertifikasi & standar produk | Bentuk produk | Bentuk | Cocok untuk jenis kulit | Jenis penggunaan,False,fuzzy-raw
349,BOOK END (PENYANGGAH BUKU),3,true,7,Alat dan Buku Tulis > PERALATAN UMUM > BOOK END (PENYANGGAH BUKU),,0,0.0,0.0,0.0,0.0,0.0,0.0,0.0,0.0,UNMAPPED,,0,,,
439,SANDAL GUNUNG WANITA,3,true,7,Fashion > SEPATU WANITA > SANDAL GUNUNG WANITA,colour|garment_size,2,0.0,0.0,1.0,0.0,0.0,1.0,0.0,0.0,UNMAPPED,,0,,,
575,GULA MERAH,4,true,7,Makanan dan Minuman > MAKANAN & BAHAN MAKANAN > GULA & PEMANIS > GULA MERAH,net_content,1,1.0,0.0,0.0,0.0,0.0,0.0,0.0,0.0,EXACT,"Makanan, Minuman & Tembakau > Item Makanan > Bahan Memasak & Baking > Gula & Pemanis > Gula merah",3,Informasi alergen | Preferensi diet | Persyaratan penyimpanan,False,exact-raw
577,GULA TEPUNG,4,true,7,Makanan dan Minuman > MAKANAN & BAHAN MAKANAN > GULA & PEMANIS > GULA TEPUNG,net_content,1,0.714,0.0,0.0,0.0,0.0,0.0,0.143,0.0,UNMAPPED,,0,,,
594,ROTI CANAI / PRATA BEKU,4,true,7,Makanan dan Minuman > MAKANAN & BAHAN MAKANAN > MAKANAN BEKU > ROTI CANAI / PRATA BEKU,flavour|net_content,2,0.857,0.0,0.0,0.286,0.0,0.0,0.0,0.0,UNMAPPED,,0,,,
651,MUESLI,4,true,7,Makanan dan Minuman > MAKANAN & BAHAN MAKANAN > SEREAL & SARAPAN > MUESLI,flavour|net_content,2,1.0,0.0,0.143,0.286,0.0,0.0,0.0,0.0,AMBIGUOUS,,0,,,exact-raw
701,BAWANG MERAH,4,true,7,Makanan dan Minuman > FRESH > SAYURAN SEGAR > BAWANG MERAH,net_content,1,0.286,0.0,0.0,0.0,0.0,0.0,0.0,0.0,EXACT,"Makanan, Minuman & Tembakau > Item Makanan > Buah & Sayur > Sayur Segar & Beku > Bawang Merah",7,Informasi alergen | Metode memasak | Preferensi diet | Bentuk produk makanan | Varietas bawang merah | Persyaratan penyimpanan | Gaya pengolahan sayuran,False,exact-raw
719,JAGUNG,4,true,7,Makanan dan Minuman > FRESH > SAYURAN SEGAR > JAGUNG,material,1,0.0,0.0,0.0,0.0,0.429,0.0,0.0,0.0,EXACT,"Makanan, Minuman & Tembakau > Item Makanan > Buah & Sayur > Sayur Segar & Beku > Jagung",8,Informasi alergen | Metode memasak | Presentasi jagung | Varietas jagung | Preferensi diet | Bentuk produk makanan | Persyaratan penyimpanan | Gaya pengolahan sayuran,False,exact-raw
863,KANTONG ASI,4,true,7,Keperluan Anak dan Bayi > PERLENGKAPAN ANAK & BAYI > PERLENGKAPAN MENYUSUI ANAK & BAYI > KANTONG ASI,model_code|net_content,2,0.857,0.143,0.0,0.0,0.0,0.0,0.0,0.571,UNMAPPED,,0,,,
910,PAKET SIKAT GIGI DAN PASTA GIGI DEWASA,4,true,7,Perawatan Diri & Rumah Tangga > Perawatan Diri > PERAWATAN MULUT & GIGI > PAKET SIKAT GIGI DAN PASTA GIGI DEWASA,model_code|net_content,2,0.429,0.143,0.143,0.143,0.0,0.0,0.0,0.286,UNMAPPED,,0,,,
964,KUNCI RODA,4,true,7,Perbaikan Rumah > ALAT ALAT PERBAIKAN RUMAH > KUNCI > KUNCI RODA,,0,0.0,0.0,0.0,0.0,0.0,0.0,0.0,0.0,AMBIGUOUS,,0,,,fuzzy-raw
987,PEMBERSIH KACA MOBIL,4,true,7,"Hobi, Ibadah, dan Olahraga > Perawatan & Suku Cadang Mobil > PERAWATAN MOBIL > PEMBERSIH KACA MOBIL",model_code|net_content,2,1.0,0.0,0.0,0.0,0.0,0.0,0.0,0.286,FUZZY,Rumah & Taman > Perlengkapan Rumah Tangga > Perlengkapan Pembersih Rumah Tangga > Produk Pembersih Rumah Tangga > Pembersih Kaca & Permukaan > Pembersih Kaca,16,Jenis wadah kimia | Bentuk produk kimia | Fitur keamanan bahan kimia | Permukaan pembersihan | Warna | Jenis dispenser | Keharuman | Fitur pembersih kaca dan permukaan | Fitur pembersih kaca | Bahan-bahan | Bahan | Tingkat PH | Pola | Bentuk produk | Ruang yang cocok | Jenis penggunaan,False,fuzzy-raw
1003,MINYAK REM,4,true,7,"Hobi, Ibadah, dan Olahraga > Perawatan & Suku Cadang Motor > PERAWATAN MOTOR > MINYAK REM",model_code|net_content,2,0.857,0.0,0.0,0.0,0.0,0.0,0.0,0.429,EXACT,Kendaraan & Suku Cadang > Suku Cadang & Aksesori Kendaraan > Suku Cadang Kendaraan Bermotor > Rem Kendaraan Bermotor > Minyak Rem,5,Spesifikasi DOT cairan rem | Posisi rem | Warna | Sistem servis rem yang kompatibel | Pola,False,exact-raw
1068,PERALATAN PERAWATAN ANJING,4,true,7,"Hobi, Ibadah, dan Olahraga > HEWAN PELIHARAAN > PERAWATAN HEWAN PELIHARAAN > PERALATAN PERAWATAN ANJING",,0,0.143,0.143,0.0,0.0,0.0,0.0,0.143,0.143,UNMAPPED,,0,,,
1231,PIYAMA BAWAHAN WANITA,4,true,7,Fashion > FASHION WANITA > PAKAIAN TIDUR WANITA > PIYAMA BAWAHAN WANITA,colour,1,0.0,0.0,0.714,0.0,0.0,0.0,0.0,0.0,UNMAPPED,,0,,,
1311,KOIN KARAMBOL,4,true,7,Mainan dan Alat Lainnya > MAINAN DENGAN PAPAN (BOARD GAME) > KARAMBOL > KOIN KARAMBOL,,0,0.0,0.0,0.0,0.0,0.0,0.0,0.0,0.0,UNMAPPED,,0,,,
1312,PAPAN KARAMBOL,4,true,7,Mainan dan Alat Lainnya > MAINAN DENGAN PAPAN (BOARD GAME) > KARAMBOL > PAPAN KARAMBOL,,0,0.0,0.0,0.143,0.143,0.0,0.0,0.0,0.0,UNMAPPED,,0,,,
1324,AIR KELAPA,5,true,7,Makanan dan Minuman > MINUMAN > MINUMAN DALAM KEMASAN > JUS BUAH & SAYURAN > AIR KELAPA,flavour|net_content,2,1.0,0.0,0.0,0.429,0.0,0.0,0.0,0.0,EXACT,"Makanan, Minuman & Tembakau > Minuman > Air > Air Kelapa",6,Informasi alergen | Bahan wadah | Preferensi diet | Suplemen makanan | Rasa | Jenis kemasan,False,exact-raw
1346,KECAP INGGRIS,5,true,7,Makanan dan Minuman > MAKANAN & BAHAN MAKANAN > SAUS > KECAP > KECAP INGGRIS,net_content|scent,2,1.0,0.0,0.0,0.0,0.0,0.0,0.286,0.0,EXACT,"Makanan, Minuman & Tembakau > Item Makanan > Kondimen & Saus > Kecap Inggris",3,Informasi alergen | Preferensi diet | Persyaratan penyimpanan,False,exact-raw
1361,ANTI NYAMUK SPRAY,5,true,7,Perawatan Diri & Rumah Tangga > Perawatan Diri > PERAWATAN BADAN > ANTI NYAMUK > ANTI NYAMUK SPRAY,flavour|net_content|scent,3,1.0,0.0,0.0,0.286,0.143,0.0,0.857,0.0,UNMAPPED,,0,,,
1381,INHALER,5,true,7,Perawatan Diri & Rumah Tangga > Perawatan Diri > OBAT-OBATAN > PEREDA NYERI & OBAT LUAR > INHALER,net_content|scent,2,0.714,0.143,0.0,0.143,0.0,0.0,0.286,0.0,UNMAPPED,,0,,,
1383,LOTION GATAL,5,true,7,Perawatan Diri & Rumah Tangga > Perawatan Diri > OBAT-OBATAN > PEREDA NYERI & OBAT LUAR > LOTION GATAL,net_content,1,1.0,0.0,0.143,0.0,0.143,0.0,0.143,0.0,UNMAPPED,,0,,,
1397,ALKOHOL ,5,true,7,Perawatan Diri & Rumah Tangga > Perawatan Diri > OBAT-OBATAN > PERTOLONGAN PERTAMA (FIRST AID KIT) > ALKOHOL ,net_content|scent,2,1.0,0.0,0.0,0.0,0.0,0.0,0.286,0.0,UNMAPPED,,0,,,
1444,STIK DRUM,5,true,7,"Hobi, Ibadah, dan Olahraga > OLAHRAGA > ALAT MUSIK > DRUM > STIK DRUM",,0,0.0,0.0,0.0,0.0,0.0,0.0,0.0,0.0,EXACT,Seni & Hiburan > Hobi & Seni Kreatif > Aksesori Alat Musik & Orkestra > Aksesori Perkusi > Stik & Sikat Drum > Stik Drum,4,Bahan perangkat keras drum | Model stik drum | Tekstur pegangan | Bentuk ujung pemukul,False,exact-raw
1445,CAPO GITAR,5,true,7,"Hobi, Ibadah, dan Olahraga > OLAHRAGA > ALAT MUSIK > GITAR > CAPO GITAR",material|model_code,2,0.0,0.0,0.0,0.0,0.571,0.0,0.0,0.286,UNMAPPED,,0,,,
1446,GITAR ,5,true,7,"Hobi, Ibadah, dan Olahraga > OLAHRAGA > ALAT MUSIK > GITAR > GITAR ",model_code,1,0.0,0.0,0.0,0.0,0.0,0.0,0.0,0.286,EXACT,Seni & Hiburan > Hobi & Seni Kreatif > Alat Musik > Alat Musik Dawai > Gitar,15,Ukuran baterai | Jenis baterai | Warna papan jari | Bahan papan jari | Pola papan jari | Ukuran gitar | Warna alat musik | Bahan alat musik | Pola alat musik | Warna senar alat musik | Bahan senar alat musik | Pola senar alat musik | Warna leher | Bahan leher | Pola leher,True,exact-raw
1480,SABUN CUCI TANGAN FOAMING KEMASAN REFILL (POUCH),6,true,7,Perawatan Diri & Rumah Tangga > Perawatan Diri > PERAWATAN BADAN > SABUN CUCI TANGAN > SABUN CUCI TANGAN FOAMING > SABUN CUCI TANGAN FOAMING KEMASAN REFILL (POUCH),colour|net_content|scent,3,0.857,0.0,0.286,0.143,0.0,0.0,0.429,0.143,UNMAPPED,,0,,,
1493,CAIRAN PEMBERSIH DAPUR KEMASAN REFILL (POUCH),6,true,7,Perawatan Diri & Rumah Tangga > Rumah Tangga > BAHAN PEMBERSIH RUMAH > PEMBERSIH DAPUR > CAIRAN PEMBERSIH DAPUR > CAIRAN PEMBERSIH DAPUR KEMASAN REFILL (POUCH),colour|flavour|net_content,3,1.0,0.0,0.429,0.286,0.0,0.0,0.143,0.0,UNMAPPED,,0,,,
1512,SEMIR SEPATU CAIR,6,true,7,Perawatan Diri & Rumah Tangga > Rumah Tangga > BAHAN PEMBERSIH RUMAH > PERAWATAN & PEMBERSIH RUMAH TANGGA LAINNYA > SEMIR SEPATU > SEMIR SEPATU CAIR,colour|net_content,2,1.0,0.0,0.286,0.0,0.0,0.0,0.0,0.0,AMBIGUOUS,,0,,,fuzzy-raw
1517,KEMOCENG,6,false,7,Perawatan Diri & Rumah Tangga > Rumah Tangga > Peralatan & Perlengkapan Rumah Tangga > PERALATAN RUMAH TANGGA > PERALATAN KEBERSIHAN RUMAH TANGGA > KEMOCENG,,0,0.0,0.0,0.143,0.0,0.0,0.0,0.0,0.0,UNMAPPED,,0,,,
1518,KAIN UNTUK LAP & PEL,6,false,7,Perawatan Diri & Rumah Tangga > Rumah Tangga > Peralatan & Perlengkapan Rumah Tangga > PERALATAN RUMAH TANGGA > PERALATAN KEBERSIHAN RUMAH TANGGA > KAIN UNTUK LAP & PEL,,0,0.0,0.0,0.0,0.0,0.143,0.0,0.0,0.0,UNMAPPED,,0,,,
1523,SABUT & SPONS,6,false,7,Perawatan Diri & Rumah Tangga > Rumah Tangga > Peralatan & Perlengkapan Rumah Tangga > PERALATAN RUMAH TANGGA > PERALATAN KEBERSIHAN RUMAH TANGGA > SABUT & SPONS,colour,1,0.0,0.143,0.286,0.0,0.0,0.0,0.0,0.0,FUZZY,Rumah & Taman > Perlengkapan Rumah Tangga > Perlengkapan Pembersih Rumah Tangga > Spons & Sabut Gosok,9,Bahan abrasif | Permukaan pembersihan | Warna | Bahan | Pola | Daya gosok | Bentuk | Ruang yang cocok | Jenis penggunaan,True,fuzzy-raw
1527,SIKAT,6,false,7,Perawatan Diri & Rumah Tangga > Rumah Tangga > Peralatan & Perlengkapan Rumah Tangga > PERALATAN RUMAH TANGGA > PERALATAN KEBERSIHAN RUMAH TANGGA > SIKAT,model_code,1,0.0,0.0,0.143,0.0,0.0,0.0,0.0,0.429,AMBIGUOUS,,0,,,exact-raw
1549,GANTUNGAN / JEMURAN HANDUK,6,true,7,Perawatan Diri & Rumah Tangga > Rumah Tangga > Peralatan & Perlengkapan Rumah Tangga > PERALATAN RUMAH TANGGA > PERALATAN DAN PENYIMPANAN PAKAIAN DAN CUCIAN > GANTUNGAN / JEMURAN HANDUK,,0,0.143,0.0,0.143,0.143,0.143,0.143,0.0,0.0,FUZZY,Rumah & Taman > Aksesori Kamar Mandi > Rak & Tempat Handuk > Gantungan Handuk,2,Finis perangkat keras | Jenis pemasangan,False,fuzzy-raw
1565,KIMONO HANDUK (BATHROBE),6,true,7,Perawatan Diri & Rumah Tangga > Rumah Tangga > Peralatan & Perlengkapan Rumah Tangga > PERLENGKAPAN RUMAH TANGGA > PERLENGKAPAN KAMAR & KAMAR MANDI > KIMONO HANDUK (BATHROBE),,0,0.0,0.0,0.0,0.0,0.0,0.0,0.0,0.0,UNMAPPED,,0,,,
1581,KEMOCENG KAIN MICROFIBER,7,true,7,Perawatan Diri & Rumah Tangga > Rumah Tangga > Peralatan & Perlengkapan Rumah Tangga > PERALATAN RUMAH TANGGA > PERALATAN KEBERSIHAN RUMAH TANGGA > KEMOCENG > KEMOCENG KAIN MICROFIBER,model_code,1,0.0,0.0,0.0,0.0,0.0,0.0,0.0,0.286,UNMAPPED,,0,,,
1608,TISU DAPUR,7,true,7,Perawatan Diri & Rumah Tangga > Rumah Tangga > Peralatan & Perlengkapan Rumah Tangga > PERALATAN RUMAH TANGGA > PERALATAN KEBERSIHAN RUMAH TANGGA > TISU > TISU DAPUR,pack_count,1,0.0,0.571,0.0,0.0,0.0,0.0,0.0,0.143,AMBIGUOUS,,0,,,fuzzy-raw
1776,SUMPIT PLASTIK,8,true,7,Perawatan Diri & Rumah Tangga > Rumah Tangga > Peralatan & Perlengkapan Rumah Tangga > PERALATAN RUMAH TANGGA > PERALATAN DAN PENYIMPANAN DI DAPUR > PERALATAN MAKAN > SUMPIT > SUMPIT PLASTIK,colour,1,0.0,0.0,0.286,0.0,0.143,0.0,0.0,0.0,UNMAPPED,,0,,,
1816,TEPUNG WHIPPED CREAM,4,true,7,Makanan dan Minuman > MAKANAN & BAHAN MAKANAN > BAHAN KUE > TEPUNG WHIPPED CREAM,net_content,1,1.0,0.0,0.0,0.0,0.0,0.0,0.0,0.0,UNMAPPED,,0,,,
1825,GAME MASTER,3,true,7,UNUSED > AREA DISPLAY > GAME MASTER,,0,0.0,0.0,0.0,0.0,0.0,0.0,0.0,0.0,UNMAPPED,,0,,,
1856,SAUS CABAI KEMASAN SACHET,6,true,7,Makanan dan Minuman > MAKANAN & BAHAN MAKANAN > SAUS > SAOS  PEDAS & SAMBAL > SAOS CABAI > SAUS CABAI KEMASAN SACHET,net_content|pack_count,2,0.857,1.0,0.0,0.0,0.0,0.0,0.0,0.0,UNMAPPED,,0,,,
1869,CAIRAN PEMBERSIH LANTAI KEMASAN SACHET,6,true,7,Perawatan Diri & Rumah Tangga > Rumah Tangga > BAHAN PEMBERSIH RUMAH > PEMBERSIH LANTAI > CAIRAN PEMBERSIH LANTAI > CAIRAN PEMBERSIH LANTAI KEMASAN SACHET,flavour|net_content|pack_count|scent,4,1.0,0.286,0.143,0.286,0.0,0.0,0.286,0.0,UNMAPPED,,0,,,
1875,SARUNG TANGAN PLASTIK,7,true,7,Perawatan Diri & Rumah Tangga > Rumah Tangga > Peralatan & Perlengkapan Rumah Tangga > PERALATAN RUMAH TANGGA > PERALATAN KEBERSIHAN RUMAH TANGGA > SARUNG TANGAN > SARUNG TANGAN PLASTIK,pack_count,1,0.0,1.0,0.0,0.0,0.0,0.0,0.0,0.143,AMBIGUOUS,,0,,,fuzzy-raw
1892,POMPA WC,6,true,7,Perawatan Diri & Rumah Tangga > Rumah Tangga > Peralatan & Perlengkapan Rumah Tangga > PERALATAN RUMAH TANGGA > PERALATAN KEBERSIHAN RUMAH TANGGA > POMPA WC,colour,1,0.0,0.0,0.429,0.0,0.143,0.0,0.0,0.0,UNMAPPED,,0,,,
12,MINUMAN,2,false,6,Makanan dan Minuman > MINUMAN,colour|net_content,2,1.0,0.0,0.333,0.167,0.0,0.0,0.0,0.167,EXACT,"Makanan, Minuman & Tembakau > Minuman",7,Batasan usia | Informasi alergen | Preferensi diet | Suplemen makanan | Rasa | Bahan-bahan | Sertifikasi organik,True,exact-raw
62,ALAT KECANTIKAN,2,false,6,Kosmetik dan Alat Kecantikan > ALAT KECANTIKAN,,0,0.0,0.0,0.0,0.0,0.0,0.0,0.0,0.0,UNMAPPED,,0,,,
64,MAKE UP KUKU,2,false,6,Kosmetik dan Alat Kecantikan > MAKE UP KUKU,,0,0.0,0.0,0.0,0.0,0.0,0.0,0.0,0.0,UNMAPPED,,0,,,
95,GULA & PEMANIS,3,false,6,Makanan dan Minuman > MAKANAN & BAHAN MAKANAN > GULA & PEMANIS,net_content|pack_count,2,1.0,0.333,0.0,0.0,0.0,0.0,0.0,0.0,EXACT,"Makanan, Minuman & Tembakau > Item Makanan > Bahan Memasak & Baking > Gula & Pemanis",3,Informasi alergen | Preferensi diet | Persyaratan penyimpanan,True,exact-raw
132,PERLENGKAPAN MANDI ANAK & BAYI,3,false,6,Keperluan Anak dan Bayi > PERLENGKAPAN ANAK & BAYI > PERLENGKAPAN MANDI ANAK & BAYI,,0,0.0,0.0,0.0,0.0,0.0,0.0,0.0,0.167,UNMAPPED,,0,,,
263,KOMPOR LISTRIK,3,true,6,Elektronik > ALAT ELEKTRONIK DAPUR > KOMPOR LISTRIK,model_code,1,0.0,0.0,0.0,0.0,0.0,0.0,0.0,0.833,UNMAPPED,,0,,,
417,BROS ANAK-ANAK,3,true,6,Fashion > PERHIASAN ANAK > BROS ANAK-ANAK,,0,0.0,0.167,0.167,0.0,0.0,0.0,0.0,0.0,EXACT,Busana dan Aksesori > Perhiasan > Bros & Pin Lapel > Bros,7,Kelompok usia | Warna | Bahan perhiasan | Jenis perhiasan | Pola | Jenis penopang pin | Jenis kelamin sasaran,False,exact-stripped
433,SEPATU BOOTS PRIA,3,true,6,Fashion > SEPATU PRIA > SEPATU BOOTS PRIA,colour|garment_size,2,0.0,0.0,0.667,0.0,0.0,1.0,0.0,0.0,UNMAPPED,,0,,,
462,PERAWATAN KUKU,3,true,6,Kosmetik dan Alat Kecantikan > MAKE UP KUKU > PERAWATAN KUKU,material,1,0.0,0.0,0.0,0.0,0.333,0.0,0.0,0.0,AMBIGUOUS,,0,,,exact-raw
478,HIGHLIGHTER,3,true,6,Kosmetik dan Alat Kecantikan > MAKE UP WAJAH > HIGHLIGHTER,net_content,1,0.667,0.0,0.167,0.0,0.0,0.0,0.0,0.0,UNMAPPED,,0,,,
506,MINUMAN DENGAN CINCAU,4,true,6,Makanan dan Minuman > MINUMAN > MINUMAN DALAM KEMASAN > MINUMAN DENGAN CINCAU,colour|flavour|net_content,3,1.0,0.0,0.333,0.333,0.0,0.0,0.0,0.167,UNMAPPED,,0,,,
529,TEH KEMASAN GELAS,4,true,6,"Makanan dan Minuman > COKLAT, KOPI & TEH > TEH INSTAN > TEH KEMASAN GELAS",flavour|net_content,2,0.667,0.0,0.0,0.5,0.0,0.0,0.0,0.0,UNMAPPED,,0,,,
537,KERIPIK KENTANG PUTIH,4,true,6,Makanan dan Minuman > MAKANAN KECIL  > KERIPIK > KERIPIK KENTANG PUTIH,net_content,1,0.833,0.0,0.0,0.0,0.0,0.0,0.0,0.0,UNMAPPED,,0,,,
562,BERAS HITAM,4,true,6,Makanan dan Minuman > MAKANAN & BAHAN MAKANAN > BERAS > BERAS HITAM,net_content,1,1.0,0.0,0.167,0.0,0.0,0.0,0.0,0.0,UNMAPPED,,0,,,
606,MUTIARA SAGU / PACAR CINA,4,true,6,Makanan dan Minuman > MAKANAN & BAHAN MAKANAN > MAKANAN DALAM KEMASAN & KALENG > MUTIARA SAGU / PACAR CINA,net_content,1,1.0,0.0,0.0,0.0,0.0,0.0,0.0,0.0,UNMAPPED,,0,,,
623,MINYAK BUNGA MATAHARI,4,true,6,Makanan dan Minuman > MAKANAN & BAHAN MAKANAN > MINYAK > MINYAK BUNGA MATAHARI,colour|net_content,2,0.5,0.0,0.333,0.0,0.0,0.0,0.0,0.0,EXACT,"Makanan, Minuman & Tembakau > Item Makanan > Bahan Memasak & Baking > Minyak Goreng > Minyak Bunga Matahari",5,Informasi alergen | Preferensi diet | Metode pengolahan minyak | Persyaratan penyimpanan | Varietas minyak bunga matahari,False,exact-raw
645,SAUS BUMBU MASAK,4,false,6,Makanan dan Minuman > MAKANAN & BAHAN MAKANAN > SAUS > SAUS BUMBU MASAK,net_content,1,1.0,0.0,0.167,0.0,0.0,0.0,0.0,0.0,UNMAPPED,,0,,,
672,KIWI,4,true,6,Makanan dan Minuman > FRESH > BUAH > KIWI,colour|pack_count,2,0.0,0.5,0.833,0.0,0.0,0.0,0.0,0.0,EXACT,"Makanan, Minuman & Tembakau > Item Makanan > Buah & Sayur > Buah Segar & Beku > Kiwi",7,Informasi alergen | Preferensi diet | Bentuk produk makanan | Gaya potongan buah | Varietas buah kiwi | Kelas produk | Persyaratan penyimpanan,False,exact-raw
675,LENGKENG,4,true,6,Makanan dan Minuman > FRESH > BUAH > LENGKENG,,0,0.167,0.0,0.0,0.167,0.0,0.0,0.167,0.167,UNMAPPED,,0,,,
683,PISANG,4,true,6,Makanan dan Minuman > FRESH > BUAH > PISANG,,0,0.0,0.0,0.0,0.167,0.0,0.0,0.0,0.0,EXACT,"Makanan, Minuman & Tembakau > Item Makanan > Buah & Sayur > Buah Segar & Beku > Pisang",6,Informasi alergen | Varietas pisang | Preferensi diet | Bentuk produk makanan | Gaya potongan buah | Persyaratan penyimpanan,False,exact-raw
708,CAISIM,4,true,6,Makanan dan Minuman > FRESH > SAYURAN SEGAR > CAISIM,net_content,1,0.5,0.0,0.0,0.0,0.0,0.0,0.0,0.0,EXACT,"Makanan, Minuman & Tembakau > Item Makanan > Buah & Sayur > Sayur Segar & Beku > Sayuran Hijau > Caisim",10,Informasi alergen | Aneka ragam choy sum | Metode memasak | Metode budidaya | Preferensi diet | Bentuk produk makanan | Tahap kematangan sayuran hijau | Kondisi pencucian produk | Persyaratan penyimpanan | Gaya pengolahan sayuran,False,exact-raw
720,JAHE ,4,true,6,Makanan dan Minuman > FRESH > SAYURAN SEGAR > JAHE ,colour,1,0.0,0.0,0.5,0.0,0.0,0.0,0.0,0.0,UNMAPPED,,0,,,
728,KANGKUNG,4,true,6,Makanan dan Minuman > FRESH > SAYURAN SEGAR > KANGKUNG,model_code|net_content,2,0.5,0.0,0.0,0.0,0.0,0.0,0.0,0.333,UNMAPPED,,0,,,
779,TERONG,4,true,6,Makanan dan Minuman > FRESH > SAYURAN SEGAR > TERONG,colour,1,0.0,0.0,0.5,0.0,0.0,0.0,0.0,0.0,EXACT,"Makanan, Minuman & Tembakau > Item Makanan > Buah & Sayur > Sayur Segar & Beku > Terong",7,Informasi alergen | Metode memasak | Preferensi diet | Varietas terong | Bentuk produk makanan | Persyaratan penyimpanan | Gaya pengolahan sayuran,False,exact-raw
783,UBI,4,true,6,Makanan dan Minuman > FRESH > SAYURAN SEGAR > UBI,colour|net_content,2,0.667,0.0,0.333,0.0,0.0,0.0,0.0,0.0,UNMAPPED,,0,,,
787,TELUR ASIN PACK,4,true,6,Makanan dan Minuman > FRESH > TELUR > TELUR ASIN PACK,pack_count,1,0.0,0.667,0.0,0.0,0.0,0.0,0.0,0.0,UNMAPPED,,0,,,
796,KRIM RUAM (RASH) ANAK & BAYI,4,true,6,Keperluan Anak dan Bayi > PERAWATAN ANAK & BAYI > PERAWATAN KESEHATAN ANAK & BAYI > KRIM RUAM (RASH) ANAK & BAYI,colour|net_content,2,1.0,0.0,0.833,0.0,0.0,0.0,0.0,0.0,UNMAPPED,,0,,,
832,POMPA ASI MANUAL,4,true,6,Keperluan Anak dan Bayi > PERALATAN UNTUK ANAK & BAYI > PERALATAN MENYUSUI ANAK & BAYI > POMPA ASI MANUAL,model_code,1,0.0,0.0,0.0,0.0,0.0,0.0,0.0,0.5,EXACT,Bayi & Balita > Perawatan & Pemberian Makan > Pompa ASI > Pompa ASI Manual,4,Petunjuk pembersihan | Warna | Pola | Aksesori pompa,False,exact-raw
892,PORE PACK,4,true,6,Perawatan Diri & Rumah Tangga > Perawatan Diri > PERAWATAN WAJAH > PORE PACK,colour|pack_count,2,0.167,0.333,0.5,0.0,0.0,0.0,0.167,0.0,UNMAPPED,,0,,,
927,MINUMAN UNTUK DIET,4,true,6,Perawatan Diri & Rumah Tangga > Perawatan Diri > DIET > MINUMAN UNTUK DIET,flavour|net_content,2,1.0,0.0,0.0,0.5,0.0,0.0,0.0,0.167,UNMAPPED,,0,,,
929,OBAT MINUM,4,false,6,Perawatan Diri & Rumah Tangga > Perawatan Diri > OBAT-OBATAN > OBAT MINUM,flavour|net_content,2,0.667,0.167,0.0,0.333,0.0,0.0,0.167,0.0,UNMAPPED,,0,,,
981,AIR ACCU MOBIL,4,true,6,"Hobi, Ibadah, dan Olahraga > Perawatan & Suku Cadang Mobil > SUKU CADANG MOBIL > AIR ACCU MOBIL",net_content,1,0.333,0.0,0.167,0.0,0.0,0.0,0.0,0.167,UNMAPPED,,0,,,
997,BUSI MOTOR,4,true,6,"Hobi, Ibadah, dan Olahraga > Perawatan & Suku Cadang Motor > SUKU CADANG MOTOR > BUSI MOTOR",model_code,1,0.0,0.0,0.0,0.0,0.0,0.0,0.0,0.333,UNMAPPED,,0,,,
1052,TIMBANGAN BADAN,4,true,6,"Hobi, Ibadah, dan Olahraga > OLAHRAGA > PERALATAN & PERLENGKAPAN FITNESS > TIMBANGAN BADAN",,0,0.0,0.0,0.0,0.0,0.0,0.0,0.0,0.167,FUZZY,Kesehatan & Kecantikan > Perawatan Kesehatan > Monitor Biometrik > Timbangan Berat Badan,15,Ukuran baterai | Jenis baterai | Warna | Teknologi konektivitas | Teknologi perangkat | Teknologi tampilan | Peringkat ingress protection (IP) | Bahan | Metode pengukuran | Sertifikasi perangkat medis | Metrik yang didukung | Pola | Sumber listrik | Metrik pelacakan | Satuan berat yang didukung,False,fuzzy-raw
1053,BET PING PONG,4,true,6,"Hobi, Ibadah, dan Olahraga > OLAHRAGA > PERALATAN & PERLENGKAPAN PING PONG > BET PING PONG",,0,0.0,0.0,0.0,0.0,0.0,0.0,0.0,0.0,UNMAPPED,,0,,,
1080,BLUETOOTH DONGLE,4,true,6,Elektronik > ALAT ELEKTRONIK KANTOR & GADGET > PERLENGKAPAN KOMPUTER > BLUETOOTH DONGLE,,0,0.0,0.0,0.0,0.0,0.0,0.0,0.0,0.167,UNMAPPED,,0,,,
1081,CD DVD,4,true,6,Elektronik > ALAT ELEKTRONIK KANTOR & GADGET > PERLENGKAPAN KOMPUTER > CD DVD,,0,0.0,0.167,0.0,0.0,0.0,0.0,0.0,0.0,UNMAPPED,,0,,,
1083,HARD DISK EXTERNAL,4,true,6,Elektronik > ALAT ELEKTRONIK KANTOR & GADGET > PERLENGKAPAN KOMPUTER > HARD DISK EXTERNAL,model_code,1,0.0,0.0,0.0,0.0,0.0,0.0,0.0,0.5,UNMAPPED,,0,,,
1099,KABEL PRINTER,4,true,6,Elektronik > ALAT ELEKTRONIK KANTOR & GADGET > SUKU CADANG KOMPUTER > KABEL PRINTER,colour,1,0.0,0.0,0.333,0.0,0.0,0.0,0.0,0.0,AMBIGUOUS,,0,,,fuzzy-raw
1119,STEMPEL,4,true,6,Alat dan Buku Tulis > PERALATAN UMUM > CAP/STEMPEL > STEMPEL,model_code,1,0.0,0.167,0.0,0.0,0.0,0.0,0.0,0.667,UNMAPPED,,0,,,
1184,KAMISOL / KEMBEN WANITA,4,true,6,Fashion > FASHION WANITA > ATASAN WANITA > KAMISOL / KEMBEN WANITA,,0,0.0,0.167,0.0,0.0,0.0,0.167,0.0,0.0,UNMAPPED,,0,,,
1208,ROK BATIK WANITA,4,true,6,Fashion > FASHION WANITA > BATIK WANITA > ROK BATIK WANITA,,0,0.0,0.0,0.0,0.0,0.0,0.0,0.0,0.0,UNMAPPED,,0,,,
1238,ANKLE SUPPORT (PERGELANGAN KAKI),4,true,6,Fashion > PAKAIAN OLAHRAGA > PAKAIAN PELINDUNG OLAHRAGA > ANKLE SUPPORT (PERGELANGAN KAKI),,0,0.0,0.0,0.0,0.0,0.0,0.0,0.0,0.0,UNMAPPED,,0,,,
1331,SNACK SEBLAK,5,true,6,Makanan dan Minuman > MAKANAN KECIL  > KACANG DAN SNACK LAINNYA > JAJANAN TRADISIONAL > SNACK SEBLAK,net_content,1,0.833,0.0,0.0,0.167,0.0,0.0,0.167,0.167,UNMAPPED,,0,,,
1337,SEBLAK SIAP SAJI,5,true,6,Makanan dan Minuman > MAKANAN & BAHAN MAKANAN > MAKANAN DALAM KEMASAN & KALENG > MAKANAN SIAP SAJI > SEBLAK SIAP SAJI,flavour|net_content,2,0.5,0.0,0.0,0.5,0.0,0.0,0.0,0.0,UNMAPPED,,0,,,
1345,KECAP IKAN,5,true,6,Makanan dan Minuman > MAKANAN & BAHAN MAKANAN > SAUS > KECAP > KECAP IKAN,net_content,1,1.0,0.0,0.167,0.167,0.0,0.0,0.0,0.0,EXACT,"Makanan, Minuman & Tembakau > Item Makanan > Kondimen & Saus > Kecap Ikan",3,Informasi alergen | Preferensi diet | Persyaratan penyimpanan,False,exact-raw
1348,KECAP LAINNYA,5,true,6,Makanan dan Minuman > MAKANAN & BAHAN MAKANAN > SAUS > KECAP > KECAP LAINNYA,flavour|net_content,2,1.0,0.0,0.0,0.333,0.0,0.0,0.0,0.0,EXACT,"Makanan, Minuman & Tembakau > Item Makanan > Kondimen & Saus > Kecap",5,Informasi alergen | Preferensi diet | Metode fermentasi | Variasi kecap | Persyaratan penyimpanan,False,exact-raw
1371,DEODORAN STICK,5,true,6,Perawatan Diri & Rumah Tangga > Perawatan Diri > FRAGRANCE & DEODORAN > DEODORAN > DEODORAN STICK,net_content,1,1.0,0.0,0.0,0.0,0.0,0.0,0.0,0.0,UNMAPPED,,0,,,
1377,SUPLEMEN MAKANAN DEWASA,5,true,6,Perawatan Diri & Rumah Tangga > Perawatan Diri > MULTIVITAMIN & SUPLEMEN > SUPLEMEN MAKANAN > SUPLEMEN MAKANAN DEWASA,net_content,1,0.667,0.0,0.0,0.167,0.0,0.0,0.0,0.0,UNMAPPED,,0,,,
1405,ANTI NYAMUK ELEKTRIK KEMASAN DENGAN ALAT & ISI,5,true,6,Perawatan Diri & Rumah Tangga > Rumah Tangga > ANTI HAMA & SERANGGA > ANTI NYAMUK ELEKTRIK > ANTI NYAMUK ELEKTRIK KEMASAN DENGAN ALAT & ISI,net_content,1,0.5,0.0,0.0,0.0,0.0,0.0,0.167,0.0,UNMAPPED,,0,,,
1528,TISU,6,false,6,Perawatan Diri & Rumah Tangga > Rumah Tangga > Peralatan & Perlengkapan Rumah Tangga > PERALATAN RUMAH TANGGA > PERALATAN KEBERSIHAN RUMAH TANGGA > TISU,,0,0.0,0.167,0.0,0.0,0.0,0.0,0.0,0.0,UNMAPPED,,0,,,
1655,SCOOP ICE CREAM (ES KRIM),7,true,6,Perawatan Diri & Rumah Tangga > Rumah Tangga > Peralatan & Perlengkapan Rumah Tangga > PERALATAN RUMAH TANGGA > PERALATAN DAN PENYIMPANAN DI DAPUR > ALAT DAPUR & AKSESORIS DAPUR > SCOOP ICE CREAM (ES KRIM),,0,0.0,0.0,0.0,0.0,0.167,0.0,0.0,0.167,FUZZY,Rumah & Taman > Dapur & Ruang Makan > Peralatan & Perlengkapan Dapur > Scoop > Scoop Es Krim,6,Petunjuk pembersihan | Warna | Bahan pegangan | Pola | Mekanisme pelepas sendok | Bahan alat/perkakas,False,fuzzy-raw
1666,ARANG,7,true,6,Perawatan Diri & Rumah Tangga > Rumah Tangga > Peralatan & Perlengkapan Rumah Tangga > PERALATAN RUMAH TANGGA > PERALATAN DAN PENYIMPANAN DI DAPUR > ALAT MASAK > ARANG,material,1,0.0,0.0,0.0,0.0,0.5,0.0,0.0,0.0,UNMAPPED,,0,,,
1673,TEMPAT PENYIMPANAN MINUMAN / CAIRAN,7,false,6,Perawatan Diri & Rumah Tangga > Rumah Tangga > Peralatan & Perlengkapan Rumah Tangga > PERALATAN RUMAH TANGGA > PERALATAN DAN PENYIMPANAN DI DAPUR > TEMPAT PENYIMPANAN MAKANAN & MINUMAN > TEMPAT PENYIMPANAN MINUMAN / CAIRAN,net_content,1,0.5,0.0,0.0,0.0,0.0,0.0,0.0,0.167,UNMAPPED,,0,,,
1689,JERIGEN ,7,true,6,Perawatan Diri & Rumah Tangga > Rumah Tangga > Peralatan & Perlengkapan Rumah Tangga > PERALATAN RUMAH TANGGA > PERALATAN DAN PENYIMPANAN DI DAPUR > TEMPAT PENYIMPANAN LAINNYA > JERIGEN ,model_code,1,0.0,0.0,0.0,0.0,0.0,0.0,0.0,0.333,UNMAPPED,,0,,,
1844,SAOS BULGOGI,5,true,6,Makanan dan Minuman > MAKANAN & BAHAN MAKANAN > SAUS > SAUS BUMBU MASAK > SAOS BULGOGI,net_content,1,1.0,0.0,0.0,0.167,0.0,0.0,0.0,0.0,UNMAPPED,,0,,,
1845,SAUS BLACKPAPPER,5,true,6,Makanan dan Minuman > MAKANAN & BAHAN MAKANAN > SAUS > SAUS BUMBU MASAK > SAUS BLACKPAPPER,colour|net_content,2,1.0,0.0,1.0,0.0,0.0,0.0,0.0,0.167,UNMAPPED,,0,,,
98,MAKANAN DALAM KEMASAN & KALENG,3,false,5,Makanan dan Minuman > MAKANAN & BAHAN MAKANAN > MAKANAN DALAM KEMASAN & KALENG,colour|flavour|net_content,3,1.0,0.0,0.4,0.2,0.0,0.0,0.0,0.0,UNMAPPED,,0,,,
112,TELUR,3,false,5,Makanan dan Minuman > FRESH > TELUR,flavour|pack_count,2,0.0,0.6,0.0,0.4,0.0,0.0,0.0,0.0,EXACT,"Makanan, Minuman & Tembakau > Item Makanan > Daging, Makanan Laut & Telur > Telur",7,Informasi alergen | Preferensi diet | Grade telur | Metode produksi telur | Ukuran telur | Hewan sumber telur | Persyaratan penyimpanan,True,exact-raw
185,DUCT KABEL (RUMAH KABEL),3,true,5,Perbaikan Rumah > PERLENGKAPAN PERBAIKAN RUMAH > DUCT KABEL (RUMAH KABEL),colour,1,0.0,0.0,1.0,0.0,0.0,0.0,0.0,0.0,UNMAPPED,,0,,,
265,OVEN KECIL,3,true,5,Elektronik > ALAT ELEKTRONIK DAPUR > OVEN KECIL,colour|model_code,2,0.0,0.0,0.4,0.0,0.0,0.0,0.0,0.6,UNMAPPED,,0,,,
359,KARET GELANG,3,true,5,Alat dan Buku Tulis > PERALATAN UMUM > KARET GELANG,colour|net_content,2,0.4,0.0,0.4,0.0,0.0,0.0,0.0,0.0,EXACT,Perlengkapan Kantor > Perlengkapan Kantor Umum > Karet Gelang,3,Kekuatan gelang | Warna | Pola,True,exact-raw
456,LIP GLOSS,3,true,5,Kosmetik dan Alat Kecantikan > MAKE UP BIBIR > LIP GLOSS,colour|net_content,2,0.4,0.0,0.4,0.0,0.0,0.0,0.0,0.0,EXACT,Kesehatan & Kecantikan > Perawatan Tubuh > Kosmetik > Makeup > Riasan Bibir > Lip Gloss,18,Warna | Bahan penyusun | Finis kosmetik | Tingkat cakupan | Jenis dispenser | Rasa | Keharuman | Jenis aplikator lip gloss | Efek lip gloss | Formulasi lip gloss | Opasitas riasan bibir | Fitur riasan | Bahan | Pola | Sertifikasi & standar produk | Bentuk produk | Tingkat SPF | Cocok untuk jenis kulit,False,exact-raw
479,PRIMER,3,true,5,Kosmetik dan Alat Kecantikan > MAKE UP WAJAH > PRIMER,colour|net_content,2,0.8,0.0,0.2,0.0,0.0,0.0,0.0,0.0,EXACT,Perkakas > Bahan Bangunan Habis Pakai > Bahan Pengecatan Habis Pakai > Primer,8,Kandungan Alkohol/Pelarut | Warna | Finis | Tujuan pemakaian | Pola | Penggunaan cat dasar | Formulasi produk | Ruang yang cocok,False,exact-raw
587,GYOZA / PANGSIT BEKU,4,true,5,Makanan dan Minuman > MAKANAN & BAHAN MAKANAN > MAKANAN BEKU > GYOZA / PANGSIT BEKU,net_content|pack_count,2,1.0,0.2,0.0,0.0,0.0,0.0,0.0,0.0,UNMAPPED,,0,,,
617,KWETIAU KERING,4,true,5,Makanan dan Minuman > MAKANAN & BAHAN MAKANAN > MIE KERING & PASTA > KWETIAU KERING,net_content,1,0.4,0.0,0.0,0.0,0.0,0.0,0.0,0.0,UNMAPPED,,0,,,
674,LEMON,4,true,5,Makanan dan Minuman > FRESH > BUAH > LEMON,colour|flavour,2,0.0,0.0,0.2,0.4,0.0,0.0,0.0,0.0,EXACT,"Makanan, Minuman & Tembakau > Item Makanan > Buah & Sayur > Buah Segar & Beku > Buah Sitrus > Lemon",7,Informasi alergen | Preferensi diet | Bentuk produk makanan | Gaya potongan buah | Varietas lemon | Isi biji | Persyaratan penyimpanan,False,exact-raw
706,BUNCIS,4,true,5,Makanan dan Minuman > FRESH > SAYURAN SEGAR > BUNCIS,net_content,1,0.4,0.0,0.0,0.0,0.0,0.0,0.0,0.0,UNMAPPED,,0,,,
739,KOL,4,true,5,Makanan dan Minuman > FRESH > SAYURAN SEGAR > KOL,colour,1,0.0,0.0,0.6,0.0,0.0,0.0,0.0,0.0,EXACT,"Makanan, Minuman & Tembakau > Item Makanan > Buah & Sayur > Sayur Segar & Beku > Kol",7,Informasi alergen | Varietas kubis | Metode memasak | Preferensi diet | Bentuk produk makanan | Persyaratan penyimpanan | Gaya pengolahan sayuran,False,exact-raw
745,LADA HITAM,4,true,5,Makanan dan Minuman > FRESH > SAYURAN SEGAR > LADA HITAM,colour|net_content,2,1.0,0.0,0.4,0.0,0.0,0.0,0.0,0.0,UNMAPPED,,0,,,
771,SELADA ROMAINE,4,true,5,Makanan dan Minuman > FRESH > SAYURAN SEGAR > SELADA ROMAINE,model_code|net_content,2,0.6,0.0,0.0,0.0,0.0,0.0,0.0,0.4,UNMAPPED,,0,,,
781,TIMUN,4,true,5,Makanan dan Minuman > FRESH > SAYURAN SEGAR > TIMUN,,0,0.0,0.0,0.0,0.0,0.0,0.0,0.0,0.0,UNMAPPED,,0,,,
789,TELUR AYAM KAMPUNG PACK,4,true,5,Makanan dan Minuman > FRESH > TELUR > TELUR AYAM KAMPUNG PACK,pack_count,1,0.0,0.6,0.0,0.0,0.0,0.0,0.0,0.0,UNMAPPED,,0,,,
805,SUNBLOCK ANAK & BAYI,4,true,5,Keperluan Anak dan Bayi > PERAWATAN ANAK & BAYI > PERAWATAN KULIT ANAK & BAYI > SUNBLOCK ANAK & BAYI,model_code|net_content,2,1.0,0.0,0.0,0.0,0.0,0.0,0.0,0.2,UNMAPPED,,0,,,
823,STROLLER,4,true,5,Keperluan Anak dan Bayi > PERALATAN UNTUK ANAK & BAYI > PERALATAN BEPERGIAN ANAK & BAYI > STROLLER,model_code,1,0.0,0.0,0.0,0.0,0.0,0.0,0.0,0.6,UNMAPPED,,0,,,
868,GULING ANAK & BAYI,4,true,5,Keperluan Anak dan Bayi > PERLENGKAPAN ANAK & BAYI > PERLENGKAPAN TIDUR ANAK & BAYI > GULING ANAK & BAYI,model_code,1,0.0,0.0,0.0,0.0,0.0,0.0,0.0,0.4,UNMAPPED,,0,,,
885,KERTAS MINYAK WAJAH,4,true,5,Perawatan Diri & Rumah Tangga > Perawatan Diri > PERAWATAN WAJAH > KERTAS MINYAK WAJAH,pack_count,1,0.0,0.6,0.0,0.0,0.0,0.0,0.0,0.0,EXACT,Kesehatan & Kecantikan > Perawatan Tubuh > Kosmetik > Alat Kosmetik > Alat Rias > Kertas Minyak Wajah,10,Bahan penyusun | Fitur | Keharuman | Bahan | Jenis kemasan | Sertifikasi & standar produk | Bentuk produk | Bentuk | Cocok untuk jenis kulit | Jenis penggunaan,False,exact-raw
908,BENANG GIGI (FLOSS) DEWASA,4,true,5,Perawatan Diri & Rumah Tangga > Perawatan Diri > PERAWATAN MULUT & GIGI > BENANG GIGI (FLOSS) DEWASA,flavour,1,0.0,0.0,0.0,0.2,0.0,0.0,0.0,0.0,UNMAPPED,,0,,,
913,SPRAY PENYEGAR MULUT,4,true,5,Perawatan Diri & Rumah Tangga > Perawatan Diri > PERAWATAN MULUT & GIGI > SPRAY PENYEGAR MULUT,colour|flavour|net_content|scent,4,0.8,0.0,0.2,0.4,0.0,0.0,0.4,0.0,UNMAPPED,,0,,,
919,KRIM CUKUR,4,true,5,Perawatan Diri & Rumah Tangga > Perawatan Diri > PENCUKUR & PERONTOK RAMBUT > KRIM CUKUR,flavour|net_content,2,1.0,0.0,0.0,0.8,0.0,0.0,0.0,0.0,EXACT,Kesehatan & Kecantikan > Perawatan Tubuh > Mencukur & Merawat > Krim Cukur,8,Kandungan Alkohol/Pelarut | Manfaat perawatan jenggot | Bahan | Bentuk produk | Aroma | Formulasi krim cukur | Cocok untuk jenis kulit | Jenis kelamin sasaran,False,exact-raw
932,ALAT TES KEHAMILAN,4,true,5,Perawatan Diri & Rumah Tangga > Perawatan Diri > KESEHATAN SEKSUAL > ALAT TES KEHAMILAN,,0,0.0,0.0,0.0,0.0,0.0,0.0,0.0,0.0,FUZZY,Kesehatan & Kecantikan > Perawatan Kesehatan > Tes Medis > Tes Kehamilan,5,Sensitivitas tes kehamilan | Tampilan hasil | Format tes | Metode tes | Sampel tes,False,fuzzy-raw
957,BOR LISTRIK,4,true,5,Perbaikan Rumah > ALAT ALAT PERBAIKAN RUMAH > BOR LISTRIK & LAINNYA > BOR LISTRIK,model_code,1,0.0,0.0,0.0,0.0,0.0,0.0,0.0,0.4,FUZZY,Perkakas > Peralatan > Bor > Bor Listrik Genggam,7,Ukuran baterai | Jenis baterai | Jenis chuck | Warna | Fitur bor | Pola | Sumber listrik,True,fuzzy-raw
1005,SABUN CUCI MOTOR,4,true,5,"Hobi, Ibadah, dan Olahraga > Perawatan & Suku Cadang Motor > PERAWATAN MOTOR > SABUN CUCI MOTOR",flavour|model_code|net_content|pack_count,4,1.0,0.6,0.0,0.2,0.0,0.0,0.0,0.2,UNMAPPED,,0,,,
1012,GUNTING KAIN,4,true,5,"Hobi, Ibadah, dan Olahraga > MENJAHIT > GUNTING JAHIT > GUNTING KAIN",colour|material,2,0.0,0.0,0.4,0.0,0.4,0.0,0.0,0.0,EXACT,Seni & Hiburan > Hobi & Seni Kreatif > Seni & Kerajinan > Alat Seni & Kerajinan > Alat Potong & Embos Kerajinan > Gunting Kerajinan & Kantor > Gunting Kain,3,Bahan mata pisau | Bahan pegangan | Jenis pisau gunting,False,exact-raw
1029,JIMBE,4,true,5,"Hobi, Ibadah, dan Olahraga > OLAHRAGA > ALAT MUSIK > JIMBE",garment_size,1,0.0,0.0,0.0,0.0,0.0,0.4,0.0,0.0,UNMAPPED,,0,,,
1042,PAPAN RENANG,4,true,5,"Hobi, Ibadah, dan Olahraga > OLAHRAGA > PERALATAN & PERLENGKAPAN RENANG > PAPAN RENANG",,0,0.0,0.0,0.0,0.0,0.0,0.0,0.0,0.0,EXACT,Peralatan Olahraga > Rekreasi Luar Ruang > Olahraga Air & Berperahu > Renang > Alat Bantu Renang Anak > Papan Renang,4,Kelompok usia | Warna | Pola | Fitur papan renang,False,exact-raw
1057,BOLA FUTSAL,4,true,5,"Hobi, Ibadah, dan Olahraga > OLAHRAGA > PERALATAN & PERLENGKAPAN SEPAK BOLA > BOLA FUTSAL",,0,0.0,0.0,0.0,0.0,0.0,0.0,0.0,0.0,UNMAPPED,,0,,,
1063,BOLA TENNIS,4,true,5,"Hobi, Ibadah, dan Olahraga > OLAHRAGA > PERALATAN & PERLENGKAPAN TENNIS > BOLA TENNIS",pack_count,1,0.0,0.2,0.0,0.0,0.0,0.0,0.0,0.0,UNMAPPED,,0,,,
1079,ALAT PEMBERSIH KOMPUTER (LCD CLEANER),4,true,5,Elektronik > ALAT ELEKTRONIK KANTOR & GADGET > PERLENGKAPAN KOMPUTER > ALAT PEMBERSIH KOMPUTER (LCD CLEANER),colour,1,0.0,0.0,0.2,0.0,0.0,0.0,0.0,0.0,UNMAPPED,,0,,,
1103,CASING HP,4,true,5,Elektronik > ALAT ELEKTRONIK KANTOR & GADGET > PERLENGKAPAN & SUKU CADANG GADGET > CASING HP,garment_size,1,0.0,0.0,0.0,0.0,0.0,0.2,0.0,0.0,UNMAPPED,,0,,,
1113,SETRIKA LISTRIK UAP,4,true,5,Elektronik > ALAT ELEKTRONIK RUMAH LAINNYA > LAMPU PERANGKAP NYAMUK > SETRIKA LISTRIK UAP,colour|model_code,2,0.0,0.0,0.2,0.0,0.0,0.0,0.0,0.8,UNMAPPED,,0,,,
1283,TAS SATCHEL WANITA,4,true,5,Fashion > TAS & KOPER > TAS WANITA > TAS SATCHEL WANITA,,0,0.0,0.0,0.0,0.0,0.0,0.0,0.0,0.0,EXACT,"Busana dan Aksesori > Tas Tangan, Dompet & Kotak > Tas Tangan > Tas Satchel",12,Kelompok usia | Hiasan tas | Penutup tas/kotak | Fitur tas/kotak | Bahan tas/kotak | Fitur penyimpanan tas/kotak | Petunjuk perawatan | Opsi bawa | Warna | Jenis kulit | Pola | Jenis kelamin sasaran,False,exact-stripped
1365,SABUN CUCI TANGAN CAIR,5,false,5,Perawatan Diri & Rumah Tangga > Perawatan Diri > PERAWATAN BADAN > SABUN CUCI TANGAN > SABUN CUCI TANGAN CAIR,colour|flavour|net_content|scent,4,0.6,0.0,0.2,0.2,0.0,0.0,0.2,0.0,FUZZY,Kesehatan & Kecantikan > Perawatan Tubuh > Kosmetik > Mandi & Perawatan Tubuh > Sabun Tangan Cair,17,Kelompok usia | Kandungan Alkohol/Pelarut | Area tubuh | Warna | Bahan penyusun | Jenis agen eksfoliasi | Keharuman | Bahan-bahan | Bahan | Jenis kemasan | Pola | Sertifikasi & standar produk | Bentuk produk | Aroma | Efek perawatan kulit | Cocok untuk jenis kulit | Jenis penggunaan,False,fuzzy-raw
1426,PEMBERSIH & SEMIR KAYU UNTUK MEBEL (FURNITURE POLISH),5,true,5,Perawatan Diri & Rumah Tangga > Rumah Tangga > BAHAN PEMBERSIH RUMAH > PERAWATAN & PEMBERSIH RUMAH TANGGA LAINNYA > PEMBERSIH & SEMIR KAYU UNTUK MEBEL (FURNITURE POLISH),colour|flavour|net_content|pack_count,4,1.0,0.2,0.4,0.6,0.0,0.0,0.0,0.0,UNMAPPED,,0,,,
1431,SERAP AIR & PENYERAP BAU,5,false,5,Perawatan Diri & Rumah Tangga > Rumah Tangga > BAHAN PEMBERSIH RUMAH > PERAWATAN & PEMBERSIH RUMAH TANGGA LAINNYA > SERAP AIR & PENYERAP BAU,flavour|net_content|scent,3,1.0,0.0,0.0,0.4,0.0,0.0,0.2,0.0,UNMAPPED,,0,,,
1453,KAUS OLAHRAGA PRIA,5,true,5,Fashion > PAKAIAN OLAHRAGA > PAKAIAN OLAHRAGA PRIA > ATASAN OLAHRAGA PRIA > KAUS OLAHRAGA PRIA,,0,0.0,0.0,0.0,0.0,0.0,0.0,0.0,0.0,UNMAPPED,,0,,,
1486,OBAT PENCERNAAN LAINNYA,6,true,5,Perawatan Diri & Rumah Tangga > Perawatan Diri > OBAT-OBATAN > OBAT MINUM > OBAT MINUM UNTUK PENCERNAAN & MAAG > OBAT PENCERNAAN LAINNYA,flavour|net_content|pack_count,3,0.4,0.6,0.0,0.2,0.0,0.0,0.0,0.0,FUZZY,Kesehatan & Kecantikan > Perawatan Kesehatan > Obat-Obatan & Narkoba > Obat Kesehatan Pencernaan,8,Bahan aktif | Kelompok usia | Preferensi diet | Rasa | Bentuk Obat | Status resep | Rute pemberian | Tujuan perawatan,False,fuzzy-raw
1495,CAIRAN PENCUCI PIRING KEMASAN JERIGEN,6,true,5,Perawatan Diri & Rumah Tangga > Rumah Tangga > BAHAN PEMBERSIH RUMAH > PEMBERSIH DAPUR > CAIRAN PENCUCI PIRING > CAIRAN PENCUCI PIRING KEMASAN JERIGEN,flavour|net_content,2,0.4,0.0,0.0,0.6,0.0,0.0,0.0,0.0,UNMAPPED,,0,,,
1502,PENGHARUM FLUSH KLOSET CAIR,6,true,5,Perawatan Diri & Rumah Tangga > Rumah Tangga > BAHAN PEMBERSIH RUMAH > PEMBERSIH KAMAR MANDI > PENGHARUM FLUSH KLOSET > PENGHARUM FLUSH KLOSET CAIR,flavour|net_content|scent,3,1.0,0.0,0.0,0.2,0.0,0.0,0.4,0.0,UNMAPPED,,0,,,
1513,SEMIR SEPATU NON CAIR,6,true,5,Perawatan Diri & Rumah Tangga > Rumah Tangga > BAHAN PEMBERSIH RUMAH > PERAWATAN & PEMBERSIH RUMAH TANGGA LAINNYA > SEMIR SEPATU > SEMIR SEPATU NON CAIR,colour|net_content,2,1.0,0.0,0.6,0.0,0.0,0.0,0.0,0.0,UNMAPPED,,0,,,
1584,KAIN LAP,7,true,5,Perawatan Diri & Rumah Tangga > Rumah Tangga > Peralatan & Perlengkapan Rumah Tangga > PERALATAN RUMAH TANGGA > PERALATAN KEBERSIHAN RUMAH TANGGA > KAIN UNTUK LAP & PEL > KAIN LAP,colour|pack_count,2,0.0,0.6,0.2,0.0,0.0,0.0,0.0,0.0,FUZZY,Peralatan Olahraga > Rekreasi Luar Ruang > Berkemah & Hiking > Toilet & Pancuran Portabel > Toilet Portabel & Alat Urinasi > Kain Lap Kencing,2,Warna | Pola,False,fuzzy-raw
1620,ALAT PEMBUAT KOPI,7,true,5,Perawatan Diri & Rumah Tangga > Rumah Tangga > Peralatan & Perlengkapan Rumah Tangga > PERALATAN RUMAH TANGGA > PERALATAN DAN PENYIMPANAN DI DAPUR > ALAT DAPUR & AKSESORIS DAPUR > ALAT PEMBUAT KOPI,colour|material|model_code,3,0.0,0.0,0.2,0.0,0.2,0.0,0.0,0.8,FUZZY,Rumah & Taman > Dapur & Ruang Makan > Peralatan Dapur > Mesin Penyeduh Kopi & Espresso > Alat Pembuat Kopi Tuang,4,Jenis input kopi | Kelas efisiensi energi | Bahan | Sumber listrik,False,fuzzy-raw
1651,POMPA AIR GALON NON-ELEKTRIK,7,true,5,Perawatan Diri & Rumah Tangga > Rumah Tangga > Peralatan & Perlengkapan Rumah Tangga > PERALATAN RUMAH TANGGA > PERALATAN DAN PENYIMPANAN DI DAPUR > ALAT DAPUR & AKSESORIS DAPUR > POMPA AIR GALON NON-ELEKTRIK,,0,0.0,0.0,0.0,0.0,0.0,0.0,0.0,0.0,UNMAPPED,,0,,,
1687,TUTUP GELAS,7,false,5,Perawatan Diri & Rumah Tangga > Rumah Tangga > Peralatan & Perlengkapan Rumah Tangga > PERALATAN RUMAH TANGGA > PERALATAN DAN PENYIMPANAN DI DAPUR > PERALATAN MAKAN > TUTUP GELAS,colour|flavour|model_code,3,0.0,0.0,0.2,0.2,0.0,0.0,0.0,0.2,EXACT,Rumah & Taman > Dapur & Ruang Makan > Aksesori Peralatan Dapur > Aksesori Wajan Pipih & Wok Listrik > Tutup Gelas,7,Petunjuk pembersihan | Warna | Model penutup peralatan masak | Fitur peralatan masak/panggang | Fitur tutup | Bahan | Bentuk,False,exact-raw
1775,SUMPIT KAYU,8,true,5,Perawatan Diri & Rumah Tangga > Rumah Tangga > Peralatan & Perlengkapan Rumah Tangga > PERALATAN RUMAH TANGGA > PERALATAN DAN PENYIMPANAN DI DAPUR > PERALATAN MAKAN > SUMPIT > SUMPIT KAYU,pack_count,1,0.0,0.4,0.0,0.0,0.0,0.0,0.0,0.0,UNMAPPED,,0,,,
1818,SAOS TOMAT,5,false,5,Makanan dan Minuman > MAKANAN & BAHAN MAKANAN > SAUS > SAOS  PEDAS & SAMBAL > SAOS TOMAT,net_content,1,1.0,0.0,0.0,0.0,0.0,0.0,0.0,0.0,UNMAPPED,,0,,,
1822,SAOS TOMAT KEMASAN SACHET,6,true,5,Makanan dan Minuman > MAKANAN & BAHAN MAKANAN > SAUS > SAOS  PEDAS & SAMBAL > SAOS TOMAT > SAOS TOMAT KEMASAN SACHET,net_content|pack_count,2,0.8,1.0,0.0,0.0,0.0,0.0,0.0,0.0,UNMAPPED,,0,,,
1829,Rumah Tangga,2,false,5,Perawatan Diri & Rumah Tangga > Rumah Tangga,colour,1,0.0,0.0,0.2,0.0,0.0,0.0,0.0,0.0,AMBIGUOUS,,0,,,fuzzy-raw
1836,BERAS PORANG,4,true,5,Makanan dan Minuman > MAKANAN & BAHAN MAKANAN > BERAS > BERAS PORANG,colour|net_content|pack_count,3,0.8,0.4,0.2,0.0,0.0,0.0,0.0,0.0,UNMAPPED,,0,,,
1882,LEM TEMBAK,3,true,5,Perbaikan Rumah > ALAT ALAT PERBAIKAN RUMAH > LEM TEMBAK,model_code,1,0.0,0.0,0.0,0.0,0.0,0.0,0.0,0.2,EXACT,Seni & Hiburan > Hobi & Seni Kreatif > Seni & Kerajinan > Alat Seni & Kerajinan > Lem Tembak,7,Ukuran aksesori | Fitur lem tembak | Gaya nozel pistol lem | Pengoperasian lem tembak | Teknologi lem tembak | Sumber listrik | Suhu,False,exact-raw
84,COKLAT & COCOA BUBUK,3,false,4,"Makanan dan Minuman > COKLAT, KOPI & TEH > COKLAT & COCOA BUBUK",colour|flavour|net_content,3,1.0,0.0,0.5,0.25,0.0,0.0,0.0,0.0,UNMAPPED,,0,,,
128,PERLENGKAPAN BEPERGIAN ANAK & BAYI,3,false,4,Keperluan Anak dan Bayi > PERLENGKAPAN ANAK & BAYI > PERLENGKAPAN BEPERGIAN ANAK & BAYI,colour|model_code,2,0.0,0.0,0.75,0.0,0.0,0.0,0.0,1.0,UNMAPPED,,0,,,
137,PERAWATAN BADAN,3,false,4,Perawatan Diri & Rumah Tangga > Perawatan Diri > PERAWATAN BADAN,material|net_content,2,0.25,0.0,0.0,0.0,0.25,0.0,0.0,0.0,UNMAPPED,,0,,,
146,KEBUTUHAN KHUSUS LANJUT USIA,3,false,4,Perawatan Diri & Rumah Tangga > Perawatan Diri > KEBUTUHAN KHUSUS LANJUT USIA,net_content|pack_count,2,0.5,1.0,0.0,0.0,0.0,0.0,0.0,0.0,UNMAPPED,,0,,,
159,KIKIR,3,true,4,Perbaikan Rumah > ALAT ALAT PERBAIKAN RUMAH > KIKIR,colour|material,2,0.0,0.0,0.5,0.0,0.5,0.0,0.0,0.0,UNMAPPED,,0,,,
212,GUNTING JAHIT,3,false,4,"Hobi, Ibadah, dan Olahraga > MENJAHIT > GUNTING JAHIT",material,1,0.0,0.0,0.0,0.0,0.25,0.0,0.0,0.0,UNMAPPED,,0,,,
215,KAPUR JAHIT,3,true,4,"Hobi, Ibadah, dan Olahraga > MENJAHIT > KAPUR JAHIT",colour,1,0.0,0.0,0.75,0.0,0.0,0.0,0.0,0.0,UNMAPPED,,0,,,
216,MATA PLASTIK UNTUK PRAKARYA,3,true,4,"Hobi, Ibadah, dan Olahraga > MENJAHIT > MATA PLASTIK UNTUK PRAKARYA",,0,0.0,0.0,0.0,0.0,0.0,0.0,0.0,0.0,UNMAPPED,,0,,,
223,VETERBAN,3,true,4,"Hobi, Ibadah, dan Olahraga > MENJAHIT > VETERBAN",colour,1,0.0,0.0,0.75,0.0,0.0,0.0,0.0,0.0,UNMAPPED,,0,,,
224,ALAT PANCING (REEL PANCINGAN),3,true,4,"Hobi, Ibadah, dan Olahraga > MEMANCING > ALAT PANCING (REEL PANCINGAN)",colour,1,0.0,0.0,0.25,0.0,0.0,0.0,0.0,0.0,UNMAPPED,,0,,,
352,CUTTER & REFILL,3,false,4,Alat dan Buku Tulis > PERALATAN UMUM > CUTTER & REFILL,colour,1,0.0,0.0,0.25,0.0,0.0,0.0,0.0,0.0,UNMAPPED,,0,,,
496,SLEEPING BAG,3,true,4,Mainan dan Alat Lainnya > ALAT LAINNYA > SLEEPING BAG,colour|model_code,2,0.0,0.0,0.5,0.0,0.0,0.0,0.0,0.5,UNMAPPED,,0,,,
507,MINUMAN DENGAN LIDAH BUAYA,4,true,4,Makanan dan Minuman > MINUMAN > MINUMAN DALAM KEMASAN > MINUMAN DENGAN LIDAH BUAYA,colour|flavour|net_content,3,1.0,0.0,0.5,0.25,0.0,0.0,0.0,0.0,UNMAPPED,,0,,,
580,GULA CAIR,4,true,4,Makanan dan Minuman > MAKANAN & BAHAN MAKANAN > GULA & PEMANIS > GULA CAIR,net_content|scent,2,1.0,0.0,0.0,0.0,0.0,0.0,0.25,0.0,UNMAPPED,,0,,,
622,UDON KERING,4,true,4,Makanan dan Minuman > MAKANAN & BAHAN MAKANAN > MIE KERING & PASTA > UDON KERING,net_content,1,1.0,0.0,0.0,0.0,0.0,0.0,0.0,0.0,UNMAPPED,,0,,,
655,TEPUNG BERAS,4,true,4,Makanan dan Minuman > MAKANAN & BAHAN MAKANAN > TEPUNG > TEPUNG BERAS,net_content|scent,2,1.0,0.0,0.0,0.0,0.0,0.0,0.75,0.0,UNMAPPED,,0,,,
676,MANGGA,4,true,4,Makanan dan Minuman > FRESH > BUAH > MANGGA,,0,0.0,0.0,0.0,0.0,0.0,0.0,0.0,0.0,EXACT,"Makanan, Minuman & Tembakau > Item Makanan > Buah & Sayur > Buah Segar & Beku > Stone Fruit > Mangga",5,Informasi alergen | Preferensi diet | Bentuk produk makanan | Gaya potongan buah | Persyaratan penyimpanan,False,exact-raw
678,MELON,4,true,4,Makanan dan Minuman > FRESH > BUAH > MELON,colour,1,0.0,0.0,0.5,0.0,0.0,0.0,0.0,0.0,EXACT,"Makanan, Minuman & Tembakau > Item Makanan > Buah & Sayur > Buah Segar & Beku > Melon",7,Informasi alergen | Preferensi diet | Warna daging buah | Bentuk produk makanan | Gaya potongan buah | Varietas melon | Persyaratan penyimpanan,False,exact-raw
692,IKAN SALMON SEGAR,4,true,4,Makanan dan Minuman > FRESH > IKAN & SEAFOOD SEGAR > IKAN SALMON SEGAR,model_code|net_content,2,1.0,0.0,0.0,0.0,0.0,0.0,0.0,0.5,UNMAPPED,,0,,,
702,BAWANG PUTIH,4,false,4,Makanan dan Minuman > FRESH > SAYURAN SEGAR > BAWANG PUTIH,model_code|net_content,2,0.5,0.0,0.0,0.0,0.0,0.0,0.0,0.25,EXACT,"Makanan, Minuman & Tembakau > Item Makanan > Buah & Sayur > Sayur Segar & Beku > Bawang Putih",8,Informasi alergen | Metode memasak | Preferensi diet | Bentuk produk makanan | Gaya pengolahan bawang putih | Varietas bawang putih | Persyaratan penyimpanan | Gaya pengolahan sayuran,False,exact-raw
746,LENGKUAS,4,true,4,Makanan dan Minuman > FRESH > SAYURAN SEGAR > LENGKUAS,net_content,1,0.25,0.0,0.0,0.0,0.0,0.0,0.0,0.0,UNMAPPED,,0,,,
776,TAOGE,4,true,4,Makanan dan Minuman > FRESH > SAYURAN SEGAR > TAOGE,,0,0.0,0.0,0.0,0.0,0.0,0.0,0.0,0.0,UNMAPPED,,0,,,
784,WORTEL,4,true,4,Makanan dan Minuman > FRESH > SAYURAN SEGAR > WORTEL,model_code|net_content,2,0.25,0.0,0.0,0.0,0.0,0.0,0.0,0.25,EXACT,"Makanan, Minuman & Tembakau > Item Makanan > Buah & Sayur > Sayur Segar & Beku > Wortel",8,Informasi alergen | Ukuran wortel | Varietas wortel | Metode memasak | Preferensi diet | Bentuk produk makanan | Persyaratan penyimpanan | Gaya pengolahan sayuran,False,exact-raw
804,SABUN ANAK & BAYI,4,false,4,Keperluan Anak dan Bayi > PERAWATAN ANAK & BAYI > PERAWATAN KULIT ANAK & BAYI > SABUN ANAK & BAYI,net_content,1,0.75,0.0,0.0,0.0,0.0,0.0,0.0,0.0,UNMAPPED,,0,,,
852,BOTOL FEEDER ANAK & BAYI,4,true,4,Keperluan Anak dan Bayi > PERLENGKAPAN ANAK & BAYI > PERLENGKAPAN MAKAN ANAK & BAYI  > BOTOL FEEDER ANAK & BAYI,colour|material|model_code|net_content,4,0.25,0.0,0.25,0.0,0.25,0.0,0.0,0.75,UNMAPPED,,0,,,
897,BEDAK,4,true,4,Perawatan Diri & Rumah Tangga > Perawatan Diri > PERAWATAN BADAN > BEDAK,net_content|scent,2,1.0,0.0,0.0,0.0,0.0,0.0,1.0,0.0,UNMAPPED,,0,,,
904,SABUN BADAN,4,false,4,Perawatan Diri & Rumah Tangga > Perawatan Diri > PERAWATAN BADAN > SABUN BADAN,colour|model_code|net_content|scent,4,1.0,0.0,0.25,0.0,0.0,0.0,0.25,0.25,UNMAPPED,,0,,,
905,SABUN CUCI TANGAN,4,false,4,Perawatan Diri & Rumah Tangga > Perawatan Diri > PERAWATAN BADAN > SABUN CUCI TANGAN,colour|net_content|scent,3,0.5,0.0,0.25,0.0,0.0,0.0,0.25,0.0,UNMAPPED,,0,,,
934,PELUMAS,4,true,4,Perawatan Diri & Rumah Tangga > Perawatan Diri > KESEHATAN SEKSUAL > PELUMAS,net_content,1,1.0,0.0,0.0,0.0,0.0,0.0,0.0,0.0,EXACT,Perkakas > Bahan Bangunan Habis Pakai > Pelumas,5,Warna | Fitur daya tahan | Jenis dispenser pelumas | Pola | Cocok untuk jenis bahan,True,exact-raw
940,KAPUR ANTI HAMA,4,true,4,Perawatan Diri & Rumah Tangga > Rumah Tangga > ANTI HAMA & SERANGGA > KAPUR ANTI HAMA,net_content|pack_count,2,1.0,1.0,0.0,0.0,0.0,0.0,0.0,0.0,UNMAPPED,,0,,,
975,DUDUKAN PLAT NOMOR MOBIL,4,true,4,"Hobi, Ibadah, dan Olahraga > Perawatan & Suku Cadang Mobil > AKSESORIS MOBIL > DUDUKAN PLAT NOMOR MOBIL",colour,1,0.0,0.0,0.5,0.0,0.0,0.0,0.0,0.0,UNMAPPED,,0,,,
989,SEMIR BAN MOBIL,4,true,4,"Hobi, Ibadah, dan Olahraga > Perawatan & Suku Cadang Mobil > PERAWATAN MOBIL > SEMIR BAN MOBIL",net_content,1,0.5,0.0,0.0,0.0,0.0,0.0,0.0,0.0,UNMAPPED,,0,,,
1006,SEMIR BAN MOTOR,4,true,4,"Hobi, Ibadah, dan Olahraga > Perawatan & Suku Cadang Motor > PERAWATAN MOTOR > SEMIR BAN MOTOR",colour|model_code|net_content,3,1.0,0.0,0.75,0.0,0.0,0.0,0.0,0.25,UNMAPPED,,0,,,
1008,BENANG KASUR,4,true,4,"Hobi, Ibadah, dan Olahraga > MENJAHIT > BENANG > BENANG KASUR",colour,1,0.0,0.0,0.5,0.0,0.0,0.0,0.0,0.0,UNMAPPED,,0,,,
1032,TAMBOURINE,4,true,4,"Hobi, Ibadah, dan Olahraga > OLAHRAGA > ALAT MUSIK > TAMBOURINE",model_code|pack_count,2,0.0,0.25,0.0,0.0,0.0,0.0,0.0,0.25,UNMAPPED,,0,,,
1040,KACAMATA MENYELAM & SNORKEL,4,true,4,"Hobi, Ibadah, dan Olahraga > OLAHRAGA > PERALATAN & PERLENGKAPAN RENANG > KACAMATA MENYELAM & SNORKEL",,0,0.0,0.0,0.0,0.0,0.0,0.0,0.0,0.0,UNMAPPED,,0,,,
1048,CONE / MANGKOK PLASTIK OLAHRAGA,4,true,4,"Hobi, Ibadah, dan Olahraga > OLAHRAGA > PERALATAN & PERLENGKAPAN FITNESS > CONE / MANGKOK PLASTIK OLAHRAGA",,0,0.0,0.0,0.0,0.0,0.0,0.0,0.0,0.0,UNMAPPED,,0,,,
1058,HELM SEPEDA,4,true,4,"Hobi, Ibadah, dan Olahraga > OLAHRAGA > PERALATAN & PERLENGKAPAN SEPEDA > HELM SEPEDA",colour|material,2,0.0,0.0,1.0,0.0,1.0,0.0,0.0,0.0,EXACT,Peralatan Olahraga > Rekreasi Luar Ruang > Bersepeda > Pakaian & Aksesori Bersepeda > Helm Sepeda,8,Ukuran aksesori | Kelompok usia | Ukuran baterai | Jenis baterai | Warna | Pola | Peringkat perlindungan matahari (UPF) | Fitur visibilitas,False,exact-raw
1064,BOLA VOLLEY,4,true,4,"Hobi, Ibadah, dan Olahraga > OLAHRAGA > PERALATAN & PERLENGKAPAN VOLLEY > BOLA VOLLEY",,0,0.0,0.0,0.0,0.0,0.0,0.0,0.0,0.0,UNMAPPED,,0,,,
1084,HEADPHONE,4,true,4,Elektronik > ALAT ELEKTRONIK KANTOR & GADGET > PERLENGKAPAN KOMPUTER > HEADPHONE,colour|model_code,2,0.0,0.0,0.5,0.0,0.0,0.0,0.0,0.75,EXACT,Elektronik > Audio > Komponen Audio > Headphone & Headset > Headphone,18,Faktor bentuk komponen audio | Konektivitas audio | Ukuran baterai | Jenis baterai | Jenis antarmuka pengisian daya | Warna | Teknologi konektivitas | Antarmuka perangkat | Fitur earphone | Teknologi driver headphone | Gaya headphone | Peringkat ingress protection (IP) | Bahan | Kedalaman bit maksimum | Jenis mikrofon | Teknologi peredam kebisingan | Pola | Sumber listrik,True,exact-raw
1090,ROUTER WIFI,4,true,4,Elektronik > ALAT ELEKTRONIK KANTOR & GADGET > PERLENGKAPAN KOMPUTER > ROUTER WIFI,model_code,1,0.0,0.0,0.0,0.0,0.0,0.0,0.0,1.0,UNMAPPED,,0,,,
1204,CELANA BATIK WANITA,4,true,4,Fashion > FASHION WANITA > BATIK WANITA > CELANA BATIK WANITA,,0,0.0,0.0,0.0,0.0,0.0,0.0,0.0,0.0,UNMAPPED,,0,,,
1292,TONGKAT PRAMUKA,4,true,4,Fashion > SERAGAM & ATRIBUT SEKOLAH > ATRIBUT SEKOLAH & KELENGKAPAN LAINNYA > TONGKAT PRAMUKA,,0,0.0,0.0,0.0,0.0,0.0,0.0,0.0,0.0,UNMAPPED,,0,,,
1301,KUAS MASKER,4,true,4,Kosmetik dan Alat Kecantikan > ALAT KECANTIKAN > KUAS & APLIKATOR MAKE UP > KUAS MASKER,pack_count,1,0.0,0.25,0.0,0.0,0.0,0.0,0.0,0.0,UNMAPPED,,0,,,
1375,MINYAK IKAN,5,true,4,Perawatan Diri & Rumah Tangga > Perawatan Diri > MULTIVITAMIN & SUPLEMEN > SUPLEMEN MAKANAN > MINYAK IKAN,flavour|net_content,2,0.5,0.0,0.0,0.5,0.0,0.0,0.0,0.0,EXACT,Hewan & Perlengkapan Hewan Piaraan > Perlengkapan Hewan Piaraan > Vitamin & Suplemen Hewan Piaraan > Minyak Ikan,3,Preferensi diet hewan peliharaan | Rasa makanan hewan peliharaan | Formulir produk perlengkapan hewan peliharaan,False,exact-raw
1386,MINYAK TAWON,5,true,4,Perawatan Diri & Rumah Tangga > Perawatan Diri > OBAT-OBATAN > PEREDA NYERI & OBAT LUAR > MINYAK TAWON,net_content,1,0.25,0.0,0.0,0.0,0.0,0.0,0.0,0.0,UNMAPPED,,0,,,
1391,OBAT MINUM UNTUK BATUK & PILEK,5,false,4,Perawatan Diri & Rumah Tangga > Perawatan Diri > OBAT-OBATAN > OBAT MINUM > OBAT MINUM UNTUK BATUK & PILEK,flavour|net_content|pack_count,3,1.0,0.25,0.0,0.5,0.0,0.0,0.0,0.0,FUZZY,"Kesehatan & Kecantikan > Perawatan Kesehatan > Obat-Obatan & Narkoba > Obat Batuk, Pilek dan Flu",8,Bahan aktif | Kelompok usia | Preferensi diet | Rasa | Bentuk Obat | Status resep | Rute pemberian | Tujuan perawatan,False,fuzzy-raw
1419,CAIRAN PENCUCI PIRING,5,false,4,Perawatan Diri & Rumah Tangga > Rumah Tangga > BAHAN PEMBERSIH RUMAH > PEMBERSIH DAPUR > CAIRAN PENCUCI PIRING,colour|flavour|net_content,3,0.75,0.0,0.25,0.5,0.0,0.0,0.0,0.0,UNMAPPED,,0,,,
1447,SARUNG GITAR (CASE),5,true,4,"Hobi, Ibadah, dan Olahraga > OLAHRAGA > ALAT MUSIK > GITAR > SARUNG GITAR (CASE)",,0,0.0,0.0,0.0,0.0,0.0,0.0,0.0,0.0,UNMAPPED,,0,,,
1449,UKULELE,5,true,4,"Hobi, Ibadah, dan Olahraga > OLAHRAGA > ALAT MUSIK > GITAR > UKULELE",model_code,1,0.0,0.0,0.0,0.0,0.0,0.0,0.0,0.5,EXACT,Seni & Hiburan > Hobi & Seni Kreatif > Alat Musik > Alat Musik Dawai > Ukulele,10,Warna alat musik | Bahan alat musik | Pola alat musik | Warna senar alat musik | Bahan senar alat musik | Pola senar alat musik | Bentuk badan ukulele | Konfigurasi elektronik ukulele | Penyetelan senar ukulele re-entrant | Jenis penyetel ukulele,True,exact-raw
1525,SARUNG TANGAN,6,false,4,Perawatan Diri & Rumah Tangga > Rumah Tangga > Peralatan & Perlengkapan Rumah Tangga > PERALATAN RUMAH TANGGA > PERALATAN KEBERSIHAN RUMAH TANGGA > SARUNG TANGAN,material,1,0.0,0.0,0.0,0.0,0.5,0.0,0.0,0.0,AMBIGUOUS,,0,,,fuzzy-raw
1566,MATRAS LIPAT,6,true,4,Perawatan Diri & Rumah Tangga > Rumah Tangga > Peralatan & Perlengkapan Rumah Tangga > PERLENGKAPAN RUMAH TANGGA > PERLENGKAPAN KAMAR & KAMAR MANDI > MATRAS LIPAT,colour,1,0.0,0.0,0.5,0.0,0.0,0.0,0.0,0.0,UNMAPPED,,0,,,
1575,FLOOR MOP UNTUK MENYAPU,7,true,4,Perawatan Diri & Rumah Tangga > Rumah Tangga > Peralatan & Perlengkapan Rumah Tangga > PERALATAN RUMAH TANGGA > PERALATAN KEBERSIHAN RUMAH TANGGA > FLOOR MOP > FLOOR MOP UNTUK MENYAPU,model_code,1,0.0,0.0,0.0,0.0,0.0,0.0,0.0,0.25,UNMAPPED,,0,,,
1652,RAK PENGERING GELAS ,7,true,4,Perawatan Diri & Rumah Tangga > Rumah Tangga > Peralatan & Perlengkapan Rumah Tangga > PERALATAN RUMAH TANGGA > PERALATAN DAN PENYIMPANAN DI DAPUR > ALAT DAPUR & AKSESORIS DAPUR > RAK PENGERING GELAS ,model_code,1,0.0,0.0,0.0,0.0,0.0,0.0,0.0,0.5,FUZZY,Bisnis & Industri > Hotel & Perhotelan > Perlengkapan Perhotelan > Peralatan Bawah Bar > Rak Gelas,3,Warna | Pola | Desain rak,False,fuzzy-raw
1685,SUMPIT,7,false,4,Perawatan Diri & Rumah Tangga > Rumah Tangga > Peralatan & Perlengkapan Rumah Tangga > PERALATAN RUMAH TANGGA > PERALATAN DAN PENYIMPANAN DI DAPUR > PERALATAN MAKAN > SUMPIT,colour|material,2,0.0,0.0,0.25,0.0,0.75,0.0,0.0,0.0,EXACT,Rumah & Taman > Dapur & Ruang Makan > Peralatan Makan > Peralatan Makan > Sumpit,12,Gaya sumpit | Petunjuk pembersihan | Warna | Finis | Bahan peralatan makan | Peralatan makan yang disertakan | Bahan pegangan | Jenis Kayu | Pola | Bahan peralatan makan | Jenis penggunaan | Finishing kayu,False,exact-raw
1722,RANTANG STAINLESS,8,true,4,Perawatan Diri & Rumah Tangga > Rumah Tangga > Peralatan & Perlengkapan Rumah Tangga > PERALATAN RUMAH TANGGA > PERALATAN DAN PENYIMPANAN DI DAPUR > TEMPAT PENYIMPANAN MAKANAN & MINUMAN > TEMPAT PENYIMPANAN MAKANAN > RANTANG STAINLESS,,0,0.0,0.0,0.0,0.0,0.0,0.0,0.0,0.0,UNMAPPED,,0,,,
1730,BESEK ANYAMAN,8,true,4,Perawatan Diri & Rumah Tangga > Rumah Tangga > Peralatan & Perlengkapan Rumah Tangga > PERALATAN RUMAH TANGGA > PERALATAN DAN PENYIMPANAN DI DAPUR > KERANJANG & TEMPAT SAMPAH > KERANJANG DAPUR > BESEK ANYAMAN,material|pack_count,2,0.0,0.25,0.0,0.0,0.25,0.0,0.0,0.0,UNMAPPED,,0,,,
1732,KERANJANG TELUR BESI,8,true,4,Perawatan Diri & Rumah Tangga > Rumah Tangga > Peralatan & Perlengkapan Rumah Tangga > PERALATAN RUMAH TANGGA > PERALATAN DAN PENYIMPANAN DI DAPUR > KERANJANG & TEMPAT SAMPAH > KERANJANG DAPUR > KERANJANG TELUR BESI,model_code,1,0.0,0.0,0.0,0.0,0.0,0.0,0.0,0.25,UNMAPPED,,0,,,
1771,CANGKIR STAINLESS STEEL,8,true,4,Perawatan Diri & Rumah Tangga > Rumah Tangga > Peralatan & Perlengkapan Rumah Tangga > PERALATAN RUMAH TANGGA > PERALATAN DAN PENYIMPANAN DI DAPUR > PERALATAN MAKAN > CANGKIR > CANGKIR STAINLESS STEEL,,0,0.0,0.0,0.0,0.0,0.0,0.0,0.0,0.0,UNMAPPED,,0,,,
1777,SUMPIT STAINLESS STEEL,8,true,4,Perawatan Diri & Rumah Tangga > Rumah Tangga > Peralatan & Perlengkapan Rumah Tangga > PERALATAN RUMAH TANGGA > PERALATAN DAN PENYIMPANAN DI DAPUR > PERALATAN MAKAN > SUMPIT > SUMPIT STAINLESS STEEL,model_code|pack_count,2,0.0,0.25,0.0,0.0,0.0,0.0,0.0,0.5,UNMAPPED,,0,,,
1780,SEDOTAN STAINLESS STEEL,8,true,4,Perawatan Diri & Rumah Tangga > Rumah Tangga > Peralatan & Perlengkapan Rumah Tangga > PERALATAN RUMAH TANGGA > PERALATAN DAN PENYIMPANAN DI DAPUR > PERALATAN MAKAN > SEDOTAN > SEDOTAN STAINLESS STEEL,pack_count,1,0.0,0.25,0.0,0.0,0.0,0.0,0.0,0.0,UNMAPPED,,0,,,
1810,COTTON OBRAL,5,true,4,UNUSED > AREA DISPLAY > CARDINAL > CARDINAL OBRAL > COTTON OBRAL,model_code,1,0.0,0.0,0.0,0.0,0.0,0.0,0.0,1.0,UNMAPPED,,0,,,
1819,SAOS CABAI,5,false,4,Makanan dan Minuman > MAKANAN & BAHAN MAKANAN > SAUS > SAOS  PEDAS & SAMBAL > SAOS CABAI,net_content|pack_count,2,1.0,1.0,0.0,0.0,0.0,0.0,0.0,0.0,UNMAPPED,,0,,,
1847,SAUS LAINNYA,4,true,4,Makanan dan Minuman > MAKANAN & BAHAN MAKANAN > SAUS > SAUS LAINNYA,net_content,1,0.75,0.0,0.0,0.0,0.0,0.0,0.0,0.0,UNMAPPED,,0,,,
1849,SAMBAL KEMASAN POUCH,6,true,4,Makanan dan Minuman > MAKANAN & BAHAN MAKANAN > SAUS > SAOS  PEDAS & SAMBAL > SAOS SAMBAL > SAMBAL KEMASAN POUCH,net_content,1,1.0,0.0,0.0,0.0,0.0,0.0,0.0,0.0,UNMAPPED,,0,,,
1888,RING KARET,3,true,4,Perbaikan Rumah > PERLENGKAPAN PERBAIKAN RUMAH > RING KARET,pack_count,1,0.0,0.5,0.0,0.0,0.0,0.0,0.0,0.0,UNMAPPED,,0,,,
13,"COKLAT, KOPI & TEH",2,false,3,"Makanan dan Minuman > COKLAT, KOPI & TEH",colour|net_content|pack_count,3,0.667,0.333,0.333,0.0,0.0,0.0,0.0,0.0,UNMAPPED,,0,,,
33,BERIBADAH,2,false,3,"Hobi, Ibadah, dan Olahraga > BERIBADAH",,0,0.0,0.0,0.0,0.0,0.0,0.0,0.0,0.0,UNMAPPED,,0,,,
105,SEREAL & SARAPAN,3,false,3,Makanan dan Minuman > MAKANAN & BAHAN MAKANAN > SEREAL & SARAPAN,net_content,1,1.0,0.0,0.0,0.0,0.0,0.0,0.0,0.0,FUZZY,"Makanan, Minuman & Tembakau > Item Makanan > Bijian, Beras & Sereal > Sereal & Granola > Sereal Sarapan Dingin",5,Informasi alergen | Jenis sereal | Preferensi diet | Rasa | Persyaratan penyimpanan,False,fuzzy-raw
122,PERAWATAN RAMBUT ANAK & BAYI,3,false,3,Keperluan Anak dan Bayi > PERAWATAN ANAK & BAYI > PERAWATAN RAMBUT ANAK & BAYI,net_content|scent,2,1.0,0.0,0.0,0.0,0.0,0.0,0.333,0.0,AMBIGUOUS,,0,,,exact-stripped
123,PERALATAN KEBERSIHAN ANAK & BAYI,3,false,3,Keperluan Anak dan Bayi > PERALATAN UNTUK ANAK & BAYI > PERALATAN KEBERSIHAN ANAK & BAYI,colour,1,0.0,0.0,1.0,0.0,0.0,0.0,0.0,0.0,UNMAPPED,,0,,,
142,MULTIVITAMIN & SUPLEMEN,3,false,3,Perawatan Diri & Rumah Tangga > Perawatan Diri > MULTIVITAMIN & SUPLEMEN,flavour|material|model_code|net_content|pack_count,5,0.667,0.667,0.0,0.333,0.333,0.0,0.0,0.333,EXACT,Kesehatan & Kecantikan > Perawatan Kesehatan > Kebugaran & Nutrisi > Vitamin & Suplemen > Suplemen Multivitamin,13,Kelompok usia | Informasi alergen | Bahan terperinci | Preferensi diet | Suplemen makanan | Penggunaan makanan | Rasa | Bentuk suplemen makanan | Sertifikasi & standar produk | Mekanisme pelepasan | Rute pemberian | Fokus kesehatan suplemen | Jenis kelamin sasaran,False,exact-raw
153,BOR LISTRIK & LAINNYA,3,false,3,Perbaikan Rumah > ALAT ALAT PERBAIKAN RUMAH > BOR LISTRIK & LAINNYA,pack_count,1,0.0,0.333,0.0,0.0,0.0,0.0,0.0,0.0,FUZZY,Perkakas > Peralatan > Bor > Bor Listrik Genggam,7,Ukuran baterai | Jenis baterai | Jenis chuck | Warna | Fitur bor | Pola | Sumber listrik,True,fuzzy-raw
166,ROSKAM,3,true,3,Perbaikan Rumah > ALAT ALAT PERBAIKAN RUMAH > ROSKAM,material,1,0.0,0.0,0.0,0.0,0.333,0.0,0.0,0.0,UNMAPPED,,0,,,
182,THINNER,3,true,3,Perbaikan Rumah > MATERIAL PERBAIKAN RUMAH > THINNER,colour|material,2,0.0,0.0,0.333,0.0,0.667,0.0,0.0,0.0,UNMAPPED,,0,,,
189,HELM KESELAMATAN / HELM PROYEK (SAFETY),3,true,3,Perbaikan Rumah > PERLENGKAPAN PERBAIKAN RUMAH > HELM KESELAMATAN / HELM PROYEK (SAFETY),colour,1,0.0,0.0,1.0,0.0,0.0,0.0,0.0,0.0,UNMAPPED,,0,,,
201,TANGGA,3,true,3,Perbaikan Rumah > PERLENGKAPAN PERBAIKAN RUMAH > TANGGA,material|model_code,2,0.0,0.0,0.0,0.0,0.333,0.0,0.0,0.667,AMBIGUOUS,,0,,,exact-raw
218,PENDEDEL,3,true,3,"Hobi, Ibadah, dan Olahraga > MENJAHIT > PENDEDEL",material,1,0.0,0.0,0.0,0.0,0.333,0.0,0.0,0.0,UNMAPPED,,0,,,
241,FLORAL FOAM,3,true,3,"Hobi, Ibadah, dan Olahraga > BERKEBUN > FLORAL FOAM",,0,0.0,0.0,0.0,0.0,0.0,0.0,0.0,0.0,UNMAPPED,,0,,,
245,INSEKTISIDA,3,true,3,"Hobi, Ibadah, dan Olahraga > BERKEBUN > INSEKTISIDA",model_code|net_content,2,1.0,0.0,0.0,0.0,0.0,0.0,0.0,0.333,UNMAPPED,,0,,,
330,TEROMPET,3,true,3,Alat dan Buku Tulis > DEKORASI & KELENGKAPAN PESTA > TEROMPET,model_code,1,0.0,0.0,0.0,0.0,0.0,0.0,0.0,0.333,UNMAPPED,,0,,,
339,KERTAS FOLIO,3,true,3,Alat dan Buku Tulis > KERTAS > KERTAS FOLIO,net_content|pack_count,2,0.333,0.333,0.0,0.0,0.0,0.0,0.0,0.0,UNMAPPED,,0,,,
413,PAKAIAN OLAHRAGA PRIA,3,false,3,Fashion > PAKAIAN OLAHRAGA > PAKAIAN OLAHRAGA PRIA,,0,0.0,0.0,0.0,0.0,0.0,0.0,0.0,0.0,UNMAPPED,,0,,,
427,LIONTIN DEWASA,3,true,3,Fashion > PERHIASAN DEWASA > LIONTIN DEWASA,,0,0.0,0.0,0.0,0.0,0.0,0.0,0.0,0.0,EXACT,Busana dan Aksesori > Perhiasan > Bandul & Liontin > Liontin,7,Kelompok usia | Warna | Bahan perhiasan | Jenis perhiasan | Pola | Jenis pengaturan batu | Jenis kelamin sasaran,False,exact-stripped
484,MONOPOLI,3,true,3,Mainan dan Alat Lainnya > MAINAN DENGAN PAPAN (BOARD GAME) > MONOPOLI,model_code|pack_count,2,0.0,0.333,0.0,0.0,0.0,0.0,0.0,0.333,UNMAPPED,,0,,,
490,KARTU REMI,3,true,3,Mainan dan Alat Lainnya > PERMAINAN KARTU > KARTU REMI,material,1,0.0,0.0,0.0,0.0,0.333,0.0,0.0,0.0,UNMAPPED,,0,,,
498,TERPAL,3,true,3,Mainan dan Alat Lainnya > ALAT LAINNYA > TERPAL,pack_count,1,0.0,1.0,0.0,0.0,0.0,0.0,0.0,0.0,EXACT,Perkakas > Aksesori Perkakas > Terpal,3,Warna | Bahan | Pola,True,exact-raw
502,SUSU,4,false,3,Makanan dan Minuman > MINUMAN > MINUMAN DALAM KEMASAN > SUSU,colour|net_content,2,1.0,0.0,0.667,0.0,0.0,0.0,0.0,0.0,AMBIGUOUS,,0,,,exact-raw
611,KWETIAU INSTAN BUNGKUS,4,true,3,"Makanan dan Minuman > MAKANAN & BAHAN MAKANAN > MIE, BIHUN, KWETIAU INSTAN > KWETIAU INSTAN BUNGKUS",flavour|net_content,2,1.0,0.0,0.0,0.333,0.0,0.0,0.0,0.0,UNMAPPED,,0,,,
656,TEPUNG KETAN,4,true,3,Makanan dan Minuman > MAKANAN & BAHAN MAKANAN > TEPUNG > TEPUNG KETAN,colour|model_code|net_content|scent,4,1.0,0.0,0.333,0.0,0.0,0.0,0.667,0.333,UNMAPPED,,0,,,
662,ALPUKAT,4,true,3,Makanan dan Minuman > FRESH > BUAH > ALPUKAT,,0,0.0,0.0,0.0,0.0,0.0,0.0,0.0,0.0,EXACT,"Makanan, Minuman & Tembakau > Item Makanan > Buah & Sayur > Buah Segar & Beku > Alpukat",6,Informasi alergen | Varietas alpukat | Preferensi diet | Bentuk produk makanan | Gaya potongan buah | Persyaratan penyimpanan,False,exact-raw
669,JAMBU,4,true,3,Makanan dan Minuman > FRESH > BUAH > JAMBU,,0,0.0,0.0,0.0,0.0,0.0,0.0,0.0,0.0,UNMAPPED,,0,,,
680,NANAS,4,true,3,Makanan dan Minuman > FRESH > BUAH > NANAS,,0,0.0,0.0,0.0,0.0,0.0,0.0,0.0,0.0,EXACT,"Makanan, Minuman & Tembakau > Item Makanan > Buah & Sayur > Buah Segar & Beku > Nanas",5,Informasi alergen | Preferensi diet | Bentuk produk makanan | Gaya potongan buah | Persyaratan penyimpanan,False,exact-raw
687,SEMANGKA,4,true,3,Makanan dan Minuman > FRESH > BUAH > SEMANGKA,colour|flavour,2,0.0,0.0,0.333,0.333,0.0,0.0,0.0,0.0,UNMAPPED,,0,,,
693,IKAN DORY SEGAR,4,true,3,Makanan dan Minuman > FRESH > IKAN & SEAFOOD SEGAR > IKAN DORY SEGAR,net_content|pack_count,2,0.333,0.333,0.0,0.0,0.0,0.0,0.0,0.0,UNMAPPED,,0,,,
698,ASAM JAWA,4,true,3,Makanan dan Minuman > FRESH > SAYURAN SEGAR > ASAM JAWA,net_content,1,1.0,0.0,0.0,0.0,0.0,0.0,0.0,0.0,EXACT,"Makanan, Minuman & Tembakau > Item Makanan > Buah & Sayur > Buah Segar & Beku > Asam Jawa",6,Informasi alergen | Preferensi diet | Bentuk produk makanan | Gaya potongan buah | Persyaratan penyimpanan | Varietas asam jawa,False,exact-raw
705,BROKOLI,4,true,3,Makanan dan Minuman > FRESH > SAYURAN SEGAR > BROKOLI,,0,0.0,0.0,0.0,0.0,0.0,0.0,0.0,0.0,AMBIGUOUS,,0,,,exact-raw
710,DAUN BAWANG,4,true,3,Makanan dan Minuman > FRESH > SAYURAN SEGAR > DAUN BAWANG,,0,0.0,0.0,0.0,0.0,0.0,0.0,0.0,0.0,UNMAPPED,,0,,,
723,KACANG MERAH,4,true,3,Makanan dan Minuman > FRESH > SAYURAN SEGAR > KACANG MERAH,net_content,1,0.333,0.0,0.0,0.0,0.0,0.0,0.0,0.0,UNMAPPED,,0,,,
735,KEMIRI,4,true,3,Makanan dan Minuman > FRESH > SAYURAN SEGAR > KEMIRI,net_content,1,1.0,0.0,0.0,0.0,0.0,0.0,0.0,0.0,UNMAPPED,,0,,,
741,KUNYIT,4,true,3,Makanan dan Minuman > FRESH > SAYURAN SEGAR > KUNYIT,,0,0.0,0.0,0.0,0.0,0.0,0.0,0.0,0.0,UNMAPPED,,0,,,
763,SAWI PUTIH,4,true,3,Makanan dan Minuman > FRESH > SAYURAN SEGAR > SAWI PUTIH,,0,0.0,0.0,0.0,0.0,0.0,0.0,0.0,0.0,UNMAPPED,,0,,,
772,SELEDRI,4,true,3,Makanan dan Minuman > FRESH > SAYURAN SEGAR > SELEDRI,model_code|net_content,2,0.667,0.0,0.0,0.0,0.0,0.0,0.0,0.333,EXACT,"Makanan, Minuman & Tembakau > Item Makanan > Buah & Sayur > Sayur Segar & Beku > Seledri",8,Informasi alergen | Bentuk seledri | Varietas seledri | Metode memasak | Preferensi diet | Bentuk produk makanan | Persyaratan penyimpanan | Gaya pengolahan sayuran,False,exact-raw
773,SEREH,4,true,3,Makanan dan Minuman > FRESH > SAYURAN SEGAR > SEREH,,0,0.0,0.0,0.0,0.0,0.0,0.0,0.0,0.0,UNMAPPED,,0,,,
775,TAHU JEPANG,4,true,3,Makanan dan Minuman > FRESH > SAYURAN SEGAR > TAHU JEPANG,model_code|net_content,2,0.667,0.0,0.0,0.0,0.0,0.0,0.0,0.333,UNMAPPED,,0,,,
785,ZUKINI,4,true,3,Makanan dan Minuman > FRESH > SAYURAN SEGAR > ZUKINI,,0,0.0,0.0,0.0,0.0,0.0,0.0,0.0,0.0,UNMAPPED,,0,,,
822,BABY WALKER,4,true,3,Keperluan Anak dan Bayi > PERALATAN UNTUK ANAK & BAYI > PERALATAN BEPERGIAN ANAK & BAYI > BABY WALKER,net_content,1,0.333,0.0,0.0,0.0,0.0,0.0,0.0,0.0,UNMAPPED,,0,,,
861,BOTOL ASI,4,true,3,Keperluan Anak dan Bayi > PERLENGKAPAN ANAK & BAYI > PERLENGKAPAN MENYUSUI ANAK & BAYI > BOTOL ASI,model_code|net_content,2,0.333,0.0,0.0,0.0,0.0,0.0,0.0,0.333,UNMAPPED,,0,,,
865,POWDER MILK CONTAINER/DISPENSER,4,true,3,Keperluan Anak dan Bayi > PERLENGKAPAN ANAK & BAYI > PERLENGKAPAN MENYUSUI ANAK & BAYI > POWDER MILK CONTAINER/DISPENSER,model_code,1,0.0,0.0,0.0,0.0,0.0,0.0,0.0,0.333,UNMAPPED,,0,,,
893,SABUN ANTI JERAWAT,4,true,3,Perawatan Diri & Rumah Tangga > Perawatan Diri > PERAWATAN WAJAH > SABUN ANTI JERAWAT,net_content,1,1.0,0.0,0.0,0.0,0.0,0.0,0.0,0.0,UNMAPPED,,0,,,
947,PEMBERSIH DAPUR,4,false,3,Perawatan Diri & Rumah Tangga > Rumah Tangga > BAHAN PEMBERSIH RUMAH > PEMBERSIH DAPUR,colour|flavour|net_content,3,1.0,0.0,0.333,0.667,0.0,0.0,0.0,0.0,UNMAPPED,,0,,,
978,KUNCI GANDA UNTUK MOBIL,4,true,3,"Hobi, Ibadah, dan Olahraga > Perawatan & Suku Cadang Mobil > AKSESORIS MOBIL > KUNCI GANDA UNTUK MOBIL",model_code,1,0.0,0.0,0.0,0.0,0.0,0.0,0.0,0.333,UNMAPPED,,0,,,
994,KARET / GRIP STANG MOTOR,4,true,3,"Hobi, Ibadah, dan Olahraga > Perawatan & Suku Cadang Motor > AKSESORIS MOTOR > KARET / GRIP STANG MOTOR",model_code,1,0.0,0.0,0.0,0.0,0.0,0.0,0.0,0.333,UNMAPPED,,0,,,
1016,JARUM JAHIT,4,true,3,"Hobi, Ibadah, dan Olahraga > MENJAHIT > JARUM > JARUM JAHIT",,0,0.0,0.0,0.0,0.0,0.0,0.0,0.0,0.0,AMBIGUOUS,,0,,,fuzzy-raw
1031,SERULING / RECORDER,4,true,3,"Hobi, Ibadah, dan Olahraga > OLAHRAGA > ALAT MUSIK > SERULING / RECORDER",model_code,1,0.0,0.0,0.0,0.0,0.0,0.0,0.0,0.333,UNMAPPED,,0,,,
1045,TOPI RENANG,4,true,3,"Hobi, Ibadah, dan Olahraga > OLAHRAGA > PERALATAN & PERLENGKAPAN RENANG > TOPI RENANG",,0,0.0,0.0,0.0,0.0,0.0,0.0,0.0,0.0,EXACT,Peralatan Olahraga > Rekreasi Luar Ruang > Olahraga Air & Berperahu > Renang > Topi Renang,5,Kelompok usia | Warna | Bahan | Pola | Gaya topi renang,False,exact-raw
1066,STOPWATCH,4,true,3,"Hobi, Ibadah, dan Olahraga > OLAHRAGA > PERALATAN & PERLENGKAPAN WASIT > STOPWATCH",,0,0.0,0.0,0.0,0.0,0.0,0.0,0.0,0.0,EXACT,Peralatan Olahraga > Peralatan Latihan Umum & Kebugaran > Stopwatch,3,Warna | Pola | Fitur stopwatch,True,exact-raw
1075,MAKANAN HAMSTER,4,true,3,"Hobi, Ibadah, dan Olahraga > HEWAN PELIHARAAN > MAKANAN HEWAN PELIHARAAN > MAKANAN HAMSTER",net_content,1,1.0,0.0,0.0,0.0,0.0,0.0,0.0,0.0,UNMAPPED,,0,,,
1167,KARDIGAN PRIA,4,true,3,Fashion > FASHION PRIA > BAJU LUARAN PRIA > KARDIGAN PRIA,model_code,1,0.0,0.0,0.0,0.0,0.0,0.0,0.0,0.667,AMBIGUOUS,,0,,,exact-stripped
1217,ROK MINI WANITA,4,true,3,Fashion > FASHION WANITA > BAWAHAN WANITA > ROK MINI WANITA,colour,1,0.0,0.0,0.333,0.0,0.0,0.0,0.0,0.0,UNMAPPED,,0,,,
1277,TAS ANYAMAN,4,true,3,Fashion > TAS & KOPER > TAS WANITA > TAS ANYAMAN,material,1,0.0,0.0,0.0,0.0,0.333,0.0,0.0,0.0,UNMAPPED,,0,,,
1305,KACA & RAUTAN PENSIL ,4,true,3,Kosmetik dan Alat Kecantikan > ALAT KECANTIKAN > AKSESORIS ALAT KECANTIKAN > KACA & RAUTAN PENSIL ,,0,0.0,0.0,0.0,0.0,0.0,0.0,0.0,0.0,FUZZY,Perlengkapan Kantor > Peralatan Kantor > Rautan Pensil,3,Warna | Bahan peralatan kantor | Pola,True,fuzzy-raw
1342,CUKA LAINNYA,5,true,3,Makanan dan Minuman > MAKANAN & BAHAN MAKANAN > SAUS > CUKA > CUKA LAINNYA,colour|flavour|net_content,3,1.0,0.0,0.333,0.333,0.0,0.0,0.0,0.0,EXACT,"Makanan, Minuman & Tembakau > Item Makanan > Bahan Memasak & Baking > Cuka",5,Informasi alergen | Preferensi diet | Filtrasi dan status induk | Persyaratan penyimpanan | Varietas cuka,False,exact-raw
1368,DEODORAN POWDER,5,true,3,Perawatan Diri & Rumah Tangga > Perawatan Diri > FRAGRANCE & DEODORAN > DEODORAN > DEODORAN POWDER,colour|net_content,2,0.333,0.0,0.667,0.0,0.0,0.0,0.0,0.0,UNMAPPED,,0,,,
1401,SALEP ANTISEPTIC,5,true,3,Perawatan Diri & Rumah Tangga > Perawatan Diri > OBAT-OBATAN > PERTOLONGAN PERTAMA (FIRST AID KIT) > SALEP ANTISEPTIC,colour|net_content,2,1.0,0.0,0.333,0.0,0.0,0.0,0.0,0.0,UNMAPPED,,0,,,
1408,KAMPER / KAPUR BARUS (CAMPHOR/NAPHTALENE BALL) TANPA GANTUNGAN,5,true,3,Perawatan Diri & Rumah Tangga > Rumah Tangga > ANTI HAMA & SERANGGA > KAMPER / KAPUR BARUS (CAMPHOR/NAPHTALENE BALL) > KAMPER / KAPUR BARUS (CAMPHOR/NAPHTALENE BALL) TANPA GANTUNGAN,net_content|scent,2,0.667,0.0,0.0,0.0,0.0,0.0,0.333,0.0,UNMAPPED,,0,,,
1427,PEMBERSIH MULTIFUNGSI,5,false,3,Perawatan Diri & Rumah Tangga > Rumah Tangga > BAHAN PEMBERSIH RUMAH > PERAWATAN & PEMBERSIH RUMAH TANGGA LAINNYA > PEMBERSIH MULTIFUNGSI,model_code|net_content,2,0.667,0.0,0.0,0.0,0.0,0.0,0.0,0.333,UNMAPPED,,0,,,
1454,JAKET OLAHRAGA PRIA,5,true,3,Fashion > PAKAIAN OLAHRAGA > PAKAIAN OLAHRAGA PRIA > ATASAN OLAHRAGA PRIA > JAKET OLAHRAGA PRIA,colour|model_code,2,0.0,0.0,0.667,0.0,0.0,0.0,0.0,0.333,AMBIGUOUS,,0,,,exact-stripped
1463,BANTAL TRAVEL,5,true,3,Fashion > TAS & KOPER > TAS TRAVEL & KOPER > AKSESORIS TRAVEL & KOPER > BANTAL TRAVEL,,0,0.0,0.0,0.0,0.0,0.0,0.0,0.0,0.0,UNMAPPED,,0,,,
1479,SABUN CUCI TANGAN FOAMING KEMASAN BOTOL,6,true,3,Perawatan Diri & Rumah Tangga > Perawatan Diri > PERAWATAN BADAN > SABUN CUCI TANGAN > SABUN CUCI TANGAN FOAMING > SABUN CUCI TANGAN FOAMING KEMASAN BOTOL,net_content|scent,2,1.0,0.0,0.0,0.0,0.0,0.0,0.333,0.0,UNMAPPED,,0,,,
1509,PEMBERSIH MULTIFUNGSI BUBUK,6,true,3,Perawatan Diri & Rumah Tangga > Rumah Tangga > BAHAN PEMBERSIH RUMAH > PERAWATAN & PEMBERSIH RUMAH TANGGA LAINNYA > PEMBERSIH MULTIFUNGSI > PEMBERSIH MULTIFUNGSI BUBUK,flavour|model_code|net_content|scent,4,1.0,0.0,0.0,0.333,0.0,0.0,0.333,0.333,UNMAPPED,,0,,,
1604,SIKAT SEMIR SEPATU,7,true,3,Perawatan Diri & Rumah Tangga > Rumah Tangga > Peralatan & Perlengkapan Rumah Tangga > PERALATAN RUMAH TANGGA > PERALATAN KEBERSIHAN RUMAH TANGGA > SIKAT > SIKAT SEMIR SEPATU,model_code,1,0.0,0.0,0.0,0.0,0.0,0.0,0.0,0.333,AMBIGUOUS,,0,,,fuzzy-raw
1658,SPIRITUS,7,true,3,Perawatan Diri & Rumah Tangga > Rumah Tangga > Peralatan & Perlengkapan Rumah Tangga > PERALATAN RUMAH TANGGA > PERALATAN DAN PENYIMPANAN DI DAPUR > ALAT DAPUR & AKSESORIS DAPUR > SPIRITUS,material,1,0.0,0.0,0.0,0.0,0.333,0.0,0.0,0.0,UNMAPPED,,0,,,
1702,NAMPAN KAYU,8,true,3,Perawatan Diri & Rumah Tangga > Rumah Tangga > Peralatan & Perlengkapan Rumah Tangga > PERALATAN RUMAH TANGGA > PERALATAN DAN PENYIMPANAN DI DAPUR > ALAT DAPUR & AKSESORIS DAPUR > NAMPAN > NAMPAN KAYU,model_code|pack_count,2,0.0,0.333,0.0,0.0,0.0,0.0,0.0,0.667,UNMAPPED,,0,,,
1713,RODA UNTUK TABUNG GAS,8,true,3,Perawatan Diri & Rumah Tangga > Rumah Tangga > Peralatan & Perlengkapan Rumah Tangga > PERALATAN RUMAH TANGGA > PERALATAN DAN PENYIMPANAN DI DAPUR > ALAT MASAK > KOMPOR GAS > RODA UNTUK TABUNG GAS,model_code|net_content,2,0.333,0.0,0.0,0.0,0.0,0.0,0.0,0.333,UNMAPPED,,0,,,
1739,PIRING ENAMEL,8,true,3,Perawatan Diri & Rumah Tangga > Rumah Tangga > Peralatan & Perlengkapan Rumah Tangga > PERALATAN RUMAH TANGGA > PERALATAN DAN PENYIMPANAN DI DAPUR > PERALATAN MAKAN > PIRING > PIRING ENAMEL,flavour,1,0.0,0.0,0.0,0.333,0.0,0.0,0.0,0.0,UNMAPPED,,0,,,
1774,SUMPIT BAMBU,8,true,3,Perawatan Diri & Rumah Tangga > Rumah Tangga > Peralatan & Perlengkapan Rumah Tangga > PERALATAN RUMAH TANGGA > PERALATAN DAN PENYIMPANAN DI DAPUR > PERALATAN MAKAN > SUMPIT > SUMPIT BAMBU,model_code|pack_count,2,0.0,0.333,0.0,0.0,0.0,0.0,0.0,0.333,UNMAPPED,,0,,,
1782,TUTUP GELAS STAINLESS STEEL,8,true,3,Perawatan Diri & Rumah Tangga > Rumah Tangga > Peralatan & Perlengkapan Rumah Tangga > PERALATAN RUMAH TANGGA > PERALATAN DAN PENYIMPANAN DI DAPUR > PERALATAN MAKAN > TUTUP GELAS > TUTUP GELAS STAINLESS STEEL,model_code|pack_count,2,0.0,0.333,0.0,0.0,0.0,0.0,0.0,0.333,UNMAPPED,,0,,,
1868,PEMUTIH DAN PENGHILANG NODA KEMASAN SACHET,5,true,3,Perawatan Diri & Rumah Tangga > Rumah Tangga > BAHAN LAUNDRY > PEMUTIH DAN PENGHILANG NODA > PEMUTIH DAN PENGHILANG NODA KEMASAN SACHET,colour|net_content|pack_count,3,1.0,0.333,0.667,0.0,0.0,0.0,0.0,0.0,UNMAPPED,,0,,,
1886,LINGGIS,3,true,3,Perbaikan Rumah > ALAT ALAT PERBAIKAN RUMAH > LINGGIS,colour,1,0.0,0.0,0.667,0.0,0.0,0.0,0.0,0.0,UNMAPPED,,0,,,
1,Makanan dan Minuman,1,false,2,Makanan dan Minuman,,0,0.0,0.0,0.0,0.0,0.0,0.0,0.0,0.0,AMBIGUOUS,,0,,,fuzzy-raw
32,BERKEBUN,2,false,2,"Hobi, Ibadah, dan Olahraga > BERKEBUN",,0,0.0,0.0,0.0,0.0,0.0,0.0,0.0,0.0,EXACT,Rumah & Taman > Rumput & Taman > Berkebun,4,Warna | Bahan | Pola | Ruang yang cocok,True,exact-raw
35,ALAT ELEKTRONIK DAPUR,2,false,2,Elektronik > ALAT ELEKTRONIK DAPUR,,0,0.0,0.0,0.0,0.0,0.0,0.0,0.0,0.0,UNMAPPED,,0,,,
65,MAKE UP MATA,2,false,2,Kosmetik dan Alat Kecantikan > MAKE UP MATA,net_content,1,1.0,0.0,0.0,0.0,0.0,0.0,0.0,0.0,UNMAPPED,,0,,,
66,MAKE UP WAJAH,2,false,2,Kosmetik dan Alat Kecantikan > MAKE UP WAJAH,net_content,1,1.0,0.0,0.0,0.0,0.0,0.0,0.0,0.0,UNMAPPED,,0,,,
101,MINYAK,3,false,2,Makanan dan Minuman > MAKANAN & BAHAN MAKANAN > MINYAK,net_content,1,1.0,0.0,0.0,0.0,0.0,0.0,0.0,0.0,UNMAPPED,,0,,,
133,PERLENGKAPAN MENYUSUI ANAK & BAYI,3,false,2,Keperluan Anak dan Bayi > PERLENGKAPAN ANAK & BAYI > PERLENGKAPAN MENYUSUI ANAK & BAYI,model_code,1,0.0,0.0,0.0,0.0,0.0,0.0,0.0,0.5,UNMAPPED,,0,,,
138,PERAWATAN MULUT & GIGI,3,false,2,Perawatan Diri & Rumah Tangga > Perawatan Diri > PERAWATAN MULUT & GIGI,flavour|net_content,2,0.5,0.0,0.0,0.5,0.0,0.0,0.0,0.0,FUZZY,Kesehatan & Kecantikan > Perawatan Tubuh > Perawatan Mulut,3,Bahan | Fungsi perawatan mulut | Bentuk produk,True,fuzzy-raw
154,CATOK MEJA (RAGUM),3,true,2,Perbaikan Rumah > ALAT ALAT PERBAIKAN RUMAH > CATOK MEJA (RAGUM),,0,0.0,0.0,0.0,0.0,0.0,0.0,0.0,0.0,UNMAPPED,,0,,,
213,JARUM,3,false,2,"Hobi, Ibadah, dan Olahraga > MENJAHIT > JARUM",,0,0.0,0.0,0.0,0.0,0.0,0.0,0.0,0.0,UNMAPPED,,0,,,
217,NEEDLE THREADER (MATA NENEK),3,true,2,"Hobi, Ibadah, dan Olahraga > MENJAHIT > NEEDLE THREADER (MATA NENEK)",,0,0.0,0.0,0.0,0.0,0.0,0.0,0.0,0.0,UNMAPPED,,0,,,
225,MATA KAIL,3,true,2,"Hobi, Ibadah, dan Olahraga > MEMANCING > MATA KAIL",model_code|net_content,2,0.5,0.0,0.0,0.0,0.0,0.0,0.0,1.0,UNMAPPED,,0,,,
267,PEMANGGANG ROTI,3,true,2,Elektronik > ALAT ELEKTRONIK DAPUR > PEMANGGANG ROTI,model_code,1,0.0,0.0,0.0,0.0,0.0,0.0,0.0,1.0,FUZZY,Rumah & Taman > Dapur & Ruang Makan > Aksesori Peralatan Dapur > Aksesori Toaster > Kantong Pemanggang Roti,2,Petunjuk pembersihan | Bahan,False,fuzzy-raw
275,AMPEREMETER,3,true,2,Elektronik > ALAT ELEKTRONIK RUMAH LAINNYA > AMPEREMETER,model_code,1,0.0,0.0,0.0,0.0,0.0,0.0,0.0,0.5,UNMAPPED,,0,,,
283,HAIR CURLING ,3,true,2,Elektronik > ALAT ELEKTRONIK RUMAH LAINNYA > HAIR CURLING ,model_code,1,0.0,0.0,0.0,0.0,0.0,0.0,0.0,1.0,UNMAPPED,,0,,,
296,VACUUM CLEANER,3,true,2,Elektronik > ALAT ELEKTRONIK RUMAH LAINNYA > VACUUM CLEANER,colour|model_code,2,0.0,0.0,0.5,0.0,0.0,0.0,0.0,0.5,UNMAPPED,,0,,,
326,LILIN,3,false,2,Alat dan Buku Tulis > DEKORASI & KELENGKAPAN PESTA > LILIN,,0,0.0,0.0,0.0,0.0,0.0,0.0,0.0,0.0,EXACT,Rumah & Taman > Dekorasi > Pengharum Rumah > Lilin,10,Kandungan Alkohol/Pelarut | Bahan wadah lilin | Bahan lilin | Jenis lilin | Warna | Bahan dekorasi | Tingkat keharuman | Pola | Aroma | Jenis penggunaan,False,exact-raw
353,CUTTING MAT,3,true,2,Alat dan Buku Tulis > PERALATAN UMUM > CUTTING MAT,model_code,1,0.0,0.0,0.0,0.0,0.0,0.0,0.0,0.5,UNMAPPED,,0,,,
405,PAKAIAN HAMIL & MENYUSUI WANITA,3,false,2,Fashion > FASHION WANITA > PAKAIAN HAMIL & MENYUSUI WANITA,,0,0.0,0.0,0.0,0.0,0.0,0.0,0.0,0.0,FUZZY,Busana dan Aksesori > Pakaian > Pakaian Hamil,8,Gaya panel perut | Warna | Kain | Jenis akses keperawatan | Pola | Kesesuaian tahap kehamilan | Jenis ukuran | Jenis kelamin sasaran,True,fuzzy-stripped
416,ANTING ANAK-ANAK,3,true,2,Fashion > PERHIASAN ANAK > ANTING ANAK-ANAK,,0,0.0,0.0,0.0,0.0,0.0,0.0,0.0,0.0,EXACT,Busana dan Aksesori > Perhiasan > Anting,9,Kelompok usia | Warna | Jenis penutup anting | Desain anting | Bahan perhiasan | Jenis perhiasan | Kemurnian logam | Pola | Jenis kelamin sasaran,True,exact-stripped
470,PALET MATA & SET,3,true,2,Kosmetik dan Alat Kecantikan > MAKE UP MATA > PALET MATA & SET,scent,1,0.0,0.0,0.0,0.0,0.0,0.0,0.5,0.0,UNMAPPED,,0,,,
482,KARAMBOL,3,false,2,Mainan dan Alat Lainnya > MAINAN DENGAN PAPAN (BOARD GAME) > KARAMBOL,scent,1,0.0,0.0,0.0,0.0,0.0,0.0,1.0,0.0,UNMAPPED,,0,,,
485,KARPET PUZZLE,3,true,2,Mainan dan Alat Lainnya > MAINAN OLAHRAGA DAN AKTIVITAS > KARPET PUZZLE,,0,0.0,0.0,0.0,0.0,0.0,0.0,0.0,0.0,UNMAPPED,,0,,,
489,KARTU DOMINO,3,true,2,Mainan dan Alat Lainnya > PERMAINAN KARTU > KARTU DOMINO,,0,0.0,0.0,0.0,0.0,0.0,0.0,0.0,0.0,UNMAPPED,,0,,,
495,SENDAL KESEHATAN,3,true,2,Mainan dan Alat Lainnya > ALAT LAINNYA > SENDAL KESEHATAN,,0,0.0,0.0,0.0,0.0,0.0,0.0,0.0,0.0,UNMAPPED,,0,,,
504,MINUMAN BERPROTEIN,4,true,2,Makanan dan Minuman > MINUMAN > MINUMAN DALAM KEMASAN > MINUMAN BERPROTEIN,net_content|pack_count,2,1.0,0.5,0.0,0.0,0.0,0.0,0.0,0.0,UNMAPPED,,0,,,
530,TEH KEMASAN KALENG,4,true,2,"Makanan dan Minuman > COKLAT, KOPI & TEH > TEH INSTAN > TEH KEMASAN KALENG",colour|flavour|net_content,3,1.0,0.0,0.5,0.5,0.0,0.0,0.0,0.0,UNMAPPED,,0,,,
561,BERAS COKLAT,4,true,2,Makanan dan Minuman > MAKANAN & BAHAN MAKANAN > BERAS > BERAS COKLAT,colour|net_content,2,1.0,0.0,0.5,0.0,0.0,0.0,0.0,0.0,UNMAPPED,,0,,,
627,MINYAK KEDELAI,4,true,2,Makanan dan Minuman > MAKANAN & BAHAN MAKANAN > MINYAK > MINYAK KEDELAI,net_content,1,0.5,0.0,0.0,0.0,0.0,0.0,0.0,0.0,EXACT,"Makanan, Minuman & Tembakau > Item Makanan > Bahan Memasak & Baking > Minyak Goreng > Minyak Kedelai",4,Informasi alergen | Preferensi diet | Metode pengolahan minyak | Persyaratan penyimpanan,False,exact-raw
659,TEPUNG SAGU,4,true,2,Makanan dan Minuman > MAKANAN & BAHAN MAKANAN > TEPUNG > TEPUNG SAGU,colour|net_content,2,1.0,0.0,0.5,0.0,0.0,0.0,0.0,0.0,UNMAPPED,,0,,,
668,DURIAN,4,true,2,Makanan dan Minuman > FRESH > BUAH > DURIAN,,0,0.0,0.0,0.0,0.0,0.0,0.0,0.0,0.0,EXACT,"Makanan, Minuman & Tembakau > Item Makanan > Buah & Sayur > Buah Segar & Beku > Durian",7,Informasi alergen | Preferensi diet | Bentuk produk makanan | Kultivar atau varietas buah | Gaya potongan buah | Tahap kematangan | Persyaratan penyimpanan,False,exact-raw
694,IKAN SEGAR LAINNYA,4,true,2,Makanan dan Minuman > FRESH > IKAN & SEAFOOD SEGAR > IKAN SEGAR LAINNYA,colour,1,0.0,0.0,0.5,0.0,0.0,0.0,0.0,0.0,UNMAPPED,,0,,,
700,BAWANG BOMBAY,4,true,2,Makanan dan Minuman > FRESH > SAYURAN SEGAR > BAWANG BOMBAY,,0,0.0,0.0,0.0,0.0,0.0,0.0,0.0,0.0,UNMAPPED,,0,,,
704,BIT/BEETROOT,4,true,2,Makanan dan Minuman > FRESH > SAYURAN SEGAR > BIT/BEETROOT,,0,0.0,0.0,0.0,0.0,0.0,0.0,0.0,0.0,UNMAPPED,,0,,,
709,CENGKEH,4,true,2,Makanan dan Minuman > FRESH > SAYURAN SEGAR > CENGKEH,net_content,1,0.5,0.0,0.0,0.0,0.0,0.0,0.0,0.0,UNMAPPED,,0,,,
712,DAUN JERUK,4,true,2,Makanan dan Minuman > FRESH > SAYURAN SEGAR > DAUN JERUK,,0,0.0,0.0,0.0,0.0,0.0,0.0,0.0,0.0,UNMAPPED,,0,,,
718,HORENZO,4,true,2,Makanan dan Minuman > FRESH > SAYURAN SEGAR > HORENZO,,0,0.0,0.0,0.0,0.0,0.0,0.0,0.0,0.0,UNMAPPED,,0,,,
722,JINTEN,4,true,2,Makanan dan Minuman > FRESH > SAYURAN SEGAR > JINTEN,net_content,1,1.0,0.0,0.0,0.0,0.0,0.0,0.0,0.0,UNMAPPED,,0,,,
727,KALE,4,true,2,Makanan dan Minuman > FRESH > SAYURAN SEGAR > KALE,model_code|net_content,2,0.5,0.0,0.0,0.0,0.0,0.0,0.0,0.5,EXACT,"Makanan, Minuman & Tembakau > Item Makanan > Buah & Sayur > Sayur Segar & Beku > Sayuran Hijau > Kale",10,Informasi alergen | Metode memasak | Metode budidaya | Preferensi diet | Bentuk produk makanan | Tahap kematangan sayuran hijau | Varietas kale | Kondisi pencucian produk | Persyaratan penyimpanan | Gaya pengolahan sayuran,False,exact-raw
743,LABU SIAM,4,true,2,Makanan dan Minuman > FRESH > SAYURAN SEGAR > LABU SIAM,,0,0.0,0.0,0.0,0.0,0.0,0.0,0.0,0.0,UNMAPPED,,0,,,
744,LABU/PUMPKIN,4,true,2,Makanan dan Minuman > FRESH > SAYURAN SEGAR > LABU/PUMPKIN,,0,0.0,0.0,0.0,0.0,0.0,0.0,0.0,0.0,UNMAPPED,,0,,,
752,OYONG,4,true,2,Makanan dan Minuman > FRESH > SAYURAN SEGAR > OYONG,,0,0.0,0.0,0.0,0.0,0.0,0.0,0.0,0.0,UNMAPPED,,0,,,
753,PAGODA,4,true,2,Makanan dan Minuman > FRESH > SAYURAN SEGAR > PAGODA,model_code|net_content,2,1.0,0.0,0.0,0.0,0.0,0.0,0.0,0.5,UNMAPPED,,0,,,
757,PARIA,4,true,2,Makanan dan Minuman > FRESH > SAYURAN SEGAR > PARIA,colour,1,0.0,0.0,1.0,0.0,0.0,0.0,0.0,0.0,UNMAPPED,,0,,,
791,TELUR PUYUH PACK,4,true,2,Makanan dan Minuman > FRESH > TELUR > TELUR PUYUH PACK,pack_count,1,0.0,0.5,0.0,0.0,0.0,0.0,0.0,0.0,UNMAPPED,,0,,,
809,HAIR DETANGLER ANAK & BAYI,4,true,2,Keperluan Anak dan Bayi > PERAWATAN ANAK & BAYI > PERAWATAN RAMBUT ANAK & BAYI > HAIR DETANGLER ANAK & BAYI,net_content,1,1.0,0.0,0.0,0.0,0.0,0.0,0.0,0.0,UNMAPPED,,0,,,
820,TERMOMETER,4,true,2,Keperluan Anak dan Bayi > PERALATAN UNTUK ANAK & BAYI > PERALATAN KEBERSIHAN ANAK & BAYI > TERMOMETER,,0,0.0,0.0,0.0,0.0,0.0,0.0,0.0,0.0,UNMAPPED,,0,,,
824,BOOSTER SEAT,4,true,2,Keperluan Anak dan Bayi > PERALATAN UNTUK ANAK & BAYI > PERALATAN MAKAN ANAK & BAYI > BOOSTER SEAT,,0,0.0,0.0,0.0,0.0,0.0,0.0,0.0,0.0,UNMAPPED,,0,,,
828,PISPOT (POTTY),4,true,2,Keperluan Anak dan Bayi > PERALATAN UNTUK ANAK & BAYI > PERALATAN MANDI ANAK & BAYI > PISPOT (POTTY),colour,1,0.0,0.0,0.5,0.0,0.0,0.0,0.0,0.0,UNMAPPED,,0,,,
840,CAIRAN PEMBERSIH PERALATAN DAN PERLENGKAPAN ANAK & BAYI,4,false,2,Keperluan Anak dan Bayi > PERLENGKAPAN ANAK & BAYI > PERLENGKAPAN KEBERSIHAN ANAK & BAYI > CAIRAN PEMBERSIH PERALATAN DAN PERLENGKAPAN ANAK & BAYI,model_code|net_content,2,1.0,0.0,0.0,0.0,0.0,0.0,0.0,0.5,UNMAPPED,,0,,,
916,DEODORAN,4,false,2,Perawatan Diri & Rumah Tangga > Perawatan Diri > FRAGRANCE & DEODORAN > DEODORAN,colour|net_content|scent,3,1.0,0.0,0.5,0.0,0.0,0.0,0.5,0.0,EXACT,Kesehatan & Kecantikan > Perawatan Tubuh > Deodoran & Anti-Perspiran > Deodoran,10,Bahan aktif | Kandungan Alkohol/Pelarut | Jenis dispenser | Bahan | Sertifikasi & standar produk | Bentuk produk | Aroma | Cocok untuk jenis kulit | Jenis kelamin sasaran | Jenis penggunaan,False,exact-raw
917,PARFUM (EAU DE TOILETTE),4,false,2,Perawatan Diri & Rumah Tangga > Perawatan Diri > FRAGRANCE & DEODORAN > PARFUM (EAU DE TOILETTE),net_content|scent,2,1.0,0.0,0.0,0.0,0.0,0.0,0.5,0.0,AMBIGUOUS,,0,,,fuzzy-raw
926,MAKANAN UNTUK DIET,4,true,2,Perawatan Diri & Rumah Tangga > Perawatan Diri > DIET > MAKANAN UNTUK DIET,net_content,1,1.0,0.0,0.0,0.0,0.0,0.0,0.0,0.0,UNMAPPED,,0,,,
928,PEREDA NYERI & OBAT LUAR,4,false,2,Perawatan Diri & Rumah Tangga > Perawatan Diri > OBAT-OBATAN > PEREDA NYERI & OBAT LUAR,net_content,1,1.0,0.0,0.0,0.0,0.0,0.0,0.0,0.0,UNMAPPED,,0,,,
943,DETERJEN PAKAIAN,4,false,2,Perawatan Diri & Rumah Tangga > Rumah Tangga > BAHAN LAUNDRY > DETERJEN PAKAIAN,colour|net_content|pack_count,3,1.0,0.5,1.0,0.0,0.0,0.0,0.0,0.0,UNMAPPED,,0,,,
971,ANTENA MOBIL,4,true,2,"Hobi, Ibadah, dan Olahraga > Perawatan & Suku Cadang Mobil > AKSESORIS MOBIL > ANTENA MOBIL",model_code,1,0.0,0.0,0.0,0.0,0.0,0.0,0.0,0.5,UNMAPPED,,0,,,
1002,KOMPON MOTOR,4,true,2,"Hobi, Ibadah, dan Olahraga > Perawatan & Suku Cadang Motor > PERAWATAN MOTOR > KOMPON MOTOR",net_content,1,1.0,0.0,0.0,0.0,0.0,0.0,0.0,0.0,UNMAPPED,,0,,,
1014,GUNTING BENANG,4,true,2,"Hobi, Ibadah, dan Olahraga > MENJAHIT > GUNTING JAHIT > GUNTING BENANG",,0,0.0,0.0,0.0,0.0,0.0,0.0,0.0,0.0,UNMAPPED,,0,,,
1050,SARUNG TANGAN OLAHRAGA,4,true,2,"Hobi, Ibadah, dan Olahraga > OLAHRAGA > PERALATAN & PERLENGKAPAN FITNESS > SARUNG TANGAN OLAHRAGA",,0,0.0,0.0,0.0,0.0,0.0,0.0,0.0,0.0,AMBIGUOUS,,0,,,fuzzy-raw
1061,LAMPU UNTUK SEPEDA,4,true,2,"Hobi, Ibadah, dan Olahraga > OLAHRAGA > PERALATAN & PERLENGKAPAN SEPEDA > LAMPU UNTUK SEPEDA",model_code,1,0.0,0.0,0.0,0.0,0.0,0.0,0.0,0.5,EXACT,Peralatan Olahraga > Rekreasi Luar Ruang > Bersepeda > Aksesori Sepeda > Lampu Sepeda,5,Ukuran baterai | Jenis baterai | Warna | Tipe sepeda yang kompatibel | Pola,False,exact-raw
1065,PELUIT,4,true,2,"Hobi, Ibadah, dan Olahraga > OLAHRAGA > PERALATAN & PERLENGKAPAN WASIT > PELUIT",pack_count,1,0.0,0.5,0.0,0.0,0.0,0.0,0.0,0.0,EXACT,Seni & Hiburan > Pesta & Perayaan > Perlengkapan Pesta > Pembuat Kebisingan & Peniup Pesta > Peluit,7,Ukuran baterai | Jenis baterai | Warna | Bahan | Pola | Fitur lampu peluit | Gaya suara siulan,False,exact-raw
1069,PERALATAN PERAWATAN BURUNG,4,true,2,"Hobi, Ibadah, dan Olahraga > HEWAN PELIHARAAN > PERAWATAN HEWAN PELIHARAAN > PERALATAN PERAWATAN BURUNG",material,1,0.0,0.0,0.0,0.0,0.5,0.0,0.0,0.0,UNMAPPED,,0,,,
1101,POWER SUPPLY UNIT (PSU),4,true,2,Elektronik > ALAT ELEKTRONIK KANTOR & GADGET > SUKU CADANG KOMPUTER > POWER SUPPLY UNIT (PSU),model_code,1,0.0,0.0,0.0,0.0,0.0,0.0,0.0,1.0,UNMAPPED,,0,,,
1118,BAK STEMPEL,4,true,2,Alat dan Buku Tulis > PERALATAN UMUM > CAP/STEMPEL > BAK STEMPEL,,0,0.0,0.0,0.0,0.0,0.0,0.0,0.0,0.0,UNMAPPED,,0,,,
1200,LUARAN MUSLIM WANITA,4,true,2,Fashion > FASHION WANITA > BAJU MUSLIM WANITA > LUARAN MUSLIM WANITA,,0,0.0,0.0,0.0,0.0,0.0,0.0,0.0,0.0,UNMAPPED,,0,,,
1209,SYAL BATIK WANITA,4,true,2,Fashion > FASHION WANITA > BATIK WANITA > SYAL BATIK WANITA,,0,0.0,0.0,0.0,0.0,0.0,0.0,0.0,0.0,UNMAPPED,,0,,,
1219,GAUN KASUAL,4,true,2,Fashion > FASHION WANITA > GAUN > GAUN KASUAL,,0,0.0,0.0,0.0,0.0,0.0,0.0,0.0,0.0,UNMAPPED,,0,,,
1222,GAUN PESTA,4,true,2,Fashion > FASHION WANITA > GAUN > GAUN PESTA,garment_size|net_content,2,1.0,0.0,0.0,0.0,0.0,1.0,0.0,0.0,FUZZY,Busana dan Aksesori > Pakaian > Gaun Pengantin & Pesta Pernikahan > Gaun Pesta Pernikahan,15,Kelompok usia | Fitur pakaian | Warna | Hiasan gaun | Acara dress | Gaya dress | Jenis ekor gaun | Kain | Garis leher | Pola | Ukuran | Jenis ukuran | Jenis panjang rok/gaun | Jenis panjang lengan | Jenis kelamin sasaran,True,fuzzy-raw
1235,ATASAN OLAHRAGA WANITA,4,false,2,Fashion > PAKAIAN OLAHRAGA > PAKAIAN OLAHRAGA WANITA > ATASAN OLAHRAGA WANITA,,0,0.0,0.0,0.0,0.0,0.0,0.0,0.0,0.0,UNMAPPED,,0,,,
1300,KUAS BIBIR,4,true,2,Kosmetik dan Alat Kecantikan > ALAT KECANTIKAN > KUAS & APLIKATOR MAKE UP > KUAS BIBIR,,0,0.0,0.0,0.0,0.0,0.0,0.0,0.0,0.0,UNMAPPED,,0,,,
1335,NASI SIAP SAJI,5,true,2,Makanan dan Minuman > MAKANAN & BAHAN MAKANAN > MAKANAN DALAM KEMASAN & KALENG > MAKANAN SIAP SAJI > NASI SIAP SAJI,colour|net_content|pack_count,3,1.0,0.5,0.5,0.0,0.0,0.0,0.0,0.0,UNMAPPED,,0,,,
1347,KECAP MANIS,5,false,2,Makanan dan Minuman > MAKANAN & BAHAN MAKANAN > SAUS > KECAP > KECAP MANIS,net_content,1,1.0,0.0,0.0,0.0,0.0,0.0,0.0,0.0,UNMAPPED,,0,,,
1421,ANTI SUMBAT,5,true,2,Perawatan Diri & Rumah Tangga > Rumah Tangga > BAHAN PEMBERSIH RUMAH > PEMBERSIH KAMAR MANDI > ANTI SUMBAT,net_content,1,0.5,0.0,0.0,0.0,0.0,0.0,0.0,0.0,UNMAPPED,,0,,,
1425,KARBOL,5,false,2,Perawatan Diri & Rumah Tangga > Rumah Tangga > BAHAN PEMBERSIH RUMAH > PEMBERSIH LANTAI > KARBOL,flavour|model_code|net_content|pack_count|scent,5,1.0,0.5,0.0,1.0,0.0,0.0,0.5,0.5,UNMAPPED,,0,,,
1451,SELANG PIANIKA,5,true,2,"Hobi, Ibadah, dan Olahraga > OLAHRAGA > ALAT MUSIK > PIANIKA > SELANG PIANIKA",,0,0.0,0.0,0.0,0.0,0.0,0.0,0.0,0.0,UNMAPPED,,0,,,
1485,OBAT PENCAHAR,6,true,2,Perawatan Diri & Rumah Tangga > Perawatan Diri > OBAT-OBATAN > OBAT MINUM > OBAT MINUM UNTUK PENCERNAAN & MAAG > OBAT PENCAHAR,net_content|pack_count,2,0.5,0.5,0.0,0.0,0.0,0.0,0.0,0.0,UNMAPPED,,0,,,
1488,KAMPER / KAPUR BARUS (CAMPHOR/NAPHTALENE BALL) DENGAN GANTUNGAN REFILL SAJA,6,true,2,Perawatan Diri & Rumah Tangga > Rumah Tangga > ANTI HAMA & SERANGGA > KAMPER / KAPUR BARUS (CAMPHOR/NAPHTALENE BALL) > KAMPER / KAPUR BARUS (CAMPHOR/NAPHTALENE BALL) DENGAN GANTUNGAN > KAMPER / KAPUR BARUS (CAMPHOR/NAPHTALENE BALL) DENGAN GANTUNGAN REFILL SAJA,flavour|net_content|scent,3,0.5,0.0,0.0,0.5,0.0,0.0,0.5,0.0,UNMAPPED,,0,,,
1498,CAIRAN PEMBERSIH KACA KEMASAN JERIGEN,6,true,2,Perawatan Diri & Rumah Tangga > Rumah Tangga > BAHAN PEMBERSIH RUMAH > PEMBERSIH KACA > CAIRAN PEMBERSIH KACA > CAIRAN PEMBERSIH KACA KEMASAN JERIGEN,flavour,1,0.0,0.0,0.0,0.5,0.0,0.0,0.0,0.0,UNMAPPED,,0,,,
1511,PEMBERSIH MULTIFUNGSI KRIM,6,true,2,Perawatan Diri & Rumah Tangga > Rumah Tangga > BAHAN PEMBERSIH RUMAH > PERAWATAN & PEMBERSIH RUMAH TANGGA LAINNYA > PEMBERSIH MULTIFUNGSI > PEMBERSIH MULTIFUNGSI KRIM,colour|flavour|net_content|scent,4,1.0,0.0,0.5,0.5,0.0,0.0,0.5,0.0,UNMAPPED,,0,,,
1534,HOLDER SIKAT GIGI,6,false,2,Perawatan Diri & Rumah Tangga > Rumah Tangga > Peralatan & Perlengkapan Rumah Tangga > PERALATAN RUMAH TANGGA > PERALATAN DAN PENYIMPANAN DI KAMAR MANDI > HOLDER SIKAT GIGI,net_content,1,0.5,0.0,0.0,0.0,0.0,0.0,0.0,0.0,FUZZY,Kesehatan & Kecantikan > Perawatan Tubuh > Perawatan Mulut > Sikat Gigi,16,Kelompok usia | Ukuran baterai | Jenis baterai | Bahan bulu sikat | Bentuk bulu sikat | Warna | Kekerasan | Bahan pegangan | Jenis Kayu | Bahan | Fungsi perawatan mulut | Pola | Bentuk produk | Ukuran kepala sikat gigi | Jenis penggunaan | Finishing kayu,True,fuzzy-raw
1538,TEMPAT SABUN BATANG,6,false,2,Perawatan Diri & Rumah Tangga > Rumah Tangga > Peralatan & Perlengkapan Rumah Tangga > PERALATAN RUMAH TANGGA > PERALATAN DAN PENYIMPANAN DI KAMAR MANDI > TEMPAT SABUN BATANG,model_code,1,0.0,0.0,0.0,0.0,0.0,0.0,0.0,0.5,FUZZY,Kesehatan & Kecantikan > Perawatan Tubuh > Kosmetik > Mandi & Perawatan Tubuh > Sabun Batang,18,Kelompok usia | Kandungan Alkohol/Pelarut | Area tubuh | Warna | Bahan penyusun | Jenis agen eksfoliasi | Keharuman | Bahan-bahan | Bahan | Jenis kemasan | Pola | Sertifikasi & standar produk | Bentuk produk | Aroma | Bentuk | Efek perawatan kulit | Metode pembuatan sabun | Cocok untuk jenis kulit,False,fuzzy-raw
1555,PAPAN CUCIAN (PENGGILESAN),6,false,2,Perawatan Diri & Rumah Tangga > Rumah Tangga > Peralatan & Perlengkapan Rumah Tangga > PERALATAN RUMAH TANGGA > PERALATAN DAN PENYIMPANAN PAKAIAN DAN CUCIAN > PAPAN CUCIAN (PENGGILESAN),model_code,1,0.0,0.0,0.0,0.0,0.0,0.0,0.0,0.5,UNMAPPED,,0,,,
1579,KEMOCENG BULU AYAM,7,true,2,Perawatan Diri & Rumah Tangga > Rumah Tangga > Peralatan & Perlengkapan Rumah Tangga > PERALATAN RUMAH TANGGA > PERALATAN KEBERSIHAN RUMAH TANGGA > KEMOCENG > KEMOCENG BULU AYAM,colour|flavour,2,0.0,0.0,0.5,0.5,0.0,0.0,0.0,0.0,UNMAPPED,,0,,,
1600,SIKAT BAJU,7,true,2,Perawatan Diri & Rumah Tangga > Rumah Tangga > Peralatan & Perlengkapan Rumah Tangga > PERALATAN RUMAH TANGGA > PERALATAN KEBERSIHAN RUMAH TANGGA > SIKAT > SIKAT BAJU,model_code,1,0.0,0.0,0.0,0.0,0.0,0.0,0.0,0.5,UNMAPPED,,0,,,
1605,SIKAT TANGAN,7,true,2,Perawatan Diri & Rumah Tangga > Rumah Tangga > Peralatan & Perlengkapan Rumah Tangga > PERALATAN RUMAH TANGGA > PERALATAN KEBERSIHAN RUMAH TANGGA > SIKAT > SIKAT TANGAN,,0,0.0,0.0,0.0,0.0,0.0,0.0,0.0,0.0,UNMAPPED,,0,,,
1615,HOLDER SIKAT GIGI DEWASA,7,true,2,Perawatan Diri & Rumah Tangga > Rumah Tangga > Peralatan & Perlengkapan Rumah Tangga > PERALATAN RUMAH TANGGA > PERALATAN DAN PENYIMPANAN DI KAMAR MANDI > HOLDER SIKAT GIGI > HOLDER SIKAT GIGI DEWASA,model_code,1,0.0,0.0,0.0,0.0,0.0,0.0,0.0,0.5,FUZZY,Kesehatan & Kecantikan > Perawatan Tubuh > Perawatan Mulut > Sikat Gigi,16,Kelompok usia | Ukuran baterai | Jenis baterai | Bahan bulu sikat | Bentuk bulu sikat | Warna | Kekerasan | Bahan pegangan | Jenis Kayu | Bahan | Fungsi perawatan mulut | Pola | Bentuk produk | Ukuran kepala sikat gigi | Jenis penggunaan | Finishing kayu,True,fuzzy-stripped
1631,COFFEE PLUNGER (ALAT PENYEDUH BUBUK KOPI),7,true,2,Perawatan Diri & Rumah Tangga > Rumah Tangga > Peralatan & Perlengkapan Rumah Tangga > PERALATAN RUMAH TANGGA > PERALATAN DAN PENYIMPANAN DI DAPUR > ALAT DAPUR & AKSESORIS DAPUR > COFFEE PLUNGER (ALAT PENYEDUH BUBUK KOPI),model_code,1,0.0,0.0,0.0,0.0,0.0,0.0,0.0,1.0,UNMAPPED,,0,,,
1657,SHAKER STAINLESS STEEL,7,true,2,Perawatan Diri & Rumah Tangga > Rumah Tangga > Peralatan & Perlengkapan Rumah Tangga > PERALATAN RUMAH TANGGA > PERALATAN DAN PENYIMPANAN DI DAPUR > ALAT DAPUR & AKSESORIS DAPUR > SHAKER STAINLESS STEEL,model_code|net_content,2,0.5,0.0,0.0,0.0,0.0,0.0,0.0,0.5,UNMAPPED,,0,,,
1668,KUKUSAN DARI ANYAMAN,7,true,2,Perawatan Diri & Rumah Tangga > Rumah Tangga > Peralatan & Perlengkapan Rumah Tangga > PERALATAN RUMAH TANGGA > PERALATAN DAN PENYIMPANAN DI DAPUR > ALAT MASAK > KUKUSAN DARI ANYAMAN,,0,0.0,0.0,0.0,0.0,0.0,0.0,0.0,0.0,UNMAPPED,,0,,,
1684,PISAU MAKAN,7,false,2,Perawatan Diri & Rumah Tangga > Rumah Tangga > Peralatan & Perlengkapan Rumah Tangga > PERALATAN RUMAH TANGGA > PERALATAN DAN PENYIMPANAN DI DAPUR > PERALATAN MAKAN > PISAU MAKAN,model_code,1,0.0,0.0,0.0,0.0,0.0,0.0,0.0,0.5,EXACT,Rumah & Taman > Dapur & Ruang Makan > Peralatan Makan > Peralatan Makan > Pisau Makan,11,Ukuran aksesori | Bahan mata pisau | Petunjuk pembersihan | Jenis tepi | Finis | Bahan peralatan makan | Peralatan makan yang disertakan | Warna pegangan | Bahan pegangan | Pola pegangan | Bahan peralatan makan,False,exact-raw
1718,PANCI PANGGANGAN,8,true,2,Perawatan Diri & Rumah Tangga > Rumah Tangga > Peralatan & Perlengkapan Rumah Tangga > PERALATAN RUMAH TANGGA > PERALATAN DAN PENYIMPANAN DI DAPUR > ALAT MASAK > PANCI > PANCI PANGGANGAN,,0,0.0,0.0,0.0,0.0,0.0,0.0,0.0,0.0,UNMAPPED,,0,,,
1758,GELAS / CUP PORSELEN,8,true,2,Perawatan Diri & Rumah Tangga > Rumah Tangga > Peralatan & Perlengkapan Rumah Tangga > PERALATAN RUMAH TANGGA > PERALATAN DAN PENYIMPANAN DI DAPUR > PERALATAN MAKAN > GELAS/CUP > GELAS / CUP PORSELEN,colour|model_code,2,0.0,0.0,1.0,0.0,0.0,0.0,0.0,1.0,UNMAPPED,,0,,,
1764,MUG PORSELEN,8,true,2,Perawatan Diri & Rumah Tangga > Rumah Tangga > Peralatan & Perlengkapan Rumah Tangga > PERALATAN RUMAH TANGGA > PERALATAN DAN PENYIMPANAN DI DAPUR > PERALATAN MAKAN > MUG > MUG PORSELEN,colour|model_code,2,0.0,0.0,1.0,0.0,0.0,0.0,0.0,1.0,UNMAPPED,,0,,,
1768,CANGKIR MELAMIN,8,true,2,Perawatan Diri & Rumah Tangga > Rumah Tangga > Peralatan & Perlengkapan Rumah Tangga > PERALATAN RUMAH TANGGA > PERALATAN DAN PENYIMPANAN DI DAPUR > PERALATAN MAKAN > CANGKIR > CANGKIR MELAMIN,model_code,1,0.0,0.0,0.0,0.0,0.0,0.0,0.0,0.5,UNMAPPED,,0,,,
1772,PISAU MAKAN PLASTIK,8,true,2,Perawatan Diri & Rumah Tangga > Rumah Tangga > Peralatan & Perlengkapan Rumah Tangga > PERALATAN RUMAH TANGGA > PERALATAN DAN PENYIMPANAN DI DAPUR > PERALATAN MAKAN > PISAU MAKAN > PISAU MAKAN PLASTIK,,0,0.0,0.0,0.0,0.0,0.0,0.0,0.0,0.0,FUZZY,Rumah & Taman > Dapur & Ruang Makan > Peralatan Makan > Peralatan Makan > Pisau Makan,11,Ukuran aksesori | Bahan mata pisau | Petunjuk pembersihan | Jenis tepi | Finis | Bahan peralatan makan | Peralatan makan yang disertakan | Warna pegangan | Bahan pegangan | Pola pegangan | Bahan peralatan makan,False,fuzzy-raw
1783,SENDOK ES KRIM KAYU,8,true,2,Perawatan Diri & Rumah Tangga > Rumah Tangga > Peralatan & Perlengkapan Rumah Tangga > PERALATAN RUMAH TANGGA > PERALATAN DAN PENYIMPANAN DI DAPUR > PERALATAN MAKAN > STIK KAYU UNTUK ESKRIM > SENDOK ES KRIM KAYU,pack_count,1,0.0,1.0,0.0,0.0,0.0,0.0,0.0,0.0,UNMAPPED,,0,,,
1853,SAOS CABAI KEMASAN JERIGEN,6,true,2,Makanan dan Minuman > MAKANAN & BAHAN MAKANAN > SAUS > SAOS  PEDAS & SAMBAL > SAOS CABAI > SAOS CABAI KEMASAN JERIGEN,net_content,1,1.0,0.0,0.0,0.0,0.0,0.0,0.0,0.0,UNMAPPED,,0,,,
1855,SAOS TOMAT KEMASAN JERIGEN,6,true,2,Makanan dan Minuman > MAKANAN & BAHAN MAKANAN > SAUS > SAOS  PEDAS & SAMBAL > SAOS TOMAT > SAOS TOMAT KEMASAN JERIGEN,net_content,1,1.0,0.0,0.0,0.0,0.0,0.0,0.0,0.0,UNMAPPED,,0,,,
1871,KARBOL KEMASAN SACHET,6,true,2,Perawatan Diri & Rumah Tangga > Rumah Tangga > BAHAN PEMBERSIH RUMAH > PEMBERSIH LANTAI > KARBOL > KARBOL KEMASAN SACHET,net_content|pack_count|scent,3,1.0,1.0,0.0,0.0,0.0,0.0,0.5,0.0,UNMAPPED,,0,,,
4,Perbaikan Rumah,1,false,1,Perbaikan Rumah,,0,0.0,0.0,0.0,0.0,0.0,0.0,0.0,0.0,FUZZY,Layanan > Layanan Perbaikan Rumah,0,,True,fuzzy-raw
102,PRODUK SUSU,3,false,1,Makanan dan Minuman > MAKANAN & BAHAN MAKANAN > PRODUK SUSU,flavour|model_code|net_content,3,1.0,0.0,0.0,1.0,0.0,0.0,0.0,1.0,EXACT,"Makanan, Minuman & Tembakau > Item Makanan > Produk Susu",5,Informasi alergen | Varian beta-kasein | Preferensi diet | Hewan penghasil susu | Persyaratan penyimpanan,True,exact-raw
124,PERALATAN BEPERGIAN ANAK & BAYI,3,false,1,Keperluan Anak dan Bayi > PERALATAN UNTUK ANAK & BAYI > PERALATAN BEPERGIAN ANAK & BAYI,model_code,1,0.0,0.0,0.0,0.0,0.0,0.0,0.0,1.0,UNMAPPED,,0,,,
127,PERALATAN MENYUSUI ANAK & BAYI,3,false,1,Keperluan Anak dan Bayi > PERALATAN UNTUK ANAK & BAYI > PERALATAN MENYUSUI ANAK & BAYI,model_code,1,0.0,0.0,0.0,0.0,0.0,0.0,0.0,1.0,UNMAPPED,,0,,,
131,PERLENGKAPAN MAKAN ANAK & BAYI ,3,false,1,Keperluan Anak dan Bayi > PERLENGKAPAN ANAK & BAYI > PERLENGKAPAN MAKAN ANAK & BAYI ,model_code,1,0.0,0.0,0.0,0.0,0.0,0.0,0.0,1.0,UNMAPPED,,0,,,
150,BAHAN PEMBERSIH RUMAH,3,false,1,Perawatan Diri & Rumah Tangga > Rumah Tangga > BAHAN PEMBERSIH RUMAH,,0,0.0,0.0,0.0,0.0,0.0,0.0,0.0,0.0,FUZZY,Rumah & Taman > Rumput & Taman > Aksesori Peralatan Listrik Luar Ruang > Aksesori Pencuci Bertekanan > Bahan Pembersih,7,Bentuk produk kimia | Permukaan pembersihan | Warna | Keharuman | Jenis pabrikan | Tingkat PH | Sertifikasi & standar produk,False,fuzzy-raw
175,FOAM BUTIRAN,3,true,1,Perbaikan Rumah > MATERIAL PERBAIKAN RUMAH > FOAM BUTIRAN,,0,0.0,0.0,0.0,0.0,0.0,0.0,0.0,0.0,UNMAPPED,,0,,,
231,PERALATAN & PERLENGKAPAN FITNESS,3,false,1,"Hobi, Ibadah, dan Olahraga > OLAHRAGA > PERALATAN & PERLENGKAPAN FITNESS",,0,0.0,0.0,0.0,0.0,0.0,0.0,0.0,0.0,UNMAPPED,,0,,,
235,PERALATAN & PERLENGKAPAN TENNIS,3,false,1,"Hobi, Ibadah, dan Olahraga > OLAHRAGA > PERALATAN & PERLENGKAPAN TENNIS",,0,0.0,0.0,0.0,0.0,0.0,0.0,0.0,0.0,UNMAPPED,,0,,,
242,GACOK,3,true,1,"Hobi, Ibadah, dan Olahraga > BERKEBUN > GACOK",,0,0.0,0.0,0.0,0.0,0.0,0.0,0.0,0.0,UNMAPPED,,0,,,
274,ALAT PRESS PLASTIK (IMPULSE SEALER),3,true,1,Elektronik > ALAT ELEKTRONIK RUMAH LAINNYA > ALAT PRESS PLASTIK (IMPULSE SEALER),model_code,1,0.0,0.0,0.0,0.0,0.0,0.0,0.0,1.0,UNMAPPED,,0,,,
288,LAMPU PERANGKAP NYAMUK,3,false,1,Elektronik > ALAT ELEKTRONIK RUMAH LAINNYA > LAMPU PERANGKAP NYAMUK,model_code,1,0.0,0.0,0.0,0.0,0.0,0.0,0.0,1.0,UNMAPPED,,0,,,
295,TELEPON,3,true,1,Elektronik > ALAT ELEKTRONIK RUMAH LAINNYA > TELEPON,model_code,1,0.0,0.0,0.0,0.0,0.0,0.0,0.0,1.0,UNMAPPED,,0,,,
323,CAPING TOPI PETANI,3,true,1,Alat dan Buku Tulis > DEKORASI & KELENGKAPAN PESTA > CAPING TOPI PETANI,,0,0.0,0.0,0.0,0.0,0.0,0.0,0.0,0.0,UNMAPPED,,0,,,
327,PELUIT LIDAH,3,true,1,Alat dan Buku Tulis > DEKORASI & KELENGKAPAN PESTA > PELUIT LIDAH,model_code,1,0.0,0.0,0.0,0.0,0.0,0.0,0.0,1.0,UNMAPPED,,0,,,
331,TOPENG PESTA,3,true,1,Alat dan Buku Tulis > DEKORASI & KELENGKAPAN PESTA > TOPENG PESTA,,0,0.0,0.0,0.0,0.0,0.0,0.0,0.0,0.0,UNMAPPED,,0,,,
364,MESIN PENEMPEL LABEL,3,true,1,Alat dan Buku Tulis > PERALATAN UMUM > MESIN PENEMPEL LABEL,model_code,1,0.0,0.0,0.0,0.0,0.0,0.0,0.0,1.0,UNMAPPED,,0,,,
369,STAPLER & REFILL,3,false,1,Alat dan Buku Tulis > PERALATAN UMUM > STAPLER & REFILL,colour,1,0.0,0.0,1.0,0.0,0.0,0.0,0.0,0.0,UNMAPPED,,0,,,
381,JEPIT DASI ,3,true,1,Fashion > AKSESORIS FASHION DEWASA > JEPIT DASI ,,0,0.0,0.0,0.0,0.0,0.0,0.0,0.0,0.0,UNMAPPED,,0,,,
414,PAKAIAN OLAHRAGA WANITA,3,false,1,Fashion > PAKAIAN OLAHRAGA > PAKAIAN OLAHRAGA WANITA,model_code,1,0.0,0.0,0.0,0.0,0.0,0.0,0.0,1.0,UNMAPPED,,0,,,
457,LIP LINER,3,true,1,Kosmetik dan Alat Kecantikan > MAKE UP BIBIR > LIP LINER,colour,1,0.0,0.0,1.0,0.0,0.0,0.0,0.0,0.0,UNMAPPED,,0,,,
481,DART,3,true,1,Mainan dan Alat Lainnya > MAINAN DENGAN PAPAN (BOARD GAME) > DART,,0,0.0,0.0,0.0,0.0,0.0,0.0,0.0,0.0,UNMAPPED,,0,,,
492,BUBBLE WRAP ,3,true,1,Mainan dan Alat Lainnya > ALAT LAINNYA > BUBBLE WRAP ,colour,1,0.0,0.0,1.0,0.0,0.0,0.0,0.0,0.0,UNMAPPED,,0,,,
493,KOMPAS,3,true,1,Mainan dan Alat Lainnya > ALAT LAINNYA > KOMPAS,,0,0.0,0.0,0.0,0.0,0.0,0.0,0.0,0.0,UNMAPPED,,0,,,
503,JUS BUAH & SAYURAN,4,false,1,Makanan dan Minuman > MINUMAN > MINUMAN DALAM KEMASAN > JUS BUAH & SAYURAN,flavour|net_content,2,1.0,0.0,0.0,1.0,0.0,0.0,0.0,0.0,FUZZY,"Makanan, Minuman & Tembakau > Minuman > Minuman Berperisa Buah > Jus Buah",6,Informasi alergen | Preferensi diet | Suplemen makanan | Rasa | Jenis kemasan | Inklusi tekstur,False,fuzzy-raw
592,PANCAKE BEKU,4,true,1,Makanan dan Minuman > MAKANAN & BAHAN MAKANAN > MAKANAN BEKU > PANCAKE BEKU,net_content,1,1.0,0.0,0.0,0.0,0.0,0.0,0.0,0.0,UNMAPPED,,0,,,
593,PIZZA BEKU,4,true,1,Makanan dan Minuman > MAKANAN & BAHAN MAKANAN > MAKANAN BEKU > PIZZA BEKU,net_content,1,1.0,0.0,0.0,0.0,0.0,0.0,0.0,0.0,UNMAPPED,,0,,,
629,MINYAK UNTUK SALAD,4,true,1,Makanan dan Minuman > MAKANAN & BAHAN MAKANAN > MINYAK > MINYAK UNTUK SALAD,colour,1,0.0,0.0,1.0,0.0,0.0,0.0,0.0,0.0,UNMAPPED,,0,,,
632,MINYAK LAINNYA,4,true,1,Makanan dan Minuman > MAKANAN & BAHAN MAKANAN > MINYAK > MINYAK LAINNYA,model_code|net_content,2,1.0,0.0,0.0,0.0,0.0,0.0,0.0,1.0,UNMAPPED,,0,,,
636,KRIM ,4,true,1,Makanan dan Minuman > MAKANAN & BAHAN MAKANAN > PRODUK SUSU > KRIM ,colour|net_content,2,1.0,0.0,1.0,0.0,0.0,0.0,0.0,0.0,EXACT,"Makanan, Minuman & Tembakau > Item Makanan > Produk Susu > Krim",7,Informasi alergen | Varian beta-kasein | Bahan dasar krim | Ragam krim | Preferensi diet | Kandungan lemak | Persyaratan penyimpanan,True,exact-raw
639,KECAP,4,false,1,Makanan dan Minuman > MAKANAN & BAHAN MAKANAN > SAUS > KECAP,model_code|net_content,2,1.0,0.0,0.0,0.0,0.0,0.0,0.0,1.0,EXACT,"Makanan, Minuman & Tembakau > Item Makanan > Kondimen & Saus > Kecap",5,Informasi alergen | Preferensi diet | Metode fermentasi | Variasi kecap | Persyaratan penyimpanan,False,exact-raw
666,BENGKUANG,4,true,1,Makanan dan Minuman > FRESH > BUAH > BENGKUANG,,0,0.0,0.0,0.0,0.0,0.0,0.0,0.0,0.0,EXACT,"Makanan, Minuman & Tembakau > Item Makanan > Buah & Sayur > Sayur Segar & Beku > Bengkuang",6,Informasi alergen | Metode memasak | Preferensi diet | Bentuk produk makanan | Persyaratan penyimpanan | Gaya pengolahan sayuran,False,exact-raw
671,JERUK BALI,4,true,1,Makanan dan Minuman > FRESH > BUAH > JERUK BALI,,0,0.0,0.0,0.0,0.0,0.0,0.0,0.0,0.0,EXACT,"Makanan, Minuman & Tembakau > Item Makanan > Buah & Sayur > Buah Segar & Beku > Buah Sitrus > Jeruk Bali",6,Informasi alergen | Preferensi diet | Bentuk produk makanan | Gaya potongan buah | Isi biji | Persyaratan penyimpanan,False,exact-raw
677,MANGGIS,4,true,1,Makanan dan Minuman > FRESH > BUAH > MANGGIS,,0,0.0,0.0,0.0,0.0,0.0,0.0,0.0,0.0,EXACT,"Makanan, Minuman & Tembakau > Item Makanan > Buah & Sayur > Buah Segar & Beku > Manggis",6,Informasi alergen | Preferensi diet | Bentuk produk makanan | Gaya potongan buah | Varietas manggis | Persyaratan penyimpanan,False,exact-raw
679,NAGA,4,true,1,Makanan dan Minuman > FRESH > BUAH > NAGA,,0,0.0,0.0,0.0,0.0,0.0,0.0,0.0,0.0,UNMAPPED,,0,,,
684,PLUM,4,true,1,Makanan dan Minuman > FRESH > BUAH > PLUM,,0,0.0,0.0,0.0,0.0,0.0,0.0,0.0,0.0,UNMAPPED,,0,,,
688,SIRSAK,4,true,1,Makanan dan Minuman > FRESH > BUAH > SIRSAK,,0,0.0,0.0,0.0,0.0,0.0,0.0,0.0,0.0,EXACT,"Makanan, Minuman & Tembakau > Item Makanan > Buah & Sayur > Buah Segar & Beku > Sirsak",5,Informasi alergen | Preferensi diet | Bentuk produk makanan | Gaya potongan buah | Persyaratan penyimpanan,False,exact-raw
695,SEAFOOD SEGAR LAINNYA,4,true,1,Makanan dan Minuman > FRESH > IKAN & SEAFOOD SEGAR > SEAFOOD SEGAR LAINNYA,model_code|net_content,2,1.0,0.0,0.0,0.0,0.0,0.0,0.0,1.0,UNMAPPED,,0,,,
711,DAUN GINSENG,4,true,1,Makanan dan Minuman > FRESH > SAYURAN SEGAR > DAUN GINSENG,,0,0.0,0.0,0.0,0.0,0.0,0.0,0.0,0.0,UNMAPPED,,0,,,
726,KAILAN,4,true,1,Makanan dan Minuman > FRESH > SAYURAN SEGAR > KAILAN,,0,0.0,0.0,0.0,0.0,0.0,0.0,0.0,0.0,EXACT,"Makanan, Minuman & Tembakau > Item Makanan > Buah & Sayur > Sayur Segar & Beku > Kailan",6,Informasi alergen | Metode memasak | Preferensi diet | Bentuk produk makanan | Persyaratan penyimpanan | Gaya pengolahan sayuran,False,exact-raw
729,KAPULAGA,4,true,1,Makanan dan Minuman > FRESH > SAYURAN SEGAR > KAPULAGA,,0,0.0,0.0,0.0,0.0,0.0,0.0,0.0,0.0,UNMAPPED,,0,,,
734,KEMBANG KOL,4,true,1,Makanan dan Minuman > FRESH > SAYURAN SEGAR > KEMBANG KOL,,0,0.0,0.0,0.0,0.0,0.0,0.0,0.0,0.0,EXACT,"Makanan, Minuman & Tembakau > Item Makanan > Buah & Sayur > Sayur Segar & Beku > Kembang Kol",7,Informasi alergen | Varietas kembang kol | Metode memasak | Preferensi diet | Bentuk produk makanan | Persyaratan penyimpanan | Gaya pengolahan sayuran,False,exact-raw
737,KENTANG MERAH,4,true,1,Makanan dan Minuman > FRESH > SAYURAN SEGAR > KENTANG MERAH,,0,0.0,0.0,0.0,0.0,0.0,0.0,0.0,0.0,UNMAPPED,,0,,,
740,KUCAI,4,true,1,Makanan dan Minuman > FRESH > SAYURAN SEGAR > KUCAI,,0,0.0,0.0,0.0,0.0,0.0,0.0,0.0,0.0,UNMAPPED,,0,,,
749,LOBAK (RADISH),4,true,1,Makanan dan Minuman > FRESH > SAYURAN SEGAR > LOBAK (RADISH),,0,0.0,0.0,0.0,0.0,0.0,0.0,0.0,0.0,UNMAPPED,,0,,,
765,SELADA AIR,4,true,1,Makanan dan Minuman > FRESH > SAYURAN SEGAR > SELADA AIR,colour,1,0.0,0.0,1.0,0.0,0.0,0.0,0.0,0.0,EXACT,"Makanan, Minuman & Tembakau > Item Makanan > Buah & Sayur > Sayur Segar & Beku > Selada Air",8,Informasi alergen | Metode memasak | Preferensi diet | Bentuk produk makanan | Tahap pertumbuhan produk | Persyaratan penyimpanan | Gaya pengolahan sayuran | Varietas selada air,False,exact-raw
786,TELUR ASIN CURAH,4,true,1,Makanan dan Minuman > FRESH > TELUR > TELUR ASIN CURAH,,0,0.0,0.0,0.0,0.0,0.0,0.0,0.0,0.0,UNMAPPED,,0,,,
788,TELUR AYAM CURAH,4,true,1,Makanan dan Minuman > FRESH > TELUR > TELUR AYAM CURAH,,0,0.0,0.0,0.0,0.0,0.0,0.0,0.0,0.0,UNMAPPED,,0,,,
792,OBAT KUMUR (MOUTHWASH) ANAK ,4,true,1,Keperluan Anak dan Bayi > PERAWATAN ANAK & BAYI > PERAWATAN MULUT & GIGI ANAK & BAYI > OBAT KUMUR (MOUTHWASH) ANAK ,flavour|net_content,2,1.0,0.0,0.0,1.0,0.0,0.0,0.0,0.0,FUZZY,Kesehatan & Kecantikan > Perawatan Tubuh > Perawatan Mulut > Obat Kumur,8,Bahan aktif | Kelompok usia | Kandungan Alkohol/Pelarut | Rasa | Kandungan fluorida | Bahan | Fungsi perawatan mulut | Bentuk produk,False,fuzzy-stripped
808,CONDITIONER ANAK & BAYI,4,true,1,Keperluan Anak dan Bayi > PERAWATAN ANAK & BAYI > PERAWATAN RAMBUT ANAK & BAYI > CONDITIONER ANAK & BAYI,net_content,1,1.0,0.0,0.0,0.0,0.0,0.0,0.0,0.0,UNMAPPED,,0,,,
811,MINYAK RAMBUT ANAK & BAYI,4,true,1,Keperluan Anak dan Bayi > PERAWATAN ANAK & BAYI > PERAWATAN RAMBUT ANAK & BAYI > MINYAK RAMBUT ANAK & BAYI,model_code|net_content,2,1.0,0.0,0.0,0.0,0.0,0.0,0.0,1.0,EXACT,Kesehatan & Kecantikan > Perawatan Tubuh > Perawatan Rambut > Perawatan Rambut > Minyak Rambut,14,Jenis pemakaian | Minyak dasar | Warna rambut yang kompatibel | Efek kondisioner | Bahan penyusun | Keharuman | Penggunaan minyak rambut | Efek minyak rambut | Bahan | Jenis kemasan | Sertifikasi & standar produk | Bentuk produk | Cocok untuk jenis rambut | Jenis kelamin sasaran,False,exact-stripped
815,PEMBERSIH HIDUNG,4,true,1,Keperluan Anak dan Bayi > PERALATAN UNTUK ANAK & BAYI > PERALATAN KEBERSIHAN ANAK & BAYI > PEMBERSIH HIDUNG,model_code,1,0.0,0.0,0.0,0.0,0.0,0.0,0.0,1.0,UNMAPPED,,0,,,
819,STERILIZER,4,true,1,Keperluan Anak dan Bayi > PERALATAN UNTUK ANAK & BAYI > PERALATAN KEBERSIHAN ANAK & BAYI > STERILIZER,model_code,1,0.0,0.0,0.0,0.0,0.0,0.0,0.0,1.0,UNMAPPED,,0,,,
825,KURSI MAKAN (HIGH CHAIR),4,true,1,Keperluan Anak dan Bayi > PERALATAN UNTUK ANAK & BAYI > PERALATAN MAKAN ANAK & BAYI > KURSI MAKAN (HIGH CHAIR),colour|model_code,2,0.0,0.0,1.0,0.0,0.0,0.0,0.0,1.0,UNMAPPED,,0,,,
833,POMPA ASI ELEKTRIK,4,true,1,Keperluan Anak dan Bayi > PERALATAN UNTUK ANAK & BAYI > PERALATAN MENYUSUI ANAK & BAYI > POMPA ASI ELEKTRIK,,0,0.0,0.0,0.0,0.0,0.0,0.0,0.0,0.0,EXACT,Bayi & Balita > Perawatan & Pemberian Makan > Pompa ASI > Pompa ASI Elektrik,10,Ukuran baterai | Jenis baterai | Petunjuk pembersihan | Warna | Pola | Portabilitas | Sumber listrik | Aksesori pompa | Pengaturan kecepatan pompa | Tingkat hisapan,False,exact-raw
839,TAS PENGHANGAT BOTOL SUSU,4,true,1,Keperluan Anak dan Bayi > PERLENGKAPAN ANAK & BAYI > PERLENGKAPAN BEPERGIAN ANAK & BAYI > TAS PENGHANGAT BOTOL SUSU,,0,0.0,0.0,0.0,0.0,0.0,0.0,0.0,0.0,UNMAPPED,,0,,,
853,KOTAK MAKAN ANAK & BAYI,4,true,1,Keperluan Anak dan Bayi > PERLENGKAPAN ANAK & BAYI > PERLENGKAPAN MAKAN ANAK & BAYI  > KOTAK MAKAN ANAK & BAYI,model_code|net_content,2,1.0,0.0,0.0,0.0,0.0,0.0,0.0,1.0,AMBIGUOUS,,0,,,fuzzy-stripped
854,TATAKAN MAKAN (PLACEMAT) ANAK & BAYI,4,true,1,Keperluan Anak dan Bayi > PERLENGKAPAN ANAK & BAYI > PERLENGKAPAN MAKAN ANAK & BAYI  > TATAKAN MAKAN (PLACEMAT) ANAK & BAYI,pack_count,1,0.0,1.0,0.0,0.0,0.0,0.0,0.0,0.0,UNMAPPED,,0,,,
856,MAINAN MANDI ANAK & BAYI,4,true,1,Keperluan Anak dan Bayi > PERLENGKAPAN ANAK & BAYI > PERLENGKAPAN MANDI ANAK & BAYI > MAINAN MANDI ANAK & BAYI,model_code,1,0.0,0.0,0.0,0.0,0.0,0.0,0.0,1.0,UNMAPPED,,0,,,
872,HAIR MOISTURIZER,4,true,1,Perawatan Diri & Rumah Tangga > Perawatan Diri > PERAWATAN RAMBUT > HAIR MOISTURIZER,colour|net_content,2,1.0,0.0,1.0,0.0,0.0,0.0,0.0,0.0,UNMAPPED,,0,,,
896,ANTI NYAMUK,4,false,1,Perawatan Diri & Rumah Tangga > Perawatan Diri > PERAWATAN BADAN > ANTI NYAMUK,model_code|net_content,2,1.0,0.0,0.0,0.0,0.0,0.0,0.0,1.0,UNMAPPED,,0,,,
920,KRIM PERONTOK RAMBUT,4,true,1,Perawatan Diri & Rumah Tangga > Perawatan Diri > PENCUKUR & PERONTOK RAMBUT > KRIM PERONTOK RAMBUT,net_content,1,1.0,0.0,0.0,0.0,0.0,0.0,0.0,0.0,UNMAPPED,,0,,,
930,PERTOLONGAN PERTAMA (FIRST AID KIT),4,false,1,Perawatan Diri & Rumah Tangga > Perawatan Diri > OBAT-OBATAN > PERTOLONGAN PERTAMA (FIRST AID KIT),,0,0.0,0.0,0.0,0.0,0.0,0.0,0.0,0.0,FUZZY,Kesehatan & Kecantikan > Perawatan Kesehatan > Pertolongan Pertama > Kit Pertolongan Pertama,11,Fitur ramah alergi | Fitur tas/kotak | Bahan tas/kotak | Area tubuh | Warna casing | Pola casing | Jenis wadah kotak P3K | Standar kepatuhan kit P3K | Penggunaan kit pertolongan pertama | Sertifikasi & standar produk | Jenis penggunaan,True,fuzzy-raw
935,POPOK (DIAPERS) DEWASA,4,false,1,Perawatan Diri & Rumah Tangga > Perawatan Diri > KEBUTUHAN KHUSUS LANJUT USIA > POPOK (DIAPERS) DEWASA,pack_count,1,0.0,1.0,0.0,0.0,0.0,0.0,0.0,0.0,FUZZY,Kesehatan & Kecantikan > Perawatan Kesehatan > Alat Bantu Inkontinensia > Popok Dewasa,8,Tingkat penyerapan | Fitur produk higiene absorben | Ukuran aksesori | Jenis penutupan | Bahan | Ukuran | Jenis kelamin sasaran | Jenis penggunaan,False,fuzzy-raw
945,PELICIN PAKAIAN ,4,false,1,Perawatan Diri & Rumah Tangga > Rumah Tangga > BAHAN LAUNDRY > PELICIN PAKAIAN ,colour|net_content|pack_count,3,1.0,1.0,1.0,0.0,0.0,0.0,0.0,0.0,UNMAPPED,,0,,,
946,PEMUTIH DAN PENGHILANG NODA,4,false,1,Perawatan Diri & Rumah Tangga > Rumah Tangga > BAHAN LAUNDRY > PEMUTIH DAN PENGHILANG NODA,colour|net_content,2,1.0,0.0,1.0,0.0,0.0,0.0,0.0,0.0,FUZZY,"Kendaraan & Suku Cadang > Suku Cadang & Aksesori Kendaraan > Pemeliharaan, Perawatan & Dekorasi Kendaraan > Pembersihan Kendaraan > Pembersih Karpet & Jok Kendaraan > Penghilang Noda",7,Warna | Bahas interior yang kompatibel | Jenis kemasan | Pola | Format penghilang noda | Area aplikasi kendaraan | Jenis kendaraan,False,fuzzy-raw
949,PEMBERSIH KAMAR MANDI,4,false,1,Perawatan Diri & Rumah Tangga > Rumah Tangga > BAHAN PEMBERSIH RUMAH > PEMBERSIH KAMAR MANDI,net_content,1,1.0,0.0,0.0,0.0,0.0,0.0,0.0,0.0,UNMAPPED,,0,,,
950,PEMBERSIH LANTAI,4,false,1,Perawatan Diri & Rumah Tangga > Rumah Tangga > BAHAN PEMBERSIH RUMAH > PEMBERSIH LANTAI,colour,1,0.0,0.0,1.0,0.0,0.0,0.0,0.0,0.0,EXACT,Rumah & Taman > Peralatan Rumah Tangga > Pembersih Lantai & Uap > Pembersih Lantai,8,Ukuran baterai | Jenis baterai | Permukaan pembersihan | Warna | Jenis wadah debu | Kelas efisiensi energi | Pola | Sumber listrik,False,exact-raw
952,PENGHARUM RUANGAN ELEKTRIK,4,false,1,Perawatan Diri & Rumah Tangga > Rumah Tangga > PENGHARUM RUANGAN > PENGHARUM RUANGAN ELEKTRIK,flavour|scent,2,0.0,0.0,0.0,1.0,0.0,0.0,1.0,0.0,UNMAPPED,,0,,,
976,KABEL JUMPER ACCU MOBIL,4,true,1,"Hobi, Ibadah, dan Olahraga > Perawatan & Suku Cadang Mobil > AKSESORIS MOBIL > KABEL JUMPER ACCU MOBIL",,0,0.0,0.0,0.0,0.0,0.0,0.0,0.0,0.0,UNMAPPED,,0,,,
1001,KAMPAS REM MOTOR,4,true,1,"Hobi, Ibadah, dan Olahraga > Perawatan & Suku Cadang Motor > PERAWATAN MOTOR > KAMPAS REM MOTOR",model_code|net_content,2,1.0,0.0,0.0,0.0,0.0,0.0,0.0,1.0,UNMAPPED,,0,,,
1015,GUNTING BORDIR,4,true,1,"Hobi, Ibadah, dan Olahraga > MENJAHIT > GUNTING JAHIT > GUNTING BORDIR",,0,0.0,0.0,0.0,0.0,0.0,0.0,0.0,0.0,UNMAPPED,,0,,,
1021,PITA KERTAS,4,true,1,"Hobi, Ibadah, dan Olahraga > MENJAHIT > PITA > PITA KERTAS",,0,0.0,0.0,0.0,0.0,0.0,0.0,0.0,0.0,UNMAPPED,,0,,,
1044,PENUTUP KUPING RENANG,4,true,1,"Hobi, Ibadah, dan Olahraga > OLAHRAGA > PERALATAN & PERLENGKAPAN RENANG > PENUTUP KUPING RENANG",,0,0.0,0.0,0.0,0.0,0.0,0.0,0.0,0.0,UNMAPPED,,0,,,
1055,NET PINGPONG,4,true,1,"Hobi, Ibadah, dan Olahraga > OLAHRAGA > PERALATAN & PERLENGKAPAN PING PONG > NET PINGPONG",,0,0.0,0.0,0.0,0.0,0.0,0.0,0.0,0.0,UNMAPPED,,0,,,
1155,KAIN ALAS,4,true,1,Fashion > FASHION ANAK & BAYI > PAKAIAN BAYI > KAIN ALAS,pack_count,1,0.0,1.0,0.0,0.0,0.0,0.0,0.0,0.0,UNMAPPED,,0,,,
1248,SEPATU BOOTS ANAK LAKI-LAKI,4,true,1,Fashion > SEPATU ANAK & BAYI > SEPATU ANAK & BAYI LAKI-LAKI > SEPATU BOOTS ANAK LAKI-LAKI,,0,0.0,0.0,0.0,0.0,0.0,0.0,0.0,0.0,UNMAPPED,,0,,,
1254,SANDAL GUNUNG ANAK PEREMPUAN,4,true,1,Fashion > SEPATU ANAK & BAYI > SEPATU ANAK & BAYI PEREMPUAN > SANDAL GUNUNG ANAK PEREMPUAN,colour|garment_size,2,0.0,0.0,1.0,0.0,0.0,1.0,0.0,0.0,UNMAPPED,,0,,,
1268,TAS MESSENGER PRIA,4,true,1,Fashion > TAS & KOPER > TAS PRIA > TAS MESSENGER PRIA,,0,0.0,0.0,0.0,0.0,0.0,0.0,0.0,0.0,UNMAPPED,,0,,,
1279,TAS CLUTCHES WANITA,4,true,1,Fashion > TAS & KOPER > TAS WANITA > TAS CLUTCHES WANITA,flavour|model_code,2,0.0,0.0,0.0,1.0,0.0,0.0,0.0,1.0,UNMAPPED,,0,,,
1302,KUAS MATA,4,true,1,Kosmetik dan Alat Kecantikan > ALAT KECANTIKAN > KUAS & APLIKATOR MAKE UP > KUAS MATA,model_code,1,0.0,0.0,0.0,0.0,0.0,0.0,0.0,1.0,UNMAPPED,,0,,,
1341,CUKA BALSAMIC,5,true,1,Makanan dan Minuman > MAKANAN & BAHAN MAKANAN > SAUS > CUKA > CUKA BALSAMIC,net_content,1,1.0,0.0,0.0,0.0,0.0,0.0,0.0,0.0,UNMAPPED,,0,,,
1353,BAWANG PUTIH TUNGGAL,5,true,1,Makanan dan Minuman > FRESH > SAYURAN SEGAR > BAWANG PUTIH > BAWANG PUTIH TUNGGAL,net_content,1,1.0,0.0,0.0,0.0,0.0,0.0,0.0,0.0,FUZZY,"Makanan, Minuman & Tembakau > Item Makanan > Buah & Sayur > Sayur Segar & Beku > Bawang Putih",8,Informasi alergen | Metode memasak | Preferensi diet | Bentuk produk makanan | Gaya pengolahan bawang putih | Varietas bawang putih | Persyaratan penyimpanan | Gaya pengolahan sayuran,False,fuzzy-raw
1388,MINYAK KESEHATAN LAINNYA,5,true,1,Perawatan Diri & Rumah Tangga > Perawatan Diri > OBAT-OBATAN > PEREDA NYERI & OBAT LUAR > MINYAK KESEHATAN LAINNYA,net_content|scent,2,1.0,0.0,0.0,0.0,0.0,0.0,1.0,0.0,UNMAPPED,,0,,,
1395,OBAT MINUM UNTUK SULIT TIDUR,5,true,1,Perawatan Diri & Rumah Tangga > Perawatan Diri > OBAT-OBATAN > OBAT MINUM > OBAT MINUM UNTUK SULIT TIDUR,model_code|net_content|pack_count,3,1.0,1.0,0.0,0.0,0.0,0.0,0.0,1.0,UNMAPPED,,0,,,
1399,KASA/PERBAN,5,true,1,Perawatan Diri & Rumah Tangga > Perawatan Diri > OBAT-OBATAN > PERTOLONGAN PERTAMA (FIRST AID KIT) > KASA/PERBAN,,0,0.0,0.0,0.0,0.0,0.0,0.0,0.0,0.0,FUZZY,Kesehatan & Kecantikan > Perawatan Kesehatan > Pertolongan Pertama > Plester & Perban Medis > Kasa dan Perban Luka,11,Jenis perekat | Fitur ramah alergi | Bentuk perban | Warna | Tingkat kompresi | Fitur daya tahan | Bahan plester medis | Pola | Sertifikasi & standar produk | Sterilitas produk | Jenis penggunaan,False,fuzzy-raw
1418,CAIRAN PEMBERSIH DAPUR,5,false,1,Perawatan Diri & Rumah Tangga > Rumah Tangga > BAHAN PEMBERSIH RUMAH > PEMBERSIH DAPUR > CAIRAN PEMBERSIH DAPUR,net_content,1,1.0,0.0,0.0,0.0,0.0,0.0,0.0,0.0,UNMAPPED,,0,,,
1422,CAIRAN PEMBERSIH KAMAR MANDI & KLOSET (PORSTEX),5,false,1,Perawatan Diri & Rumah Tangga > Rumah Tangga > BAHAN PEMBERSIH RUMAH > PEMBERSIH KAMAR MANDI > CAIRAN PEMBERSIH KAMAR MANDI & KLOSET (PORSTEX),net_content,1,1.0,0.0,0.0,0.0,0.0,0.0,0.0,0.0,UNMAPPED,,0,,,
1423,PENGHARUM FLUSH KLOSET,5,false,1,Perawatan Diri & Rumah Tangga > Rumah Tangga > BAHAN PEMBERSIH RUMAH > PEMBERSIH KAMAR MANDI > PENGHARUM FLUSH KLOSET,net_content|scent,2,1.0,0.0,0.0,0.0,0.0,0.0,1.0,0.0,UNMAPPED,,0,,,
1434,PERALATAN KEBERSIHAN RUMAH TANGGA,5,false,1,Perawatan Diri & Rumah Tangga > Rumah Tangga > Peralatan & Perlengkapan Rumah Tangga > PERALATAN RUMAH TANGGA > PERALATAN KEBERSIHAN RUMAH TANGGA,,0,0.0,0.0,0.0,0.0,0.0,0.0,0.0,0.0,FUZZY,Rumah & Taman > Peralatan Rumah Tangga,5,Perlu dirakit | Warna | Kelas efisiensi energi | Pola | Sertifikasi keselamatan,True,fuzzy-raw
1437,PERALATAN DAN PENYIMPANAN PAKAIAN DAN CUCIAN,5,false,1,Perawatan Diri & Rumah Tangga > Rumah Tangga > Peralatan & Perlengkapan Rumah Tangga > PERALATAN RUMAH TANGGA > PERALATAN DAN PENYIMPANAN PAKAIAN DAN CUCIAN,,0,0.0,0.0,0.0,0.0,0.0,0.0,0.0,0.0,UNMAPPED,,0,,,
1441,SOFA,5,true,1,Perawatan Diri & Rumah Tangga > Rumah Tangga > Peralatan & Perlengkapan Rumah Tangga > PERLENGKAPAN RUMAH TANGGA > SOFA,,0,0.0,0.0,0.0,0.0,0.0,0.0,0.0,0.0,EXACT,Furnitur > Sofa,17,Perlu dirakit | Warna pelapis sandaran | Bahan pelapis sandaran | Pola pelapis sandaran | Petunjuk perawatan | Orientasi kursi panjang atau modular | Warna | Kekerasan | Bahan | Pola | Mekanisme sandaran | Sertifikasi keselamatan | Jenis tempat duduk | Warna pelapis tempat duduk | Bahan pelapis tempat duduk | Pola pelapis tempat duduk | Fitur sofa,True,exact-raw
1459,CELANA OLAHRAGA PENDEK WANITA,5,true,1,Fashion > PAKAIAN OLAHRAGA > PAKAIAN OLAHRAGA WANITA > BAWAHAN OLAHRAGA WANITA > CELANA OLAHRAGA PENDEK WANITA,model_code,1,0.0,0.0,0.0,0.0,0.0,0.0,0.0,1.0,AMBIGUOUS,,0,,,fuzzy-stripped
1460,LEGGING OLAHRAGA WANITA,5,true,1,Fashion > PAKAIAN OLAHRAGA > PAKAIAN OLAHRAGA WANITA > BAWAHAN OLAHRAGA WANITA > LEGGING OLAHRAGA WANITA,model_code,1,0.0,0.0,0.0,0.0,0.0,0.0,0.0,1.0,UNMAPPED,,0,,,
1464,GEMBOK & TALI PENGIKAT KOPER,5,true,1,Fashion > TAS & KOPER > TAS TRAVEL & KOPER > AKSESORIS TRAVEL & KOPER > GEMBOK & TALI PENGIKAT KOPER,model_code|net_content,2,1.0,0.0,0.0,0.0,0.0,0.0,0.0,1.0,UNMAPPED,,0,,,
1490,DETERJEN CAIR UNTUK PAKAIAN BATIK,6,true,1,Perawatan Diri & Rumah Tangga > Rumah Tangga > BAHAN LAUNDRY > DETERJEN PAKAIAN > DETERJEN CAIR > DETERJEN CAIR UNTUK PAKAIAN BATIK,net_content,1,1.0,0.0,0.0,0.0,0.0,0.0,0.0,0.0,UNMAPPED,,0,,,
1554,MEJA SETRIKA,6,true,1,Perawatan Diri & Rumah Tangga > Rumah Tangga > Peralatan & Perlengkapan Rumah Tangga > PERALATAN RUMAH TANGGA > PERALATAN DAN PENYIMPANAN PAKAIAN DAN CUCIAN > MEJA SETRIKA,,0,0.0,0.0,0.0,0.0,0.0,0.0,0.0,0.0,UNMAPPED,,0,,,
1556,MEJA BESAR,6,true,1,Perawatan Diri & Rumah Tangga > Rumah Tangga > Peralatan & Perlengkapan Rumah Tangga > PERLENGKAPAN RUMAH TANGGA > MEJA  > MEJA BESAR,colour,1,0.0,0.0,1.0,0.0,0.0,0.0,0.0,0.0,UNMAPPED,,0,,,
1570,PEMUKUL ROTAN,6,true,1,Perawatan Diri & Rumah Tangga > Rumah Tangga > Peralatan & Perlengkapan Rumah Tangga > PERLENGKAPAN RUMAH TANGGA > PERLENGKAPAN KAMAR & KAMAR MANDI > PEMUKUL ROTAN,,0,0.0,0.0,0.0,0.0,0.0,0.0,0.0,0.0,UNMAPPED,,0,,,
1578,REFILL UNTUK FLOOR MOP SAPU,7,true,1,Perawatan Diri & Rumah Tangga > Rumah Tangga > Peralatan & Perlengkapan Rumah Tangga > PERALATAN RUMAH TANGGA > PERALATAN KEBERSIHAN RUMAH TANGGA > FLOOR MOP > REFILL UNTUK FLOOR MOP SAPU,,0,0.0,0.0,0.0,0.0,0.0,0.0,0.0,0.0,UNMAPPED,,0,,,
1618,TEMPAT TISSUE DINDING,7,true,1,Perawatan Diri & Rumah Tangga > Rumah Tangga > Peralatan & Perlengkapan Rumah Tangga > PERALATAN RUMAH TANGGA > PERALATAN DAN PENYIMPANAN DI KAMAR MANDI > TEMPAT TISSUE > TEMPAT TISSUE DINDING,model_code,1,0.0,0.0,0.0,0.0,0.0,0.0,0.0,1.0,UNMAPPED,,0,,,
1633,DISPENSER AIR NON-ELEKTRIK,7,true,1,Perawatan Diri & Rumah Tangga > Rumah Tangga > Peralatan & Perlengkapan Rumah Tangga > PERALATAN RUMAH TANGGA > PERALATAN DAN PENYIMPANAN DI DAPUR > ALAT DAPUR & AKSESORIS DAPUR > DISPENSER AIR NON-ELEKTRIK,model_code,1,0.0,0.0,0.0,0.0,0.0,0.0,0.0,1.0,UNMAPPED,,0,,,
1646,PEMUKUL DAGING,7,true,1,Perawatan Diri & Rumah Tangga > Rumah Tangga > Peralatan & Perlengkapan Rumah Tangga > PERALATAN RUMAH TANGGA > PERALATAN DAN PENYIMPANAN DI DAPUR > ALAT DAPUR & AKSESORIS DAPUR > PEMUKUL DAGING,model_code,1,0.0,0.0,0.0,0.0,0.0,0.0,0.0,1.0,UNMAPPED,,0,,,
1661,TIMER DAPUR,7,true,1,Perawatan Diri & Rumah Tangga > Rumah Tangga > Peralatan & Perlengkapan Rumah Tangga > PERALATAN RUMAH TANGGA > PERALATAN DAN PENYIMPANAN DI DAPUR > ALAT DAPUR & AKSESORIS DAPUR > TIMER DAPUR,,0,0.0,0.0,0.0,0.0,0.0,0.0,0.0,0.0,UNMAPPED,,0,,,
1692,PAPAN CUCIAN (PENGGILESAN) PLASTIK,7,true,1,Perawatan Diri & Rumah Tangga > Rumah Tangga > Peralatan & Perlengkapan Rumah Tangga > PERALATAN RUMAH TANGGA > PERALATAN DAN PENYIMPANAN PAKAIAN DAN CUCIAN > PAPAN CUCIAN (PENGGILESAN) > PAPAN CUCIAN (PENGGILESAN) PLASTIK,pack_count,1,0.0,1.0,0.0,0.0,0.0,0.0,0.0,0.0,UNMAPPED,,0,,,
1709,KARET TABUNG GAS,8,true,1,Perawatan Diri & Rumah Tangga > Rumah Tangga > Peralatan & Perlengkapan Rumah Tangga > PERALATAN RUMAH TANGGA > PERALATAN DAN PENYIMPANAN DI DAPUR > ALAT MASAK > KOMPOR GAS > KARET TABUNG GAS,,0,0.0,0.0,0.0,0.0,0.0,0.0,0.0,0.0,UNMAPPED,,0,,,
1715,SUMBU KOMPOR,8,true,1,Perawatan Diri & Rumah Tangga > Rumah Tangga > Peralatan & Perlengkapan Rumah Tangga > PERALATAN RUMAH TANGGA > PERALATAN DAN PENYIMPANAN DI DAPUR > ALAT MASAK > KOMPOR GAS > SUMBU KOMPOR,,0,0.0,0.0,0.0,0.0,0.0,0.0,0.0,0.0,UNMAPPED,,0,,,
1745,PIRING STAINLESS STEEL,8,true,1,Perawatan Diri & Rumah Tangga > Rumah Tangga > Peralatan & Perlengkapan Rumah Tangga > PERALATAN RUMAH TANGGA > PERALATAN DAN PENYIMPANAN DI DAPUR > PERALATAN MAKAN > PIRING > PIRING STAINLESS STEEL,,0,0.0,0.0,0.0,0.0,0.0,0.0,0.0,0.0,UNMAPPED,,0,,,
1759,GELAS / CUP STAINLESS STEEL,8,true,1,Perawatan Diri & Rumah Tangga > Rumah Tangga > Peralatan & Perlengkapan Rumah Tangga > PERALATAN RUMAH TANGGA > PERALATAN DAN PENYIMPANAN DI DAPUR > PERALATAN MAKAN > GELAS/CUP > GELAS / CUP STAINLESS STEEL,colour|model_code|net_content,3,1.0,0.0,1.0,0.0,0.0,0.0,0.0,1.0,UNMAPPED,,0,,,
1770,CANGKIR PORSELEN,8,true,1,Perawatan Diri & Rumah Tangga > Rumah Tangga > Peralatan & Perlengkapan Rumah Tangga > PERALATAN RUMAH TANGGA > PERALATAN DAN PENYIMPANAN DI DAPUR > PERALATAN MAKAN > CANGKIR > CANGKIR PORSELEN,colour|model_code,2,0.0,0.0,1.0,0.0,0.0,0.0,0.0,1.0,UNMAPPED,,0,,,
1773,PISAU MAKAN STAINLESS STEEL,8,true,1,Perawatan Diri & Rumah Tangga > Rumah Tangga > Peralatan & Perlengkapan Rumah Tangga > PERALATAN RUMAH TANGGA > PERALATAN DAN PENYIMPANAN DI DAPUR > PERALATAN MAKAN > PISAU MAKAN > PISAU MAKAN STAINLESS STEEL,pack_count,1,0.0,1.0,0.0,0.0,0.0,0.0,0.0,0.0,UNMAPPED,,0,,,
1778,SEDOTAN KERTAS,8,true,1,Perawatan Diri & Rumah Tangga > Rumah Tangga > Peralatan & Perlengkapan Rumah Tangga > PERALATAN RUMAH TANGGA > PERALATAN DAN PENYIMPANAN DI DAPUR > PERALATAN MAKAN > SEDOTAN > SEDOTAN KERTAS,,0,0.0,0.0,0.0,0.0,0.0,0.0,0.0,0.0,UNMAPPED,,0,,,
1789,MATERAI,3,true,1,Alat dan Buku Tulis > PERALATAN UMUM > MATERAI,,0,0.0,0.0,0.0,0.0,0.0,0.0,0.0,0.0,UNMAPPED,,0,,,
1798,CASUAL,5,true,1,UNUSED > AREA DISPLAY > CARDINAL > CARDINAL NORMAL > CASUAL,model_code,1,0.0,0.0,0.0,0.0,0.0,0.0,0.0,1.0,UNMAPPED,,0,,,
1830,ANTI NYAMUK BAKAR,5,true,1,Perawatan Diri & Rumah Tangga > Rumah Tangga > ANTI HAMA & SERANGGA > ANTI NYAMUK BAKAR > ANTI NYAMUK BAKAR,,0,0.0,0.0,0.0,0.0,0.0,0.0,0.0,0.0,UNMAPPED,,0,,,
1832,Perawatan & Suku Cadang Motor,2,false,1,"Hobi, Ibadah, dan Olahraga > Perawatan & Suku Cadang Motor",,0,0.0,0.0,0.0,0.0,0.0,0.0,0.0,0.0,UNMAPPED,,0,,,
1863,PEMBERSIH LIDAH,4,true,1,Perawatan Diri & Rumah Tangga > Perawatan Diri > PERAWATAN MULUT & GIGI > PEMBERSIH LIDAH,,0,0.0,0.0,0.0,0.0,0.0,0.0,0.0,0.0,EXACT,Kesehatan & Kecantikan > Perawatan Tubuh > Perawatan Mulut > Pembersih Lidah,7,Kelompok usia | Warna | Bahan | Fungsi perawatan mulut | Pola | Bentuk produk | Jenis penggunaan,False,exact-raw
