id,name,depth,products,our_path,has_qualifier,passA_verdict,passA_score,passA_n_candidates,passA_shopify,passB_verdict,passB_score,passB_tier,passB_scope,passB_n_candidates,passB_shopify_id,passB_shopify,passB_shopify_en,passB_level,passB_is_leaf,passB_ancestor_level_match,passB_n_attrs,passB_attrs,passB_nearest_miss
1162,KAUS PRIA,4,1467,Fashion > FASHION PRIA > ATASAN PRIA > KAUS PRIA,True,FUZZY,0.667,1,Busana dan Aksesori > Pakaian > Pakaian Dalam Pria > Kaus Dalam Pria,FUZZY,0.667,fuzzy-raw,vertical,1,aa-1-8-2,Busana dan Aksesori > Pakaian > Pakaian Dalam Pria > Kaus Dalam Pria,Apparel & Accessories > Clothing > Men's Undergarments > Men's Undershirts,3,True,False,9,Petunjuk perawatan | Warna | Kain | Fitur pakaian intim | Pola | Ukuran | Jenis ukuran | Jenis kelamin sasaran | Gaya kaos dalam,
1224,CELANA DALAM WANITA,4,1427,Fashion > FASHION WANITA > PAKAIAN DALAM WANITA > CELANA DALAM WANITA,True,EXACT,1.0,1,Busana dan Aksesori > Pakaian > Lingeri > Celana Dalam Wanita,EXACT,1.0,exact-raw,vertical,1,aa-1-6-11,Busana dan Aksesori > Pakaian > Lingeri > Celana Dalam Wanita,Apparel & Accessories > Clothing > Lingerie > Women's Underpants,3,False,True,10,Petunjuk perawatan | Warna | Kain | Bahan gusset | Fitur pakaian intim | Pola | Ukuran | Jenis ukuran | Jenis kelamin sasaran | Ketinggian pinggang,
1788,BARANG OBRAL,2,1382,BELUM DISORTIR > BARANG OBRAL,False,UNMAPPED,0.333,3,,UNMAPPED,0.0,,global,0,,,,,,,,,
68,MAINAN ANAK LAKI-LAKI,2,1319,Mainan dan Alat Lainnya > MAINAN ANAK LAKI-LAKI,True,UNMAPPED,0.4,5,,UNMAPPED,0.4,,global,5,,,,,,,,,Busana dan Aksesori > Pakaian > Pakaian Bayi & Anak > Pakaian Dalam Bayi & Anak > Pakaian Dalam Anak Laki-Laki
1568,SPREI,6,1186,Perawatan Diri & Rumah Tangga > Rumah Tangga > Peralatan & Perlengkapan Rumah Tangga > PERLENGKAPAN RUMAH TANGGA > PERLENGKAPAN KAMAR & KAMAR MANDI > SPREI,False,UNMAPPED,0.5,1,,UNMAPPED,0.5,,global,1,,,,,,,,,Rumah & Taman > Linen & Alas Tidur > Alas Tidur > Seprai > Sprei Pas
955,PERALATAN RUMAH TANGGA,4,1143,Perawatan Diri & Rumah Tangga > Rumah Tangga > Peralatan & Perlengkapan Rumah Tangga > PERALATAN RUMAH TANGGA,False,EXACT,1.0,1,Rumah & Taman > Peralatan Rumah Tangga,EXACT,1.0,exact-raw,vertical,1,hg-9,Rumah & Taman > Peralatan Rumah Tangga,Home & Garden > Household Appliances,1,False,True,5,Perlu dirakit | Warna | Kelas efisiensi energi | Pola | Sertifikasi keselamatan,
440,SANDAL WANITA,3,1086,Fashion > SEPATU WANITA > SANDAL WANITA,True,UNMAPPED,0.5,1,,EXACT,1.0,exact-stripped,vertical,1,aa-8-6,Busana dan Aksesori > Sepatu > Sandal,Apparel & Accessories > Shoes > Sandals,2,True,True,16,Kelompok usia | Petunjuk perawatan | Jenis penutupan | Warna | Bahan alas kaki | Jenis ketinggian tumit | Bahan pelapis | Gaya acara | Bahan sol luar | Pola | Gaya sandal | Fitur sepatu | Kesesuaian sepatu | Ukuran sepatu | Jenis kelamin sasaran | Gaya kaki,
10,Mainan dan Alat Lainnya,1,1048,Mainan dan Alat Lainnya,False,UNMAPPED,0.5,2,,UNMAPPED,0.5,,global,2,,,,,,,,,Mainan & Permainan > Mainan
1223,BRA WANITA,4,1022,Fashion > FASHION WANITA > PAKAIAN DALAM WANITA > BRA WANITA,True,UNMAPPED,0.5,1,,EXACT,1.0,exact-stripped,vertical,1,aa-1-6-3,Busana dan Aksesori > Pakaian > Lingeri > Bra,Apparel & Accessories > Clothing > Lingerie > Bras,3,True,False,12,Jenis pemakaian bra | Cakupan bra | Fitur bra | Jenis tali bra | Gaya bra | Petunjuk perawatan | Warna | Ukuran cup bra | Kain | Pola | Jenis ukuran | Jenis kelamin sasaran,
1163,KEMEJA PRIA,4,937,Fashion > FASHION PRIA > ATASAN PRIA > KEMEJA PRIA,True,UNMAPPED,0.5,3,,AMBIGUOUS,1.0,exact-stripped,vertical,3,,,,,,,,,
1183,BLOUSE WANITA,4,913,Fashion > FASHION WANITA > ATASAN WANITA > BLOUSE WANITA,True,UNMAPPED,0.25,3,,UNMAPPED,0.25,,global,3,,,,,,,,,Busana dan Aksesori > Pakaian > Lingeri > Celana Dalam Wanita
1176,CELANA PANJANG PRIA,4,885,Fashion > FASHION PRIA > BAWAHAN PRIA > CELANA PANJANG PRIA,True,AMBIGUOUS,0.667,3,Busana dan Aksesori > Pakaian > Celana > Celana Panjang,AMBIGUOUS,1.0,exact-stripped,vertical,3,,,,,,,,,
1814,ARTEMEDIA,3,830,UNUSED > AREA DISPLAY > ARTEMEDIA,False,UNMAPPED,0.0,0,,UNMAPPED,0.0,,global,0,,,,,,,,,
533,COOKIES & BISKUIT,4,827,"Makanan dan Minuman > MAKANAN KECIL  > COOKIES, BISKUIT DAN LAIN LAIN > COOKIES & BISKUIT",False,UNMAPPED,0.333,2,,UNMAPPED,0.333,,global,2,,,,,,,,,Hewan & Perlengkapan Hewan Piaraan > Perlengkapan Hewan Piaraan > Perlengkapan Hewan Kecil > Camilan Hewan Kecil > Biskuit & Bakeri
1211,CELANA PANJANG WANITA,4,827,Fashion > FASHION WANITA > BAWAHAN WANITA > CELANA PANJANG WANITA,True,AMBIGUOUS,0.667,3,Busana dan Aksesori > Pakaian > Celana > Celana Panjang,AMBIGUOUS,1.0,exact-stripped,vertical,3,,,,,,,,,
450,TAS WANITA,3,784,Fashion > TAS & KOPER > TAS WANITA,True,UNMAPPED,0.333,56,,UNMAPPED,0.5,,global,26,,,,,,,,,Busana dan Aksesori > Aksesori Tas Tangan & Dompet > Gantungan Tas
432,SANDAL PRIA,3,782,Fashion > SEPATU PRIA > SANDAL PRIA,True,UNMAPPED,0.5,1,,EXACT,1.0,exact-stripped,vertical,1,aa-8-6,Busana dan Aksesori > Sepatu > Sandal,Apparel & Accessories > Shoes > Sandals,2,True,True,16,Kelompok usia | Petunjuk perawatan | Jenis penutupan | Warna | Bahan alas kaki | Jenis ketinggian tumit | Bahan pelapis | Gaya acara | Bahan sol luar | Pola | Gaya sandal | Fitur sepatu | Kesesuaian sepatu | Ukuran sepatu | Jenis kelamin sasaran | Gaya kaki,
1139,ATASAN ANAK LAKI-LAKI,4,734,Fashion > FASHION ANAK & BAYI > PAKAIAN ANAK LAKI-LAKI > ATASAN ANAK LAKI-LAKI,True,UNMAPPED,0.5,1,,UNMAPPED,0.5,,global,15,,,,,,,,,Busana dan Aksesori > Pakaian > Pakaian Aktif > Atasan Aktif
879,SHAMPOO,4,719,Perawatan Diri & Rumah Tangga > Perawatan Diri > PERAWATAN RAMBUT > SHAMPOO,False,UNMAPPED,0.0,0,,UNMAPPED,0.0,,global,0,,,,,,,,,
72,MAINAN OLAHRAGA DAN AKTIVITAS,2,683,Mainan dan Alat Lainnya > MAINAN OLAHRAGA DAN AKTIVITAS,False,AMBIGUOUS,0.667,2,Mainan & Permainan > Mainan > Mainan Aktivitas,AMBIGUOUS,0.667,fuzzy-raw,vertical,2,,,,,,,,,
1271,TAS RANSEL PRIA,4,661,Fashion > TAS & KOPER > TAS PRIA > TAS RANSEL PRIA,True,UNMAPPED,0.5,1,,FUZZY,0.667,fuzzy-stripped,vertical,1,aa-5-4-23,"Busana dan Aksesori > Tas Tangan, Dompet & Kotak > Tas Tangan > Tas Ransel Tangan","Apparel & Accessories > Handbags, Wallets & Cases > Handbags > Backpack Handbags",3,True,False,12,Ukuran aksesori | Kelompok usia | Hiasan tas | Penutup tas/kotak | Fitur tas/kotak | Bahan tas/kotak | Fitur penyimpanan tas/kotak | Petunjuk perawatan | Opsi bawa | Warna | Pola | Jenis kelamin sasaran,
53,KACAMATA,2,642,Fashion > KACAMATA,False,EXACT,1.0,1,Kesehatan & Kecantikan > Perawatan Tubuh > Perawatan Penglihatan > Kacamata,EXACT,1.0,exact-raw,global,1,hb-3-19-4,Kesehatan & Kecantikan > Perawatan Tubuh > Perawatan Penglihatan > Kacamata,Health & Beauty > Personal Care > Vision Care > Eyeglasses,3,True,False,23,Kelompok usia | Warna | Konstruksi | Bahan hiasan/trim | Warna bingkai kacamata | Desain bingkai kacamata | Bahan bingkai kacamata | Pola bingkai kacamata | Bentuk bingkai kacamata | Jenis engsel kacamata | Bahan lensa kacamata | Bahan perhiasan | Pelapis lensa | Warna lensa | Pola lensa | Jenis lensa | Bahan | Desain bingkai optik | Pola | Sterilitas produk | Jenis kelamin sasaran | Warna pelipis | Pola pelipis,
1262,TAS RANSEL / PUNGGUNG ANAK,4,638,Fashion > TAS & KOPER > TAS ANAK > TAS RANSEL / PUNGGUNG ANAK,True,UNMAPPED,0.4,1,,UNMAPPED,0.5,,global,1,,,,,,,,,"Busana dan Aksesori > Tas Tangan, Dompet & Kotak > Tas Tangan > Tas Ransel Tangan"
49,FASHION ANAK & BAYI,2,596,Fashion > FASHION ANAK & BAYI,True,UNMAPPED,0.5,11,,UNMAPPED,0.5,,global,11,,,,,,,,,Busana dan Aksesori > Pakaian > Pakaian Bayi & Anak
1180,CELANA DALAM PRIA,4,589,Fashion > FASHION PRIA > PAKAIAN DALAM PRIA > CELANA DALAM PRIA,True,FUZZY,0.667,1,Busana dan Aksesori > Pakaian > Pakaian Dalam Pria > Pakaian Dalam Pria > Celana Dalam,EXACT,1.0,exact-stripped,vertical,1,aa-1-8-3-9,Busana dan Aksesori > Pakaian > Pakaian Dalam Pria > Pakaian Dalam Pria > Celana Dalam,Apparel & Accessories > Clothing > Men's Undergarments > Men's Underwear > Undershorts,4,True,False,9,Petunjuk perawatan | Warna | Kain | Fitur pakaian intim | Pola | Gaya kantong | Ukuran | Jenis ukuran | Jenis kelamin sasaran,
1141,BAWAHAN ANAK LAKI-LAKI,4,584,Fashion > FASHION ANAK & BAYI > PAKAIAN ANAK LAKI-LAKI > BAWAHAN ANAK LAKI-LAKI,True,UNMAPPED,0.4,4,,UNMAPPED,0.5,,global,2,,,,,,,,,Busana dan Aksesori > Pakaian > Pakaian Tidur & Pakaian Santai > Loungewear > Bawahan Loungewear
1727,BOTOL MINUM PLASTIK,8,583,Perawatan Diri & Rumah Tangga > Rumah Tangga > Peralatan & Perlengkapan Rumah Tangga > PERALATAN RUMAH TANGGA > PERALATAN DAN PENYIMPANAN DI DAPUR > TEMPAT PENYIMPANAN MAKANAN & MINUMAN > TEMPAT PENYIMPANAN MINUMAN / CAIRAN > BOTOL MINUM PLASTIK,False,UNMAPPED,0.5,1,,UNMAPPED,0.5,,global,1,,,,,,,,,Rumah & Taman > Dapur & Ruang Makan > Pembawa Makanan & Minuman > Botol Air Minum
377,AKSESORIS FASHION DEWASA LAINNYA,3,569,Fashion > AKSESORIS FASHION DEWASA > AKSESORIS FASHION DEWASA LAINNYA,True,UNMAPPED,0.333,1,,UNMAPPED,0.333,,global,1,,,,,,,,,Dewasa
1144,SET PAKAIAN ANAK LAKI-LAKI,4,569,Fashion > FASHION ANAK & BAYI > PAKAIAN ANAK LAKI-LAKI > SET PAKAIAN ANAK LAKI-LAKI,True,FUZZY,0.6,1,Busana dan Aksesori > Pakaian > Pakaian Bayi & Anak > Pakaian Dalam Bayi & Anak > Pakaian Dalam Anak Laki-Laki,EXACT,1.0,exact-stripped,vertical,1,aa-1-11,Busana dan Aksesori > Pakaian > Set Pakaian,Apparel & Accessories > Clothing > Outfit Sets,2,True,True,26,Fitur pakaian aktif | Aktivitas | Kelompok usia | Fitur bra | Jenis tali bra | Tingkat sokongan bra | Petunjuk perawatan | Fitur pakaian | Warna | Ukuran cup bra | Acara dress | Gaya dress | Kain | Fit | Garis leher | Jenis panjang celana | Pola | Ukuran | Jenis ukuran | Gaya rok | Jenis panjang rok/gaun | Jenis panjang lengan | Keadaan jahitan | Jenis kelamin sasaran | Jenis panjang atasan | Ketinggian pinggang,
58,SEPATU PRIA,2,558,Fashion > SEPATU PRIA,True,UNMAPPED,0.5,1,,EXACT,1.0,exact-stripped,vertical,1,aa-8,Busana dan Aksesori > Sepatu,Apparel & Accessories > Shoes,1,False,True,17,Kelompok usia | Petunjuk perawatan | Jenis penutupan | Warna | Metode pembuatan alas kaki | Bahan alas kaki | Jenis ketinggian tumit | Bahan pelapis | Gaya acara | Bahan sol luar | Pola | Fitur sepatu | Kesesuaian sepatu | Ukuran sepatu | Jenis kelamin sasaran | Jenis pelindung ujung | Gaya kaki,
1145,ATASAN ANAK PEREMPUAN,4,541,Fashion > FASHION ANAK & BAYI > PAKAIAN ANAK PEREMPUAN > ATASAN ANAK PEREMPUAN,True,UNMAPPED,0.5,1,,UNMAPPED,0.5,,global,15,,,,,,,,,Busana dan Aksesori > Pakaian > Pakaian Aktif > Atasan Aktif
398,ATASAN WANITA,3,523,Fashion > FASHION WANITA > ATASAN WANITA,True,UNMAPPED,0.333,15,,UNMAPPED,0.5,,global,14,,,,,,,,,Busana dan Aksesori > Pakaian > Pakaian Aktif > Atasan Aktif
1147,BAWAHAN ANAK PEREMPUAN,4,521,Fashion > FASHION ANAK & BAYI > PAKAIAN ANAK PEREMPUAN > BAWAHAN ANAK PEREMPUAN,True,UNMAPPED,0.4,4,,UNMAPPED,0.5,,global,2,,,,,,,,,Busana dan Aksesori > Pakaian > Pakaian Tidur & Pakaian Santai > Loungewear > Bawahan Loungewear
67,BONEKA ,2,518,Mainan dan Alat Lainnya > BONEKA ,False,AMBIGUOUS,1.0,2,Bayi & Balita > Mainan Bayi & Peralatan Aktivitas > Dot Bayi > Boneka,EXACT,1.0,exact-raw,vertical,1,tg-5-8-6,"Mainan & Permainan > Mainan > Boneka, Set Mainan & Figur Mainan > Boneka","Toys & Games > Toys > Dolls, Playsets & Toy Figures > Dolls",3,True,False,11,Ukuran baterai | Jenis baterai | Warna | Tipe mata boneka | Fitur boneka | Jenis serat rambut boneka | Jenis boneka | Skala rumah boneka | Pola | Rekomendasi kelompok usia | Bahan mainan/permainan,
1282,TAS RANSEL WANITA,4,513,Fashion > TAS & KOPER > TAS WANITA > TAS RANSEL WANITA,True,UNMAPPED,0.5,1,,FUZZY,0.667,fuzzy-stripped,vertical,1,aa-5-4-23,"Busana dan Aksesori > Tas Tangan, Dompet & Kotak > Tas Tangan > Tas Ransel Tangan","Apparel & Accessories > Handbags, Wallets & Cases > Handbags > Backpack Handbags",3,True,False,12,Ukuran aksesori | Kelompok usia | Hiasan tas | Penutup tas/kotak | Fitur tas/kotak | Bahan tas/kotak | Fitur penyimpanan tas/kotak | Petunjuk perawatan | Opsi bawa | Warna | Pola | Jenis kelamin sasaran,
69,MAINAN ANAK PEREMPUAN,2,496,Mainan dan Alat Lainnya > MAINAN ANAK PEREMPUAN,True,UNMAPPED,0.4,5,,UNMAPPED,0.4,,global,5,,,,,,,,,Busana dan Aksesori > Pakaian > Pakaian Bayi & Anak > Pakaian Dalam Bayi & Anak > Pakaian Dalam Anak Perempuan
1151,SET PAKAIAN ANAK PEREMPUAN,4,485,Fashion > FASHION ANAK & BAYI > PAKAIAN ANAK PEREMPUAN > SET PAKAIAN ANAK PEREMPUAN,True,FUZZY,0.6,1,Busana dan Aksesori > Pakaian > Pakaian Bayi & Anak > Pakaian Dalam Bayi & Anak > Pakaian Dalam Anak Perempuan,EXACT,1.0,exact-stripped,vertical,1,aa-1-11,Busana dan Aksesori > Pakaian > Set Pakaian,Apparel & Accessories > Clothing > Outfit Sets,2,True,True,26,Fitur pakaian aktif | Aktivitas | Kelompok usia | Fitur bra | Jenis tali bra | Tingkat sokongan bra | Petunjuk perawatan | Fitur pakaian | Warna | Ukuran cup bra | Acara dress | Gaya dress | Kain | Fit | Garis leher | Jenis panjang celana | Pola | Ukuran | Jenis ukuran | Gaya rok | Jenis panjang rok/gaun | Jenis panjang lengan | Keadaan jahitan | Jenis kelamin sasaran | Jenis panjang atasan | Ketinggian pinggang,
458,LIPSTICK,3,482,Kosmetik dan Alat Kecantikan > MAKE UP BIBIR > LIPSTICK,False,UNMAPPED,0.0,0,,UNMAPPED,0.0,,global,0,,,,,,,,,
59,SEPATU WANITA,2,481,Fashion > SEPATU WANITA,True,UNMAPPED,0.5,1,,EXACT,1.0,exact-stripped,vertical,1,aa-8,Busana dan Aksesori > Sepatu,Apparel & Accessories > Shoes,1,False,True,17,Kelompok usia | Petunjuk perawatan | Jenis penutupan | Warna | Metode pembuatan alas kaki | Bahan alas kaki | Jenis ketinggian tumit | Bahan pelapis | Gaya acara | Bahan sol luar | Pola | Fitur sepatu | Kesesuaian sepatu | Ukuran sepatu | Jenis kelamin sasaran | Jenis pelindung ujung | Gaya kaki,
1721,KOTAK MAKAN PLASTIK,8,467,Perawatan Diri & Rumah Tangga > Rumah Tangga > Peralatan & Perlengkapan Rumah Tangga > PERALATAN RUMAH TANGGA > PERALATAN DAN PENYIMPANAN DI DAPUR > TEMPAT PENYIMPANAN MAKANAN & MINUMAN > TEMPAT PENYIMPANAN MAKANAN > KOTAK MAKAN PLASTIK,False,UNMAPPED,0.5,2,,UNMAPPED,0.5,,global,2,,,,,,,,,Rumah & Taman > Dapur & Ruang Makan > Pembawa Makanan & Minuman > Tas & Kotak Makan
60,TAS & KOPER,2,456,Fashion > TAS & KOPER,False,UNMAPPED,0.5,1,,UNMAPPED,0.5,,global,1,,,,,,,,,Bagasi & Tas > Koper
1161,KAUS POLO PRIA,4,432,Fashion > FASHION PRIA > ATASAN PRIA > KAUS POLO PRIA,True,UNMAPPED,0.5,1,,UNMAPPED,0.5,,global,3,,,,,,,,,Busana dan Aksesori > Pakaian > Pakaian Bayi & Anak > Atasan Bayi & Anak > Polo
1318,SUSU CAIR & UHT,5,427,Makanan dan Minuman > MINUMAN > MINUMAN DALAM KEMASAN > SUSU > SUSU CAIR & UHT,False,UNMAPPED,0.333,2,,UNMAPPED,0.333,,global,2,,,,,,,,,"Makanan, Minuman & Tembakau > Minuman > Susu"
547,SNACK LAINNYA,4,420,"Makanan dan Minuman > MAKANAN KECIL  > COOKIES, BISKUIT DAN LAIN LAIN > SNACK LAINNYA",False,UNMAPPED,0.333,1,,UNMAPPED,0.333,,global,1,,,,,,,,,"Makanan, Minuman & Tembakau > Item Makanan > Makanan Ringan > Trail & Snack Mix"
891,PEMBERSIH WAJAH (FACE WASH),4,412,Perawatan Diri & Rumah Tangga > Perawatan Diri > PERAWATAN WAJAH > PEMBERSIH WAJAH (FACE WASH),False,UNMAPPED,0.5,1,,UNMAPPED,0.5,,global,1,,,,,,,,,Kesehatan & Kecantikan > Perawatan Tubuh > Kosmetik > Perawatan Wajah > Pembersih Wajah
1476,SABUN BADAN CAIR KEMASAN REFILL,6,402,Perawatan Diri & Rumah Tangga > Perawatan Diri > PERAWATAN BADAN > SABUN BADAN > SABUN BADAN CAIR > SABUN BADAN CAIR KEMASAN REFILL,False,UNMAPPED,0.333,1,,UNMAPPED,0.333,,global,1,,,,,,,,,Kesehatan & Kecantikan > Perawatan Tubuh > Kosmetik > Mandi & Perawatan Tubuh > Sabun Tangan Cair
48,AKSESORIS FASHION DEWASA,2,385,Fashion > AKSESORIS FASHION DEWASA,True,UNMAPPED,0.333,1,,UNMAPPED,0.333,,global,1,,,,,,,,,Dewasa
1229,DASTER WANITA,4,380,Fashion > FASHION WANITA > PAKAIAN TIDUR WANITA > DASTER WANITA,True,UNMAPPED,0.25,3,,UNMAPPED,0.25,,global,3,,,,,,,,,Busana dan Aksesori > Pakaian > Lingeri > Celana Dalam Wanita
57,SEPATU ANAK & BAYI,2,379,Fashion > SEPATU ANAK & BAYI,True,EXACT,1.0,1,Busana dan Aksesori > Sepatu > Sepatu Bayi & Anak,EXACT,1.0,exact-raw,vertical,1,aa-8-11,Busana dan Aksesori > Sepatu > Sepatu Bayi & Anak,Apparel & Accessories > Shoes > Baby & Children's Shoes,2,False,True,12,Petunjuk perawatan | Jenis penutupan | Warna | Bahan alas kaki | Bahan pelapis | Bahan sol luar | Pola | Fitur sepatu | Kesesuaian sepatu | Ukuran sepatu | Jenis kelamin sasaran | Gaya kaki,
42,DEKORASI & KELENGKAPAN PESTA,2,378,Alat dan Buku Tulis > DEKORASI & KELENGKAPAN PESTA,False,UNMAPPED,0.5,1,,UNMAPPED,0.5,,global,1,,,,,,,,,Seni & Hiburan > Pesta & Perayaan > Perlengkapan Pesta > Dekorasi Pesta Tiup
1723,TOPLES,8,377,Perawatan Diri & Rumah Tangga > Rumah Tangga > Peralatan & Perlengkapan Rumah Tangga > PERALATAN RUMAH TANGGA > PERALATAN DAN PENYIMPANAN DI DAPUR > TEMPAT PENYIMPANAN MAKANAN & MINUMAN > TEMPAT PENYIMPANAN MAKANAN > TOPLES,False,UNMAPPED,0.5,1,,UNMAPPED,0.5,,global,1,,,,,,,,,Rumah & Taman > Dapur & Ruang Makan > Peralatan & Perlengkapan Dapur > Pembuka Toples
1152,TERUSAN ANAK PEREMPUAN,4,376,Fashion > FASHION ANAK & BAYI > PAKAIAN ANAK PEREMPUAN > TERUSAN ANAK PEREMPUAN,True,UNMAPPED,0.4,4,,UNMAPPED,0.5,,global,1,,,,,,,,,Busana dan Aksesori > Pakaian > Seragam & Pakaian Kerja > Celana & Terusan Kontraktor > Terusan Celemek
549,PERMEN,4,375,Makanan dan Minuman > MAKANAN KECIL  > PERMEN MARSHMALLOW DAN LAIN LAIN > PERMEN,False,AMBIGUOUS,1.0,2,"Makanan, Minuman & Tembakau > Item Makanan > Permen & Cokelat > Permen",AMBIGUOUS,1.0,exact-raw,vertical,2,,,,,,,,,
1177,CELANA PENDEK PRIA,4,368,Fashion > FASHION PRIA > BAWAHAN PRIA > CELANA PENDEK PRIA,True,AMBIGUOUS,0.667,5,Busana dan Aksesori > Pakaian > Pakaian Tidur & Pakaian Santai > Loungewear > Bawahan Loungewear > Celana Pendek,AMBIGUOUS,1.0,exact-stripped,vertical,5,,,,,,,,,
1541,ALAT DAPUR & AKSESORIS DAPUR,6,361,Perawatan Diri & Rumah Tangga > Rumah Tangga > Peralatan & Perlengkapan Rumah Tangga > PERALATAN RUMAH TANGGA > PERALATAN DAN PENYIMPANAN DI DAPUR > ALAT DAPUR & AKSESORIS DAPUR,False,UNMAPPED,0.25,52,,UNMAPPED,0.25,,global,52,,,,,,,,,Seni & Hiburan > Hobi & Seni Kreatif > Seni & Kerajinan > Alat Seni & Kerajinan > Alat Benang & Benang Rajut > Card & Sikat Serat > Alat Teasing
1135,JEPIT RAMBUT DEWASA,4,358,Fashion > AKSESORIS FASHION DEWASA > AKSESORIS RAMBUT DEWASA > JEPIT RAMBUT DEWASA,True,UNMAPPED,0.5,4,,AMBIGUOUS,0.667,fuzzy-stripped,vertical,3,,,,,,,,,
1796,CARDINAL OBRAL,4,353,UNUSED > AREA DISPLAY > CARDINAL > CARDINAL OBRAL,False,UNMAPPED,0.2,1,,UNMAPPED,0.0,,global,0,,,,,,,,,
85,COKLAT MAKANAN KECIL,3,348,Makanan dan Minuman > MAKANAN KECIL  > COKLAT MAKANAN KECIL,False,UNMAPPED,0.5,1,,UNMAPPED,0.5,,global,1,,,,,,,,,Hewan & Perlengkapan Hewan Piaraan > Perlengkapan Hewan Piaraan > Perlengkapan Hewan Kecil > Makanan Hewan Kecil
1187,KEMEJA WANITA,4,347,Fashion > FASHION WANITA > ATASAN WANITA > KEMEJA WANITA,True,UNMAPPED,0.5,3,,AMBIGUOUS,1.0,exact-stripped,vertical,3,,,,,,,,,
1455,CELANA OLAHRAGA PRIA,5,342,Fashion > PAKAIAN OLAHRAGA > PAKAIAN OLAHRAGA PRIA > BAWAHAN OLAHRAGA PRIA > CELANA OLAHRAGA PRIA,True,UNMAPPED,0.333,2,,UNMAPPED,0.5,,global,2,,,,,,,,,Busana dan Aksesori > Pakaian > Celana
1159,SETELAN BAYI,4,340,Fashion > FASHION ANAK & BAYI > PAKAIAN BAYI > SETELAN BAYI,True,FUZZY,0.667,1,Busana dan Aksesori > Pakaian > Pakaian Bayi & Anak > Setelan Bayi & Anak,EXACT,1.0,exact-stripped,vertical,1,aa-1-19,Busana dan Aksesori > Pakaian > Setelan,Apparel & Accessories > Clothing > Suits,2,False,True,15,Kelompok usia | Petunjuk perawatan | Fitur pakaian | Warna | Kain | Konfigurasi kancing depan | Gaya ventilasi selubung | Gaya lapel | Garis leher | Pola | Ukuran | Jenis ukuran | Jenis panjang lengan | Setelan jas | Jenis kelamin sasaran,
1567,SELIMUT (BEDCOVER),6,335,Perawatan Diri & Rumah Tangga > Rumah Tangga > Peralatan & Perlengkapan Rumah Tangga > PERLENGKAPAN RUMAH TANGGA > PERLENGKAPAN KAMAR & KAMAR MANDI > SELIMUT (BEDCOVER),False,EXACT,1.0,1,Rumah & Taman > Linen & Alas Tidur > Alas Tidur > Selimut & Bedcover,EXACT,1.0,exact-raw,vertical,1,hg-15-1-10,Rumah & Taman > Linen & Alas Tidur > Alas Tidur > Selimut & Bedcover,Home & Garden > Linens & Bedding > Bedding > Quilts & Comforters,3,True,False,8,Ukuran alas tidur | Petunjuk perawatan | Warna | Kain | Perawatan bahan | Pola | Jenis konstruksi selimut | Tingkat kehangatan,
1253,SANDAL ANAK PEREMPUAN,4,334,Fashion > SEPATU ANAK & BAYI > SEPATU ANAK & BAYI PEREMPUAN > SANDAL ANAK PEREMPUAN,True,UNMAPPED,0.4,4,,EXACT,1.0,exact-stripped,vertical,1,aa-8-6,Busana dan Aksesori > Sepatu > Sandal,Apparel & Accessories > Shoes > Sandals,2,True,True,16,Kelompok usia | Petunjuk perawatan | Jenis penutupan | Warna | Bahan alas kaki | Jenis ketinggian tumit | Bahan pelapis | Gaya acara | Bahan sol luar | Pola | Gaya sandal | Fitur sepatu | Kesesuaian sepatu | Ukuran sepatu | Jenis kelamin sasaran | Gaya kaki,
1373,PARFUM WANITA,5,327,Perawatan Diri & Rumah Tangga > Perawatan Diri > FRAGRANCE & DEODORAN > PARFUM (EAU DE TOILETTE) > PARFUM WANITA,True,UNMAPPED,0.5,1,,UNMAPPED,0.5,,global,6,,,,,,,,,Hewan & Perlengkapan Hewan Piaraan > Perlengkapan Hewan Piaraan > Perlengkapan Perawatan Hewan Piaraan > Pengharum Hewan Piaraan & Semprotan Penghilang Bau > Parfum
278,BOHLAM,3,323,Elektronik > ALAT ELEKTRONIK RUMAH LAINNYA > BOHLAM,False,AMBIGUOUS,1.0,2,Rumah & Taman > Pencahayaan > Bohlam,EXACT,1.0,exact-raw,vertical,1,hg-13-7,Rumah & Taman > Pencahayaan > Bohlam,Home & Garden > Lighting > Light Bulbs,2,False,True,11,Jenis tutup bohlam | Finishing bohlam | Bentuk bohlam | Ukuran bohlam | Warna | Kelas efisiensi energi | Warna lampu | Pola cahaya | Temperatur cahaya | Fitur pencahayaan | Pola,
899,BODY LOTION,4,320,Perawatan Diri & Rumah Tangga > Perawatan Diri > PERAWATAN BADAN > BODY LOTION,False,UNMAPPED,0.333,3,,UNMAPPED,0.333,,global,3,,,,,,,,,Kesehatan & Kecantikan > Perawatan Tubuh > Kosmetik > Parfum & Cologne > Body Mist
1276,DOMPET WANITA,4,320,Fashion > TAS & KOPER > TAS WANITA > DOMPET WANITA,True,UNMAPPED,0.5,1,,EXACT,1.0,exact-stripped,vertical,1,aa-5-5-7,"Busana dan Aksesori > Tas Tangan, Dompet & Kotak > Dompet & Klip Uang > Dompet","Apparel & Accessories > Handbags, Wallets & Cases > Wallets & Money Clips > Wallets",3,True,False,8,Kelompok usia | Opsi bawa | Bahan aksesori pakaian | Warna | Jenis kulit | Pola | Jenis kelamin sasaran | Fitur dompet,
612,MIE INSTAN BUNGKUS,4,318,"Makanan dan Minuman > MAKANAN & BAHAN MAKANAN > MIE, BIHUN, KWETIAU INSTAN > MIE INSTAN BUNGKUS",False,UNMAPPED,0.25,6,,UNMAPPED,0.25,,global,6,,,,,,,,,Seni & Hiburan > Pesta & Perayaan > Pemberian Hadiah > Bungkus Kado
1199,KERUDUNG WANITA,4,314,Fashion > FASHION WANITA > BAJU MUSLIM WANITA > KERUDUNG WANITA,True,UNMAPPED,0.333,2,,UNMAPPED,0.5,,global,1,,,,,,,,,Busana dan Aksesori > Aksesori Pakaian > Aksesori Pengantin > Kerudung Pengantin
1317,SUSU BUBUK,5,310,Makanan dan Minuman > MINUMAN > MINUMAN DALAM KEMASAN > SUSU > SUSU BUBUK,False,EXACT,1.0,1,"Makanan, Minuman & Tembakau > Item Makanan > Bahan Memasak & Baking > Susu Kaleng & Bubuk > Susu Bubuk",EXACT,1.0,exact-raw,vertical,1,fb-2-5-10-3,"Makanan, Minuman & Tembakau > Item Makanan > Bahan Memasak & Baking > Susu Kaleng & Bubuk > Susu Bubuk","Food, Beverages & Tobacco > Food Items > Cooking & Baking Ingredients > Canned & Dry Milk > Powdered Milk",4,True,False,3,Informasi alergen | Preferensi diet | Persyaratan penyimpanan,
1473,POPOK (DIAPERS) ANAK & BAYI SEKALI PAKAI (DISPOSABLE) MODEL CELANA,6,306,Keperluan Anak dan Bayi > PERLENGKAPAN ANAK & BAYI > PERLENGKAPAN KEBERSIHAN ANAK & BAYI > POPOK (DIAPERS) ANAK & BAYI > POPOK (DIAPERS) ANAK & BAYI SEKALI PAKAI (DISPOSABLE) > POPOK (DIAPERS) ANAK & BAYI SEKALI PAKAI (DISPOSABLE) MODEL CELANA,True,UNMAPPED,0.333,2,,UNMAPPED,0.333,,global,2,,,,,,,,,Busana dan Aksesori > Pakaian > Pakaian Bayi & Anak > Celana Bayi & Anak
404,PAKAIAN DALAM WANITA,3,299,Fashion > FASHION WANITA > PAKAIAN DALAM WANITA,True,FUZZY,0.75,1,Busana dan Aksesori > Pakaian > Lingeri > Slip Pakaian Dalam Wanita,FUZZY,0.75,fuzzy-raw,vertical,1,aa-1-6-13,Busana dan Aksesori > Pakaian > Lingeri > Slip Pakaian Dalam Wanita,Apparel & Accessories > Clothing > Lingerie > Women's Underwear Slips,3,True,False,8,Petunjuk perawatan | Warna | Kain | Fitur pakaian intim | Pola | Ukuran | Jenis ukuran | Jenis kelamin sasaran,
1246,SANDAL ANAK LAKI-LAKI,4,298,Fashion > SEPATU ANAK & BAYI > SEPATU ANAK & BAYI LAKI-LAKI > SANDAL ANAK LAKI-LAKI,True,UNMAPPED,0.4,4,,EXACT,1.0,exact-stripped,vertical,1,aa-8-6,Busana dan Aksesori > Sepatu > Sandal,Apparel & Accessories > Shoes > Sandals,2,True,True,16,Kelompok usia | Petunjuk perawatan | Jenis penutupan | Warna | Bahan alas kaki | Jenis ketinggian tumit | Bahan pelapis | Gaya acara | Bahan sol luar | Pola | Gaya sandal | Fitur sepatu | Kesesuaian sepatu | Ukuran sepatu | Jenis kelamin sasaran | Gaya kaki,
1134,IKAT RAMBUT DEWASA,4,297,Fashion > AKSESORIS FASHION DEWASA > AKSESORIS RAMBUT DEWASA > IKAT RAMBUT DEWASA,True,AMBIGUOUS,0.667,2,Busana dan Aksesori > Aksesori Pakaian > Aksesori Rambut > Ikat Rambut,AMBIGUOUS,1.0,exact-stripped,vertical,2,,,,,,,,,
1294,SERAGAM SD,4,296,Fashion > SERAGAM & ATRIBUT SEKOLAH > SERAGAM SEKOLAH > SERAGAM SD,False,UNMAPPED,0.333,8,,UNMAPPED,0.333,,global,8,,,,,,,,,Busana dan Aksesori > Pakaian > Seragam & Pakaian Kerja > Seragam Pendeta
380,IKAT PINGGANG,3,294,Fashion > AKSESORIS FASHION DEWASA > IKAT PINGGANG,False,UNMAPPED,0.5,1,,UNMAPPED,0.5,,global,1,,,,,,,,,Kesehatan & Kecantikan > Perawatan Tubuh > Pijat & Relaksasi > Pemijat > Alat Pijat Elektrik > Ikat Pinggang Pijat dan Pelangsing
1143,PAKAIAN MUSLIM ANAK LAKI-LAKI,4,293,Fashion > FASHION ANAK & BAYI > PAKAIAN ANAK LAKI-LAKI > PAKAIAN MUSLIM ANAK LAKI-LAKI,True,FUZZY,0.6,1,Busana dan Aksesori > Pakaian > Pakaian Bayi & Anak > Pakaian Dalam Bayi & Anak > Pakaian Dalam Anak Laki-Laki,FUZZY,0.6,fuzzy-raw,vertical,1,aa-1-25-11-3,Busana dan Aksesori > Pakaian > Pakaian Bayi & Anak > Pakaian Dalam Bayi & Anak > Pakaian Dalam Anak Laki-Laki,Apparel & Accessories > Clothing > Baby & Children's Clothing > Baby & Children's Underwear > Boys' Underwear,4,False,True,9,Kelompok usia | Petunjuk perawatan | Warna | Kain | Fitur pakaian intim | Pola | Ukuran | Jenis ukuran | Jenis kelamin sasaran,
1136,SISIR DEWASA,4,292,Fashion > AKSESORIS FASHION DEWASA > AKSESORIS RAMBUT DEWASA > SISIR DEWASA,True,UNMAPPED,0.5,2,,UNMAPPED,0.5,,global,3,,,,,,,,,Hewan & Perlengkapan Hewan Piaraan > Perlengkapan Hewan Piaraan > Perlengkapan Perawatan Hewan Piaraan > Sisir & Sikat Hewan Piaraan > Sisir
411,KACAMATA BACA,3,290,Fashion > KACAMATA > KACAMATA BACA,False,UNMAPPED,0.5,1,,UNMAPPED,0.5,,global,1,,,,,,,,,Kesehatan & Kecantikan > Perawatan Tubuh > Perawatan Penglihatan > Kacamata
535,WAFER,4,288,"Makanan dan Minuman > MAKANAN KECIL  > COOKIES, BISKUIT DAN LAIN LAIN > WAFER",False,UNMAPPED,0.5,2,,UNMAPPED,0.5,,global,2,,,,,,,,,Hewan & Perlengkapan Hewan Piaraan > Perlengkapan Hewan Piaraan > Perlengkapan Ikan & Akuatik > Makanan Ikan > Wafer Alga
515,YOGHURT,4,287,Makanan dan Minuman > MINUMAN > MINUMAN DALAM KEMASAN > YOGHURT,False,EXACT,1.0,1,"Makanan, Minuman & Tembakau > Item Makanan > Produk Susu > Yoghurt",EXACT,1.0,exact-raw,vertical,1,fb-2-6-8,"Makanan, Minuman & Tembakau > Item Makanan > Produk Susu > Yoghurt","Food, Beverages & Tobacco > Food Items > Dairy Products > Yogurt",3,True,False,7,Informasi alergen | Varian beta-kasein | Preferensi diet | Kandungan lemak | Rasa | Persyaratan penyimpanan | Bahan dasar yogurt,
1215,ROK MAXI WANITA,4,280,Fashion > FASHION WANITA > BAWAHAN WANITA > ROK MAXI WANITA,True,UNMAPPED,0.333,3,,UNMAPPED,0.5,,global,3,,,,,,,,,Busana dan Aksesori > Pakaian > Pakaian Bayi & Anak > Celana Bayi & Anak > Rok
391,PAKAIAN BAYI,3,277,Fashion > FASHION ANAK & BAYI > PAKAIAN BAYI,True,FUZZY,0.667,1,Busana dan Aksesori > Pakaian > Pakaian Bayi & Anak,EXACT,1.0,exact-stripped,vertical,1,aa-1,Busana dan Aksesori > Pakaian,Apparel & Accessories > Clothing,1,False,True,9,Kelompok usia | Petunjuk perawatan | Fitur pakaian | Warna | Kain | Pola | Ukuran | Jenis ukuran | Jenis kelamin sasaran,
1197,GAUN MUSLIM WANITA,4,270,Fashion > FASHION WANITA > BAJU MUSLIM WANITA > GAUN MUSLIM WANITA,True,UNMAPPED,0.25,7,,UNMAPPED,0.333,,global,4,,,,,,,,,"Busana dan Aksesori > Pakaian > Pakaian Aktif > Dress Tari, Rok & Kostum > Gaun Tari"
1362,SABUN BADAN BATANG,5,270,Perawatan Diri & Rumah Tangga > Perawatan Diri > PERAWATAN BADAN > SABUN BADAN > SABUN BADAN BATANG,False,FUZZY,0.667,1,Kesehatan & Kecantikan > Perawatan Tubuh > Kosmetik > Mandi & Perawatan Tubuh > Sabun Batang,FUZZY,0.667,fuzzy-raw,vertical,1,hb-3-2-1-1,Kesehatan & Kecantikan > Perawatan Tubuh > Kosmetik > Mandi & Perawatan Tubuh > Sabun Batang,Health & Beauty > Personal Care > Cosmetics > Bath & Body > Bar Soap,4,True,False,18,Kelompok usia | Kandungan Alkohol/Pelarut | Area tubuh | Warna | Bahan penyusun | Jenis agen eksfoliasi | Keharuman | Bahan-bahan | Bahan | Jenis kemasan | Pola | Sertifikasi & standar produk | Bentuk produk | Aroma | Bentuk | Efek perawatan kulit | Metode pembuatan sabun | Cocok untuk jenis kulit,
565,BUMBU MASAK INSTAN,4,269,Makanan dan Minuman > MAKANAN & BAHAN MAKANAN > BUMBU DAPUR > BUMBU MASAK INSTAN,False,UNMAPPED,0.25,11,,UNMAPPED,0.25,,global,11,,,,,,,,,Kamera & Optik > Aksesori Kamera & Optik > Komponen & Aksesori Kamera > Film Kamera > Film Instan
1186,KAUS WANITA,4,268,Fashion > FASHION WANITA > ATASAN WANITA > KAUS WANITA,True,FUZZY,0.667,1,Busana dan Aksesori > Pakaian > Lingeri > Kaus Dalam Wanita,FUZZY,0.667,fuzzy-raw,vertical,1,aa-1-6-12,Busana dan Aksesori > Pakaian > Lingeri > Kaus Dalam Wanita,Apparel & Accessories > Clothing > Lingerie > Women's Undershirts,3,True,False,8,Petunjuk perawatan | Warna | Kain | Fitur pakaian intim | Pola | Ukuran | Jenis ukuran | Jenis kelamin sasaran,
311,BUKU ANAK-ANAK,3,267,Alat dan Buku Tulis > BUKU BACAAN > BUKU ANAK-ANAK,True,UNMAPPED,0.5,1,,UNMAPPED,0.5,,global,1,,,,,,,,,Media > Buku
305,PEN,3,266,Alat dan Buku Tulis > ALAT TULIS > PEN,False,UNMAPPED,0.5,2,,UNMAPPED,0.5,,global,2,,,,,,,,,Elektronik > Aksesori Elektronik > Komponen Komputer > Perangkat Input > Tablet Grafis > Display Pen
1791,OLYMPIC,3,264,UNUSED > AREA DISPLAY > OLYMPIC,False,UNMAPPED,0.0,0,,UNMAPPED,0.0,,global,0,,,,,,,,,
472,BEDAK WAJAH,3,255,Kosmetik dan Alat Kecantikan > MAKE UP WAJAH > BEDAK WAJAH,False,EXACT,1.0,1,Kesehatan & Kecantikan > Perawatan Tubuh > Kosmetik > Makeup > Rias Wajah > Bedak Wajah,EXACT,1.0,exact-raw,vertical,1,hb-3-2-6-4-2,Kesehatan & Kecantikan > Perawatan Tubuh > Kosmetik > Makeup > Rias Wajah > Bedak Wajah,Health & Beauty > Personal Care > Cosmetics > Makeup > Face Makeup > Face Powder,5,True,False,17,Kandungan Alkohol/Pelarut | Warna | Finis kosmetik | Tingkat cakupan | Jenis dispenser | Warna bedak wajah | Jenis bedak wajah | Keharuman | Fitur riasan | Warna riasan | Bahan | Sertifikasi & standar produk | Bentuk produk | Tingkat SPF | Warna kulit | Warna dasar kulit | Cocok untuk jenis kulit,
40,BUKU BACAAN,2,252,Alat dan Buku Tulis > BUKU BACAAN,False,UNMAPPED,0.5,1,,UNMAPPED,0.5,,global,1,,,,,,,,,Media > Buku
51,FASHION WANITA,2,252,Fashion > FASHION WANITA,True,UNMAPPED,0.25,3,,UNMAPPED,0.25,,global,3,,,,,,,,,Busana dan Aksesori > Pakaian > Lingeri > Celana Dalam Wanita
170,STOP KONTAK,3,244,Perbaikan Rumah > ALAT ALAT PERBAIKAN RUMAH > STOP KONTAK,False,UNMAPPED,0.333,4,,UNMAPPED,0.333,,global,4,,,,,,,,,Kamera & Optik > Fotografi > Kamar Gelap > Bahan Kimia Fotografi > Stop Bath
430,KAUS KAKI PRIA,3,244,Fashion > SEPATU PRIA > KAUS KAKI PRIA,True,AMBIGUOUS,0.667,2,Busana dan Aksesori > Pakaian > Kaus Kaki,EXACT,1.0,exact-stripped,vertical,1,aa-1-18,Busana dan Aksesori > Pakaian > Kaus Kaki,Apparel & Accessories > Clothing > Socks,2,False,True,11,Ukuran aksesori | Aktivitas | Kelompok usia | Fitur pakaian | Warna | Kain | Pola | Jenis ukuran | Tingkat bantalan kaus kaki | Gaya ujung kaus kaki | Jenis kelamin sasaran,
1148,PAKAIAN DALAM ANAK PEREMPUAN,4,243,Fashion > FASHION ANAK & BAYI > PAKAIAN ANAK PEREMPUAN > PAKAIAN DALAM ANAK PEREMPUAN,True,EXACT,1.0,1,Busana dan Aksesori > Pakaian > Pakaian Bayi & Anak > Pakaian Dalam Bayi & Anak > Pakaian Dalam Anak Perempuan,EXACT,1.0,exact-raw,vertical,1,aa-1-25-11-2,Busana dan Aksesori > Pakaian > Pakaian Bayi & Anak > Pakaian Dalam Bayi & Anak > Pakaian Dalam Anak Perempuan,Apparel & Accessories > Clothing > Baby & Children's Clothing > Baby & Children's Underwear > Girls' Underwear,4,False,True,9,Kelompok usia | Petunjuk perawatan | Warna | Kain | Fitur pakaian intim | Pola | Ukuran | Jenis ukuran | Jenis kelamin sasaran,
7,Alat dan Buku Tulis,1,241,Alat dan Buku Tulis,False,FUZZY,0.667,1,Perlengkapan Kantor > Perlengkapan Kantor Umum > Produk Kertas > Alat Tulis,FUZZY,0.667,fuzzy-raw,vertical,1,os-4-9-13,Perlengkapan Kantor > Perlengkapan Kantor Umum > Produk Kertas > Alat Tulis,Office Supplies > General Office Supplies > Paper Products > Stationery,3,True,False,2,Warna | Pola,
240,BUNGA & TANAMAN ARTIFISIAL (BUATAN),3,241,"Hobi, Ibadah, dan Olahraga > BERKEBUN > BUNGA & TANAMAN ARTIFISIAL (BUATAN)",False,UNMAPPED,0.5,1,,UNMAPPED,0.5,,global,1,,,,,,,,,Hewan & Perlengkapan Hewan Piaraan > Perlengkapan Hewan Piaraan > Perlengkapan Ikan & Akuatik > Dekorasi Akuarium > Tanaman Buatan
912,SIKAT GIGI DEWASA,4,240,Perawatan Diri & Rumah Tangga > Perawatan Diri > PERAWATAN MULUT & GIGI > SIKAT GIGI DEWASA,True,AMBIGUOUS,0.667,2,Hewan & Perlengkapan Hewan Piaraan > Perlengkapan Hewan Piaraan > Perlengkapan Perawatan Mulut Hewan Piaraan > Sikat Gigi,EXACT,1.0,exact-stripped,vertical,1,hb-3-12-17,Kesehatan & Kecantikan > Perawatan Tubuh > Perawatan Mulut > Sikat Gigi,Health & Beauty > Personal Care > Oral Care > Toothbrushes,3,False,True,16,Kelompok usia | Ukuran baterai | Jenis baterai | Bahan bulu sikat | Bentuk bulu sikat | Warna | Kekerasan | Bahan pegangan | Jenis Kayu | Bahan | Fungsi perawatan mulut | Pola | Bentuk produk | Ukuran kepala sikat gigi | Jenis penggunaan | Finishing kayu,
388,TOPI DEWASA,3,237,Fashion > AKSESORIS FASHION DEWASA > TOPI DEWASA,True,UNMAPPED,0.5,4,,EXACT,1.0,exact-stripped,vertical,1,aa-2-17,Busana dan Aksesori > Aksesori Pakaian > Topi,Apparel & Accessories > Clothing Accessories > Hats,2,False,True,10,Item aksesori yang disertakan | Ukuran aksesori | Kelompok usia | Warna | Kain | Fitur penutup kepala | Pola | Ukuran | Jenis ukuran | Jenis kelamin sasaran,
437,SEPATU SNEAKERS PRIA,3,236,Fashion > SEPATU PRIA > SEPATU SNEAKERS PRIA,True,UNMAPPED,0.333,2,,UNMAPPED,0.5,,global,2,,,,,,,,,Busana dan Aksesori > Sepatu
438,KAUS KAKI WANITA,3,236,Fashion > SEPATU WANITA > KAUS KAKI WANITA,True,AMBIGUOUS,0.667,2,Busana dan Aksesori > Pakaian > Kaus Kaki,EXACT,1.0,exact-stripped,vertical,1,aa-1-18,Busana dan Aksesori > Pakaian > Kaus Kaki,Apparel & Accessories > Clothing > Socks,2,False,True,11,Ukuran aksesori | Aktivitas | Kelompok usia | Fitur pakaian | Warna | Kain | Pola | Jenis ukuran | Tingkat bantalan kaus kaki | Gaya ujung kaus kaki | Jenis kelamin sasaran,
573,ES KRIM,4,233,Makanan dan Minuman > MAKANAN & BAHAN MAKANAN > ES KRIM & LAINNYA > ES KRIM,False,EXACT,1.0,1,"Makanan, Minuman & Tembakau > Item Makanan > Hidangan Pencuci Mulut Beku & Kebaruan > Es Krim & Yoghurt Beku > Es Krim",EXACT,1.0,exact-raw,vertical,1,fb-2-9-1-3,"Makanan, Minuman & Tembakau > Item Makanan > Hidangan Pencuci Mulut Beku & Kebaruan > Es Krim & Yoghurt Beku > Es Krim","Food, Beverages & Tobacco > Food Items > Frozen Desserts & Novelties > Ice Cream & Frozen Yogurt > Ice Cream",4,True,False,4,Informasi alergen | Preferensi diet | Format es krim | Persyaratan penyimpanan,
1149,PAKAIAN MUSLIM ANAK PEREMPUAN,4,232,Fashion > FASHION ANAK & BAYI > PAKAIAN ANAK PEREMPUAN > PAKAIAN MUSLIM ANAK PEREMPUAN,True,FUZZY,0.6,1,Busana dan Aksesori > Pakaian > Pakaian Bayi & Anak > Pakaian Dalam Bayi & Anak > Pakaian Dalam Anak Perempuan,FUZZY,0.6,fuzzy-raw,vertical,1,aa-1-25-11-2,Busana dan Aksesori > Pakaian > Pakaian Bayi & Anak > Pakaian Dalam Bayi & Anak > Pakaian Dalam Anak Perempuan,Apparel & Accessories > Clothing > Baby & Children's Clothing > Baby & Children's Underwear > Girls' Underwear,4,False,True,9,Kelompok usia | Petunjuk perawatan | Warna | Kain | Fitur pakaian intim | Pola | Ukuran | Jenis ukuran | Jenis kelamin sasaran,
256,PERAWATAN HEWAN PELIHARAAN,3,230,"Hobi, Ibadah, dan Olahraga > HEWAN PELIHARAAN > PERAWATAN HEWAN PELIHARAAN",False,UNMAPPED,0.5,1,,UNMAPPED,0.5,,global,1,,,,,,,,,Rumah & Taman > Aksesori Peralatan Rumah Tangga > Aksesori Vakum > Set Perawatan Hewan
180,PYLOX,3,227,Perbaikan Rumah > MATERIAL PERBAIKAN RUMAH > PYLOX,False,UNMAPPED,0.0,0,,UNMAPPED,0.0,,global,0,,,,,,,,,
29,MENJAHIT,2,225,"Hobi, Ibadah, dan Olahraga > MENJAHIT",False,UNMAPPED,0.0,0,,UNMAPPED,0.0,,global,0,,,,,,,,,
409,JAM TANGAN WANITA,3,224,Fashion > JAM TANGAN > JAM TANGAN WANITA,True,FUZZY,0.667,1,Busana dan Aksesori > Perhiasan > Jam Tangan,EXACT,1.0,exact-stripped,vertical,1,aa-6-11,Busana dan Aksesori > Perhiasan > Jam Tangan,Apparel & Accessories > Jewelry > Watches,2,True,True,14,Kelompok usia | Warna tali | Pola tali | Warna casing | Bahan wadah | Pola casing | Bahan kristal | Warna pelat jam | Pola pelat jam | Jenis kelamin sasaran | Layar jam tangan | Fitur jam tangan | Bahan jam tangan | Pergerakan jam,
111,SAYURAN SEGAR,3,222,Makanan dan Minuman > FRESH > SAYURAN SEGAR,False,UNMAPPED,0.333,6,,UNMAPPED,0.333,,global,6,,,,,,,,,"Makanan, Minuman & Tembakau > Item Makanan > Produk Susu > Krim > Krim Segar"
1559,CERMIN,6,222,Perawatan Diri & Rumah Tangga > Rumah Tangga > Peralatan & Perlengkapan Rumah Tangga > PERLENGKAPAN RUMAH TANGGA > PERLENGKAPAN KAMAR & KAMAR MANDI > CERMIN,False,AMBIGUOUS,1.0,2,Rumah & Taman > Dekorasi > Cermin,EXACT,1.0,exact-raw,vertical,1,hg-3-47,Rumah & Taman > Dekorasi > Cermin,Home & Garden > Decor > Mirrors,2,False,True,10,Warna | Gaya tepi | Desain rangka | Opsi pencahayaan | Bahan | Jenis cermin | Jenis pemasangan | Orientasi | Pola | Bentuk,
358,KANTONG WARNA WARNI,3,221,Alat dan Buku Tulis > PERALATAN UMUM > KANTONG WARNA WARNI,False,UNMAPPED,0.25,16,,UNMAPPED,0.25,,global,16,,,,,,,,,Bisnis & Industri > Medis > Perlengkapan Medis > Perlengkapan Ostomi > Kantong Ostomi
922,PEMBALUT,4,221,Perawatan Diri & Rumah Tangga > Perawatan Diri > KEBUTUHAN KHUSUS WANITA > PEMBALUT,False,UNMAPPED,0.5,1,,UNMAPPED,0.5,,global,1,,,,,,,,,Kesehatan & Kecantikan > Perawatan Kesehatan > Alat Bantu Inkontinensia > Pembalut Inkontinensia
14,MAKANAN KECIL ,2,220,Makanan dan Minuman > MAKANAN KECIL ,False,FUZZY,0.667,1,Hewan & Perlengkapan Hewan Piaraan > Perlengkapan Hewan Piaraan > Perlengkapan Hewan Kecil > Makanan Hewan Kecil,FUZZY,0.667,fuzzy-raw,global,1,ap-2-47-2,Hewan & Perlengkapan Hewan Piaraan > Perlengkapan Hewan Piaraan > Perlengkapan Hewan Kecil > Makanan Hewan Kecil,Animals & Pet Supplies > Pet Supplies > Small Animal Supplies > Small Animal Food,3,True,False,6,Jenis hewan | Jenis kemasan | Rasa makanan hewan peliharaan | Kebutuhan makanan hewan kecil | Bentuk makanan hewan kecil | Bahan makanan hewan kecil,
41,BUKU TULIS,2,219,Alat dan Buku Tulis > BUKU TULIS,False,UNMAPPED,0.5,1,,UNMAPPED,0.5,,global,1,,,,,,,,,Media > Buku
1410,DETERJEN CAIR,5,218,Perawatan Diri & Rumah Tangga > Rumah Tangga > BAHAN LAUNDRY > DETERJEN PAKAIAN > DETERJEN CAIR,False,UNMAPPED,0.5,1,,UNMAPPED,0.5,,global,1,,,,,,,,,Bisnis & Industri > Sains & Laboratorium > Biokimia > Deterjen
322,BALON,3,214,Alat dan Buku Tulis > DEKORASI & KELENGKAPAN PESTA > BALON,False,EXACT,1.0,1,Seni & Hiburan > Pesta & Perayaan > Perlengkapan Pesta > Balon,EXACT,1.0,exact-raw,vertical,1,ae-3-2-3,Seni & Hiburan > Pesta & Perayaan > Perlengkapan Pesta > Balon,Arts & Entertainment > Party & Celebration > Party Supplies > Balloons,3,True,False,8,Ukuran aksesori | Jenis penutup/katup balon | Bentuk balon | Jenis perayaan | Warna | Gas inflasi yang kompatibel | Bahan | Pola,
361,KOTAK PENSIL (PENCIL CASE),3,214,Alat dan Buku Tulis > PERALATAN UMUM > KOTAK PENSIL (PENCIL CASE),False,UNMAPPED,0.25,1,,UNMAPPED,0.25,,global,1,,,,,,,,,Perlengkapan Kantor > Peralatan Kantor > Alat Tulis & Gambar > Pena & Pensil > Pensil
1475,SABUN BADAN CAIR KEMASAN BOTOL,6,213,Perawatan Diri & Rumah Tangga > Perawatan Diri > PERAWATAN BADAN > SABUN BADAN > SABUN BADAN CAIR > SABUN BADAN CAIR KEMASAN BOTOL,False,UNMAPPED,0.333,1,,UNMAPPED,0.333,,global,1,,,,,,,,,Kesehatan & Kecantikan > Perawatan Tubuh > Kosmetik > Mandi & Perawatan Tubuh > Sabun Tangan Cair
889,MASKER KECANTIKAN,4,212,Perawatan Diri & Rumah Tangga > Perawatan Diri > PERAWATAN WAJAH > MASKER KECANTIKAN,False,UNMAPPED,0.333,13,,UNMAPPED,0.333,,global,13,,,,,,,,,Bisnis & Industri > Perlengkapan Pelindung Keselamatan Kerja > Masker Pelindung
1813,JAS HUJAN,4,206,Fashion > AKSESORIS FASHION DEWASA > UNTUK HUJAN > JAS HUJAN,False,AMBIGUOUS,1.0,2,Busana dan Aksesori > Pakaian > Pakaian Luar > Mantel & Jaket > Jas Hujan,AMBIGUOUS,1.0,exact-raw,vertical,2,,,,,,,,,
188,GEMBOK RUMAH,3,203,Perbaikan Rumah > PERLENGKAPAN PERBAIKAN RUMAH > GEMBOK RUMAH,False,UNMAPPED,0.333,17,,UNMAPPED,0.333,,global,17,,,,,,,,,Hewan & Perlengkapan Hewan Piaraan > Perlengkapan Hewan Piaraan > Perlengkapan Anjing > Rumah Anjing
1245,KAUS KAKI ANAK & BAYI LAKI-LAKI,4,203,Fashion > SEPATU ANAK & BAYI > SEPATU ANAK & BAYI LAKI-LAKI > KAUS KAKI ANAK & BAYI LAKI-LAKI,True,FUZZY,0.667,1,Busana dan Aksesori > Pakaian > Pakaian Bayi & Anak > Kaus Kaki & Legging Bayi & Anak,EXACT,1.0,exact-stripped,vertical,1,aa-1-18,Busana dan Aksesori > Pakaian > Kaus Kaki,Apparel & Accessories > Clothing > Socks,2,False,True,11,Ukuran aksesori | Aktivitas | Kelompok usia | Fitur pakaian | Warna | Kain | Pola | Jenis ukuran | Tingkat bantalan kaus kaki | Gaya ujung kaus kaki | Jenis kelamin sasaran,
911,PASTA GIGI DEWASA,4,202,Perawatan Diri & Rumah Tangga > Perawatan Diri > PERAWATAN MULUT & GIGI > PASTA GIGI DEWASA,True,AMBIGUOUS,0.667,2,Hewan & Perlengkapan Hewan Piaraan > Perlengkapan Hewan Piaraan > Perlengkapan Perawatan Mulut Hewan Piaraan > Pasta Gigi,EXACT,1.0,exact-stripped,vertical,1,hb-3-12-19,Kesehatan & Kecantikan > Perawatan Tubuh > Perawatan Mulut > Pasta Gigi,Health & Beauty > Personal Care > Oral Care > Toothpaste,3,True,False,10,Kelompok usia | Kandungan Alkohol/Pelarut | Bahan terperinci | Rasa | Kandungan fluorida | Bahan | Fungsi perawatan mulut | Sertifikasi & standar produk | Bentuk produk | Jenis pasta gigi,
1214,LEGGING WANITA,4,202,Fashion > FASHION WANITA > BAWAHAN WANITA > LEGGING WANITA,True,UNMAPPED,0.5,5,,AMBIGUOUS,1.0,exact-stripped,vertical,5,,,,,,,,,
877,PEWARNA RAMBUT,4,201,Perawatan Diri & Rumah Tangga > Perawatan Diri > PERAWATAN RAMBUT > PEWARNA RAMBUT,False,EXACT,1.0,1,Kesehatan & Kecantikan > Perawatan Tubuh > Perawatan Rambut > Pewarna Rambut,EXACT,1.0,exact-raw,vertical,1,hb-3-10-2,Kesehatan & Kecantikan > Perawatan Tubuh > Perawatan Rambut > Pewarna Rambut,Health & Beauty > Personal Care > Hair Care > Hair Color,3,True,False,14,Kandungan Alkohol/Pelarut | Jenis pemakaian | Fitur keamanan bahan kimia | Warna | Efek kondisioner | Kekuatan developer | Keharuman | Tingkat cakupan uban | Warna rambut | Formulasi pewarna rambut | Bahan | Pola | Bentuk produk | Jenis kelamin sasaran,
1172,PECI,4,201,Fashion > FASHION PRIA > BAJU MUSLIM PRIA > PECI,False,UNMAPPED,0.0,0,,UNMAPPED,0.0,,global,0,,,,,,,,,
1627,CETAKAN / LOYANG KUE,7,201,Perawatan Diri & Rumah Tangga > Rumah Tangga > Peralatan & Perlengkapan Rumah Tangga > PERALATAN RUMAH TANGGA > PERALATAN DAN PENYIMPANAN DI DAPUR > ALAT DAPUR & AKSESORIS DAPUR > CETAKAN / LOYANG KUE,False,EXACT,1.0,1,Rumah & Taman > Dapur & Ruang Makan > Peralatan Masak & Baking > Peralatan Baking > Loyang & Cetakan Kue,EXACT,1.0,exact-raw,vertical,1,hg-11-2-1-5,Rumah & Taman > Dapur & Ruang Makan > Peralatan Masak & Baking > Peralatan Baking > Loyang & Cetakan Kue,Home & Garden > Kitchen & Dining > Cookware & Bakeware > Bakeware > Cake Pans & Molds,4,True,False,7,Bentuk peralatan baking | Petunjuk pembersihan | Warna | Fitur peralatan masak/panggang | Bahan peralatan masak/panggang | Pola | Sertifikasi & standar produk,
449,TAS TRAVEL & KOPER,3,199,Fashion > TAS & KOPER > TAS TRAVEL & KOPER,False,UNMAPPED,0.5,1,,UNMAPPED,0.5,,global,1,,,,,,,,,Bagasi & Tas > Koper > Set Travel Koper
173,BAUT/SEKRUP,3,197,Perbaikan Rumah > MATERIAL PERBAIKAN RUMAH > BAUT/SEKRUP,False,UNMAPPED,0.5,2,,UNMAPPED,0.5,,global,2,,,,,,,,,Perkakas > Aksesori Perkakas > Pengencang Perkakas > Sekrup
1295,SERAGAM SMP,4,195,Fashion > SERAGAM & ATRIBUT SEKOLAH > SERAGAM SEKOLAH > SERAGAM SMP,False,UNMAPPED,0.333,8,,UNMAPPED,0.333,,global,8,,,,,,,,,Busana dan Aksesori > Pakaian > Seragam & Pakaian Kerja > Seragam Pendeta
510,MINUMAN KESEHATAN,4,193,Makanan dan Minuman > MINUMAN > MINUMAN DALAM KEMASAN > MINUMAN KESEHATAN,False,UNMAPPED,0.5,1,,UNMAPPED,0.5,,global,1,,,,,,,,,"Makanan, Minuman & Tembakau > Minuman"
312,BUKU FIKSI,3,190,Alat dan Buku Tulis > BUKU BACAAN > BUKU FIKSI,False,UNMAPPED,0.5,1,,UNMAPPED,0.5,,global,1,,,,,,,,,Media > Buku
1519,MASKER ANTI DEBU,6,188,Perawatan Diri & Rumah Tangga > Rumah Tangga > Peralatan & Perlengkapan Rumah Tangga > PERALATAN RUMAH TANGGA > PERALATAN KEBERSIHAN RUMAH TANGGA > MASKER ANTI DEBU,False,FUZZY,0.667,1,Bisnis & Industri > Perlengkapan Pelindung Keselamatan Kerja > Masker Pelindung > Masker Debu,FUZZY,0.667,fuzzy-raw,global,1,bi-25-7-1,Bisnis & Industri > Perlengkapan Pelindung Keselamatan Kerja > Masker Pelindung > Masker Debu,Business & Industrial > Work Safety Protective Gear > Protective Masks > Dust Masks,3,True,False,8,Ukuran aksesori | Warna | Jenis masker debu | Kelas filtrasi | Bahan roda gigi | Pola | Fitur masker pelindung | Jenis penggunaan,
1409,DETERJEN BUBUK,5,186,Perawatan Diri & Rumah Tangga > Rumah Tangga > BAHAN LAUNDRY > DETERJEN PAKAIAN > DETERJEN BUBUK,False,UNMAPPED,0.5,1,,UNMAPPED,0.5,,global,1,,,,,,,,,Bisnis & Industri > Sains & Laboratorium > Biokimia > Deterjen
1165,JAKET PRIA,4,182,Fashion > FASHION PRIA > BAJU LUARAN PRIA > JAKET PRIA,True,UNMAPPED,0.5,1,,EXACT,1.0,exact-stripped,vertical,1,aa-1-1-8-2,Busana dan Aksesori > Pakaian > Pakaian Aktif > Rompi & Jaket Aktif > Jaket,Apparel & Accessories > Clothing > Activewear > Activewear Vests & Jackets > Jackets,4,True,False,15,Fitur pakaian aktif | Aktivitas | Kelompok usia | Petunjuk perawatan | Warna | Kain | Bahan pengisi isolasi | Garis leher | Pola | Ukuran | Jenis ukuran | Jenis panjang lengan | Jenis kelamin sasaran | Jenis panjang atasan | Panjang bukaan ritsleting,
307,PENSIL,3,181,Alat dan Buku Tulis > ALAT TULIS > PENSIL,False,EXACT,1.0,1,Perlengkapan Kantor > Peralatan Kantor > Alat Tulis & Gambar > Pena & Pensil > Pensil,EXACT,1.0,exact-raw,vertical,1,os-11-11-7-2,Perlengkapan Kantor > Peralatan Kantor > Alat Tulis & Gambar > Pena & Pensil > Pensil,Office Supplies > Office Instruments > Writing & Drawing Instruments > Pens & Pencils > Pencils,4,False,True,5,Warna | Jenis Kayu | Pola | Fitur pensil | Finishing kayu,
77,SUSU FORMULA BAYI,3,174,Makanan dan Minuman > KONSUMSI BAYI > SUSU FORMULA BAYI,True,EXACT,1.0,1,Bayi & Balita > Perawatan & Pemberian Makan > Makanan Bayi & Balita > Susu Formula Bayi,EXACT,1.0,exact-raw,global,1,bt-10-1-4,Bayi & Balita > Perawatan & Pemberian Makan > Makanan Bayi & Balita > Susu Formula Bayi,Baby & Toddler > Nursing & Feeding > Baby & Toddler Food > Baby Formula,3,False,True,1,Level susu formula,
44,KERTAS,2,173,Alat dan Buku Tulis > KERTAS,False,UNMAPPED,0.5,27,,UNMAPPED,0.5,,global,27,,,,,,,,,Seni & Hiburan > Hobi & Seni Kreatif > Seni & Kerajinan > Bahan Seni & Kerajinan > Kertas Seni & Kerajinan > Cardstock & Kertas Kliping > Kertas Kliping
1127,BANDO & BANDANA ANAK,4,173,Fashion > AKSESORIS FASHION ANAK > AKSESORIS RAMBUT ANAK > BANDO & BANDANA ANAK,True,UNMAPPED,0.333,1,,UNMAPPED,0.5,,global,1,,,,,,,,,Busana dan Aksesori > Aksesori Pakaian > Aksesori Rambut > Bando
1133,BANDO & BANDANA DEWASA,4,173,Fashion > AKSESORIS FASHION DEWASA > AKSESORIS RAMBUT DEWASA > BANDO & BANDANA DEWASA,True,UNMAPPED,0.333,2,,UNMAPPED,0.5,,global,1,,,,,,,,,Busana dan Aksesori > Aksesori Pakaian > Aksesori Rambut > Bando
1173,SARUNG,4,172,Fashion > FASHION PRIA > BAJU MUSLIM PRIA > SARUNG,False,UNMAPPED,0.5,18,,UNMAPPED,0.5,,global,18,,,,,,,,,Hewan & Perlengkapan Hewan Piaraan > Perlengkapan Hewan Piaraan > Perlengkapan Perawatan Hewan Piaraan > Sisir & Sikat Hewan Piaraan > Sarung Tangan
1191,KARDIGAN WANITA,4,171,Fashion > FASHION WANITA > BAJU LUARAN WANITA > KARDIGAN WANITA,True,UNMAPPED,0.5,3,,AMBIGUOUS,1.0,exact-stripped,vertical,3,,,,,,,,,
2,Keperluan Anak dan Bayi,1,170,Keperluan Anak dan Bayi,True,UNMAPPED,0.5,11,,UNMAPPED,0.5,,global,11,,,,,,,,,Busana dan Aksesori > Pakaian > Pakaian Bayi & Anak
1546,TEMPAT PENYIMPANAN LAINNYA,6,169,Perawatan Diri & Rumah Tangga > Rumah Tangga > Peralatan & Perlengkapan Rumah Tangga > PERALATAN RUMAH TANGGA > PERALATAN DAN PENYIMPANAN DI DAPUR > TEMPAT PENYIMPANAN LAINNYA,False,FUZZY,0.667,1,Hewan & Perlengkapan Hewan Piaraan > Perlengkapan Hewan Piaraan > Wadah Makanan Hewan Piaraan > Tempat Penyimpanan Makanan,FUZZY,0.667,fuzzy-raw,global,1,ap-2-24-2,Hewan & Perlengkapan Hewan Piaraan > Perlengkapan Hewan Piaraan > Wadah Makanan Hewan Piaraan > Tempat Penyimpanan Makanan,Animals & Pet Supplies > Pet Supplies > Pet Food Containers > Food Storage Bins,3,True,False,1,Bahan,
428,SEPATU ANAK & BAYI LAKI-LAKI,3,168,Fashion > SEPATU ANAK & BAYI > SEPATU ANAK & BAYI LAKI-LAKI,True,FUZZY,0.75,1,Busana dan Aksesori > Sepatu > Sepatu Bayi & Anak,EXACT,1.0,exact-stripped,vertical,1,aa-8,Busana dan Aksesori > Sepatu,Apparel & Accessories > Shoes,1,False,True,17,Kelompok usia | Petunjuk perawatan | Jenis penutupan | Warna | Metode pembuatan alas kaki | Bahan alas kaki | Jenis ketinggian tumit | Bahan pelapis | Gaya acara | Bahan sol luar | Pola | Fitur sepatu | Kesesuaian sepatu | Ukuran sepatu | Jenis kelamin sasaran | Jenis pelindung ujung | Gaya kaki,
1129,JEPIT RAMBUT ANAK,4,167,Fashion > AKSESORIS FASHION ANAK > AKSESORIS RAMBUT ANAK > JEPIT RAMBUT ANAK,True,UNMAPPED,0.5,4,,AMBIGUOUS,0.667,fuzzy-stripped,vertical,3,,,,,,,,,
519,KOPI BUBUK INSTAN KEMASAN BUNGKUS/SACHET,5,166,"Makanan dan Minuman > COKLAT, KOPI & TEH > KOPI MENTAH > KOPI BUBUK > KOPI BUBUK INSTAN KEMASAN BUNGKUS/SACHET",False,UNMAPPED,0.333,1,,UNMAPPED,0.333,,global,1,,,,,,,,,"Makanan, Minuman & Tembakau > Minuman > Kopi > Kopi Instan"
542,"KACANG, BIJI BIJAN, DAN BUAH KERING",4,166,"Makanan dan Minuman > MAKANAN KECIL  > KACANG DAN SNACK LAINNYA > KACANG, BIJI BIJAN, DAN BUAH KERING",False,UNMAPPED,0.5,1,,UNMAPPED,0.5,,global,1,,,,,,,,,"Makanan, Minuman & Tembakau > Item Makanan > Makanan Ringan > Trail & Snack Mix > Campuran Kacang dan Buah Kering"
1795,CARDINAL NORMAL,4,166,UNUSED > AREA DISPLAY > CARDINAL > CARDINAL NORMAL,False,UNMAPPED,0.0,0,,UNMAPPED,0.0,,global,0,,,,,,,,,
1281,TAS POUCH WANITA,4,165,Fashion > TAS & KOPER > TAS WANITA > TAS POUCH WANITA,True,UNMAPPED,0.25,58,,UNMAPPED,0.333,,global,28,,,,,,,,,Busana dan Aksesori > Aksesori Tas Tangan & Dompet > Gantungan Tas
915,BODY MIST & COLOGNE DEWASA,4,163,Perawatan Diri & Rumah Tangga > Perawatan Diri > FRAGRANCE & DEODORAN > BODY MIST & COLOGNE DEWASA,True,UNMAPPED,0.5,1,,FUZZY,0.667,fuzzy-stripped,vertical,1,hb-3-2-8-1,Kesehatan & Kecantikan > Perawatan Tubuh > Kosmetik > Parfum & Cologne > Body Mist,Health & Beauty > Personal Care > Cosmetics > Perfumes & Colognes > Body Mists,4,True,False,14,Kandungan Alkohol/Pelarut | Jenis dispenser | Keharuman | Format set hadiah | Bahan | Area aplikasi mist | Acara | Keluarga olfaktori | Sertifikasi & standar produk | Bentuk produk | Aroma | Musim | Cocok untuk jenis kulit | Jenis kelamin sasaran,
1413,PELEMBUT & PEWANGI PAKAIAN (SOFTENER) KEMASAN REFILL (POUCH),5,162,Perawatan Diri & Rumah Tangga > Rumah Tangga > BAHAN LAUNDRY > PELEMBUT & PEWANGI PAKAIAN (SOFTENER) > PELEMBUT & PEWANGI PAKAIAN (SOFTENER) KEMASAN REFILL (POUCH),False,UNMAPPED,0.143,1,,UNMAPPED,0.143,,global,1,,,,,,,,,Busana dan Aksesori > Pakaian
979,PEWANGI MOBIL,4,161,"Hobi, Ibadah, dan Olahraga > Perawatan & Suku Cadang Mobil > AKSESORIS MOBIL > PEWANGI MOBIL",False,UNMAPPED,0.5,2,,UNMAPPED,0.5,,global,2,,,,,,,,,Seni & Hiburan > Hobi & Seni Kreatif > Barang Koleksi > Model Skala > Mobil
1077,MAKANAN KUCING,4,160,"Hobi, Ibadah, dan Olahraga > HEWAN PELIHARAAN > MAKANAN HEWAN PELIHARAAN > MAKANAN KUCING",False,EXACT,1.0,1,Hewan & Perlengkapan Hewan Piaraan > Perlengkapan Hewan Piaraan > Perlengkapan Kucing > Makanan Kucing,EXACT,1.0,exact-raw,vertical,1,ap-2-2-1,Hewan & Perlengkapan Hewan Piaraan > Perlengkapan Hewan Piaraan > Perlengkapan Kucing > Makanan Kucing,Animals & Pet Supplies > Pet Supplies > Cat Supplies > Cat Food,3,False,True,6,Kelompok usia kucing | Jenis kemasan | Kebutuhan diet hewan peliharaan | Rasa makanan hewan peliharaan | Bentuk makanan hewan peliharaan | Suplemen makanan hewan peliharaan,
287,KIPAS ANGIN,3,158,Elektronik > ALAT ELEKTRONIK RUMAH LAINNYA > KIPAS ANGIN,False,FUZZY,0.667,1,Rumah & Taman > Aksesori Peralatan Rumah Tangga > Aksesori Kipas > Remote Kipas Angin,FUZZY,0.667,fuzzy-raw,vertical,1,hg-8-4-6,Rumah & Taman > Aksesori Peralatan Rumah Tangga > Aksesori Kipas > Remote Kipas Angin,Home & Garden > Household Appliance Accessories > Fan Accessories > Fan Remote Controls,3,True,False,2,Finis | Jenis pemasangan,
1188,TANK TOP WANITA,4,158,Fashion > FASHION WANITA > ATASAN WANITA > TANK TOP WANITA,True,UNMAPPED,0.5,1,,FUZZY,0.667,fuzzy-stripped,vertical,1,aa-1-7-8-4-3,Busana dan Aksesori > Pakaian > Pakaian Hamil > Atasan Hamil > Kemeja Menyusui > Tank Top Menyusui,Apparel & Accessories > Clothing > Maternity Clothing > Maternity Tops > Nursing Shirts > Nursing Tank Tops,5,True,False,15,Kelompok usia | Gaya panel perut | Petunjuk perawatan | Warna | Kain | Fitur pakaian hamil | Garis leher | Jenis akses keperawatan | Pola | Kesesuaian tahap kehamilan | Ukuran | Jenis ukuran | Jenis panjang lengan | Jenis kelamin sasaran | Jenis panjang atasan,
1369,DEODORAN ROLL-ON,5,157,Perawatan Diri & Rumah Tangga > Perawatan Diri > FRAGRANCE & DEODORAN > DEODORAN > DEODORAN ROLL-ON,False,UNMAPPED,0.333,1,,UNMAPPED,0.333,,global,1,,,,,,,,,Kesehatan & Kecantikan > Perawatan Tubuh > Deodoran & Anti-Perspiran > Deodoran
650,KUE,4,156,Makanan dan Minuman > MAKANAN & BAHAN MAKANAN > SEREAL & SARAPAN > KUE,False,EXACT,1.0,1,"Makanan, Minuman & Tembakau > Item Makanan > Bakeri > Kue & Hidangan Pencuci Mulut > Kue",EXACT,1.0,exact-raw,vertical,1,fb-2-1-4-1,"Makanan, Minuman & Tembakau > Item Makanan > Bakeri > Kue & Hidangan Pencuci Mulut > Kue","Food, Beverages & Tobacco > Food Items > Bakery > Cakes & Dessert Bars > Cakes",4,False,True,7,Informasi alergen | Jenis kue | Preferensi diet | Rasa | Jenis tepung/bulir | Menentukan jenis frosting atau icing | Persyaratan penyimpanan,
1154,BAWAHAN BAYI,4,156,Fashion > FASHION ANAK & BAYI > PAKAIAN BAYI > BAWAHAN BAYI,True,UNMAPPED,0.333,20,,UNMAPPED,0.5,,global,2,,,,,,,,,Busana dan Aksesori > Pakaian > Pakaian Tidur & Pakaian Santai > Loungewear > Bawahan Loungewear
1561,HANDUK,6,156,Perawatan Diri & Rumah Tangga > Rumah Tangga > Peralatan & Perlengkapan Rumah Tangga > PERLENGKAPAN RUMAH TANGGA > PERLENGKAPAN KAMAR & KAMAR MANDI > HANDUK,False,EXACT,1.0,1,Rumah & Taman > Linen & Alas Tidur > Handuk,EXACT,1.0,exact-raw,vertical,1,hg-15-4,Rumah & Taman > Linen & Alas Tidur > Handuk,Home & Garden > Linens & Bedding > Towels,2,False,True,4,Warna | Kain | Pola | Tenunan handuk,
1304,SPONGE / BLENDER / APLIKATOR MAKE UP,4,154,Kosmetik dan Alat Kecantikan > ALAT KECANTIKAN > KUAS & APLIKATOR MAKE UP > SPONGE / BLENDER / APLIKATOR MAKE UP,False,UNMAPPED,0.167,6,,UNMAPPED,0.167,,global,6,,,,,,,,,Bisnis & Industri > Sains & Laboratorium > Peralatan Laboratorium > Blender Laboratorium
1728,TERMOS AIR PANAS,8,154,Perawatan Diri & Rumah Tangga > Rumah Tangga > Peralatan & Perlengkapan Rumah Tangga > PERALATAN RUMAH TANGGA > PERALATAN DAN PENYIMPANAN DI DAPUR > TEMPAT PENYIMPANAN MAKANAN & MINUMAN > TEMPAT PENYIMPANAN MINUMAN / CAIRAN > TERMOS AIR PANAS,False,UNMAPPED,0.5,2,,UNMAPPED,0.5,,global,2,,,,,,,,,Kesehatan & Kecantikan > Perawatan Kesehatan > Pertolongan Pertama > Terapi Panas & Dingin > Botol Air Panas
335,CLEAR FOLDER,3,151,Alat dan Buku Tulis > FILE ORGANIZER > CLEAR FOLDER,False,UNMAPPED,0.2,1,,UNMAPPED,0.2,,global,1,,,,,,,,,Seni & Hiburan > Hobi & Seni Kreatif > Aksesori Alat Musik & Orkestra > Kecapi Musik & Flip Folder
1007,BENANG JAHIT,4,151,"Hobi, Ibadah, dan Olahraga > MENJAHIT > BENANG > BENANG JAHIT",False,EXACT,1.0,1,Seni & Hiburan > Hobi & Seni Kreatif > Seni & Kerajinan > Bahan Seni & Kerajinan > Serat Kerajinan > Benang & Floss > Benang Jahit,EXACT,1.0,exact-raw,vertical,1,ae-2-1-2-6-2-6,Seni & Hiburan > Hobi & Seni Kreatif > Seni & Kerajinan > Bahan Seni & Kerajinan > Serat Kerajinan > Benang & Floss > Benang Jahit,Arts & Entertainment > Hobbies & Creative Arts > Arts & Crafts > Art & Crafting Materials > Crafting Fibers > Thread & Floss > Sewing Thread,6,True,False,12,Warna | Teknik pewarnaan | Kain | Aplikasi menjahit yang dimaksudkan | Pola | Sistem ukuran benang jahit | Konstruksi benang | Finishing / perlakuan ulir | Bahan benang | Format paket thread | Sistem berat benang | Arah puntiran,
1889,SPATULA,8,151,Perawatan Diri & Rumah Tangga > Rumah Tangga > Peralatan & Perlengkapan Rumah Tangga > PERALATAN RUMAH TANGGA > PERALATAN DAN PENYIMPANAN DI DAPUR > ALAT MASAK > ALAT UNTUK BAKAR SATE > SPATULA,False,EXACT,1.0,1,Rumah & Taman > Dapur & Ruang Makan > Peralatan & Perlengkapan Dapur > Spatula,EXACT,1.0,exact-raw,vertical,1,hg-11-8-69,Rumah & Taman > Dapur & Ruang Makan > Peralatan & Perlengkapan Dapur > Spatula,Home & Garden > Kitchen & Dining > Kitchen Tools & Utensils > Spatulas,3,True,False,7,Petunjuk pembersihan | Warna | Bahan pegangan | Jenis Kayu | Pola | Bahan alat/perkakas | Finishing kayu,
1146,BAJU LUARAN ANAK PEREMPUAN,4,150,Fashion > FASHION ANAK & BAYI > PAKAIAN ANAK PEREMPUAN > BAJU LUARAN ANAK PEREMPUAN,True,UNMAPPED,0.333,6,,UNMAPPED,0.333,,global,7,,,,,,,,,Busana dan Aksesori > Pakaian > Pakaian Bayi & Anak > Baju Tidur Bayi & Anak
1153,ATASAN BAYI,4,150,Fashion > FASHION ANAK & BAYI > PAKAIAN BAYI > ATASAN BAYI,True,FUZZY,0.667,1,Busana dan Aksesori > Pakaian > Pakaian Bayi & Anak > Atasan Bayi & Anak,FUZZY,0.667,fuzzy-raw,vertical,1,aa-1-25-9,Busana dan Aksesori > Pakaian > Pakaian Bayi & Anak > Atasan Bayi & Anak,Apparel & Accessories > Clothing > Baby & Children's Clothing > Baby & Children's Tops,3,False,True,10,Fitur pakaian bayi/balita | Warna | Kain | Garis leher | Pola | Ukuran | Jenis ukuran | Jenis panjang lengan | Jenis kelamin sasaran | Jenis panjang atasan,
76,SNACK BAYI,3,149,Makanan dan Minuman > KONSUMSI BAYI > SNACK BAYI,True,UNMAPPED,0.333,18,,UNMAPPED,0.333,,global,18,,,,,,,,,Bayi & Balita
93,BUMBU DAPUR,3,148,Makanan dan Minuman > MAKANAN & BAHAN MAKANAN > BUMBU DAPUR,False,UNMAPPED,0.333,17,,UNMAPPED,0.333,,global,17,,,,,,,,,"Makanan, Minuman & Tembakau > Item Makanan > Bumbu & Rempah"
1307,MAKEUP & TRAVEL CASE,4,148,Kosmetik dan Alat Kecantikan > ALAT KECANTIKAN > AKSESORIS ALAT KECANTIKAN > MAKEUP & TRAVEL CASE,False,UNMAPPED,0.333,1,,UNMAPPED,0.333,,global,1,,,,,,,,,Kesehatan & Kecantikan > Perawatan Tubuh > Kosmetik > Makeup
1548,GANTUNGAN / JEMURAN BAJU,6,148,Perawatan Diri & Rumah Tangga > Rumah Tangga > Peralatan & Perlengkapan Rumah Tangga > PERALATAN RUMAH TANGGA > PERALATAN DAN PENYIMPANAN PAKAIAN DAN CUCIAN > GANTUNGAN / JEMURAN BAJU,False,UNMAPPED,0.333,2,,UNMAPPED,0.333,,global,2,,,,,,,,,Busana dan Aksesori > Perhiasan > Bandul & Liontin > Gantungan
1201,MUKENA WANITA,4,146,Fashion > FASHION WANITA > BAJU MUSLIM WANITA > MUKENA WANITA,True,UNMAPPED,0.25,3,,UNMAPPED,0.25,,global,3,,,,,,,,,Busana dan Aksesori > Pakaian > Lingeri > Celana Dalam Wanita
1232,PIYAMA SET WANITA,4,145,Fashion > FASHION WANITA > PAKAIAN TIDUR WANITA > PIYAMA SET WANITA,True,UNMAPPED,0.25,32,,UNMAPPED,0.333,,global,6,,,,,,,,,Busana dan Aksesori > Pakaian > Lingeri > Set Lingeri
247,POT BUNGA,3,144,"Hobi, Ibadah, dan Olahraga > BERKEBUN > POT BUNGA",False,UNMAPPED,0.5,2,,UNMAPPED,0.5,,global,2,,,,,,,,,Rumah & Taman > Rumput & Taman > Berkebun > Pot & Penanam > Pot
1858,BOX PENYIMPANAN MAKANAN,8,144,Perawatan Diri & Rumah Tangga > Rumah Tangga > Peralatan & Perlengkapan Rumah Tangga > PERALATAN RUMAH TANGGA > PERALATAN DAN PENYIMPANAN DI DAPUR > TEMPAT PENYIMPANAN MAKANAN & MINUMAN > TEMPAT PENYIMPANAN MAKANAN > BOX PENYIMPANAN MAKANAN,False,FUZZY,0.667,1,Rumah & Taman > Dapur & Ruang Makan > Penyimpanan Makanan,FUZZY,0.667,fuzzy-raw,vertical,1,hg-11-4,Rumah & Taman > Dapur & Ruang Makan > Penyimpanan Makanan,Home & Garden > Kitchen & Dining > Food Storage,2,False,True,6,Jenis penutupan | Warna | Fitur penyimpanan makanan | Bahan penyimpanan makanan | Pola | Bentuk,
992,HELM,4,143,"Hobi, Ibadah, dan Olahraga > Perawatan & Suku Cadang Motor > AKSESORIS MOTOR > HELM",False,UNMAPPED,0.5,14,,UNMAPPED,0.5,,global,14,,,,,,,,,Bisnis & Industri > Perlengkapan Pelindung Keselamatan Kerja > Helm Las
448,TAS PRIA,3,142,Fashion > TAS & KOPER > TAS PRIA,True,UNMAPPED,0.333,56,,UNMAPPED,0.5,,global,26,,,,,,,,,Busana dan Aksesori > Aksesori Tas Tangan & Dompet > Gantungan Tas
887,KRIM WAJAH,4,140,Perawatan Diri & Rumah Tangga > Perawatan Diri > PERAWATAN WAJAH > KRIM WAJAH,False,UNMAPPED,0.5,1,,UNMAPPED,0.5,,global,1,,,,,,,,,"Makanan, Minuman & Tembakau > Item Makanan > Produk Susu > Krim"
340,KERTAS KADO,3,137,Alat dan Buku Tulis > KERTAS > KERTAS KADO,False,UNMAPPED,0.333,28,,UNMAPPED,0.333,,global,28,,,,,,,,,Seni & Hiburan > Hobi & Seni Kreatif > Seni & Kerajinan > Bahan Seni & Kerajinan > Kertas Seni & Kerajinan > Cardstock & Kertas Kliping > Kertas Kliping
351,CELENGAN,3,137,Alat dan Buku Tulis > PERALATAN UMUM > CELENGAN,False,EXACT,1.0,1,Rumah & Taman > Dekorasi > Celengan & Stoples Uang > Celengan,EXACT,1.0,exact-raw,global,1,hg-3-53-2,Rumah & Taman > Dekorasi > Celengan & Stoples Uang > Celengan,Home & Garden > Decor > Piggy Banks & Money Jars > Piggy Banks,3,True,False,11,Kelompok usia | Jenis penutupan | Warna | Konstruksi | Bahan dekorasi | Bahan hiasan/trim | Bahan | Metode pengambilan uang | Pola | Bentuk | Tema,
836,GENDONGAN,4,137,Keperluan Anak dan Bayi > PERLENGKAPAN ANAK & BAYI > PERLENGKAPAN BEPERGIAN ANAK & BAYI > GENDONGAN,False,UNMAPPED,0.5,3,,UNMAPPED,0.5,,global,3,,,,,,,,,Bayi & Balita > Transportasi Bayi > Gendongan Bayi
26,PERLENGKAPAN PERBAIKAN RUMAH,2,136,Perbaikan Rumah > PERLENGKAPAN PERBAIKAN RUMAH,False,UNMAPPED,0.5,3,,UNMAPPED,0.5,,global,3,,,,,,,,,Rumah & Taman > Perlengkapan Rumah Tangga
107,BUAH,3,136,Makanan dan Minuman > FRESH > BUAH,False,UNMAPPED,0.5,16,,UNMAPPED,0.5,,global,16,,,,,,,,,"Makanan, Minuman & Tembakau > Minuman > Minuman Berperisa Buah > Jus Buah"
873,KONDISIONER RAMBUT (HAIR CONDITIONER),4,136,Perawatan Diri & Rumah Tangga > Perawatan Diri > PERAWATAN RAMBUT > KONDISIONER RAMBUT (HAIR CONDITIONER),False,UNMAPPED,0.25,2,,UNMAPPED,0.25,,global,2,,,,,,,,,Hewan & Perlengkapan Hewan Piaraan > Perlengkapan Hewan Piaraan > Perlengkapan Perawatan Hewan Piaraan > Sampo & Kondisioner Hewan Piaraan > Kondisioner
1671,WAJAN,7,136,Perawatan Diri & Rumah Tangga > Rumah Tangga > Peralatan & Perlengkapan Rumah Tangga > PERALATAN RUMAH TANGGA > PERALATAN DAN PENYIMPANAN DI DAPUR > ALAT MASAK > WAJAN,False,UNMAPPED,0.5,7,,UNMAPPED,0.5,,global,7,,,,,,,,,Rumah & Taman > Dapur & Ruang Makan > Peralatan Masak & Baking > Peralatan Masak > Wajan Crepe & Blini > Wajan Blini
151,PENGHARUM RUANGAN,3,135,Perawatan Diri & Rumah Tangga > Rumah Tangga > PENGHARUM RUANGAN,False,UNMAPPED,0.4,1,,UNMAPPED,0.4,,global,1,,,,,,,,,Rumah & Taman > Perlengkapan Rumah Tangga > Aksesori Pemadat Sampah > Pengharum Ruangan untuk Mesin Pemadatan Sampah
1171,BAJU KOKO LENGAN PENDEK PRIA,4,135,Fashion > FASHION PRIA > BAJU MUSLIM PRIA > BAJU KOKO LENGAN PENDEK PRIA,True,UNMAPPED,0.167,18,,UNMAPPED,0.2,,global,7,,,,,,,,,Busana dan Aksesori > Pakaian > Pakaian Aktif > Celana Aktif > Celana Pendek
536,KERIPIK KENTANG,4,134,Makanan dan Minuman > MAKANAN KECIL  > KERIPIK > KERIPIK KENTANG,False,UNMAPPED,0.5,2,,UNMAPPED,0.5,,global,2,,,,,,,,,"Makanan, Minuman & Tembakau > Item Makanan > Buah & Sayur > Sayur Segar & Beku > Kentang"
838,TAS BAYI,4,133,Keperluan Anak dan Bayi > PERLENGKAPAN ANAK & BAYI > PERLENGKAPAN BEPERGIAN ANAK & BAYI > TAS BAYI,True,UNMAPPED,0.5,1,,UNMAPPED,0.5,,global,27,,,,,,,,,Busana dan Aksesori > Aksesori Tas Tangan & Dompet > Gantungan Tas
1649,PISAU,7,133,Perawatan Diri & Rumah Tangga > Rumah Tangga > Peralatan & Perlengkapan Rumah Tangga > PERALATAN RUMAH TANGGA > PERALATAN DAN PENYIMPANAN DI DAPUR > ALAT DAPUR & AKSESORIS DAPUR > PISAU,False,EXACT,1.0,1,Rumah & Taman > Rumput & Taman > Aksesori Peralatan Listrik Luar Ruang > Aksesori Mesin Pemotong Rumput > Sikat Sambungan Mesin Pemotong Rumput > Pisau,EXACT,1.0,exact-raw,vertical,1,hg-12-4-4-1-2,Rumah & Taman > Rumput & Taman > Aksesori Peralatan Listrik Luar Ruang > Aksesori Mesin Pemotong Rumput > Sikat Sambungan Mesin Pemotong Rumput > Pisau,Home & Garden > Lawn & Garden > Outdoor Power Equipment Accessories > Lawn Mower Accessories > Brush Mower Attachments > Blades,5,True,False,5,Bahan mata pisau | Warna | Jenis bilah pemotong rumput | Jenis pabrikan | Pola,
1372,PARFUM LAKI-LAKI,5,132,Perawatan Diri & Rumah Tangga > Perawatan Diri > FRAGRANCE & DEODORAN > PARFUM (EAU DE TOILETTE) > PARFUM LAKI-LAKI,True,UNMAPPED,0.5,1,,UNMAPPED,0.5,,global,6,,,,,,,,,Hewan & Perlengkapan Hewan Piaraan > Perlengkapan Hewan Piaraan > Perlengkapan Perawatan Hewan Piaraan > Pengharum Hewan Piaraan & Semprotan Penghilang Bau > Parfum
78,MINUMAN DALAM KEMASAN,3,131,Makanan dan Minuman > MINUMAN > MINUMAN DALAM KEMASAN,False,UNMAPPED,0.333,1,,UNMAPPED,0.333,,global,1,,,,,,,,,"Makanan, Minuman & Tembakau > Minuman"
308,SPIDOL,3,129,Alat dan Buku Tulis > ALAT TULIS > SPIDOL,False,EXACT,1.0,1,Perlengkapan Kantor > Peralatan Kantor > Alat Tulis & Gambar > Spidol & Stabilo > Spidol,EXACT,1.0,exact-raw,vertical,1,os-11-11-4-2,Perlengkapan Kantor > Peralatan Kantor > Alat Tulis & Gambar > Spidol & Stabilo > Spidol,Office Supplies > Office Instruments > Writing & Drawing Instruments > Markers & Highlighters > Markers,4,True,False,4,Kandungan Alkohol/Pelarut | Warna | Desain ujung spidol | Pola,
1272,TAS SELEMPANG PRIA,4,129,Fashion > TAS & KOPER > TAS PRIA > TAS SELEMPANG PRIA,True,AMBIGUOUS,0.667,2,Bagasi & Tas > Tas Selempang,EXACT,1.0,exact-stripped,vertical,1,aa-5-4-7,"Busana dan Aksesori > Tas Tangan, Dompet & Kotak > Tas Tangan > Tas Selempang","Apparel & Accessories > Handbags, Wallets & Cases > Handbags > Cross Body Bags",3,True,False,14,Ukuran aksesori | Kelompok usia | Hiasan tas | Penutup tas/kotak | Fitur tas/kotak | Bahan tas/kotak | Fitur penyimpanan tas/kotak | Petunjuk perawatan | Opsi bawa | Warna | Jenis Kayu | Pola | Jenis kelamin sasaran | Finishing kayu,
1251,SEPATU SNEAKERS ANAK LAKI-LAKI,4,128,Fashion > SEPATU ANAK & BAYI > SEPATU ANAK & BAYI LAKI-LAKI > SEPATU SNEAKERS ANAK LAKI-LAKI,True,UNMAPPED,0.4,1,,UNMAPPED,0.5,,global,2,,,,,,,,,Busana dan Aksesori > Sepatu
568,BUMBU REMPAH,4,127,Makanan dan Minuman > MAKANAN & BAHAN MAKANAN > BUMBU DAPUR > BUMBU REMPAH,False,EXACT,1.0,1,"Makanan, Minuman & Tembakau > Item Makanan > Bumbu & Rempah",EXACT,1.0,exact-raw,vertical,1,fb-2-16,"Makanan, Minuman & Tembakau > Item Makanan > Bumbu & Rempah","Food, Beverages & Tobacco > Food Items > Seasonings & Spices",2,False,True,5,Informasi alergen | Preferensi diet | Bentuk produk makanan | Variasi bumbu | Persyaratan penyimpanan,
591,NUGGET BEKU,4,127,Makanan dan Minuman > MAKANAN & BAHAN MAKANAN > MAKANAN BEKU > NUGGET BEKU,False,UNMAPPED,0.333,2,,UNMAPPED,0.333,,global,2,,,,,,,,,Hewan & Perlengkapan Hewan Piaraan > Perlengkapan Hewan Piaraan > Perlengkapan Ikan & Akuatik > Makanan Ikan > Makanan Beku
1726,ANEKA BOTOL KOSONG,8,127,Perawatan Diri & Rumah Tangga > Rumah Tangga > Peralatan & Perlengkapan Rumah Tangga > PERALATAN RUMAH TANGGA > PERALATAN DAN PENYIMPANAN DI DAPUR > TEMPAT PENYIMPANAN MAKANAN & MINUMAN > TEMPAT PENYIMPANAN MINUMAN / CAIRAN > ANEKA BOTOL KOSONG,False,UNMAPPED,0.333,1,,UNMAPPED,0.333,,global,1,,,,,,,,,Rumah & Taman > Dapur & Ruang Makan > Aksesori Peralatan Dapur > Aksesori Alat Pembuat Soda > Botol
534,CRACKERS,4,126,"Makanan dan Minuman > MAKANAN KECIL  > COOKIES, BISKUIT DAN LAIN LAIN > CRACKERS",False,UNMAPPED,0.0,0,,UNMAPPED,0.0,,global,0,,,,,,,,,
1024,PITA SATIN,4,126,"Hobi, Ibadah, dan Olahraga > MENJAHIT > PITA > PITA SATIN",False,EXACT,1.0,1,Seni & Hiburan > Hobi & Seni Kreatif > Seni & Kerajinan > Bahan Seni & Kerajinan > Hiasan & Trim > Pita & Trim > Pita Satin,EXACT,1.0,exact-raw,vertical,1,ae-2-1-2-8-10-8,Seni & Hiburan > Hobi & Seni Kreatif > Seni & Kerajinan > Bahan Seni & Kerajinan > Hiasan & Trim > Pita & Trim > Pita Satin,Arts & Entertainment > Hobbies & Creative Arts > Arts & Crafts > Art & Crafting Materials > Embellishments & Trims > Ribbons & Trim > Satin Ribbons,6,True,False,7,Warna | Jenis proyek kerajinan | Bahan hiasan/trim | Pola | Tingkat kilau pita | Jenis lapisan belakang pita/trim | Jenis permukaan pita satin,
390,PAKAIAN ANAK PEREMPUAN,3,124,Fashion > FASHION ANAK & BAYI > PAKAIAN ANAK PEREMPUAN,True,FUZZY,0.75,1,Busana dan Aksesori > Pakaian > Pakaian Bayi & Anak > Pakaian Dalam Bayi & Anak > Pakaian Dalam Anak Perempuan,EXACT,1.0,exact-stripped,vertical,1,aa-1,Busana dan Aksesori > Pakaian,Apparel & Accessories > Clothing,1,False,True,9,Kelompok usia | Petunjuk perawatan | Fitur pakaian | Warna | Kain | Pola | Ukuran | Jenis ukuran | Jenis kelamin sasaran,
557,BUBUK PUDDING/JELLY/AGAR-AGAR DAN VLA,4,124,Makanan dan Minuman > MAKANAN & BAHAN MAKANAN > BAHAN KUE > BUBUK PUDDING/JELLY/AGAR-AGAR DAN VLA,False,UNMAPPED,0.167,8,,UNMAPPED,0.167,,global,8,,,,,,,,,Hewan & Perlengkapan Hewan Piaraan > Perlengkapan Hewan Piaraan > Perlengkapan Ikan & Akuatik > Pupuk Tanaman Akuatik > Pupuk Bubuk
1609,TISU FACIAL (HALUS),7,124,Perawatan Diri & Rumah Tangga > Rumah Tangga > Peralatan & Perlengkapan Rumah Tangga > PERALATAN RUMAH TANGGA > PERALATAN KEBERSIHAN RUMAH TANGGA > TISU > TISU FACIAL (HALUS),False,UNMAPPED,0.25,5,,UNMAPPED,0.25,,global,5,,,,,,,,,Seni & Hiburan > Pesta & Perayaan > Pemberian Hadiah > Bungkus Kado > Kertas Tisu
75,MAKANAN & MINUMAN BAYI,3,123,Makanan dan Minuman > KONSUMSI BAYI > MAKANAN & MINUMAN BAYI,True,AMBIGUOUS,0.667,2,Bayi & Balita > Perawatan & Pemberian Makan > Makanan Bayi & Balita > Minuman Bayi,AMBIGUOUS,0.667,fuzzy-raw,global,2,,,,,,,,,
303,PEN WARNA WARNI,3,123,Alat dan Buku Tulis > ALAT MENGGAMBAR / MELUKIS > PEN WARNA WARNI,False,UNMAPPED,0.25,4,,UNMAPPED,0.25,,global,4,,,,,,,,,Elektronik > Aksesori Elektronik > Komponen Komputer > Perangkat Input > Tablet Grafis > Display Pen
395,BATIK PRIA,3,123,Fashion > FASHION PRIA > BATIK PRIA,True,UNMAPPED,0.25,5,,UNMAPPED,0.25,,global,5,,,,,,,,,Busana dan Aksesori > Pakaian > Pakaian Dalam Pria
1676,TEMPAT SAMPAH,7,123,Perawatan Diri & Rumah Tangga > Rumah Tangga > Peralatan & Perlengkapan Rumah Tangga > PERALATAN RUMAH TANGGA > PERALATAN DAN PENYIMPANAN DI DAPUR > KERANJANG & TEMPAT SAMPAH > TEMPAT SAMPAH,False,EXACT,1.0,1,Rumah & Taman > Perlengkapan Rumah Tangga > Penampungan Limbah > Tempat Sampah & Keranjang Sampah > Tempat Sampah,EXACT,1.0,exact-raw,vertical,1,hg-10-18-4-1,Rumah & Taman > Perlengkapan Rumah Tangga > Penampungan Limbah > Tempat Sampah & Keranjang Sampah > Tempat Sampah,Home & Garden > Household Supplies > Waste Containment > Trash Cans & Wastebaskets > Trash Cans,4,True,False,11,Warna | Jenis tutup | Bahan | Jenis pemasangan | Jumlah kompartemen | Mekanisme pembukaan | Pola | Bentuk | Lokasi yang cocok | Ruang yang cocok | Fitur tempat sampah,
1261,TAS SELEMPANG ANAK,4,122,Fashion > TAS & KOPER > TAS ANAK > TAS SELEMPANG ANAK,True,AMBIGUOUS,0.667,2,Bagasi & Tas > Tas Selempang,EXACT,1.0,exact-stripped,vertical,1,aa-5-4-7,"Busana dan Aksesori > Tas Tangan, Dompet & Kotak > Tas Tangan > Tas Selempang","Apparel & Accessories > Handbags, Wallets & Cases > Handbags > Cross Body Bags",3,True,False,14,Ukuran aksesori | Kelompok usia | Hiasan tas | Penutup tas/kotak | Fitur tas/kotak | Bahan tas/kotak | Fitur penyimpanan tas/kotak | Petunjuk perawatan | Opsi bawa | Warna | Jenis Kayu | Pola | Jenis kelamin sasaran | Finishing kayu,
596,SOSIS BEKU,4,121,Makanan dan Minuman > MAKANAN & BAHAN MAKANAN > MAKANAN BEKU > SOSIS BEKU,False,UNMAPPED,0.5,1,,UNMAPPED,0.5,,global,1,,,,,,,,,"Makanan, Minuman & Tembakau > Item Makanan > Daging, Makanan Laut & Telur > Daging > Daging Luncheon & Deli > Sosis"
1115,LILIN ULANG TAHUN,4,121,Alat dan Buku Tulis > DEKORASI & KELENGKAPAN PESTA > LILIN > LILIN ULANG TAHUN,False,EXACT,1.0,1,Seni & Hiburan > Pesta & Perayaan > Perlengkapan Pesta > Lilin Ulang Tahun,EXACT,1.0,exact-raw,vertical,1,ae-3-2-5,Seni & Hiburan > Pesta & Perayaan > Perlengkapan Pesta > Lilin Ulang Tahun,Arts & Entertainment > Party & Celebration > Party Supplies > Birthday Candles,3,True,False,4,Desain lilin ulang tahun | Jenis lilin ulang tahun | Warna | Pola,
1142,PAKAIAN DALAM ANAK LAKI-LAKI,4,121,Fashion > FASHION ANAK & BAYI > PAKAIAN ANAK LAKI-LAKI > PAKAIAN DALAM ANAK LAKI-LAKI,True,EXACT,1.0,1,Busana dan Aksesori > Pakaian > Pakaian Bayi & Anak > Pakaian Dalam Bayi & Anak > Pakaian Dalam Anak Laki-Laki,EXACT,1.0,exact-raw,vertical,1,aa-1-25-11-3,Busana dan Aksesori > Pakaian > Pakaian Bayi & Anak > Pakaian Dalam Bayi & Anak > Pakaian Dalam Anak Laki-Laki,Apparel & Accessories > Clothing > Baby & Children's Clothing > Baby & Children's Underwear > Boys' Underwear,4,False,True,9,Kelompok usia | Petunjuk perawatan | Warna | Kain | Fitur pakaian intim | Pola | Ukuran | Jenis ukuran | Jenis kelamin sasaran,
96,MADU,3,120,Makanan dan Minuman > MAKANAN & BAHAN MAKANAN > MADU,False,EXACT,1.0,1,"Makanan, Minuman & Tembakau > Item Makanan > Kondimen & Saus > Madu",EXACT,1.0,exact-raw,vertical,1,fb-2-4-6,"Makanan, Minuman & Tembakau > Item Makanan > Kondimen & Saus > Madu","Food, Beverages & Tobacco > Food Items > Condiments & Sauces > Honey",3,True,False,8,Informasi alergen | Preferensi diet | Bentuk madu | Metode pengolahan madu | Varietas madu | Jenis kemasan | Persyaratan penyimpanan | Madu berkualitas USDA,
1182,KAOS SINGLET PRIA,4,120,Fashion > FASHION PRIA > PAKAIAN DALAM PRIA > KAOS SINGLET PRIA,True,UNMAPPED,0.25,1,,UNMAPPED,0.333,,global,1,,,,,,,,,Peralatan Olahraga > Atletik > Gulat > Alat Bantu Pelatihan Gulat > Singlet Gulat
607,IKAN DALAM KEMASAN KALENG,4,119,Makanan dan Minuman > MAKANAN & BAHAN MAKANAN > MAKANAN DALAM KEMASAN & KALENG > IKAN DALAM KEMASAN KALENG,False,UNMAPPED,0.2,20,,UNMAPPED,0.2,,global,20,,,,,,,,,Hewan & Perlengkapan Hewan Piaraan > Perlengkapan Hewan Piaraan > Perlengkapan Ikan & Akuatik > Makanan Ikan
1174,BATIK LENGAN PANJANG PRIA,4,119,Fashion > FASHION PRIA > BATIK PRIA > BATIK LENGAN PANJANG PRIA,True,UNMAPPED,0.2,14,,UNMAPPED,0.25,,global,3,,,,,,,,,Busana dan Aksesori > Pakaian > Pakaian Bayi & Anak > Celana Bayi & Anak > Celana Panjang
452,SERAGAM SEKOLAH,3,118,Fashion > SERAGAM & ATRIBUT SEKOLAH > SERAGAM SEKOLAH,False,EXACT,1.0,1,Busana dan Aksesori > Pakaian > Seragam & Pakaian Kerja > Seragam Sekolah,EXACT,1.0,exact-raw,vertical,1,aa-1-24-5,Busana dan Aksesori > Pakaian > Seragam & Pakaian Kerja > Seragam Sekolah,Apparel & Accessories > Clothing > Uniforms & Workwear > School Uniforms,3,False,True,14,Kelompok usia | Fitur pakaian | Warna | Kain | Standar ketahanan api | Kelas visibilitas tinggi | Metode pemasangan logo | Jenis panjang celana | Pola | Ukuran | Jenis ukuran | Jenis panjang rok/gaun | Jenis panjang lengan | Jenis kelamin sasaran,
1128,IKAT RAMBUT ANAK,4,118,Fashion > AKSESORIS FASHION ANAK > AKSESORIS RAMBUT ANAK > IKAT RAMBUT ANAK,True,AMBIGUOUS,0.667,2,Busana dan Aksesori > Aksesori Pakaian > Aksesori Rambut > Ikat Rambut,AMBIGUOUS,1.0,exact-stripped,vertical,2,,,,,,,,,
423,BROS DEWASA,3,117,Fashion > PERHIASAN DEWASA > BROS DEWASA,True,UNMAPPED,0.5,2,,EXACT,1.0,exact-stripped,vertical,1,aa-6-4-1,Busana dan Aksesori > Perhiasan > Bros & Pin Lapel > Bros,Apparel & Accessories > Jewelry > Brooches & Lapel Pins > Brooches,3,True,False,7,Kelompok usia | Warna | Bahan perhiasan | Jenis perhiasan | Pola | Jenis penopang pin | Jenis kelamin sasaran,
1296,SERAGAM SMA,4,116,Fashion > SERAGAM & ATRIBUT SEKOLAH > SERAGAM SEKOLAH > SERAGAM SMA,False,UNMAPPED,0.333,8,,UNMAPPED,0.333,,global,8,,,,,,,,,Busana dan Aksesori > Pakaian > Seragam & Pakaian Kerja > Seragam Pendeta
1743,PIRING PLASTIK,8,116,Perawatan Diri & Rumah Tangga > Rumah Tangga > Peralatan & Perlengkapan Rumah Tangga > PERALATAN RUMAH TANGGA > PERALATAN DAN PENYIMPANAN DI DAPUR > PERALATAN MAKAN > PIRING > PIRING PLASTIK,False,UNMAPPED,0.5,1,,UNMAPPED,0.5,,global,1,,,,,,,,,Rumah & Taman > Dapur & Ruang Makan > Peralatan Makan > Peralatan Makan > Piring
814,GUNTING KUKU,4,115,Keperluan Anak dan Bayi > PERALATAN UNTUK ANAK & BAYI > PERALATAN KEBERSIHAN ANAK & BAYI > GUNTING KUKU,False,EXACT,1.0,1,Kesehatan & Kecantikan > Perawatan Tubuh > Kosmetik > Alat Kosmetik > Alat Kuku > Gunting Kuku,EXACT,1.0,exact-raw,vertical,1,hb-3-2-5-2-6,Kesehatan & Kecantikan > Perawatan Tubuh > Kosmetik > Alat Kosmetik > Alat Kuku > Gunting Kuku,Health & Beauty > Personal Care > Cosmetics > Cosmetic Tools > Nail Tools > Nail Clippers,5,True,False,15,Kelompok usia | Jenis mata pisau | Area tubuh | Bahan bulu sikat | Warna | Fitur | Finis | Keharuman | Bahan | Pola | Sertifikasi & standar produk | Bentuk produk | Bentuk | Cocok untuk jenis kulit | Jenis penggunaan,
1140,BAJU LUARAN ANAK LAKI-LAKI,4,115,Fashion > FASHION ANAK & BAYI > PAKAIAN ANAK LAKI-LAKI > BAJU LUARAN ANAK LAKI-LAKI,True,UNMAPPED,0.333,6,,UNMAPPED,0.333,,global,7,,,,,,,,,Busana dan Aksesori > Pakaian > Pakaian Bayi & Anak > Baju Tidur Bayi & Anak
1438,KURSI,5,114,Perawatan Diri & Rumah Tangga > Rumah Tangga > Peralatan & Perlengkapan Rumah Tangga > PERLENGKAPAN RUMAH TANGGA > KURSI,False,EXACT,1.0,1,Furnitur > Kursi,EXACT,1.0,exact-raw,vertical,1,fr-7,Furnitur > Kursi,Furniture > Chairs,1,False,True,10,Jenis sandaran lengan | Perlu dirakit | Jenis sandaran | Petunjuk perawatan | Fitur kursi | Warna | Bahan | Pola | Jenis tempat duduk | Bahan pelapis,
321,BUKU TULIS,3,113,Alat dan Buku Tulis > BUKU TULIS > BUKU TULIS,False,UNMAPPED,0.5,1,,UNMAPPED,0.5,,global,1,,,,,,,,,Media > Buku
924,VITAMIN & MULTIVITAMIN,4,113,Perawatan Diri & Rumah Tangga > Perawatan Diri > MULTIVITAMIN & SUPLEMEN > VITAMIN & MULTIVITAMIN,False,UNMAPPED,0.5,2,,UNMAPPED,0.5,,global,2,,,,,,,,,Hewan & Perlengkapan Hewan Piaraan > Perlengkapan Hewan Piaraan > Vitamin & Suplemen Hewan Piaraan > Multivitamin
1009,BENANG RAJUT,4,113,"Hobi, Ibadah, dan Olahraga > MENJAHIT > BENANG > BENANG RAJUT",False,EXACT,1.0,1,Seni & Hiburan > Hobi & Seni Kreatif > Seni & Kerajinan > Bahan Seni & Kerajinan > Serat Kerajinan > Benang Rajut,EXACT,1.0,exact-raw,vertical,1,ae-2-1-2-6-4,Seni & Hiburan > Hobi & Seni Kreatif > Seni & Kerajinan > Bahan Seni & Kerajinan > Serat Kerajinan > Benang Rajut,Arts & Entertainment > Hobbies & Creative Arts > Arts & Crafts > Art & Crafting Materials > Crafting Fibers > Yarn,5,True,False,9,Warna | Teknik pewarnaan | Kain | Jenis proyek rajutan | Perawatan bahan | Pola | Bahan tanaman | Arah puntiran | Kategori bobot benang,
875,PENATA RAMBUT (WAX/GEL/POMADE/FOAM),4,112,Perawatan Diri & Rumah Tangga > Perawatan Diri > PERAWATAN RAMBUT > PENATA RAMBUT (WAX/GEL/POMADE/FOAM),False,UNMAPPED,0.5,1,,UNMAPPED,0.5,,global,1,,,,,,,,,Kesehatan & Kecantikan > Perawatan Tubuh > Perawatan Rambut > Produk Penataan Rambut > Pomade dan Wax Rambut
1623,BASKOM SAYUR,7,112,Perawatan Diri & Rumah Tangga > Rumah Tangga > Peralatan & Perlengkapan Rumah Tangga > PERALATAN RUMAH TANGGA > PERALATAN DAN PENYIMPANAN DI DAPUR > ALAT DAPUR & AKSESORIS DAPUR > BASKOM SAYUR,False,UNMAPPED,0.333,4,,UNMAPPED,0.333,,global,4,,,,,,,,,"Makanan, Minuman & Tembakau > Item Makanan > Bahan Memasak & Baking > Minyak Goreng > Minyak Sayur"
1742,PIRING MELAMIN,8,112,Perawatan Diri & Rumah Tangga > Rumah Tangga > Peralatan & Perlengkapan Rumah Tangga > PERALATAN RUMAH TANGGA > PERALATAN DAN PENYIMPANAN DI DAPUR > PERALATAN MAKAN > PIRING > PIRING MELAMIN,False,UNMAPPED,0.5,1,,UNMAPPED,0.5,,global,1,,,,,,,,,Rumah & Taman > Dapur & Ruang Makan > Peralatan Makan > Peralatan Makan > Piring
317,BUKU GAMBAR,3,111,Alat dan Buku Tulis > BUKU TULIS > BUKU GAMBAR,False,UNMAPPED,0.5,1,,UNMAPPED,0.5,,global,1,,,,,,,,,Media > Buku
566,BUMBU PENYEDAP,4,111,Makanan dan Minuman > MAKANAN & BAHAN MAKANAN > BUMBU DAPUR > BUMBU PENYEDAP,False,UNMAPPED,0.333,3,,UNMAPPED,0.333,,global,3,,,,,,,,,"Makanan, Minuman & Tembakau > Item Makanan > Bumbu & Rempah"
544,PUDDING & JELLY,3,110,Makanan dan Minuman > MAKANAN KECIL  > PUDDING & JELLY,False,UNMAPPED,0.0,0,,UNMAPPED,0.0,,global,0,,,,,,,,,
545,RUMPUT LAUT,4,110,Makanan dan Minuman > MAKANAN KECIL  > KACANG DAN SNACK LAINNYA > RUMPUT LAUT,False,AMBIGUOUS,0.667,2,"Makanan, Minuman & Tembakau > Item Makanan > Buah & Sayur > Rumput Laut dan Alga",AMBIGUOUS,0.667,fuzzy-raw,vertical,2,,,,,,,,,
1190,JAKET WANITA,4,110,Fashion > FASHION WANITA > BAJU LUARAN WANITA > JAKET WANITA,True,UNMAPPED,0.5,1,,EXACT,1.0,exact-stripped,vertical,1,aa-1-1-8-2,Busana dan Aksesori > Pakaian > Pakaian Aktif > Rompi & Jaket Aktif > Jaket,Apparel & Accessories > Clothing > Activewear > Activewear Vests & Jackets > Jackets,4,True,False,15,Fitur pakaian aktif | Aktivitas | Kelompok usia | Petunjuk perawatan | Warna | Kain | Bahan pengisi isolasi | Garis leher | Pola | Ukuran | Jenis ukuran | Jenis panjang lengan | Jenis kelamin sasaran | Jenis panjang atasan | Panjang bukaan ritsleting,
1573,TAPLAK MEJA,6,110,Perawatan Diri & Rumah Tangga > Rumah Tangga > Peralatan & Perlengkapan Rumah Tangga > PERLENGKAPAN RUMAH TANGGA > PERLENGKAPAN LAINNYA > TAPLAK MEJA,False,EXACT,1.0,1,Rumah & Taman > Linen & Alas Tidur > Linen Meja > Taplak Meja,EXACT,1.0,exact-raw,vertical,1,hg-15-3-6,Rumah & Taman > Linen & Alas Tidur > Linen Meja > Taplak Meja,Home & Garden > Linens & Bedding > Table Linens > Tablecloths,3,True,False,8,Petunjuk perawatan | Warna | Kain | Struktur kain | Acara | Pola | Bentuk | Fitur taplak meja,
402,BAWAHAN WANITA,3,109,Fashion > FASHION WANITA > BAWAHAN WANITA,True,UNMAPPED,0.333,2,,UNMAPPED,0.5,,global,2,,,,,,,,,Busana dan Aksesori > Pakaian > Pakaian Tidur & Pakaian Santai > Loungewear > Bawahan Loungewear
883,FACE MOISTURIZER,4,109,Perawatan Diri & Rumah Tangga > Perawatan Diri > PERAWATAN WAJAH > FACE MOISTURIZER,False,UNMAPPED,0.0,0,,UNMAPPED,0.0,,global,0,,,,,,,,,
1496,CAIRAN PENCUCI PIRING KEMASAN REFILL (POUCH),6,109,Perawatan Diri & Rumah Tangga > Rumah Tangga > BAHAN PEMBERSIH RUMAH > PEMBERSIH DAPUR > CAIRAN PENCUCI PIRING > CAIRAN PENCUCI PIRING KEMASAN REFILL (POUCH),False,UNMAPPED,0.25,1,,UNMAPPED,0.25,,global,1,,,,,,,,,Rumah & Taman > Perlengkapan Rumah Tangga > Perlengkapan Pembersih Rumah Tangga > Produk Pembersih Rumah Tangga > Pembersih Mesin Pencuci Piring
371,STICKY NOTES,3,108,Alat dan Buku Tulis > PERALATAN UMUM > STICKY NOTES,False,UNMAPPED,0.333,2,,UNMAPPED,0.333,,global,2,,,,,,,,,Perlengkapan Kantor > Perlengkapan Kantor Umum > Produk Kertas > Buku Catatan & Notes > Notes Saku
37,ALAT ELEKTRONIK RUMAH LAINNYA,2,107,Elektronik > ALAT ELEKTRONIK RUMAH LAINNYA,False,UNMAPPED,0.5,1,,UNMAPPED,0.5,,global,1,,,,,,,,,Seni & Hiburan > Hobi & Seni Kreatif > Alat Musik > Alat Musik Elektronik
477,FOUNDATION (DASAR MAKE UP),3,107,Kosmetik dan Alat Kecantikan > MAKE UP WAJAH > FOUNDATION (DASAR MAKE UP),False,UNMAPPED,0.25,1,,UNMAPPED,0.25,,global,1,,,,,,,,,Kesehatan & Kecantikan > Perawatan Tubuh > Kosmetik > Makeup > Rias Wajah > Alas Bedak dan Concealer > Foundation
524,TEH CELUP,4,107,"Makanan dan Minuman > COKLAT, KOPI & TEH > TEH MENTAH > TEH CELUP",False,UNMAPPED,0.5,1,,UNMAPPED,0.5,,global,1,,,,,,,,,"Makanan, Minuman & Tembakau > Minuman > Teh & Infusi > Teh"
842,COTTON BUD ,4,107,Keperluan Anak dan Bayi > PERLENGKAPAN ANAK & BAYI > PERLENGKAPAN KEBERSIHAN ANAK & BAYI > COTTON BUD ,False,UNMAPPED,0.0,0,,UNMAPPED,0.0,,global,0,,,,,,,,,
1170,BAJU KOKO LENGAN PANJANG PRIA,4,107,Fashion > FASHION PRIA > BAJU MUSLIM PRIA > BAJU KOKO LENGAN PANJANG PRIA,True,UNMAPPED,0.167,16,,UNMAPPED,0.2,,global,4,,,,,,,,,Busana dan Aksesori > Pakaian > Pakaian Bayi & Anak > Celana Bayi & Anak > Celana Panjang
1442,PERLENGKAPAN LAINNYA,5,107,Perawatan Diri & Rumah Tangga > Rumah Tangga > Peralatan & Perlengkapan Rumah Tangga > PERLENGKAPAN RUMAH TANGGA > PERLENGKAPAN LAINNYA,False,UNMAPPED,0.5,27,,UNMAPPED,0.5,,global,27,,,,,,,,,Hewan & Perlengkapan Hewan Piaraan > Perlengkapan Hewan Piaraan > Perlengkapan Burung
306,PENGHAPUS,3,106,Alat dan Buku Tulis > ALAT TULIS > PENGHAPUS,False,EXACT,1.0,1,Perlengkapan Kantor > Perlengkapan Kantor Umum > Penghapus,EXACT,1.0,exact-raw,vertical,1,os-4-3,Perlengkapan Kantor > Perlengkapan Kantor Umum > Penghapus,Office Supplies > General Office Supplies > Erasers,2,False,True,2,Warna | Pola,
1192,ROMPI WANITA,4,106,Fashion > FASHION WANITA > BAJU LUARAN WANITA > ROMPI WANITA,True,UNMAPPED,0.5,3,,AMBIGUOUS,1.0,exact-stripped,vertical,2,,,,,,,,,
1506,CAIRAN PEMBERSIH LANTAI KEMASAN REFILL (POUCH),6,106,Perawatan Diri & Rumah Tangga > Rumah Tangga > BAHAN PEMBERSIH RUMAH > PEMBERSIH LANTAI > CAIRAN PEMBERSIH LANTAI > CAIRAN PEMBERSIH LANTAI KEMASAN REFILL (POUCH),False,UNMAPPED,0.333,1,,UNMAPPED,0.333,,global,1,,,,,,,,,Rumah & Taman > Peralatan Rumah Tangga > Pembersih Lantai & Uap > Pembersih Lantai
50,FASHION PRIA,2,105,Fashion > FASHION PRIA,True,UNMAPPED,0.25,5,,UNMAPPED,0.25,,global,5,,,,,,,,,Busana dan Aksesori > Pakaian > Pakaian Dalam Pria
633,KEJU,4,105,Makanan dan Minuman > MAKANAN & BAHAN MAKANAN > PRODUK SUSU > KEJU,False,EXACT,1.0,1,"Makanan, Minuman & Tembakau > Item Makanan > Produk Susu > Keju",EXACT,1.0,exact-raw,vertical,1,fb-2-6-2,"Makanan, Minuman & Tembakau > Item Makanan > Produk Susu > Keju","Food, Beverages & Tobacco > Food Items > Dairy Products > Cheese",3,True,False,7,Informasi alergen | Varian beta-kasein | Bentuk keju | Tekstur keju | Negara | Preferensi diet | Persyaratan penyimpanan,
654,SEREAL,4,105,Makanan dan Minuman > MAKANAN & BAHAN MAKANAN > SEREAL & SARAPAN > SEREAL,False,UNMAPPED,0.5,3,,UNMAPPED,0.5,,global,3,,,,,,,,,Bayi & Balita > Perawatan & Pemberian Makan > Makanan Bayi & Balita > Sereal Bayi
270,PERLENGKAPAN KOMPUTER,3,104,Elektronik > ALAT ELEKTRONIK KANTOR & GADGET > PERLENGKAPAN KOMPUTER,False,UNMAPPED,0.5,1,,UNMAPPED,0.5,,global,1,,,,,,,,,Elektronik > Komputer
429,SEPATU ANAK & BAYI PEREMPUAN,3,104,Fashion > SEPATU ANAK & BAYI > SEPATU ANAK & BAYI PEREMPUAN,True,FUZZY,0.75,1,Busana dan Aksesori > Sepatu > Sepatu Bayi & Anak,EXACT,1.0,exact-stripped,vertical,1,aa-8,Busana dan Aksesori > Sepatu,Apparel & Accessories > Shoes,1,False,True,17,Kelompok usia | Petunjuk perawatan | Jenis penutupan | Warna | Metode pembuatan alas kaki | Bahan alas kaki | Jenis ketinggian tumit | Bahan pelapis | Gaya acara | Bahan sol luar | Pola | Fitur sepatu | Kesesuaian sepatu | Ukuran sepatu | Jenis kelamin sasaran | Jenis pelindung ujung | Gaya kaki,
511,MINUMAN RASA BUAH,4,104,Makanan dan Minuman > MINUMAN > MINUMAN DALAM KEMASAN > MINUMAN RASA BUAH,False,UNMAPPED,0.5,1,,UNMAPPED,0.5,,global,1,,,,,,,,,"Makanan, Minuman & Tembakau > Minuman > Minuman Berperisa Buah"
553,PERMEN PENYEGAR NAFAS,4,104,Makanan dan Minuman > MAKANAN KECIL  > PERMEN MARSHMALLOW DAN LAIN LAIN > PERMEN PENYEGAR NAFAS,False,UNMAPPED,0.333,2,,UNMAPPED,0.333,,global,2,,,,,,,,,"Makanan, Minuman & Tembakau > Item Makanan > Permen & Cokelat > Permen"
845,TISU BASAH (BABY WIPES),4,104,Keperluan Anak dan Bayi > PERLENGKAPAN ANAK & BAYI > PERLENGKAPAN KEBERSIHAN ANAK & BAYI > TISU BASAH (BABY WIPES),False,UNMAPPED,0.2,4,,UNMAPPED,0.2,,global,4,,,,,,,,,Seni & Hiburan > Pesta & Perayaan > Pemberian Hadiah > Bungkus Kado > Kertas Tisu
890,MICELLAR WATER,4,104,Perawatan Diri & Rumah Tangga > Perawatan Diri > PERAWATAN WAJAH > MICELLAR WATER,False,UNMAPPED,0.2,1,,UNMAPPED,0.2,,global,1,,,,,,,,,Rumah & Taman > Rumput & Taman > Berkebun > Hidroponik > Sistem Hidroponik > Deep Water Culture (DWC)
1264,DOMPET PRIA,4,104,Fashion > TAS & KOPER > TAS PRIA > DOMPET PRIA,True,UNMAPPED,0.5,1,,EXACT,1.0,exact-stripped,vertical,1,aa-5-5-7,"Busana dan Aksesori > Tas Tangan, Dompet & Kotak > Dompet & Klip Uang > Dompet","Apparel & Accessories > Handbags, Wallets & Cases > Wallets & Money Clips > Wallets",3,True,False,8,Kelompok usia | Opsi bawa | Bahan aksesori pakaian | Warna | Jenis kulit | Pola | Jenis kelamin sasaran | Fitur dompet,
1269,TAS PINGGANG PRIA,4,104,Fashion > TAS & KOPER > TAS PRIA > TAS PINGGANG PRIA,True,AMBIGUOUS,0.667,2,Bagasi & Tas > Tas Pinggang,AMBIGUOUS,1.0,exact-stripped,vertical,2,,,,,,,,,
1750,MANGKUK PLASTIK,8,104,Perawatan Diri & Rumah Tangga > Rumah Tangga > Peralatan & Perlengkapan Rumah Tangga > PERALATAN RUMAH TANGGA > PERALATAN DAN PENYIMPANAN DI DAPUR > PERALATAN MAKAN > MANGKUK > MANGKUK PLASTIK,False,UNMAPPED,0.5,2,,UNMAPPED,0.5,,global,2,,,,,,,,,"Hewan & Perlengkapan Hewan Piaraan > Perlengkapan Hewan Piaraan > Mangkuk, Pemberi Makan & Minum Hewan Piaraan > Mangkuk"
310,TIPPEX,3,103,Alat dan Buku Tulis > ALAT TULIS > TIPPEX,False,UNMAPPED,0.0,0,,UNMAPPED,0.0,,global,0,,,,,,,,,
812,SHAMPOO ANAK & BAYI,4,103,Keperluan Anak dan Bayi > PERAWATAN ANAK & BAYI > PERAWATAN RAMBUT ANAK & BAYI > SHAMPOO ANAK & BAYI,True,UNMAPPED,0.5,11,,UNMAPPED,0.5,,global,11,,,,,,,,,Busana dan Aksesori > Pakaian > Pakaian Bayi & Anak
907,HAND SANITIZER,4,103,Perawatan Diri & Rumah Tangga > Perawatan Diri > PERAWATAN BADAN > HAND SANITIZER,False,UNMAPPED,0.333,1,,UNMAPPED,0.333,,global,1,,,,,,,,,Perkakas > Peralatan > Alat Kriya Lepa > Float > Hand Float
333,AKSESORIS ULANG TAHUN LAINNYA,3,102,Alat dan Buku Tulis > DEKORASI & KELENGKAPAN PESTA > AKSESORIS ULANG TAHUN LAINNYA,False,UNMAPPED,0.5,1,,UNMAPPED,0.5,,global,1,,,,,,,,,Seni & Hiburan > Pesta & Perayaan > Perlengkapan Pesta > Lilin Ulang Tahun
1674,KERANJANG DAPUR,7,102,Perawatan Diri & Rumah Tangga > Rumah Tangga > Peralatan & Perlengkapan Rumah Tangga > PERALATAN RUMAH TANGGA > PERALATAN DAN PENYIMPANAN DI DAPUR > KERANJANG & TEMPAT SAMPAH > KERANJANG DAPUR,False,UNMAPPED,0.5,2,,UNMAPPED,0.5,,global,2,,,,,,,,,Hewan & Perlengkapan Hewan Piaraan > Perlengkapan Hewan Piaraan > Tempat Tidur Hewan Piaraan > Keranjang
1696,JAM DINDING,7,102,Perawatan Diri & Rumah Tangga > Rumah Tangga > Peralatan & Perlengkapan Rumah Tangga > PERLENGKAPAN RUMAH TANGGA > PERLENGKAPAN KAMAR & KAMAR MANDI > JAM > JAM DINDING,False,EXACT,1.0,1,Rumah & Taman > Dekorasi > Jam > Jam Dinding,EXACT,1.0,exact-raw,vertical,1,hg-3-17-4,Rumah & Taman > Dekorasi > Jam > Jam Dinding,Home & Garden > Decor > Clocks > Wall Clocks,3,True,False,11,Ukuran baterai | Jenis baterai | Jenis pergerakan jam | Warna | Mode tampilan | Bahan | Gaya angka | Pola | Sumber listrik | Bentuk | Jenis Stan/Pajangan,
1132,TOPI ANAK,4,101,Fashion > AKSESORIS FASHION ANAK > AKSESORIS RAMBUT ANAK > TOPI ANAK,True,FUZZY,0.667,1,Busana dan Aksesori > Aksesori Pakaian > Aksesori Pakaian Bayi & Anak > Topi Bayi & Anak,EXACT,1.0,exact-stripped,vertical,1,aa-2-17,Busana dan Aksesori > Aksesori Pakaian > Topi,Apparel & Accessories > Clothing Accessories > Hats,2,False,True,10,Item aksesori yang disertakan | Ukuran aksesori | Kelompok usia | Warna | Kain | Fitur penutup kepala | Pola | Ukuran | Jenis ukuran | Jenis kelamin sasaran,
1574,TIKAR,6,101,Perawatan Diri & Rumah Tangga > Rumah Tangga > Peralatan & Perlengkapan Rumah Tangga > PERLENGKAPAN RUMAH TANGGA > PERLENGKAPAN LAINNYA > TIKAR,False,UNMAPPED,0.5,1,,UNMAPPED,0.5,,global,1,,,,,,,,,Rumah & Taman > Rumput & Taman > Kehidupan Luar Ruang > Selimut Luar Ruang > Tikar Pantai
294,STEKER,3,100,Elektronik > ALAT ELEKTRONIK RUMAH LAINNYA > STEKER,False,UNMAPPED,0.333,3,,UNMAPPED,0.333,,global,3,,,,,,,,,Perkakas > Perlengkapan Listrik & Daya > Tutup Steker Listrik
942,SEMPROTAN PEMBASMI HAMA,4,100,Perawatan Diri & Rumah Tangga > Rumah Tangga > ANTI HAMA & SERANGGA > SEMPROTAN PEMBASMI HAMA,False,UNMAPPED,0.25,5,,UNMAPPED,0.25,,global,5,,,,,,,,,Hewan & Perlengkapan Hewan Piaraan > Perlengkapan Hewan Piaraan > Perlengkapan Perawatan Mulut Hewan Piaraan > Semprotan Gigi
1275,KOPER BAGASI,4,100,Fashion > TAS & KOPER > TAS TRAVEL & KOPER > KOPER BAGASI,False,EXACT,1.0,1,Bagasi & Tas > Koper > Koper Bagasi,EXACT,1.0,exact-raw,vertical,1,lb-12-3,Bagasi & Tas > Koper > Koper Bagasi,Luggage & Bags > Suitcases > Checked Suitcases,2,True,True,10,Penutup tas/kotak | Fitur tas/kotak | Bahan tas/kotak | Fitur penyimpanan tas/kotak | Petunjuk perawatan | Opsi bawa | Warna | Pola | Jenis pemutar | Jenis pegangan koper,
1551,KERANJANG LAUNDRY,6,100,Perawatan Diri & Rumah Tangga > Rumah Tangga > Peralatan & Perlengkapan Rumah Tangga > PERALATAN RUMAH TANGGA > PERALATAN DAN PENYIMPANAN PAKAIAN DAN CUCIAN > KERANJANG LAUNDRY,False,UNMAPPED,0.5,2,,UNMAPPED,0.5,,global,2,,,,,,,,,Hewan & Perlengkapan Hewan Piaraan > Perlengkapan Hewan Piaraan > Tempat Tidur Hewan Piaraan > Keranjang
894,SERUM WAJAH,4,99,Perawatan Diri & Rumah Tangga > Perawatan Diri > PERAWATAN WAJAH > SERUM WAJAH,False,EXACT,1.0,1,Kesehatan & Kecantikan > Perawatan Tubuh > Kosmetik > Perawatan Wajah > Serum Wajah,EXACT,1.0,exact-raw,vertical,1,hb-3-2-9-21,Kesehatan & Kecantikan > Perawatan Tubuh > Kosmetik > Perawatan Wajah > Serum Wajah,Health & Beauty > Personal Care > Cosmetics > Skin Care > Face Serums,4,True,False,20,Bahan aktif | Kelompok usia | Fungsi kosmetik | Jenis dispenser | Keharuman | Tingkat keharuman | Asal bahan | Bahan | Jenis pelembap | Jenis kemasan | Sertifikasi & standar produk | Bentuk produk | Tingkat SPF | Area target serum | Efek perawatan kulit | Fitur perawatan kulit | Cocok untuk jenis kulit | Jenis kelamin sasaran | Tekstur | Tingkat perlindungan UVA,
1583,KAIN KESET,7,99,Perawatan Diri & Rumah Tangga > Rumah Tangga > Peralatan & Perlengkapan Rumah Tangga > PERALATAN RUMAH TANGGA > PERALATAN KEBERSIHAN RUMAH TANGGA > KAIN UNTUK LAP & PEL > KAIN KESET,False,UNMAPPED,0.5,1,,UNMAPPED,0.5,,global,1,,,,,,,,,Seni & Hiburan > Hobi & Seni Kreatif > Seni & Kerajinan > Bahan Seni & Kerajinan > Tekstil > Kain
45,PERALATAN UMUM,2,98,Alat dan Buku Tulis > PERALATAN UMUM,False,UNMAPPED,0.5,2,,UNMAPPED,0.5,,global,2,,,,,,,,,Perkakas > Peralatan
46,KARTU UCAPAN,2,97,Alat dan Buku Tulis > KARTU UCAPAN,False,EXACT,1.0,1,Seni & Hiburan > Pesta & Perayaan > Pemberian Hadiah > Kartu Ucapan & Catatan > Kartu Ucapan,EXACT,1.0,exact-raw,vertical,1,ae-3-1-6-2,Seni & Hiburan > Pesta & Perayaan > Pemberian Hadiah > Kartu Ucapan & Catatan > Kartu Ucapan,Arts & Entertainment > Party & Celebration > Gift Giving > Greeting & Note Cards > Greeting Cards,4,True,False,13,Ukuran baterai | Jenis baterai | Ukuran kartu | Jenis perayaan | Warna | Bahan hiasan/trim | Jenis pesan internal | Gaya barang | Bahan | Pola | Desain personalisasi | Hubungan penerima | Tema,
939,KAMPER / KAPUR BARUS (CAMPHOR/NAPHTALENE BALL),4,97,Perawatan Diri & Rumah Tangga > Rumah Tangga > ANTI HAMA & SERANGGA > KAMPER / KAPUR BARUS (CAMPHOR/NAPHTALENE BALL),False,UNMAPPED,0.167,1,,UNMAPPED,0.167,,global,1,,,,,,,,,Perlengkapan Kantor > Peralatan Kantor > Alat Tulis & Gambar > Kapur
1529,BASKOM AIR,6,97,Perawatan Diri & Rumah Tangga > Rumah Tangga > Peralatan & Perlengkapan Rumah Tangga > PERALATAN RUMAH TANGGA > PERALATAN DAN PENYIMPANAN DI KAMAR MANDI > BASKOM AIR,False,UNMAPPED,0.5,1,,UNMAPPED,0.5,,global,1,,,,,,,,,"Makanan, Minuman & Tembakau > Minuman > Air"
268,RICE COOKER,3,96,Elektronik > ALAT ELEKTRONIK DAPUR > RICE COOKER,False,UNMAPPED,0.25,1,,UNMAPPED,0.25,,global,1,,,,,,,,,Rumah & Taman > Dapur & Ruang Makan > Aksesori Peralatan Dapur > Aksesoris Slow Cooker
406,PAKAIAN TIDUR WANITA,3,96,Fashion > FASHION WANITA > PAKAIAN TIDUR WANITA,True,UNMAPPED,0.5,2,,AMBIGUOUS,0.667,fuzzy-stripped,vertical,2,,,,,,,,,
969,KERAN AIR KAMAR MANDI,4,96,Perbaikan Rumah > PERLENGKAPAN PERBAIKAN RUMAH > KERAN AIR > KERAN AIR KAMAR MANDI,False,FUZZY,0.6,1,Perkakas > Perpipaan > Perlengkapan Perpipaan > Keran > Keran Wastafel Kamar Mandi,FUZZY,0.6,fuzzy-raw,vertical,1,ha-10-3-3-1,Perkakas > Perpipaan > Perlengkapan Perpipaan > Keran > Keran Wastafel Kamar Mandi,Hardware > Plumbing > Plumbing Fixtures > Faucets > Bathroom Sink Faucets,4,True,False,3,Warna | Bahan | Pola,
70,MAINAN BAYI & BALITA,2,95,Mainan dan Alat Lainnya > MAINAN BAYI & BALITA,True,FUZZY,0.667,1,Bayi & Balita,FUZZY,0.667,fuzzy-raw,global,1,bt,Bayi & Balita,Baby & Toddler,0,False,True,0,,
88,KACANG DAN SNACK LAINNYA,3,94,Makanan dan Minuman > MAKANAN KECIL  > KACANG DAN SNACK LAINNYA,False,UNMAPPED,0.5,1,,UNMAPPED,0.5,,global,1,,,,,,,,,"Makanan, Minuman & Tembakau > Item Makanan > Buah & Sayur > Sayur Segar & Beku > Kacang"
160,KUAS CAT,3,94,Perbaikan Rumah > ALAT ALAT PERBAIKAN RUMAH > KUAS CAT,False,EXACT,1.0,1,Perkakas > Peralatan > Alat Cat > Kuas Cat,EXACT,1.0,exact-raw,vertical,1,ha-15-42-2,Perkakas > Peralatan > Alat Cat > Kuas Cat,Hardware > Tools > Paint Tools > Paint Brushes,3,True,False,5,Kandungan Alkohol/Pelarut | Bahan bulu sikat | Warna | Desain kuas cat | Pola,
198,TALI PLASTIK TWIST TIE (CABLE TIE NYLON),3,94,Perbaikan Rumah > PERLENGKAPAN PERBAIKAN RUMAH > TALI PLASTIK TWIST TIE (CABLE TIE NYLON),False,UNMAPPED,0.286,1,,UNMAPPED,0.286,,global,1,,,,,,,,,"Perkakas > Aksesori Perkakas > Rantai, Kawat & Tali > Tali Tie Down"
653,ROTI,4,94,Makanan dan Minuman > MAKANAN & BAHAN MAKANAN > SEREAL & SARAPAN > ROTI,False,UNMAPPED,0.5,8,,UNMAPPED,0.5,,global,8,,,,,,,,,"Makanan, Minuman & Tembakau > Item Makanan > Bakeri > Roti & Bun"
1107,KABEL DATA,4,94,Elektronik > ALAT ELEKTRONIK KANTOR & GADGET > PERLENGKAPAN & SUKU CADANG GADGET > KABEL DATA,False,UNMAPPED,0.5,3,,UNMAPPED,0.5,,global,3,,,,,,,,,Elektronik > Aksesori Elektronik > Kabel
1325,JUS BUAH,5,94,Makanan dan Minuman > MINUMAN > MINUMAN DALAM KEMASAN > JUS BUAH & SAYURAN > JUS BUAH,False,EXACT,1.0,1,"Makanan, Minuman & Tembakau > Minuman > Minuman Berperisa Buah > Jus Buah",EXACT,1.0,exact-raw,vertical,1,fb-1-5-1,"Makanan, Minuman & Tembakau > Minuman > Minuman Berperisa Buah > Jus Buah","Food, Beverages & Tobacco > Beverages > Fruit Flavored Drinks > Fruit Punch",3,True,False,6,Informasi alergen | Preferensi diet | Suplemen makanan | Rasa | Jenis kemasan | Inklusi tekstur,
360,KOTAK KADO,3,93,Alat dan Buku Tulis > PERALATAN UMUM > KOTAK KADO,False,UNMAPPED,0.333,44,,UNMAPPED,0.333,,global,44,,,,,,,,,Seni & Hiburan > Hobi & Seni Kreatif > Seni & Kerajinan > Alat Seni & Kerajinan > Kotak Cahaya
117,ROKOK,3,92,Makanan dan Minuman > ROKOK & LAINNYA > ROKOK,False,EXACT,1.0,1,"Makanan, Minuman & Tembakau > Produk Tembakau > Rokok",EXACT,1.0,exact-raw,vertical,1,fb-3-3,"Makanan, Minuman & Tembakau > Produk Tembakau > Rokok","Food, Beverages & Tobacco > Tobacco Products > Cigarettes",2,True,True,4,Jenis filter rokok | Ukuran rokok | Deskripsi kekuatan rokok | Jenis tembakau,
171,TANG,3,92,Perbaikan Rumah > ALAT ALAT PERBAIKAN RUMAH > TANG,False,EXACT,1.0,1,Perkakas > Peralatan > Tang,EXACT,1.0,exact-raw,vertical,1,ha-15-49,Perkakas > Peralatan > Tang,Hardware > Tools > Pliers,2,False,True,3,Warna | Bahan perangkat keras | Pola,
176,LEM MATERIAL,3,92,Perbaikan Rumah > MATERIAL PERBAIKAN RUMAH > LEM MATERIAL,False,UNMAPPED,0.333,11,,UNMAPPED,0.333,,global,11,,,,,,,,,Seni & Hiburan > Hobi & Seni Kreatif > Seni & Kerajinan > Bahan Seni & Kerajinan > Perekat & Magnet Kerajinan > Lem Kerajinan & Kantor > Lem Bening
906,SUN BLOCK / SUN SCREEN,3,92,Perawatan Diri & Rumah Tangga > Perawatan Diri > SUN BLOCK / SUN SCREEN,False,UNMAPPED,0.25,1,,UNMAPPED,0.25,,global,1,,,,,,,,,Kendaraan & Suku Cadang > Suku Cadang & Aksesori Kendaraan > Suku Cadang Kendaraan Bermotor > Perlengkapan Interior Kendaraan Bermotor > Sun Shade
532,BISKUIT SEASONAL ,4,90,"Makanan dan Minuman > MAKANAN KECIL  > COOKIES, BISKUIT DAN LAIN LAIN > BISKUIT SEASONAL ",False,UNMAPPED,0.333,2,,UNMAPPED,0.333,,global,2,,,,,,,,,Hewan & Perlengkapan Hewan Piaraan > Perlengkapan Hewan Piaraan > Perlengkapan Hewan Kecil > Camilan Hewan Kecil > Biskuit & Bakeri
799,BEDAK ANAK & BAYI,4,90,Keperluan Anak dan Bayi > PERAWATAN ANAK & BAYI > PERAWATAN KULIT ANAK & BAYI > BEDAK ANAK & BAYI,True,UNMAPPED,0.5,11,,UNMAPPED,0.5,,global,12,,,,,,,,,Busana dan Aksesori > Pakaian > Pakaian Bayi & Anak
801,COLOGNE ANAK & BAYI,4,90,Keperluan Anak dan Bayi > PERAWATAN ANAK & BAYI > PERAWATAN KULIT ANAK & BAYI > COLOGNE ANAK & BAYI,True,UNMAPPED,0.5,11,,EXACT,1.0,exact-stripped,vertical,1,hb-3-2-8-2,Kesehatan & Kecantikan > Perawatan Tubuh > Kosmetik > Parfum & Cologne > Cologne,Health & Beauty > Personal Care > Cosmetics > Perfumes & Colognes > Colognes,4,True,False,15,Kelompok usia | Kandungan Alkohol/Pelarut | Jenis dispenser | Keharuman | Format set hadiah | Bahan | Acara | Keluarga olfaktori | Jenis kemasan | Sertifikasi & standar produk | Bentuk produk | Aroma | Musim | Cocok untuk jenis kulit | Jenis kelamin sasaran,
1175,BATIK LENGAN PENDEK PRIA,4,90,Fashion > FASHION PRIA > BATIK PRIA > BATIK LENGAN PENDEK PRIA,True,UNMAPPED,0.2,16,,UNMAPPED,0.25,,global,6,,,,,,,,,Busana dan Aksesori > Pakaian > Pakaian Aktif > Celana Aktif > Celana Pendek
1178,JEANS PRIA,4,90,Fashion > FASHION PRIA > BAWAHAN PRIA > JEANS PRIA,True,UNMAPPED,0.5,1,,EXACT,1.0,exact-stripped,vertical,1,aa-1-25-1-4,Busana dan Aksesori > Pakaian > Pakaian Bayi & Anak > Celana Bayi & Anak > Jeans,Apparel & Accessories > Clothing > Baby & Children's Clothing > Baby & Children's Bottoms > Jeans,4,True,False,8,Fitur pakaian bayi/balita | Warna | Kain | Jenis panjang celana | Pola | Ukuran | Jenis ukuran | Jenis kelamin sasaran,
1087,MOUSE,4,88,Elektronik > ALAT ELEKTRONIK KANTOR & GADGET > PERLENGKAPAN KOMPUTER > MOUSE,False,UNMAPPED,0.5,5,,UNMAPPED,0.5,,global,5,,,,,,,,,Elektronik > Aksesori Elektronik > Aksesori Komputer > Alas Mouse
1672,TEMPAT PENYIMPANAN MAKANAN,7,88,Perawatan Diri & Rumah Tangga > Rumah Tangga > Peralatan & Perlengkapan Rumah Tangga > PERALATAN RUMAH TANGGA > PERALATAN DAN PENYIMPANAN DI DAPUR > TEMPAT PENYIMPANAN MAKANAN & MINUMAN > TEMPAT PENYIMPANAN MAKANAN,False,EXACT,1.0,1,Hewan & Perlengkapan Hewan Piaraan > Perlengkapan Hewan Piaraan > Wadah Makanan Hewan Piaraan > Tempat Penyimpanan Makanan,FUZZY,0.667,fuzzy-raw,vertical,1,hg-11-4,Rumah & Taman > Dapur & Ruang Makan > Penyimpanan Makanan,Home & Garden > Kitchen & Dining > Food Storage,2,False,True,6,Jenis penutupan | Warna | Fitur penyimpanan makanan | Bahan penyimpanan makanan | Pola | Bentuk,
357,KALKULATOR,3,87,Alat dan Buku Tulis > PERALATAN UMUM > KALKULATOR,False,EXACT,1.0,1,Perlengkapan Kantor > Perlengkapan Kantor > Kalkulator,EXACT,1.0,exact-raw,vertical,1,os-10-2,Perlengkapan Kantor > Perlengkapan Kantor > Kalkulator,Office Supplies > Office Equipment > Calculators,2,False,True,0,,
624,MINYAK GORENG,4,86,Makanan dan Minuman > MAKANAN & BAHAN MAKANAN > MINYAK > MINYAK GORENG,False,EXACT,1.0,1,"Makanan, Minuman & Tembakau > Item Makanan > Bahan Memasak & Baking > Minyak Goreng",EXACT,1.0,exact-raw,vertical,1,fb-2-5-12,"Makanan, Minuman & Tembakau > Item Makanan > Bahan Memasak & Baking > Minyak Goreng","Food, Beverages & Tobacco > Food Items > Cooking & Baking Ingredients > Cooking Oils",3,False,True,4,Informasi alergen | Preferensi diet | Metode pengolahan minyak | Persyaratan penyimpanan,
408,JAM TANGAN PRIA,3,85,Fashion > JAM TANGAN > JAM TANGAN PRIA,True,FUZZY,0.667,1,Busana dan Aksesori > Perhiasan > Jam Tangan,EXACT,1.0,exact-stripped,vertical,1,aa-6-11,Busana dan Aksesori > Perhiasan > Jam Tangan,Apparel & Accessories > Jewelry > Watches,2,True,True,14,Kelompok usia | Warna tali | Pola tali | Warna casing | Bahan wadah | Pola casing | Bahan kristal | Warna pelat jam | Pola pelat jam | Jenis kelamin sasaran | Layar jam tangan | Fitur jam tangan | Bahan jam tangan | Pergerakan jam,
1890,CETAKAN MAKANAN,7,85,Perawatan Diri & Rumah Tangga > Rumah Tangga > Peralatan & Perlengkapan Rumah Tangga > PERALATAN RUMAH TANGGA > PERALATAN DAN PENYIMPANAN DI DAPUR > ALAT DAPUR & AKSESORIS DAPUR > CETAKAN MAKANAN,False,UNMAPPED,0.5,2,,UNMAPPED,0.5,,global,2,,,,,,,,,Perkakas > Bahan Bangunan > Cetakan
277,BATERAI,3,84,Elektronik > ALAT ELEKTRONIK RUMAH LAINNYA > BATERAI,False,AMBIGUOUS,1.0,2,Elektronik > Aksesori Elektronik > Daya > Baterai,EXACT,1.0,exact-raw,vertical,1,el-7-15-1,Elektronik > Aksesori Elektronik > Daya > Baterai,Electronics > Electronics Accessories > Power > Batteries,3,False,True,12,Fitur baterai | Ukuran baterai | Teknologi baterai | Jenis baterai | Warna | Teknologi baterai yang kompatibel | Gender konektor | Jenis konektor | Bahan | Pola | Jenis steker | Sertifikasi & standar produk,
463,PEWARNA KUKU,3,84,Kosmetik dan Alat Kecantikan > MAKE UP KUKU > PEWARNA KUKU,False,UNMAPPED,0.333,15,,UNMAPPED,0.333,,global,15,,,,,,,,,"Seni & Hiburan > Hobi & Seni Kreatif > Seni & Kerajinan > Bahan Seni & Kerajinan > Cat, Tinta & Glasir Kerajinan > Pewarna Kerajinan"
551,PERMEN JELLY,4,84,Makanan dan Minuman > MAKANAN KECIL  > PERMEN MARSHMALLOW DAN LAIN LAIN > PERMEN JELLY,False,UNMAPPED,0.5,2,,UNMAPPED,0.5,,global,2,,,,,,,,,"Makanan, Minuman & Tembakau > Item Makanan > Permen & Cokelat > Permen"
597,MAKANAN BEKU LAINNYA,4,84,Makanan dan Minuman > MAKANAN & BAHAN MAKANAN > MAKANAN BEKU > MAKANAN BEKU LAINNYA,False,EXACT,1.0,1,Hewan & Perlengkapan Hewan Piaraan > Perlengkapan Hewan Piaraan > Perlengkapan Ikan & Akuatik > Makanan Ikan > Makanan Beku,EXACT,1.0,exact-raw,global,1,ap-2-4-16-6,Hewan & Perlengkapan Hewan Piaraan > Perlengkapan Hewan Piaraan > Perlengkapan Ikan & Akuatik > Makanan Ikan > Makanan Beku,Animals & Pet Supplies > Pet Supplies > Fish & Aquatic Supplies > Fish Food > Frozen Food,4,True,False,4,Jenis ikan | Jenis kemasan | Rasa makanan hewan peliharaan | Cocok untuk jenis ikan,
309,STABILO,3,83,Alat dan Buku Tulis > ALAT TULIS > STABILO,False,EXACT,1.0,1,Perlengkapan Kantor > Peralatan Kantor > Alat Tulis & Gambar > Spidol & Stabilo > Stabilo,EXACT,1.0,exact-raw,vertical,1,os-11-11-4-1,Perlengkapan Kantor > Peralatan Kantor > Alat Tulis & Gambar > Spidol & Stabilo > Stabilo,Office Supplies > Office Instruments > Writing & Drawing Instruments > Markers & Highlighters > Highlighters,4,True,False,4,Kandungan Alkohol/Pelarut | Warna | Desain ujung spidol | Pola,
403,GAUN,3,83,Fashion > FASHION WANITA > GAUN,False,UNMAPPED,0.5,7,,UNMAPPED,0.5,,global,7,,,,,,,,,"Busana dan Aksesori > Pakaian > Pakaian Aktif > Dress Tari, Rok & Kostum > Gaun Tari"
1350,ROTI LAINNYA,5,83,Makanan dan Minuman > MAKANAN & BAHAN MAKANAN > SEREAL & SARAPAN > ROTI > ROTI LAINNYA,False,UNMAPPED,0.5,8,,UNMAPPED,0.5,,global,8,,,,,,,,,"Makanan, Minuman & Tembakau > Item Makanan > Bakeri > Roti & Bun"
445,SEPATU SNEAKERS WANITA,3,82,Fashion > SEPATU WANITA > SEPATU SNEAKERS WANITA,True,UNMAPPED,0.333,2,,UNMAPPED,0.5,,global,2,,,,,,,,,Busana dan Aksesori > Sepatu
1298,SERAGAM PRAMUKA,4,82,Fashion > SERAGAM & ATRIBUT SEKOLAH > SERAGAM SEKOLAH > SERAGAM PRAMUKA,False,UNMAPPED,0.333,8,,UNMAPPED,0.333,,global,8,,,,,,,,,Busana dan Aksesori > Pakaian > Seragam & Pakaian Kerja > Seragam Pendeta
1322,SUSU KESEHATAN,5,82,Makanan dan Minuman > MINUMAN > MINUMAN DALAM KEMASAN > SUSU > SUSU KESEHATAN,False,UNMAPPED,0.5,2,,UNMAPPED,0.5,,global,2,,,,,,,,,"Makanan, Minuman & Tembakau > Minuman > Susu"
528,TEH KEMASAN BOTOL,4,81,"Makanan dan Minuman > COKLAT, KOPI & TEH > TEH INSTAN > TEH KEMASAN BOTOL",False,UNMAPPED,0.333,2,,UNMAPPED,0.333,,global,2,,,,,,,,,"Makanan, Minuman & Tembakau > Minuman > Teh & Infusi > Teh"
882,VITAMIN RAMBUT,4,81,Perawatan Diri & Rumah Tangga > Perawatan Diri > PERAWATAN RAMBUT > VITAMIN RAMBUT,False,UNMAPPED,0.5,1,,UNMAPPED,0.5,,global,1,,,,,,,,,Kesehatan & Kecantikan > Perawatan Kesehatan > Kebugaran & Nutrisi > Vitamin & Suplemen > Vitamin Tunggal > Vitamin A
918,ALAT CUKUR,4,81,Perawatan Diri & Rumah Tangga > Perawatan Diri > PENCUKUR & PERONTOK RAMBUT > ALAT CUKUR,False,UNMAPPED,0.5,2,,UNMAPPED,0.5,,global,2,,,,,,,,,Kesehatan & Kecantikan > Perawatan Tubuh > Mencukur & Merawat > Aksesori Alat Cukur Elektrik
1004,OLI MOTOR,4,81,"Hobi, Ibadah, dan Olahraga > Perawatan & Suku Cadang Motor > PERAWATAN MOTOR > OLI MOTOR",False,AMBIGUOUS,0.667,3,"Kendaraan & Suku Cadang > Suku Cadang & Aksesori Kendaraan > Pemeliharaan, Perawatan & Dekorasi Kendaraan > Fluida Kendaraan > Oli Motor Kendaraan",AMBIGUOUS,0.667,fuzzy-raw,vertical,3,,,,,,,,,
1194,ATASAN MUSLIM WANITA,4,81,Fashion > FASHION WANITA > BAJU MUSLIM WANITA > ATASAN MUSLIM WANITA,True,UNMAPPED,0.25,15,,UNMAPPED,0.333,,global,14,,,,,,,,,Busana dan Aksesori > Pakaian > Pakaian Aktif > Atasan Aktif
1461,PAKAIAN RENANG WANITA,5,81,Fashion > PAKAIAN OLAHRAGA > PAKAIAN OLAHRAGA WANITA > PAKAIAN DALAM OLAHRAGA WANITA > PAKAIAN RENANG WANITA,True,FUZZY,0.667,1,Busana dan Aksesori > Pakaian > Pakaian Renang,EXACT,1.0,exact-stripped,vertical,1,aa-1-20,Busana dan Aksesori > Pakaian > Pakaian Renang,Apparel & Accessories > Clothing > Swimwear,2,False,True,11,Kelompok usia | Warna | Tingkat cakupan | Kain | Jenis pelapis | Pola | Ukuran | Jenis ukuran | Jenis panjang lengan | Fitur pakaian renang | Jenis kelamin sasaran,
1613,EMBER TANPA TUTUP,7,81,Perawatan Diri & Rumah Tangga > Rumah Tangga > Peralatan & Perlengkapan Rumah Tangga > PERALATAN RUMAH TANGGA > PERALATAN DAN PENYIMPANAN DI KAMAR MANDI > EMBER > EMBER TANPA TUTUP,False,UNMAPPED,0.333,4,,UNMAPPED,0.333,,global,4,,,,,,,,,Bisnis & Industri > Mesin Berat > Suku Cadang & Aksesori Mesin Berat > Ember
1786,FOOD COURT,3,81,UNUSED > AREA DISPLAY > FOOD COURT,False,UNMAPPED,0.333,1,,UNMAPPED,0.0,,global,0,,,,,,,,,
1403,POPOK (DIAPERS) DEWASA SEKALI PAKAI (DISPOSABLE) MODEL CELANA,5,80,Perawatan Diri & Rumah Tangga > Perawatan Diri > KEBUTUHAN KHUSUS LANJUT USIA > POPOK (DIAPERS) DEWASA > POPOK (DIAPERS) DEWASA SEKALI PAKAI (DISPOSABLE) MODEL CELANA,True,UNMAPPED,0.375,1,,UNMAPPED,0.375,,global,1,,,,,,,,,Bayi & Balita > Penggantian Popok > Popok > Popok Sekali Pakai
222,RESLETING / SELETING / RITSLETING,3,79,"Hobi, Ibadah, dan Olahraga > MENJAHIT > RESLETING / SELETING / RITSLETING",False,UNMAPPED,0.333,1,,UNMAPPED,0.333,,global,1,,,,,,,,,Seni & Hiburan > Hobi & Seni Kreatif > Seni & Kerajinan > Bahan Seni & Kerajinan > Pengencang & Penutup Kerajinan > Ritsleting
539,KERIPIK SINGKONG,4,79,Makanan dan Minuman > MAKANAN KECIL  > KERIPIK > KERIPIK SINGKONG,False,UNMAPPED,0.5,2,,UNMAPPED,0.5,,global,2,,,,,,,,,"Makanan, Minuman & Tembakau > Item Makanan > Buah & Sayur > Sayur Segar & Beku > Singkong"
620,PASTA KERING,4,79,Makanan dan Minuman > MAKANAN & BAHAN MAKANAN > MIE KERING & PASTA > PASTA KERING,False,UNMAPPED,0.333,19,,UNMAPPED,0.333,,global,19,,,,,,,,,Hewan & Perlengkapan Hewan Piaraan > Perlengkapan Hewan Piaraan > Perlengkapan Perawatan Mulut Hewan Piaraan > Pasta Gigi
830,DOT & EMPENG (PACIFIER),4,79,Keperluan Anak dan Bayi > PERALATAN UNTUK ANAK & BAYI > PERALATAN MENYUSUI ANAK & BAYI > DOT & EMPENG (PACIFIER),False,UNMAPPED,0.333,1,,UNMAPPED,0.333,,global,1,,,,,,,,,Bayi & Balita > Kesehatan Bayi > Dot & Teether > Dot
895,TONER,4,79,Perawatan Diri & Rumah Tangga > Perawatan Diri > PERAWATAN WAJAH > TONER,False,AMBIGUOUS,1.0,2,Kesehatan & Kecantikan > Perawatan Tubuh > Kosmetik > Perawatan Wajah > Toner & Astringen > Toner,EXACT,1.0,exact-raw,vertical,1,hb-3-2-9-17-2,Kesehatan & Kecantikan > Perawatan Tubuh > Kosmetik > Perawatan Wajah > Toner & Astringen > Toner,Health & Beauty > Personal Care > Cosmetics > Skin Care > Toners & Astringents > Toners,5,True,False,19,Bahan aktif | Kandungan Alkohol/Pelarut | Metode pemakaian | Area tubuh | Bahan penyusun | Fungsi kosmetik | Jenis dispenser | Keharuman | Tingkat keharuman | Asal bahan | Bahan | Tingkat PH | Jenis kemasan | Sertifikasi & standar produk | Bentuk produk | Efek perawatan kulit | Fitur perawatan kulit | Cocok untuk jenis kulit | Tingkat perlindungan UVA,
1563,KAPSTOK,6,79,Perawatan Diri & Rumah Tangga > Rumah Tangga > Peralatan & Perlengkapan Rumah Tangga > PERLENGKAPAN RUMAH TANGGA > PERLENGKAPAN KAMAR & KAMAR MANDI > KAPSTOK,False,UNMAPPED,0.0,0,,UNMAPPED,0.0,,global,0,,,,,,,,,
292,SENTER,3,78,Elektronik > ALAT ELEKTRONIK RUMAH LAINNYA > SENTER,False,EXACT,1.0,1,Perkakas > Peralatan > Senter & Lampu Kepala > Senter,EXACT,1.0,exact-raw,global,1,ha-15-16-1,Perkakas > Peralatan > Senter & Lampu Kepala > Senter,Hardware > Tools > Flashlights & Headlamps > Flashlights,3,False,True,8,Ukuran baterai | Jenis baterai | Warna | Bahan housing | Sumber cahaya | Fitur pencahayaan | Pola | Sumber listrik,
1072,PERALATAN PERAWATAN KUCING,4,78,"Hobi, Ibadah, dan Olahraga > HEWAN PELIHARAAN > PERAWATAN HEWAN PELIHARAAN > PERALATAN PERAWATAN KUCING",False,UNMAPPED,0.5,1,,UNMAPPED,0.5,,global,1,,,,,,,,,Peralatan Olahraga > Rekreasi Luar Ruang > Skateboard > Peralatan dan Perawatan Skateboard
1785,INVENTORY KANTOR,1,78,INVENTORY KANTOR,False,UNMAPPED,0.333,11,,UNMAPPED,0.0,,global,0,,,,,,,,,
39,ALAT TULIS,2,77,Alat dan Buku Tulis > ALAT TULIS,False,EXACT,1.0,1,Perlengkapan Kantor > Perlengkapan Kantor Umum > Produk Kertas > Alat Tulis,EXACT,1.0,exact-raw,vertical,1,os-4-9-13,Perlengkapan Kantor > Perlengkapan Kantor Umum > Produk Kertas > Alat Tulis,Office Supplies > General Office Supplies > Paper Products > Stationery,3,True,False,2,Warna | Pola,
80,KOPI INSTAN (RTD),3,77,"Makanan dan Minuman > COKLAT, KOPI & TEH > KOPI INSTAN (RTD)",False,FUZZY,0.667,1,"Makanan, Minuman & Tembakau > Minuman > Kopi > Kopi Instan",FUZZY,0.667,fuzzy-raw,vertical,1,fb-1-3-3,"Makanan, Minuman & Tembakau > Minuman > Kopi > Kopi Instan","Food, Beverages & Tobacco > Beverages > Coffee > Instant Coffee",3,True,False,9,Informasi alergen | Kandungan kafein | Spesies biji kopi | Sangrai kopi | Negara | Preferensi diet | Suplemen makanan | Rasa | Bentuk kopi instan,
514,SIRUP,4,77,Makanan dan Minuman > MINUMAN > MINUMAN DALAM KEMASAN > SIRUP,False,UNMAPPED,0.5,4,,UNMAPPED,0.5,,global,4,,,,,,,,,"Makanan, Minuman & Tembakau > Minuman > Cordial, Sirop & Squash > Sirup Minuman"
923,PEMBERSIH KEWANITAAN,4,77,Perawatan Diri & Rumah Tangga > Perawatan Diri > KEBUTUHAN KHUSUS WANITA > PEMBERSIH KEWANITAAN,False,EXACT,1.0,1,Kesehatan & Kecantikan > Perawatan Tubuh > Perlengkapan Sanitasi Kewanitaan > Pembersih Kewanitaan,EXACT,1.0,exact-raw,vertical,1,hb-3-8-7,Kesehatan & Kecantikan > Perawatan Tubuh > Perlengkapan Sanitasi Kewanitaan > Pembersih Kewanitaan,Health & Beauty > Personal Care > Feminine Sanitary Supplies > Feminine Intimate Wash,3,True,False,11,Bahan penyusun | Jenis dispenser | Tingkat keharuman | Bahan | Tingkat PH | Sertifikasi & standar produk | Bentuk produk | Aroma | Efek perawatan kulit | Cocok untuk jenis kulit | Tujuan perawatan,
1249,SEPATU OLAHRAGA ANAK LAKI-LAKI,4,77,Fashion > SEPATU ANAK & BAYI > SEPATU ANAK & BAYI LAKI-LAKI > SEPATU OLAHRAGA ANAK LAKI-LAKI,True,FUZZY,0.6,1,Busana dan Aksesori > Sepatu > Sepatu Bayi & Anak > Sepatu Olahraga Bayi & Anak,FUZZY,0.6,fuzzy-raw,vertical,1,aa-8-11-4,Busana dan Aksesori > Sepatu > Sepatu Bayi & Anak > Sepatu Olahraga Bayi & Anak,Apparel & Accessories > Shoes > Baby & Children's Shoes > Baby & Children's Athletic Shoes,3,True,False,13,Aktivitas | Petunjuk perawatan | Jenis penutupan | Warna | Bahan alas kaki | Bahan pelapis | Bahan sol luar | Pola | Fitur sepatu | Kesesuaian sepatu | Ukuran sepatu | Jenis kelamin sasaran | Gaya kaki,
74,ALAT LAINNYA,2,76,Mainan dan Alat Lainnya > ALAT LAINNYA,False,UNMAPPED,0.5,37,,UNMAPPED,0.5,,global,37,,,,,,,,,Seni & Hiburan > Hobi & Seni Kreatif > Seni & Kerajinan > Alat Seni & Kerajinan > Alat Benang & Benang Rajut > Card & Sikat Serat > Alat Teasing
564,BERAS PUTIH,4,76,Makanan dan Minuman > MAKANAN & BAHAN MAKANAN > BERAS > BERAS PUTIH,False,UNMAPPED,0.5,1,,UNMAPPED,0.5,,global,1,,,,,,,,,"Makanan, Minuman & Tembakau > Item Makanan > Bijian, Beras & Sereal > Beras"
286,KABEL GULUNG,3,75,Elektronik > ALAT ELEKTRONIK RUMAH LAINNYA > KABEL GULUNG,False,UNMAPPED,0.5,2,,UNMAPPED,0.5,,global,2,,,,,,,,,Elektronik > Aksesori Elektronik > Kabel
378,AKSESORIS RAMBUT DEWASA,3,75,Fashion > AKSESORIS FASHION DEWASA > AKSESORIS RAMBUT DEWASA,True,UNMAPPED,0.333,1,,UNMAPPED,0.333,,global,21,,,,,,,,,Busana dan Aksesori > Aksesori Pakaian > Aksesori Rambut
394,BAJU MUSLIM PRIA,3,75,Fashion > FASHION PRIA > BAJU MUSLIM PRIA,True,UNMAPPED,0.25,2,,UNMAPPED,0.333,,global,1,,,,,,,,,Busana dan Aksesori > Pakaian > Pakaian Tradisional & Seremonial > Baju Melayu
407,JAM TANGAN ANAK,3,75,Fashion > JAM TANGAN > JAM TANGAN ANAK,True,FUZZY,0.667,1,Busana dan Aksesori > Perhiasan > Jam Tangan,EXACT,1.0,exact-stripped,vertical,1,aa-6-11,Busana dan Aksesori > Perhiasan > Jam Tangan,Apparel & Accessories > Jewelry > Watches,2,True,True,14,Kelompok usia | Warna tali | Pola tali | Warna casing | Bahan wadah | Pola casing | Bahan kristal | Warna pelat jam | Pola pelat jam | Jenis kelamin sasaran | Layar jam tangan | Fitur jam tangan | Bahan jam tangan | Pergerakan jam,
829,BOTOL SUSU,4,75,Keperluan Anak dan Bayi > PERALATAN UNTUK ANAK & BAYI > PERALATAN MENYUSUI ANAK & BAYI > BOTOL SUSU,False,UNMAPPED,0.5,3,,UNMAPPED,0.5,,global,3,,,,,,,,,"Makanan, Minuman & Tembakau > Minuman > Susu"
1160,TOPI BAYI,4,75,Fashion > FASHION ANAK & BAYI > PAKAIAN BAYI > TOPI BAYI,True,FUZZY,0.667,1,Busana dan Aksesori > Aksesori Pakaian > Aksesori Pakaian Bayi & Anak > Topi Bayi & Anak,EXACT,1.0,exact-stripped,vertical,1,aa-2-17,Busana dan Aksesori > Aksesori Pakaian > Topi,Apparel & Accessories > Clothing Accessories > Hats,2,False,True,10,Item aksesori yang disertakan | Ukuran aksesori | Kelompok usia | Warna | Kain | Fitur penutup kepala | Pola | Ukuran | Jenis ukuran | Jenis kelamin sasaran,
835,COOLER BAG,4,74,Keperluan Anak dan Bayi > PERLENGKAPAN ANAK & BAYI > PERLENGKAPAN BEPERGIAN ANAK & BAYI > COOLER BAG,False,UNMAPPED,0.25,3,,UNMAPPED,0.25,,global,3,,,,,,,,,Furnitur > Kursi > Kursi Bean Bag
1638,KANTONG PLASTIK KRESEK,7,74,Perawatan Diri & Rumah Tangga > Rumah Tangga > Peralatan & Perlengkapan Rumah Tangga > PERALATAN RUMAH TANGGA > PERALATAN DAN PENYIMPANAN DI DAPUR > ALAT DAPUR & AKSESORIS DAPUR > KANTONG PLASTIK KRESEK,False,UNMAPPED,0.4,1,,UNMAPPED,0.4,,global,1,,,,,,,,,Bisnis & Industri > Retail > Kantong Belanja Kertas & Plastik
1691,KONTAINER,7,74,Perawatan Diri & Rumah Tangga > Rumah Tangga > Peralatan & Perlengkapan Rumah Tangga > PERALATAN RUMAH TANGGA > PERALATAN DAN PENYIMPANAN DI DAPUR > TEMPAT PENYIMPANAN LAINNYA > KONTAINER,False,UNMAPPED,0.5,1,,UNMAPPED,0.5,,global,1,,,,,,,,,Bisnis & Industri > Penyimpanan Industri > Kontainer Pengiriman
362,LAKBAN,3,73,Alat dan Buku Tulis > PERALATAN UMUM > LAKBAN,False,EXACT,1.0,1,Perkakas > Bahan Bangunan Habis Pakai > Lakban Perkakas > Lakban,EXACT,1.0,exact-raw,global,1,ha-1-3-1,Perkakas > Bahan Bangunan Habis Pakai > Lakban Perkakas > Lakban,Hardware > Building Consumables > Hardware Tape > Duct Tape,3,True,False,3,Warna | Pola | Ruang yang cocok,
647,OLESAN,4,73,Makanan dan Minuman > MAKANAN & BAHAN MAKANAN > SELAI & OLESAN > OLESAN,False,UNMAPPED,0.5,1,,UNMAPPED,0.5,,global,1,,,,,,,,,"Makanan, Minuman & Tembakau > Item Makanan > Cocolan & Olesan"
903,LULUR ,4,73,Perawatan Diri & Rumah Tangga > Perawatan Diri > PERAWATAN BADAN > LULUR ,False,UNMAPPED,0.0,0,,UNMAPPED,0.0,,global,0,,,,,,,,,
1085,HEADSET,4,73,Elektronik > ALAT ELEKTRONIK KANTOR & GADGET > PERLENGKAPAN KOMPUTER > HEADSET,False,EXACT,1.0,1,Elektronik > Audio > Komponen Audio > Headphone & Headset > Headset,EXACT,1.0,exact-raw,vertical,1,el-2-2-7-2,Elektronik > Audio > Komponen Audio > Headphone & Headset > Headset,Electronics > Audio > Audio Components > Headphones & Headsets > Headsets,4,False,True,19,Faktor bentuk komponen audio | Konektivitas audio | Ukuran baterai | Jenis baterai | Jenis antarmuka pengisian daya | Warna | Teknologi konektivitas | Antarmuka perangkat | Fitur earphone | Teknologi driver headphone | Gaya headphone | Peringkat ingress protection (IP) | Jenis pencahayaan | Bahan | Kedalaman bit maksimum | Jenis mikrofon | Teknologi peredam kebisingan | Pola | Sumber listrik,
298,CAT UNTUK MENGGAMBAR / MELUKIS,3,72,Alat dan Buku Tulis > ALAT MENGGAMBAR / MELUKIS > CAT UNTUK MENGGAMBAR / MELUKIS,False,UNMAPPED,0.5,1,,UNMAPPED,0.5,,global,1,,,,,,,,,Seni & Hiburan > Hobi & Seni Kreatif > Seni & Kerajinan > Kit Seni & Kerajinan > Kit Menggambar & Melukis
1313,AIR MINERAL KEMASAN BOTOL,5,72,Makanan dan Minuman > MINUMAN > MINUMAN DALAM KEMASAN > AIR MINERAL > AIR MINERAL KEMASAN BOTOL,False,UNMAPPED,0.4,7,,UNMAPPED,0.4,,global,7,,,,,,,,,"Makanan, Minuman & Tembakau > Minuman > Air > Air Mineral Biasa"
1384,MINYAK ANGIN,5,72,Perawatan Diri & Rumah Tangga > Perawatan Diri > OBAT-OBATAN > PEREDA NYERI & OBAT LUAR > MINYAK ANGIN,False,UNMAPPED,0.333,43,,UNMAPPED,0.333,,global,43,,,,,,,,,Hewan & Perlengkapan Hewan Piaraan > Perlengkapan Hewan Piaraan > Vitamin & Suplemen Hewan Piaraan > Minyak Ikan
1557,MEJA LIPAT,6,72,Perawatan Diri & Rumah Tangga > Rumah Tangga > Peralatan & Perlengkapan Rumah Tangga > PERLENGKAPAN RUMAH TANGGA > MEJA  > MEJA LIPAT,False,EXACT,1.0,1,Furnitur > Meja > Meja Lipat,EXACT,1.0,exact-raw,vertical,1,fr-24-3,Furnitur > Meja > Meja Lipat,Furniture > Tables > Folding Tables,2,True,True,10,Warna rangka | Bahan rangka | Pola rangka | Fitur furnitur/perabot | Warna kaki | Bahan kaki | Pola kaki | Warna permukaan meja | Bahan permukaan meja | Pola permukaan meja,
1749,MANGKUK MELAMIN,8,72,Perawatan Diri & Rumah Tangga > Rumah Tangga > Peralatan & Perlengkapan Rumah Tangga > PERALATAN RUMAH TANGGA > PERALATAN DAN PENYIMPANAN DI DAPUR > PERALATAN MAKAN > MANGKUK > MANGKUK MELAMIN,False,UNMAPPED,0.5,2,,UNMAPPED,0.5,,global,2,,,,,,,,,"Hewan & Perlengkapan Hewan Piaraan > Perlengkapan Hewan Piaraan > Mangkuk, Pemberi Makan & Minum Hewan Piaraan > Mangkuk"
488,SEPEDA ANAK,3,71,Mainan dan Alat Lainnya > MAINAN OLAHRAGA DAN AKTIVITAS > SEPEDA ANAK,True,EXACT,1.0,1,Peralatan Olahraga > Rekreasi Luar Ruang > Bersepeda > Sepeda > Sepeda Anak-anak,EXACT,1.0,exact-raw,vertical,1,sg-4-4-3-17,Peralatan Olahraga > Rekreasi Luar Ruang > Bersepeda > Sepeda > Sepeda Anak-anak,Sporting Goods > Outdoor Recreation > Cycling > Bicycles > Kids' Bikes,4,True,False,10,Kelompok usia | Ukuran baterai | Jenis baterai | Fitur sepeda | Jenis suspensi sepeda | Warna | Jenis roda gigi | Bahan | Pola | Jenis kelamin sasaran,
649,GRANOLA,4,71,Makanan dan Minuman > MAKANAN & BAHAN MAKANAN > SEREAL & SARAPAN > GRANOLA,False,EXACT,1.0,1,"Makanan, Minuman & Tembakau > Item Makanan > Bijian, Beras & Sereal > Sereal & Granola > Granola",EXACT,1.0,exact-raw,vertical,1,fb-2-11-4-2,"Makanan, Minuman & Tembakau > Item Makanan > Bijian, Beras & Sereal > Sereal & Granola > Granola","Food, Beverages & Tobacco > Food Items > Grains, Rice & Cereal > Cereal & Granola > Granola",4,True,False,5,Informasi alergen | Jenis sereal | Preferensi diet | Rasa | Persyaratan penyimpanan,
909,OBAT KUMUR (MOUTHWASH) DEWASA,4,71,Perawatan Diri & Rumah Tangga > Perawatan Diri > PERAWATAN MULUT & GIGI > OBAT KUMUR (MOUTHWASH) DEWASA,True,UNMAPPED,0.5,2,,FUZZY,0.667,fuzzy-stripped,vertical,1,hb-3-12-11,Kesehatan & Kecantikan > Perawatan Tubuh > Perawatan Mulut > Obat Kumur,Health & Beauty > Personal Care > Oral Care > Mouthwash,3,True,False,8,Bahan aktif | Kelompok usia | Kandungan Alkohol/Pelarut | Rasa | Kandungan fluorida | Bahan | Fungsi perawatan mulut | Bentuk produk,
956,PERLENGKAPAN RUMAH TANGGA,4,71,Perawatan Diri & Rumah Tangga > Rumah Tangga > Peralatan & Perlengkapan Rumah Tangga > PERLENGKAPAN RUMAH TANGGA,False,EXACT,1.0,1,Rumah & Taman > Perlengkapan Rumah Tangga,EXACT,1.0,exact-raw,vertical,1,hg-10,Rumah & Taman > Perlengkapan Rumah Tangga,Home & Garden > Household Supplies,1,False,True,2,Warna | Pola,
1203,ATASAN BATIK WANITA,4,71,Fashion > FASHION WANITA > BATIK WANITA > ATASAN BATIK WANITA,True,UNMAPPED,0.25,15,,UNMAPPED,0.333,,global,14,,,,,,,,,Busana dan Aksesori > Pakaian > Pakaian Aktif > Atasan Aktif
1647,PENYARING (STRAINER),7,71,Perawatan Diri & Rumah Tangga > Rumah Tangga > Peralatan & Perlengkapan Rumah Tangga > PERALATAN RUMAH TANGGA > PERALATAN DAN PENYIMPANAN DI DAPUR > ALAT DAPUR & AKSESORIS DAPUR > PENYARING (STRAINER),False,UNMAPPED,0.5,1,,UNMAPPED,0.5,,global,1,,,,,,,,,Rumah & Taman > Dapur & Ruang Makan > Peralatan & Perlengkapan Dapur > Peniris & Penyaring > Penyaring
190,KERAN AIR,3,70,Perbaikan Rumah > PERLENGKAPAN PERBAIKAN RUMAH > KERAN AIR,False,AMBIGUOUS,0.667,2,Hewan & Perlengkapan Hewan Piaraan > Perlengkapan Hewan Piaraan > Perlengkapan Ikan & Akuatik > Perawatan Air Akuarium > Pendetoks Air Keran,FUZZY,0.667,fuzzy-raw,vertical,1,hg-11-7-50-2,Rumah & Taman > Dapur & Ruang Makan > Peralatan Dapur > Filter Air > Filter Air Keran,Home & Garden > Kitchen & Dining > Kitchen Appliances > Water Filters > Faucet Water Filters,4,True,False,4,Bahan filter | Jenis pemasangan | Sumber listrik | Teknologi filtrasi air,
194,PIPA,3,70,Perbaikan Rumah > PERLENGKAPAN PERBAIKAN RUMAH > PIPA,False,UNMAPPED,0.5,15,,UNMAPPED,0.5,,global,15,,,,,,,,,Seni & Hiburan > Hobi & Seni Kreatif > Alat Musik > Alat Musik Tiup Kayu > Pipa Musik
392,ATASAN PRIA,3,70,Fashion > FASHION PRIA > ATASAN PRIA,True,UNMAPPED,0.333,15,,UNMAPPED,0.5,,global,14,,,,,,,,,Busana dan Aksesori > Pakaian > Pakaian Aktif > Atasan Aktif
874,MASKER RAMBUT (HAIR MASK),4,70,Perawatan Diri & Rumah Tangga > Perawatan Diri > PERAWATAN RAMBUT > MASKER RAMBUT (HAIR MASK),False,UNMAPPED,0.5,1,,UNMAPPED,0.5,,global,1,,,,,,,,,Kesehatan & Kecantikan > Perawatan Tubuh > Perawatan Rambut > Perawatan Rambut > Masker Rambut
1071,PERALATAN PERAWATAN IKAN,4,70,"Hobi, Ibadah, dan Olahraga > HEWAN PELIHARAAN > PERAWATAN HEWAN PELIHARAAN > PERALATAN PERAWATAN IKAN",False,UNMAPPED,0.5,1,,UNMAPPED,0.5,,global,1,,,,,,,,,Peralatan Olahraga > Rekreasi Luar Ruang > Skateboard > Peralatan dan Perawatan Skateboard
1225,KORSET WANITA,4,70,Fashion > FASHION WANITA > PAKAIAN DALAM WANITA > KORSET WANITA,True,UNMAPPED,0.333,2,,UNMAPPED,0.5,,global,2,,,,,,,,,Busana dan Aksesori > Pakaian > Atasan Pakaian > Atasan Korset
993,JAS HUJAN/PONCO,4,69,"Hobi, Ibadah, dan Olahraga > Perawatan & Suku Cadang Motor > AKSESORIS MOTOR > JAS HUJAN/PONCO",False,AMBIGUOUS,0.667,3,Busana dan Aksesori > Pakaian > Pakaian Luar > Mantel & Jaket > Jas Hujan,AMBIGUOUS,0.667,fuzzy-raw,global,3,,,,,,,,,
52,JAM TANGAN,2,68,Fashion > JAM TANGAN,False,EXACT,1.0,1,Busana dan Aksesori > Perhiasan > Jam Tangan,EXACT,1.0,exact-raw,vertical,1,aa-6-11,Busana dan Aksesori > Perhiasan > Jam Tangan,Apparel & Accessories > Jewelry > Watches,2,True,True,14,Kelompok usia | Warna tali | Pola tali | Warna casing | Bahan wadah | Pola casing | Bahan kristal | Warna pelat jam | Pola pelat jam | Jenis kelamin sasaran | Layar jam tangan | Fitur jam tangan | Bahan jam tangan | Pergerakan jam,
1131,SISIR ANAK,4,68,Fashion > AKSESORIS FASHION ANAK > AKSESORIS RAMBUT ANAK > SISIR ANAK,True,UNMAPPED,0.5,1,,UNMAPPED,0.5,,global,2,,,,,,,,,Hewan & Perlengkapan Hewan Piaraan > Perlengkapan Hewan Piaraan > Perlengkapan Perawatan Hewan Piaraan > Sisir & Sikat Hewan Piaraan > Sisir
1169,SWEATER PRIA,4,68,Fashion > FASHION PRIA > BAJU LUARAN PRIA > SWEATER PRIA,True,UNMAPPED,0.5,1,,EXACT,1.0,exact-stripped,vertical,1,aa-1-25-9-12,Busana dan Aksesori > Pakaian > Pakaian Bayi & Anak > Atasan Bayi & Anak > Sweater,Apparel & Accessories > Clothing > Baby & Children's Clothing > Baby & Children's Tops > Sweaters,4,True,False,9,Fitur pakaian bayi/balita | Warna | Kain | Pola | Ukuran | Jenis ukuran | Jenis panjang lengan | Jenis kelamin sasaran | Jenis panjang atasan,
313,BUKU NON FIKSI,3,67,Alat dan Buku Tulis > BUKU BACAAN > BUKU NON FIKSI,False,UNMAPPED,0.333,1,,UNMAPPED,0.333,,global,1,,,,,,,,,Media > Buku
451,ATRIBUT SEKOLAH & KELENGKAPAN LAINNYA,3,67,Fashion > SERAGAM & ATRIBUT SEKOLAH > ATRIBUT SEKOLAH & KELENGKAPAN LAINNYA,False,UNMAPPED,0.25,5,,UNMAPPED,0.25,,global,5,,,,,,,,,Busana dan Aksesori > Pakaian > Seragam & Pakaian Kerja > Seragam Sekolah
1137,PAYUNG,4,67,Fashion > AKSESORIS FASHION DEWASA > UNTUK HUJAN > PAYUNG,False,UNMAPPED,0.5,10,,UNMAPPED,0.5,,global,10,,,,,,,,,Seni & Hiburan > Pesta & Perayaan > Perlengkapan Pesta > Dekorasi Koktail > Payung Koktail
304,PENSIL WARNA WARNI,3,66,Alat dan Buku Tulis > ALAT MENGGAMBAR / MELUKIS > PENSIL WARNA WARNI,False,UNMAPPED,0.333,1,,UNMAPPED,0.333,,global,1,,,,,,,,,Perlengkapan Kantor > Peralatan Kantor > Alat Tulis & Gambar > Pena & Pensil > Pensil
412,KACAMATA HITAM,3,66,Fashion > KACAMATA > KACAMATA HITAM,False,AMBIGUOUS,1.0,2,Busana dan Aksesori > Aksesori Pakaian > Kacamata Hitam,EXACT,1.0,exact-raw,vertical,1,aa-2-27,Busana dan Aksesori > Aksesori Pakaian > Kacamata Hitam,Apparel & Accessories > Clothing Accessories > Sunglasses,2,True,True,17,Item aksesori yang disertakan | Kelompok usia | Warna | Warna bingkai kacamata | Desain bingkai kacamata | Bahan bingkai kacamata | Pola bingkai kacamata | Bahan lensa kacamata | Kain | Warna lensa | Pola lensa | Polarisasi lensa | Kategori warna lensa | Pola | Jenis kelamin sasaran | Warna pelipis | Pola pelipis,
541,GRANOLA BAR & NUTRISI BAR,4,66,Makanan dan Minuman > MAKANAN KECIL  > KACANG DAN SNACK LAINNYA > GRANOLA BAR & NUTRISI BAR,False,FUZZY,0.667,1,"Makanan, Minuman & Tembakau > Item Makanan > Makanan Ringan > Sereal & Granola Bar > Granola Bar",FUZZY,0.667,fuzzy-raw,vertical,1,fb-2-17-2-2,"Makanan, Minuman & Tembakau > Item Makanan > Makanan Ringan > Sereal & Granola Bar > Granola Bar","Food, Beverages & Tobacco > Food Items > Snack Foods > Cereal & Granola Bars > Granola Bars",4,True,False,6,Informasi alergen | Pelapisan batang | Tekstur batang | Preferensi diet | Sumber protein | Persyaratan penyimpanan,
797,MINYAK TELON,4,66,Keperluan Anak dan Bayi > PERAWATAN ANAK & BAYI > PERAWATAN KESEHATAN ANAK & BAYI > MINYAK TELON,False,UNMAPPED,0.333,31,,UNMAPPED,0.333,,global,31,,,,,,,,,Hewan & Perlengkapan Hewan Piaraan > Perlengkapan Hewan Piaraan > Vitamin & Suplemen Hewan Piaraan > Minyak Ikan
1334,KERUPUK SIAP MAKAN,5,66,Makanan dan Minuman > MAKANAN & BAHAN MAKANAN > MAKANAN DALAM KEMASAN & KALENG > KERUPUK  > KERUPUK SIAP MAKAN,False,UNMAPPED,0.5,1,,UNMAPPED,0.5,,global,1,,,,,,,,,"Makanan, Minuman & Tembakau > Item Makanan > Makanan Ringan > Popcorn > Popcorn Siap Makan"
1757,GELAS / CUP PLASTIK,8,66,Perawatan Diri & Rumah Tangga > Rumah Tangga > Peralatan & Perlengkapan Rumah Tangga > PERALATAN RUMAH TANGGA > PERALATAN DAN PENYIMPANAN DI DAPUR > PERALATAN MAKAN > GELAS/CUP > GELAS / CUP PLASTIK,False,UNMAPPED,0.25,19,,UNMAPPED,0.25,,global,19,,,,,,,,,Seni & Hiburan > Hobi & Seni Kreatif > Seni & Kerajinan > Bahan Seni & Kerajinan > Tekstil > Kanvas Kerajinan > Kanvas Plastik
174,CAT,3,65,Perbaikan Rumah > MATERIAL PERBAIKAN RUMAH > CAT,False,EXACT,1.0,1,Perkakas > Bahan Bangunan Habis Pakai > Bahan Pengecatan Habis Pakai > Cat,EXACT,1.0,exact-raw,vertical,1,ha-1-6-1,Perkakas > Bahan Bangunan Habis Pakai > Bahan Pengecatan Habis Pakai > Cat,Hardware > Building Consumables > Painting Consumables > Paint,3,True,False,6,Kandungan Alkohol/Pelarut | Warna | Finis | Tujuan pemakaian | Pola | Ruang yang cocok,
202,WALLPAPER DINDING (STIKER DINDING) & POSTER,3,65,Perbaikan Rumah > PERLENGKAPAN PERBAIKAN RUMAH > WALLPAPER DINDING (STIKER DINDING) & POSTER,False,UNMAPPED,0.5,1,,UNMAPPED,0.5,,global,1,,,,,,,,,Seni & Hiburan > Hobi & Seni Kreatif > Barang Koleksi > Koleksi Olahraga > Aksesori Kipas Olahraga > Stiker Dinding
355,GUNTING KERTAS,3,65,Alat dan Buku Tulis > PERALATAN UMUM > GUNTING KERTAS,False,EXACT,1.0,1,Seni & Hiburan > Hobi & Seni Kreatif > Seni & Kerajinan > Alat Seni & Kerajinan > Alat Potong & Embos Kerajinan > Gunting Kerajinan & Kantor > Gunting Kertas,EXACT,1.0,exact-raw,vertical,1,ae-2-1-4-4-1-4,Seni & Hiburan > Hobi & Seni Kreatif > Seni & Kerajinan > Alat Seni & Kerajinan > Alat Potong & Embos Kerajinan > Gunting Kerajinan & Kantor > Gunting Kertas,Arts & Entertainment > Hobbies & Creative Arts > Arts & Crafts > Art & Crafting Tools > Craft Cutting & Embossing Tools > Craft & Office Scissors > Paper Scissors,6,True,False,3,Bahan mata pisau | Bahan pegangan | Jenis pisau gunting,
508,MINUMAN DENGAN NATA DE COCO (KELAPA),4,65,Makanan dan Minuman > MINUMAN > MINUMAN DALAM KEMASAN > MINUMAN DENGAN NATA DE COCO (KELAPA),False,UNMAPPED,0.333,1,,UNMAPPED,0.333,,global,1,,,,,,,,,"Makanan, Minuman & Tembakau > Minuman > Susu Non-Dairy > Santan & Minuman Kelapa"
1193,SWEATER WANITA,4,65,Fashion > FASHION WANITA > BAJU LUARAN WANITA > SWEATER WANITA,True,UNMAPPED,0.5,1,,EXACT,1.0,exact-stripped,vertical,1,aa-1-25-9-12,Busana dan Aksesori > Pakaian > Pakaian Bayi & Anak > Atasan Bayi & Anak > Sweater,Apparel & Accessories > Clothing > Baby & Children's Clothing > Baby & Children's Tops > Sweaters,4,True,False,9,Fitur pakaian bayi/balita | Warna | Kain | Pola | Ukuran | Jenis ukuran | Jenis panjang lengan | Jenis kelamin sasaran | Jenis panjang atasan,
1333,KERUPUK MENTAH DALAM KEMASAN,5,65,Makanan dan Minuman > MAKANAN & BAHAN MAKANAN > MAKANAN DALAM KEMASAN & KALENG > KERUPUK  > KERUPUK MENTAH DALAM KEMASAN,False,UNMAPPED,0.2,3,,UNMAPPED,0.2,,global,3,,,,,,,,,Busana dan Aksesori > Pakaian > Pakaian Dalam Pria > Pakaian Dalam Pria > Celana Dalam
1448,SENAR GITAR,5,65,"Hobi, Ibadah, dan Olahraga > OLAHRAGA > ALAT MUSIK > GITAR > SENAR GITAR",False,EXACT,1.0,1,Seni & Hiburan > Hobi & Seni Kreatif > Aksesori Alat Musik & Orkestra > Aksesori Alat Musik Dawai > Aksesori Gitar > Senar Gitar,EXACT,1.0,exact-raw,vertical,1,ae-2-7-13-1-12,Seni & Hiburan > Hobi & Seni Kreatif > Aksesori Alat Musik & Orkestra > Aksesori Alat Musik Dawai > Aksesori Gitar > Senar Gitar,Arts & Entertainment > Hobbies & Creative Arts > Musical Instrument & Orchestra Accessories > String Instrument Accessories > Guitar Accessories > Guitar Strings,5,False,True,5,Lapisan senar gitar | Kategori ukuran ketebalan set senar gitar | Jenis lilitan senar gitar | Bahan senar alat musik | Tipe ujung tali,
1274,KOPER KABIN,4,64,Fashion > TAS & KOPER > TAS TRAVEL & KOPER > KOPER KABIN,False,EXACT,1.0,1,Bagasi & Tas > Koper > Koper Kabin,EXACT,1.0,exact-raw,vertical,1,lb-12-2,Bagasi & Tas > Koper > Koper Kabin,Luggage & Bags > Suitcases > Carry-On Suitcases,2,True,True,10,Penutup tas/kotak | Fitur tas/kotak | Bahan tas/kotak | Fitur penyimpanan tas/kotak | Petunjuk perawatan | Opsi bawa | Warna | Pola | Jenis pemutar | Jenis pegangan koper,
1471,SABUN ANAK & BAYI CAIR KEMASAN BOTOL,6,64,Keperluan Anak dan Bayi > PERAWATAN ANAK & BAYI > PERAWATAN KULIT ANAK & BAYI > SABUN ANAK & BAYI > SABUN ANAK & BAYI CAIR > SABUN ANAK & BAYI CAIR KEMASAN BOTOL,True,UNMAPPED,0.333,1,,UNMAPPED,0.4,,global,1,,,,,,,,,Kesehatan & Kecantikan > Perawatan Tubuh > Kosmetik > Mandi & Perawatan Tubuh > Sabun Tangan Cair
1482,OBAT BATUK & PILEK DEWASA,6,64,Perawatan Diri & Rumah Tangga > Perawatan Diri > OBAT-OBATAN > OBAT MINUM > OBAT MINUM UNTUK BATUK & PILEK > OBAT BATUK & PILEK DEWASA,True,FUZZY,0.6,1,"Kesehatan & Kecantikan > Perawatan Kesehatan > Obat-Obatan & Narkoba > Obat Batuk, Pilek dan Flu",FUZZY,0.75,fuzzy-stripped,vertical,1,hb-1-16-2,"Kesehatan & Kecantikan > Perawatan Kesehatan > Obat-Obatan & Narkoba > Obat Batuk, Pilek dan Flu","Health & Beauty > Health Care > Medicine & Drugs > Cough, Cold & Flu Medicines",3,True,False,8,Bahan aktif | Kelompok usia | Preferensi diet | Rasa | Bentuk Obat | Status resep | Rute pemberian | Tujuan perawatan,
1542,ALAT MASAK,6,64,Perawatan Diri & Rumah Tangga > Rumah Tangga > Peralatan & Perlengkapan Rumah Tangga > PERALATAN RUMAH TANGGA > PERALATAN DAN PENYIMPANAN DI DAPUR > ALAT MASAK,False,UNMAPPED,0.5,1,,UNMAPPED,0.5,,global,1,,,,,,,,,Peralatan Olahraga > Rekreasi Luar Ruang > Berkemah & Hiking > Peralatan Masak & Makan Berkemah > Alat Berkemah > Set Alat Masak Berkemah
851,BOTOL AIR MINUM ANAK & BAYI,4,63,Keperluan Anak dan Bayi > PERLENGKAPAN ANAK & BAYI > PERLENGKAPAN MAKAN ANAK & BAYI  > BOTOL AIR MINUM ANAK & BAYI,True,FUZZY,0.6,1,Rumah & Taman > Dapur & Ruang Makan > Pembawa Makanan & Minuman > Botol Air Minum,EXACT,1.0,exact-stripped,global,1,hg-11-3-11,Rumah & Taman > Dapur & Ruang Makan > Pembawa Makanan & Minuman > Botol Air Minum,Home & Garden > Kitchen & Dining > Food & Beverage Carriers > Water Bottles,3,True,False,12,Kelompok usia | Petunjuk pembersihan | Jenis penutupan | Warna | Jenis pegangan | Bahan insulasi | Jenis insulasi | Jenis tutup | Bahan | Pola | Sertifikasi keselamatan | Jenis corong,
1138,PAYUNG LIPAT,4,63,Fashion > AKSESORIS FASHION DEWASA > UNTUK HUJAN > PAYUNG LIPAT,False,UNMAPPED,0.333,21,,UNMAPPED,0.333,,global,21,,,,,,,,,"Busana dan Aksesori > Tas Tangan, Dompet & Kotak > Tas Tangan > Clutch Lipat"
1212,CELANA PENDEK WANITA,4,63,Fashion > FASHION WANITA > BAWAHAN WANITA > CELANA PENDEK WANITA,True,AMBIGUOUS,0.667,5,Busana dan Aksesori > Pakaian > Pakaian Tidur & Pakaian Santai > Loungewear > Bawahan Loungewear > Celana Pendek,AMBIGUOUS,1.0,exact-stripped,vertical,5,,,,,,,,,
442,SEPATU FLAT DAN SEPATU BALET WANITA,3,62,Fashion > SEPATU WANITA > SEPATU FLAT DAN SEPATU BALET WANITA,True,UNMAPPED,0.25,1,,UNMAPPED,0.333,,global,1,,,,,,,,,Busana dan Aksesori > Sepatu
571,BUMBU DAPUR LAINNYA,4,62,Makanan dan Minuman > MAKANAN & BAHAN MAKANAN > BUMBU DAPUR > BUMBU DAPUR LAINNYA,False,UNMAPPED,0.333,17,,UNMAPPED,0.333,,global,17,,,,,,,,,"Makanan, Minuman & Tembakau > Item Makanan > Bumbu & Rempah"
1321,SUSU KENTAL MANIS,5,62,Makanan dan Minuman > MINUMAN > MINUMAN DALAM KEMASAN > SUSU > SUSU KENTAL MANIS,False,FUZZY,0.667,1,"Makanan, Minuman & Tembakau > Item Makanan > Bahan Memasak & Baking > Susu Kaleng & Bubuk > Kental Manis",FUZZY,0.667,fuzzy-raw,vertical,1,fb-2-5-10-1,"Makanan, Minuman & Tembakau > Item Makanan > Bahan Memasak & Baking > Susu Kaleng & Bubuk > Kental Manis","Food, Beverages & Tobacco > Food Items > Cooking & Baking Ingredients > Canned & Dry Milk > Condensed Milk",4,True,False,3,Informasi alergen | Preferensi diet | Persyaratan penyimpanan,
1332,JAJANAN TRADISIONAL LAINNYA,5,62,Makanan dan Minuman > MAKANAN KECIL  > KACANG DAN SNACK LAINNYA > JAJANAN TRADISIONAL > JAJANAN TRADISIONAL LAINNYA,False,UNMAPPED,0.333,3,,UNMAPPED,0.333,,global,3,,,,,,,,,Seni & Hiburan > Hobi & Seni Kreatif > Alat Musik > Perkusi > Perkusi Tangan > Drum Tangan > Bongo > Bongo Tradisional
1478,SABUN CUCI TANGAN CAIR KEMASAN REFILL (POUCH),6,62,Perawatan Diri & Rumah Tangga > Perawatan Diri > PERAWATAN BADAN > SABUN CUCI TANGAN > SABUN CUCI TANGAN CAIR > SABUN CUCI TANGAN CAIR KEMASAN REFILL (POUCH),False,UNMAPPED,0.429,1,,UNMAPPED,0.429,,global,1,,,,,,,,,Kesehatan & Kecantikan > Perawatan Tubuh > Kosmetik > Mandi & Perawatan Tubuh > Sabun Tangan Cair
125,PERALATAN MAKAN ANAK & BAYI,3,61,Keperluan Anak dan Bayi > PERALATAN UNTUK ANAK & BAYI > PERALATAN MAKAN ANAK & BAYI,True,UNMAPPED,0.5,3,,UNMAPPED,0.5,,global,3,,,,,,,,,Rumah & Taman > Dapur & Ruang Makan > Peralatan Makan
206,AKSESORIS MOTOR,3,61,"Hobi, Ibadah, dan Olahraga > Perawatan & Suku Cadang Motor > AKSESORIS MOTOR",False,UNMAPPED,0.333,19,,UNMAPPED,0.333,,global,19,,,,,,,,,Seni & Hiburan > Hobi & Seni Kreatif > Barang Koleksi > Model Skala > Sepeda Motor
512,MINUMAN RINGAN (SODA),4,61,Makanan dan Minuman > MINUMAN > MINUMAN DALAM KEMASAN > MINUMAN RINGAN (SODA),False,UNMAPPED,0.333,2,,UNMAPPED,0.333,,global,2,,,,,,,,,"Makanan, Minuman & Tembakau > Minuman"
525,TEH BUBUK,4,61,"Makanan dan Minuman > COKLAT, KOPI & TEH > TEH MENTAH > TEH BUBUK",False,UNMAPPED,0.5,1,,UNMAPPED,0.5,,global,1,,,,,,,,,"Makanan, Minuman & Tembakau > Minuman > Teh & Infusi > Teh"
921,PANTY LINER,4,61,Perawatan Diri & Rumah Tangga > Perawatan Diri > KEBUTUHAN KHUSUS WANITA > PANTY LINER,False,EXACT,1.0,1,Kesehatan & Kecantikan > Perawatan Tubuh > Perlengkapan Sanitasi Kewanitaan > Pembalut & Pelindung Kewanitaan > Panty Liner,EXACT,1.0,exact-raw,vertical,1,hb-3-8-4-4,Kesehatan & Kecantikan > Perawatan Tubuh > Perlengkapan Sanitasi Kewanitaan > Pembalut & Pelindung Kewanitaan > Panty Liner,Health & Beauty > Personal Care > Feminine Sanitary Supplies > Feminine Pads & Protectors > Panty Liners,4,True,False,11,Tingkat penyerapan | Fitur perlengkapan sanitasi kewanitaan | Keharuman | Bahan | Ketebalan pembalut | Gaya panty liner | Sertifikasi & standar produk | Bentuk produk | Jenis ketebalan | Tujuan perawatan | Jenis penggunaan,
1404,POPOK (DIAPERS) DEWASA SEKALI PAKAI (DISPOSABLE) DENGAN PEREKAT,5,61,Perawatan Diri & Rumah Tangga > Perawatan Diri > KEBUTUHAN KHUSUS LANJUT USIA > POPOK (DIAPERS) DEWASA > POPOK (DIAPERS) DEWASA SEKALI PAKAI (DISPOSABLE) DENGAN PEREKAT,True,UNMAPPED,0.429,1,,UNMAPPED,0.429,,global,1,,,,,,,,,Bayi & Balita > Penggantian Popok > Popok > Popok Sekali Pakai
613,MIE INSTAN DALAM KEMASAN CUP,4,60,"Makanan dan Minuman > MAKANAN & BAHAN MAKANAN > MIE, BIHUN, KWETIAU INSTAN > MIE INSTAN DALAM KEMASAN CUP",False,UNMAPPED,0.167,4,,UNMAPPED,0.167,,global,4,,,,,,,,,Busana dan Aksesori > Pakaian > Pakaian Dalam Pria > Pakaian Dalam Pria > Celana Dalam
795,SIKAT GIGI ANAK & BAYI,4,60,Keperluan Anak dan Bayi > PERAWATAN ANAK & BAYI > PERAWATAN MULUT & GIGI ANAK & BAYI > SIKAT GIGI ANAK & BAYI,True,UNMAPPED,0.5,2,,EXACT,1.0,exact-stripped,vertical,1,hb-3-12-17,Kesehatan & Kecantikan > Perawatan Tubuh > Perawatan Mulut > Sikat Gigi,Health & Beauty > Personal Care > Oral Care > Toothbrushes,3,False,True,16,Kelompok usia | Ukuran baterai | Jenis baterai | Bahan bulu sikat | Bentuk bulu sikat | Warna | Kekerasan | Bahan pegangan | Jenis Kayu | Bahan | Fungsi perawatan mulut | Pola | Bentuk produk | Ukuran kepala sikat gigi | Jenis penggunaan | Finishing kayu,
1252,KAUS KAKI ANAK & BAYI PEREMPUAN,4,60,Fashion > SEPATU ANAK & BAYI > SEPATU ANAK & BAYI PEREMPUAN > KAUS KAKI ANAK & BAYI PEREMPUAN,True,FUZZY,0.667,1,Busana dan Aksesori > Pakaian > Pakaian Bayi & Anak > Kaus Kaki & Legging Bayi & Anak,EXACT,1.0,exact-stripped,vertical,1,aa-1-18,Busana dan Aksesori > Pakaian > Kaus Kaki,Apparel & Accessories > Clothing > Socks,2,False,True,11,Ukuran aksesori | Aktivitas | Kelompok usia | Fitur pakaian | Warna | Kain | Pola | Jenis ukuran | Tingkat bantalan kaus kaki | Gaya ujung kaus kaki | Jenis kelamin sasaran,
1637,JEPITAN (TONGS),7,60,Perawatan Diri & Rumah Tangga > Rumah Tangga > Peralatan & Perlengkapan Rumah Tangga > PERALATAN RUMAH TANGGA > PERALATAN DAN PENYIMPANAN DI DAPUR > ALAT DAPUR & AKSESORIS DAPUR > JEPITAN (TONGS),False,UNMAPPED,0.333,2,,UNMAPPED,0.333,,global,2,,,,,,,,,Seni & Hiburan > Hobi & Seni Kreatif > Seni & Kerajinan > Bahan Seni & Kerajinan > Pengencang & Penutup Kerajinan > Jepitan & Kait
1852,SAOS CABAI KEMASAN BOTOL,6,60,Makanan dan Minuman > MAKANAN & BAHAN MAKANAN > SAUS > SAOS  PEDAS & SAMBAL > SAOS CABAI > SAOS CABAI KEMASAN BOTOL,False,UNMAPPED,0.25,1,,UNMAPPED,0.25,,global,1,,,,,,,,,Rumah & Taman > Dapur & Ruang Makan > Aksesori Peralatan Dapur > Aksesori Alat Pembuat Soda > Botol
424,CINCIN DEWASA,3,59,Fashion > PERHIASAN DEWASA > CINCIN DEWASA,True,UNMAPPED,0.5,2,,EXACT,1.0,exact-stripped,vertical,1,aa-6-9,Busana dan Aksesori > Perhiasan > Cincin,Apparel & Accessories > Jewelry > Rings,2,False,True,11,Kelompok usia | Warna | Gaya potongan batu permata | Jenis batu permata | Bahan perhiasan | Jenis perhiasan | Pola | Desain cincin | Ukuran cincin | Bentuk batu | Jenis kelamin sasaran,
444,SEPATU SLIP ON WANITA,3,59,Fashion > SEPATU WANITA > SEPATU SLIP ON WANITA,True,UNMAPPED,0.333,1,,UNMAPPED,0.333,,global,2,,,,,,,,,Busana dan Aksesori > Pakaian > Lingeri > Slip Pakaian Dalam Wanita
966,OBENG BIASA,4,59,Perbaikan Rumah > ALAT ALAT PERBAIKAN RUMAH > OBENG > OBENG BIASA,False,UNMAPPED,0.5,1,,UNMAPPED,0.5,,global,1,,,,,,,,,Perkakas > Peralatan > Obeng
1207,KEBAYA WANITA,4,59,Fashion > FASHION WANITA > BATIK WANITA > KEBAYA WANITA,True,UNMAPPED,0.25,3,,UNMAPPED,0.25,,global,3,,,,,,,,,Busana dan Aksesori > Pakaian > Lingeri > Celana Dalam Wanita
1396,OBAT MINUM LAINNYA,5,59,Perawatan Diri & Rumah Tangga > Perawatan Diri > OBAT-OBATAN > OBAT MINUM > OBAT MINUM LAINNYA,False,UNMAPPED,0.333,8,,UNMAPPED,0.333,,global,8,,,,,,,,,Hewan & Perlengkapan Hewan Piaraan > Perlengkapan Hewan Piaraan > Perlengkapan Ikan & Akuatik > Makanan Ikan > Makanan Obat
1532,GAYUNG,6,59,Perawatan Diri & Rumah Tangga > Rumah Tangga > Peralatan & Perlengkapan Rumah Tangga > PERALATAN RUMAH TANGGA > PERALATAN DAN PENYIMPANAN DI KAMAR MANDI > GAYUNG,False,UNMAPPED,0.0,0,,UNMAPPED,0.0,,global,0,,,,,,,,,
1543,TEMPAT PENYIMPANAN MAKANAN & MINUMAN,6,59,Perawatan Diri & Rumah Tangga > Rumah Tangga > Peralatan & Perlengkapan Rumah Tangga > PERALATAN RUMAH TANGGA > PERALATAN DAN PENYIMPANAN DI DAPUR > TEMPAT PENYIMPANAN MAKANAN & MINUMAN,False,FUZZY,0.75,1,Hewan & Perlengkapan Hewan Piaraan > Perlengkapan Hewan Piaraan > Wadah Makanan Hewan Piaraan > Tempat Penyimpanan Makanan,FUZZY,0.75,fuzzy-raw,global,1,ap-2-24-2,Hewan & Perlengkapan Hewan Piaraan > Perlengkapan Hewan Piaraan > Wadah Makanan Hewan Piaraan > Tempat Penyimpanan Makanan,Animals & Pet Supplies > Pet Supplies > Pet Food Containers > Food Storage Bins,3,True,False,1,Bahan,
254,SAJADAH,3,58,"Hobi, Ibadah, dan Olahraga > BERIBADAH > SAJADAH",False,UNMAPPED,0.0,0,,UNMAPPED,0.0,,global,0,,,,,,,,,
527,TEH INSTAN SERBUK BERPERISA,4,58,"Makanan dan Minuman > COKLAT, KOPI & TEH > TEH INSTAN > TEH INSTAN SERBUK BERPERISA",False,UNMAPPED,0.4,1,,UNMAPPED,0.4,,global,1,,,,,,,,,"Makanan, Minuman & Tembakau > Minuman > Minuman Serbuk Instan"
548,MARSHMALLOW,4,58,Makanan dan Minuman > MAKANAN KECIL  > PERMEN MARSHMALLOW DAN LAIN LAIN > MARSHMALLOW,False,EXACT,1.0,1,"Makanan, Minuman & Tembakau > Item Makanan > Bahan Memasak & Baking > Marshmallow",EXACT,1.0,exact-raw,vertical,1,fb-2-5-24,"Makanan, Minuman & Tembakau > Item Makanan > Bahan Memasak & Baking > Marshmallow","Food, Beverages & Tobacco > Food Items > Cooking & Baking Ingredients > Marshmallows",3,True,False,8,Informasi alergen | Warna | Preferensi diet | Sumber gelatin atau zat pengental | Metode pengolahan marshmallow | Ukuran marshmallow | Pola | Persyaratan penyimpanan,
555,BAHAN PEWARNA DAN PERISA KUE,4,58,Makanan dan Minuman > MAKANAN & BAHAN MAKANAN > BAHAN KUE > BAHAN PEWARNA DAN PERISA KUE,False,UNMAPPED,0.25,2,,UNMAPPED,0.25,,global,2,,,,,,,,,"Makanan, Minuman & Tembakau > Item Makanan > Bakeri > Kue & Hidangan Pencuci Mulut > Kue"
584,BAKSO BEKU,4,58,Makanan dan Minuman > MAKANAN & BAHAN MAKANAN > MAKANAN BEKU > BAKSO BEKU,False,UNMAPPED,0.333,2,,UNMAPPED,0.333,,global,2,,,,,,,,,Hewan & Perlengkapan Hewan Piaraan > Perlengkapan Hewan Piaraan > Perlengkapan Ikan & Akuatik > Makanan Ikan > Makanan Beku
328,STIKER,3,57,Alat dan Buku Tulis > DEKORASI & KELENGKAPAN PESTA > STIKER,False,UNMAPPED,0.5,5,,UNMAPPED,0.5,,global,5,,,,,,,,,Seni & Hiburan > Hobi & Seni Kreatif > Seni & Kerajinan > Bahan Seni & Kerajinan > Hiasan & Trim > Stiker Dekoratif
1198,JILBAB WANITA,4,57,Fashion > FASHION WANITA > BAJU MUSLIM WANITA > JILBAB WANITA,True,UNMAPPED,0.333,1,,UNMAPPED,0.5,,global,1,,,,,,,,,Busana dan Aksesori > Pakaian > Pakaian Tradisional & Seremonial > Abaya dan Jilbab
1319,SUSU IBU HAMIL,5,57,Makanan dan Minuman > MINUMAN > MINUMAN DALAM KEMASAN > SUSU > SUSU IBU HAMIL,False,UNMAPPED,0.4,2,,UNMAPPED,0.4,,global,2,,,,,,,,,Busana dan Aksesori > Pakaian > Pakaian Hamil > Pakaian Luar Ibu Hamil
1576,FLOOR MOP UNTUK PEL,7,57,Perawatan Diri & Rumah Tangga > Rumah Tangga > Peralatan & Perlengkapan Rumah Tangga > PERALATAN RUMAH TANGGA > PERALATAN KEBERSIHAN RUMAH TANGGA > FLOOR MOP > FLOOR MOP UNTUK PEL,False,UNMAPPED,0.333,1,,UNMAPPED,0.333,,global,1,,,,,,,,,Rumah & Taman > Perlengkapan Rumah Tangga > Perlengkapan Pembersih Rumah Tangga > Pel
1619,TEMPAT TISSUE MEJA,7,57,Perawatan Diri & Rumah Tangga > Rumah Tangga > Peralatan & Perlengkapan Rumah Tangga > PERALATAN RUMAH TANGGA > PERALATAN DAN PENYIMPANAN DI KAMAR MANDI > TEMPAT TISSUE > TEMPAT TISSUE MEJA,False,UNMAPPED,0.5,1,,UNMAPPED,0.5,,global,1,,,,,,,,,Furnitur > Aksesori Meja > Tempat Gelas Meja
1878,SAKLAR,3,57,Perbaikan Rumah > ALAT ALAT PERBAIKAN RUMAH > SAKLAR,False,UNMAPPED,0.333,1,,UNMAPPED,0.333,,global,1,,,,,,,,,Elektronik > Aksesori Elektronik > Daya > Aksesori UPS > Saklar Bypass UPS
54,PAKAIAN OLAHRAGA,2,56,Fashion > PAKAIAN OLAHRAGA,False,UNMAPPED,0.5,2,,UNMAPPED,0.5,,global,2,,,,,,,,,Busana dan Aksesori > Pakaian
344,KERTAS PRINTER,3,56,Alat dan Buku Tulis > KERTAS > KERTAS PRINTER,False,FUZZY,0.667,1,Perlengkapan Kantor > Perlengkapan Kantor Umum > Produk Kertas > Kertas Printer & Fotokopi,FUZZY,0.667,fuzzy-raw,vertical,1,os-4-9-11,Perlengkapan Kantor > Perlengkapan Kantor Umum > Produk Kertas > Kertas Printer & Fotokopi,Office Supplies > General Office Supplies > Paper Products > Printer & Copier Paper,3,True,False,2,Warna | Pola,
585,DAGING AYAM BEKU,4,56,Makanan dan Minuman > MAKANAN & BAHAN MAKANAN > MAKANAN BEKU > DAGING AYAM BEKU,False,UNMAPPED,0.5,1,,UNMAPPED,0.5,,global,1,,,,,,,,,"Makanan, Minuman & Tembakau > Item Makanan > Daging, Makanan Laut & Telur > Daging > Daging Segar & Beku"
1285,TAS TOTE WANITA,4,56,Fashion > TAS & KOPER > TAS WANITA > TAS TOTE WANITA,True,UNMAPPED,0.25,56,,UNMAPPED,0.333,,global,26,,,,,,,,,Busana dan Aksesori > Aksesori Tas Tangan & Dompet > Gantungan Tas
1597,SARUNG TANGAN KAIN,7,56,Perawatan Diri & Rumah Tangga > Rumah Tangga > Peralatan & Perlengkapan Rumah Tangga > PERALATAN RUMAH TANGGA > PERALATAN KEBERSIHAN RUMAH TANGGA > SARUNG TANGAN > SARUNG TANGAN KAIN,False,AMBIGUOUS,0.667,3,Hewan & Perlengkapan Hewan Piaraan > Perlengkapan Hewan Piaraan > Perlengkapan Perawatan Hewan Piaraan > Sisir & Sikat Hewan Piaraan > Sarung Tangan,AMBIGUOUS,0.667,fuzzy-raw,global,3,,,,,,,,,
1804,JEANS,5,56,UNUSED > AREA DISPLAY > CARDINAL > CARDINAL NORMAL > JEANS,False,EXACT,1.0,1,Busana dan Aksesori > Pakaian > Pakaian Bayi & Anak > Celana Bayi & Anak > Jeans,UNMAPPED,0.0,,global,0,,,,,,,,,
1840,SERUTAN,3,56,Alat dan Buku Tulis > ALAT TULIS > SERUTAN,False,UNMAPPED,0.0,0,,UNMAPPED,0.0,,global,0,,,,,,,,,
431,SANDAL GUNUNG PRIA,3,55,Fashion > SEPATU PRIA > SANDAL GUNUNG PRIA,True,UNMAPPED,0.333,1,,UNMAPPED,0.5,,global,1,,,,,,,,,Busana dan Aksesori > Sepatu > Sandal
900,BODY SCRUB,4,55,Perawatan Diri & Rumah Tangga > Perawatan Diri > PERAWATAN BADAN > BODY SCRUB,False,UNMAPPED,0.5,1,,UNMAPPED,0.5,,global,1,,,,,,,,,Busana dan Aksesori > Pakaian > Seragam & Pakaian Kerja > Scrub
1196,CIPUT WANITA,4,55,Fashion > FASHION WANITA > BAJU MUSLIM WANITA > CIPUT WANITA,True,UNMAPPED,0.25,4,,UNMAPPED,0.333,,global,1,,,,,,,,,Busana dan Aksesori > Aksesori Pakaian > Penutup Kepala > Penutup Kepala dan Ciput
61,SERAGAM & ATRIBUT SEKOLAH,2,54,Fashion > SERAGAM & ATRIBUT SEKOLAH,False,FUZZY,0.667,1,Busana dan Aksesori > Pakaian > Seragam & Pakaian Kerja > Seragam Sekolah,FUZZY,0.667,fuzzy-raw,vertical,1,aa-1-24-5,Busana dan Aksesori > Pakaian > Seragam & Pakaian Kerja > Seragam Sekolah,Apparel & Accessories > Clothing > Uniforms & Workwear > School Uniforms,3,False,True,14,Kelompok usia | Fitur pakaian | Warna | Kain | Standar ketahanan api | Kelas visibilitas tinggi | Metode pemasangan logo | Jenis panjang celana | Pola | Ukuran | Jenis ukuran | Jenis panjang rok/gaun | Jenis panjang lengan | Jenis kelamin sasaran,
464,BULU MATA PALSU,3,54,Kosmetik dan Alat Kecantikan > MAKE UP MATA > BULU MATA PALSU,False,EXACT,1.0,1,Kesehatan & Kecantikan > Perawatan Tubuh > Kosmetik > Makeup > Riasan Mata > Bulu Mata Palsu,EXACT,1.0,exact-raw,vertical,1,hb-3-2-6-3-5,Kesehatan & Kecantikan > Perawatan Tubuh > Kosmetik > Makeup > Riasan Mata > Bulu Mata Palsu,Health & Beauty > Personal Care > Cosmetics > Makeup > Eye Makeup > False Eyelashes,5,True,False,19,Ukuran aksesori | Kandungan Alkohol/Pelarut | Warna | Tingkat cakupan | Jenis dispenser | Jenis lengkung bulu mata | Bahan bulu mata | Gaya bulu mata | Jenis bulu mata | Keharuman | Fitur riasan | Warna riasan | Bahan | Pola | Sertifikasi & standar produk | Bentuk produk | Tingkat SPF | Cocok untuk jenis kulit | Jenis penggunaan,
466,EYEBROW,3,54,Kosmetik dan Alat Kecantikan > MAKE UP MATA > EYEBROW,False,UNMAPPED,0.0,0,,UNMAPPED,0.0,,global,0,,,,,,,,,
609,SOSIS SIAP MAKAN,4,54,Makanan dan Minuman > MAKANAN & BAHAN MAKANAN > MAKANAN DALAM KEMASAN & KALENG > SOSIS SIAP MAKAN,False,UNMAPPED,0.5,1,,UNMAPPED,0.5,,global,1,,,,,,,,,"Makanan, Minuman & Tembakau > Item Makanan > Makanan Ringan > Popcorn > Popcorn Siap Makan"
1831,Peralatan & Perlengkapan Rumah Tangga,3,54,Perawatan Diri & Rumah Tangga > Rumah Tangga > Peralatan & Perlengkapan Rumah Tangga,False,AMBIGUOUS,0.75,2,Rumah & Taman > Peralatan Rumah Tangga,AMBIGUOUS,0.75,fuzzy-raw,vertical,2,,,,,,,,,
1837,TEPUNG BUMBU INSTAN,4,54,Makanan dan Minuman > MAKANAN & BAHAN MAKANAN > BUMBU DAPUR > TEPUNG BUMBU INSTAN,False,UNMAPPED,0.333,1,,UNMAPPED,0.333,,global,1,,,,,,,,,"Makanan, Minuman & Tembakau > Item Makanan > Bahan Memasak & Baking > Tepung"
366,PENGGARIS,3,53,Alat dan Buku Tulis > PERALATAN UMUM > PENGGARIS,False,EXACT,1.0,1,Perkakas > Peralatan > Alat Ukur & Sensor > Penggaris,EXACT,1.0,exact-raw,global,1,ha-15-36-25,Perkakas > Peralatan > Alat Ukur & Sensor > Penggaris,Hardware > Tools > Measuring Tools & Sensors > Rulers,3,True,False,3,Warna | Bahan perangkat keras | Pola,
447,TAS ANAK,3,53,Fashion > TAS & KOPER > TAS ANAK,True,UNMAPPED,0.333,65,,UNMAPPED,0.5,,global,26,,,,,,,,,Busana dan Aksesori > Aksesori Tas Tangan & Dompet > Gantungan Tas
764,SAYURAN CAMPUR DALAM KEMASAN,4,53,Makanan dan Minuman > FRESH > SAYURAN SEGAR > SAYURAN CAMPUR DALAM KEMASAN,False,UNMAPPED,0.5,1,,UNMAPPED,0.5,,global,1,,,,,,,,,"Makanan, Minuman & Tembakau > Item Makanan > Buah & Sayur > Sayur Segar & Beku > Sayuran Campur"
1562,JAM,6,53,Perawatan Diri & Rumah Tangga > Rumah Tangga > Peralatan & Perlengkapan Rumah Tangga > PERLENGKAPAN RUMAH TANGGA > PERLENGKAPAN KAMAR & KAMAR MANDI > JAM,False,EXACT,1.0,1,Rumah & Taman > Dekorasi > Jam,EXACT,1.0,exact-raw,vertical,1,hg-3-17,Rumah & Taman > Dekorasi > Jam,Home & Garden > Decor > Clocks,2,False,True,9,Jenis pergerakan jam | Warna | Mode tampilan | Bahan | Gaya angka | Pola | Sumber listrik | Bentuk | Jenis Stan/Pajangan,
1607,TISU BASAH NON BABY,7,53,Perawatan Diri & Rumah Tangga > Rumah Tangga > Peralatan & Perlengkapan Rumah Tangga > PERALATAN RUMAH TANGGA > PERALATAN KEBERSIHAN RUMAH TANGGA > TISU > TISU BASAH NON BABY,False,UNMAPPED,0.2,4,,UNMAPPED,0.2,,global,4,,,,,,,,,Seni & Hiburan > Pesta & Perayaan > Pemberian Hadiah > Bungkus Kado > Kertas Tisu
104,SELAI & OLESAN,3,52,Makanan dan Minuman > MAKANAN & BAHAN MAKANAN > SELAI & OLESAN,False,UNMAPPED,0.333,3,,UNMAPPED,0.333,,global,3,,,,,,,,,"Makanan, Minuman & Tembakau > Item Makanan > Cocolan & Olesan"
1104,CHARGER HP,4,52,Elektronik > ALAT ELEKTRONIK KANTOR & GADGET > PERLENGKAPAN & SUKU CADANG GADGET > CHARGER HP,False,UNMAPPED,0.0,0,,UNMAPPED,0.0,,global,0,,,,,,,,,
1540,SPONS MANDI (SHOWER NET),6,52,Perawatan Diri & Rumah Tangga > Rumah Tangga > Peralatan & Perlengkapan Rumah Tangga > PERALATAN RUMAH TANGGA > PERALATAN DAN PENYIMPANAN DI KAMAR MANDI > SPONS MANDI (SHOWER NET),False,UNMAPPED,0.4,1,,UNMAPPED,0.4,,global,1,,,,,,,,,Kesehatan & Kecantikan > Perawatan Tubuh > Kosmetik > Mandi & Perawatan Tubuh > Spons Mandi & Loofah
27,Perawatan & Suku Cadang Mobil,2,51,"Hobi, Ibadah, dan Olahraga > Perawatan & Suku Cadang Mobil",False,UNMAPPED,0.5,1,,UNMAPPED,0.5,,global,1,,,,,,,,,Rumah & Taman > Dekorasi > Aksesori Perawatan Jendela > Suku Cadang Pengganti Perawatan Jendela
888,LOTION SCRUB WAJAH,4,51,Perawatan Diri & Rumah Tangga > Perawatan Diri > PERAWATAN WAJAH > LOTION SCRUB WAJAH,False,UNMAPPED,0.333,1,,UNMAPPED,0.333,,global,1,,,,,,,,,Busana dan Aksesori > Pakaian > Seragam & Pakaian Kerja > Scrub
1096,KABEL HDMI,4,51,Elektronik > ALAT ELEKTRONIK KANTOR & GADGET > SUKU CADANG KOMPUTER > KABEL HDMI,False,EXACT,1.0,1,Elektronik > Aksesori Elektronik > Kabel > Kabel Audio & Video > Kabel HDMI,EXACT,1.0,exact-raw,vertical,1,el-7-7-1-2,Elektronik > Aksesori Elektronik > Kabel > Kabel Audio & Video > Kabel HDMI,Electronics > Electronics Accessories > Cables > Audio & Video Cables > HDMI Cables,4,True,False,13,Jenis konektor kabel audio/video (ujung A) | Jenis konektor kabel audio/video (ujung B) | Bahan rumah kabel | Pelindung kabel | Warna | Resolusi yang kompatibel | Pelapisan kontak konektor | Gender konektor | Orientasi konektor | Antarmuka perangkat | Bahan | Pola | Sumber listrik,
1114,LILIN LAINNYA,4,51,Alat dan Buku Tulis > DEKORASI & KELENGKAPAN PESTA > LILIN > LILIN LAINNYA,False,EXACT,1.0,1,Rumah & Taman > Dekorasi > Pengharum Rumah > Lilin,EXACT,1.0,exact-raw,global,1,hg-3-40-2,Rumah & Taman > Dekorasi > Pengharum Rumah > Lilin,Home & Garden > Decor > Home Fragrances > Candles,3,True,False,10,Kandungan Alkohol/Pelarut | Bahan wadah lilin | Bahan lilin | Jenis lilin | Warna | Bahan dekorasi | Tingkat keharuman | Pola | Aroma | Jenis penggunaan,
1370,DEODORAN SPRAY,5,51,Perawatan Diri & Rumah Tangga > Perawatan Diri > FRAGRANCE & DEODORAN > DEODORAN > DEODORAN SPRAY,False,UNMAPPED,0.5,1,,UNMAPPED,0.5,,global,1,,,,,,,,,Kesehatan & Kecantikan > Perawatan Tubuh > Deodoran & Anti-Perspiran > Deodoran
1589,LAP KANEBO,7,51,Perawatan Diri & Rumah Tangga > Rumah Tangga > Peralatan & Perlengkapan Rumah Tangga > PERALATAN RUMAH TANGGA > PERALATAN KEBERSIHAN RUMAH TANGGA > KAIN UNTUK LAP & PEL > LAP KANEBO,False,UNMAPPED,0.25,1,,UNMAPPED,0.25,,global,1,,,,,,,,,Peralatan Olahraga > Rekreasi Luar Ruang > Berkemah & Hiking > Toilet & Pancuran Portabel > Toilet Portabel & Alat Urinasi > Kain Lap Kencing
598,ABON,4,50,Makanan dan Minuman > MAKANAN & BAHAN MAKANAN > MAKANAN DALAM KEMASAN & KALENG > ABON,False,UNMAPPED,0.0,0,,UNMAPPED,0.0,,global,0,,,,,,,,,
652,OAT & HAVERMOUT,4,50,Makanan dan Minuman > MAKANAN & BAHAN MAKANAN > SEREAL & SARAPAN > OAT & HAVERMOUT,False,UNMAPPED,0.333,3,,UNMAPPED,0.333,,global,3,,,,,,,,,"Makanan, Minuman & Tembakau > Minuman > Susu Non-Dairy > Minuman Oat"
1606,SIKAT TOILET / WC,7,50,Perawatan Diri & Rumah Tangga > Rumah Tangga > Peralatan & Perlengkapan Rumah Tangga > PERALATAN RUMAH TANGGA > PERALATAN KEBERSIHAN RUMAH TANGGA > SIKAT > SIKAT TOILET / WC,False,FUZZY,0.667,1,Rumah & Taman > Aksesori Kamar Mandi > Sikat & Tempat Sikat Toilet > Sikat Toilet,FUZZY,0.667,fuzzy-raw,vertical,1,hg-1-18-3,Rumah & Taman > Aksesori Kamar Mandi > Sikat & Tempat Sikat Toilet > Sikat Toilet,Home & Garden > Bathroom Accessories > Toilet Brushes & Holders > Toilet Brushes,3,True,False,8,Bahan bulu sikat | Kekakuan bulu sikat | Bahan kuas | Warna | Fitur | Bahan pegangan | Pola | Kepala sikat yang dapat diganti,
1857,TALENAN,7,50,Perawatan Diri & Rumah Tangga > Rumah Tangga > Peralatan & Perlengkapan Rumah Tangga > PERALATAN RUMAH TANGGA > PERALATAN DAN PENYIMPANAN DI DAPUR > ALAT DAPUR & AKSESORIS DAPUR > TALENAN,False,EXACT,1.0,1,Rumah & Taman > Dapur & Ruang Makan > Peralatan & Perlengkapan Dapur > Talenan,EXACT,1.0,exact-raw,vertical,1,hg-11-8-21,Rumah & Taman > Dapur & Ruang Makan > Peralatan & Perlengkapan Dapur > Talenan,Home & Garden > Kitchen & Dining > Kitchen Tools & Utensils > Cutting Boards,3,True,False,9,Petunjuk pembersihan | Warna | Bahan pegangan | Jenis Kayu | Pola | Bentuk | Bahan alat/perkakas | Finishing kayu | Orientasi serat kayu,
47,AKSESORIS FASHION ANAK,2,49,Fashion > AKSESORIS FASHION ANAK,True,UNMAPPED,0.25,10,,UNMAPPED,0.25,,global,10,,,,,,,,,Hewan & Perlengkapan Hewan Piaraan > Perlengkapan Hewan Piaraan > Perlengkapan Burung > Tangga & Tenggeran Burung > Tangga & Anak Tangga
165,PALU/MARTIL,3,49,Perbaikan Rumah > ALAT ALAT PERBAIKAN RUMAH > PALU/MARTIL,False,FUZZY,0.667,1,Peralatan Olahraga > Rekreasi Luar Ruang > Berkemah & Hiking > Peralatan Berkemah > Martil dan Palu Berkemah,FUZZY,0.667,fuzzy-raw,global,1,sg-4-2-4-9,Peralatan Olahraga > Rekreasi Luar Ruang > Berkemah & Hiking > Peralatan Berkemah > Martil dan Palu Berkemah,Sporting Goods > Outdoor Recreation > Camping & Hiking > Camping Tools > Camping Mallets & Hammers,4,True,False,3,Warna | Jenis pemantik api | Pola,
178,PAKU,3,49,Perbaikan Rumah > MATERIAL PERBAIKAN RUMAH > PAKU,False,EXACT,1.0,1,Perkakas > Aksesori Perkakas > Pengencang Perkakas > Paku,EXACT,1.0,exact-raw,vertical,1,ha-6-14-2,Perkakas > Aksesori Perkakas > Pengencang Perkakas > Paku,Hardware > Hardware Accessories > Hardware Fasteners > Nails,3,False,True,5,Warna | Finis pengencang | Bahan perangkat keras | Pola | Cocok untuk jenis bahan,
299,CRAYON,3,49,Alat dan Buku Tulis > ALAT MENGGAMBAR / MELUKIS > CRAYON,False,UNMAPPED,0.0,0,,UNMAPPED,0.0,,global,0,,,,,,,,,
334,BOX FILE,3,49,Alat dan Buku Tulis > FILE ORGANIZER > BOX FILE,False,UNMAPPED,0.333,1,,UNMAPPED,0.333,,global,1,,,,,,,,,Elektronik > Audio > Komponen Audio > Direct Box
422,ANTING DEWASA,3,49,Fashion > PERHIASAN DEWASA > ANTING DEWASA,True,UNMAPPED,0.5,2,,EXACT,1.0,exact-stripped,vertical,1,aa-6-6,Busana dan Aksesori > Perhiasan > Anting,Apparel & Accessories > Jewelry > Earrings,2,True,True,9,Kelompok usia | Warna | Jenis penutup anting | Desain anting | Bahan perhiasan | Jenis perhiasan | Kemurnian logam | Pola | Jenis kelamin sasaran,
473,BLUSH ON (PERONA PIPI),3,49,Kosmetik dan Alat Kecantikan > MAKE UP WAJAH > BLUSH ON (PERONA PIPI),False,UNMAPPED,0.5,1,,UNMAPPED,0.5,,global,1,,,,,,,,,Kesehatan & Kecantikan > Perawatan Tubuh > Kosmetik > Makeup > Rias Wajah > Perona Pipi & Bronzer > Blush On
794,PASTA GIGI ANAK & BAYI,4,49,Keperluan Anak dan Bayi > PERAWATAN ANAK & BAYI > PERAWATAN MULUT & GIGI ANAK & BAYI > PASTA GIGI ANAK & BAYI,True,UNMAPPED,0.5,2,,EXACT,1.0,exact-stripped,vertical,1,hb-3-12-19,Kesehatan & Kecantikan > Perawatan Tubuh > Perawatan Mulut > Pasta Gigi,Health & Beauty > Personal Care > Oral Care > Toothpaste,3,True,False,10,Kelompok usia | Kandungan Alkohol/Pelarut | Bahan terperinci | Rasa | Kandungan fluorida | Bahan | Fungsi perawatan mulut | Sertifikasi & standar produk | Bentuk produk | Jenis pasta gigi,
806,2IN1 WASH ANAK & BAYI,4,49,Keperluan Anak dan Bayi > PERAWATAN ANAK & BAYI > PERAWATAN MENYELURUH ANAK & BAYI > 2IN1 WASH ANAK & BAYI,True,UNMAPPED,0.4,11,,UNMAPPED,0.4,,global,11,,,,,,,,,Busana dan Aksesori > Pakaian > Pakaian Bayi & Anak
871,SELIMUT ANAK & BAYI,4,49,Keperluan Anak dan Bayi > PERLENGKAPAN ANAK & BAYI > PERLENGKAPAN TIDUR ANAK & BAYI > SELIMUT ANAK & BAYI,True,UNMAPPED,0.5,11,,EXACT,1.0,exact-stripped,global,1,hg-15-1-4,Rumah & Taman > Linen & Alas Tidur > Alas Tidur > Selimut,Home & Garden > Linens & Bedding > Bedding > Blankets,3,False,True,9,Kelompok usia | Ukuran alas tidur | Petunjuk perawatan | Warna | Kain | Bahan pengisi | Pola | Musim | Rating kehangatan,
1074,MAKANAN ANJING,4,49,"Hobi, Ibadah, dan Olahraga > HEWAN PELIHARAAN > MAKANAN HEWAN PELIHARAAN > MAKANAN ANJING",False,EXACT,1.0,1,Hewan & Perlengkapan Hewan Piaraan > Perlengkapan Hewan Piaraan > Perlengkapan Anjing > Makanan Anjing,EXACT,1.0,exact-raw,vertical,1,ap-2-3-3,Hewan & Perlengkapan Hewan Piaraan > Perlengkapan Hewan Piaraan > Perlengkapan Anjing > Makanan Anjing,Animals & Pet Supplies > Pet Supplies > Dog Supplies > Dog Food,3,False,True,6,Kelompok usia anjing | Jenis kemasan | Kebutuhan diet hewan peliharaan | Rasa makanan hewan peliharaan | Bentuk makanan hewan peliharaan | Suplemen makanan hewan peliharaan,
1091,SPEAKER,4,49,Elektronik > ALAT ELEKTRONIK KANTOR & GADGET > PERLENGKAPAN KOMPUTER > SPEAKER,False,EXACT,1.0,1,Elektronik > Audio > Komponen Audio > Speaker,EXACT,1.0,exact-raw,vertical,1,el-2-2-10,Elektronik > Audio > Komponen Audio > Speaker,Electronics > Audio > Audio Components > Speakers,3,False,True,18,Faktor bentuk komponen audio | Saluran output audio | Tujuan audio | Ukuran baterai | Jenis baterai | Warna | Asisten suara yang kompatibel | Teknologi konektivitas | Antarmuka perangkat | Bahan | Kedalaman bit maksimum | Jenis pemasangan | Pola | Sumber listrik | Desain speaker | Jenis penutup speaker | Fitur speaker | Teknologi speaker,
1278,TAS BAHU WANITA,4,49,Fashion > TAS & KOPER > TAS WANITA > TAS BAHU WANITA,True,FUZZY,0.667,1,"Busana dan Aksesori > Tas Tangan, Dompet & Kotak > Tas Tangan > Tas Bahu",EXACT,1.0,exact-stripped,vertical,1,aa-5-4-19,"Busana dan Aksesori > Tas Tangan, Dompet & Kotak > Tas Tangan > Tas Bahu","Apparel & Accessories > Handbags, Wallets & Cases > Handbags > Shoulder Bags",3,True,False,11,Kelompok usia | Hiasan tas | Penutup tas/kotak | Fitur tas/kotak | Bahan tas/kotak | Fitur penyimpanan tas/kotak | Petunjuk perawatan | Opsi bawa | Warna | Pola | Jenis kelamin sasaran,
1664,WADAH AIR / TEKO AIR MINUM (JUG),7,49,Perawatan Diri & Rumah Tangga > Rumah Tangga > Peralatan & Perlengkapan Rumah Tangga > PERALATAN RUMAH TANGGA > PERALATAN DAN PENYIMPANAN DI DAPUR > ALAT DAPUR & AKSESORIS DAPUR > WADAH AIR / TEKO AIR MINUM (JUG),False,UNMAPPED,0.4,1,,UNMAPPED,0.4,,global,1,,,,,,,,,Rumah & Taman > Dapur & Ruang Makan > Aksesori Peralatan Dapur > Aksesori Mesin Penyeduh Kopi & Espresso > Suku Cadang Pengganti Mesin Penyeduh Kopi & Espresso > Wadah Air
259,BLENDER,3,48,Elektronik > ALAT ELEKTRONIK DAPUR > BLENDER,False,UNMAPPED,0.5,6,,UNMAPPED,0.5,,global,6,,,,,,,,,Bisnis & Industri > Sains & Laboratorium > Peralatan Laboratorium > Blender Laboratorium
384,UNTUK HUJAN,3,48,Fashion > AKSESORIS FASHION DEWASA > UNTUK HUJAN,False,UNMAPPED,0.5,9,,UNMAPPED,0.5,,global,9,,,,,,,,,Busana dan Aksesori > Pakaian > Pakaian Bayi & Anak > Pakaian Luar Bayi & Anak > Mantel & Jaket Bayi & Anak > Jas Hujan
389,PAKAIAN ANAK LAKI-LAKI,3,48,Fashion > FASHION ANAK & BAYI > PAKAIAN ANAK LAKI-LAKI,True,FUZZY,0.75,1,Busana dan Aksesori > Pakaian > Pakaian Bayi & Anak > Pakaian Dalam Bayi & Anak > Pakaian Dalam Anak Laki-Laki,EXACT,1.0,exact-stripped,vertical,1,aa-1,Busana dan Aksesori > Pakaian,Apparel & Accessories > Clothing,1,False,True,9,Kelompok usia | Petunjuk perawatan | Fitur pakaian | Warna | Kain | Pola | Ukuran | Jenis ukuran | Jenis kelamin sasaran,
491,ALAT REFLEKSI,3,48,Mainan dan Alat Lainnya > ALAT LAINNYA > ALAT REFLEKSI,False,UNMAPPED,0.333,37,,UNMAPPED,0.333,,global,37,,,,,,,,,Seni & Hiburan > Hobi & Seni Kreatif > Seni & Kerajinan > Alat Seni & Kerajinan > Alat Benang & Benang Rajut > Card & Sikat Serat > Alat Teasing
860,BANTAL MENYUSUI,4,48,Keperluan Anak dan Bayi > PERLENGKAPAN ANAK & BAYI > PERLENGKAPAN MENYUSUI ANAK & BAYI > BANTAL MENYUSUI,False,EXACT,1.0,1,Bayi & Balita > Perawatan & Pemberian Makan > Bantal Menyusui,EXACT,1.0,exact-raw,vertical,1,bt-10-14,Bayi & Balita > Perawatan & Pemberian Makan > Bantal Menyusui,Baby & Toddler > Nursing & Feeding > Nursing Pillows,2,True,True,5,Warna | Kekerasan | Bahan | Bentuk bantal menyusui | Pola,
1102,USB EXTENSION ,4,48,Elektronik > ALAT ELEKTRONIK KANTOR & GADGET > SUKU CADANG KOMPUTER > USB EXTENSION ,False,UNMAPPED,0.333,3,,UNMAPPED,0.333,,global,3,,,,,,,,,Bisnis & Industri > Sains & Laboratorium > Peralatan Laboratorium > Mikroskop > Mikroskop USB
509,MINUMAN ENERGI,4,47,Makanan dan Minuman > MINUMAN > MINUMAN DALAM KEMASAN > MINUMAN ENERGI,False,EXACT,1.0,1,"Makanan, Minuman & Tembakau > Minuman > Minuman Olahraga & Energi > Minuman Energi",EXACT,1.0,exact-raw,vertical,1,fb-1-13-1,"Makanan, Minuman & Tembakau > Minuman > Minuman Olahraga & Energi > Minuman Energi","Food, Beverages & Tobacco > Beverages > Sports & Energy Drinks > Energy Drinks",3,True,False,6,Informasi alergen | Bentuk produk minuman | Preferensi diet | Suplemen makanan | Rasa | Jenis kemasan,
1092,TINTA PRINTER,4,47,Elektronik > ALAT ELEKTRONIK KANTOR & GADGET > PERLENGKAPAN KOMPUTER > TINTA PRINTER,False,UNMAPPED,0.333,21,,UNMAPPED,0.333,,global,21,,,,,,,,,"Seni & Hiburan > Hobi & Seni Kreatif > Seni & Kerajinan > Bahan Seni & Kerajinan > Cat, Tinta & Glasir Kerajinan > Tinta Seni"
1189,BLAZER WANITA,4,47,Fashion > FASHION WANITA > BAJU LUARAN WANITA > BLAZER WANITA,True,UNMAPPED,0.5,1,,EXACT,1.0,exact-stripped,vertical,1,aa-1-10-2-18,Busana dan Aksesori > Pakaian > Pakaian Luar > Mantel & Jaket > Blazer,Apparel & Accessories > Clothing > Outerwear > Coats & Jackets > Blazers,4,True,False,13,Kelompok usia | Petunjuk perawatan | Fitur pakaian | Warna | Kain | Garis leher | Fitur pakaian luar | Pola | Ukuran | Jenis ukuran | Jenis panjang lengan | Jenis kelamin sasaran | Jenis panjang atasan,
1286,ATRIBUT LAINNYA,4,47,Fashion > SERAGAM & ATRIBUT SEKOLAH > ATRIBUT SEKOLAH & KELENGKAPAN LAINNYA > ATRIBUT LAINNYA,False,UNMAPPED,0.0,0,,UNMAPPED,0.0,,global,0,,,,,,,,,
1310,PINSET & PERALATAN ALIS,4,47,Kosmetik dan Alat Kecantikan > ALAT KECANTIKAN > AKSESORIS ALAT KECANTIKAN > PINSET & PERALATAN ALIS,False,UNMAPPED,0.333,2,,UNMAPPED,0.333,,global,2,,,,,,,,,Perkakas > Peralatan
1681,GELAS/CUP,7,47,Perawatan Diri & Rumah Tangga > Rumah Tangga > Peralatan & Perlengkapan Rumah Tangga > PERALATAN RUMAH TANGGA > PERALATAN DAN PENYIMPANAN DI DAPUR > PERALATAN MAKAN > GELAS/CUP,False,UNMAPPED,0.333,17,,UNMAPPED,0.333,,global,17,,,,,,,,,Bayi & Balita > Perawatan & Pemberian Makan > Kebutuhan Pokok Pemberian Makan > Gelas Sippy
1698,CENTONG NASI,8,47,Perawatan Diri & Rumah Tangga > Rumah Tangga > Peralatan & Perlengkapan Rumah Tangga > PERALATAN RUMAH TANGGA > PERALATAN DAN PENYIMPANAN DI DAPUR > ALAT DAPUR & AKSESORIS DAPUR > CENTONG > CENTONG NASI,False,UNMAPPED,0.333,1,,UNMAPPED,0.333,,global,1,,,,,,,,,Rumah & Taman > Dapur & Ruang Makan > Peralatan Dapur > Pemasak & Pengukus Makanan > Penanak Nasi
1754,GELAS / CUP KERAMIK,8,47,Perawatan Diri & Rumah Tangga > Rumah Tangga > Peralatan & Perlengkapan Rumah Tangga > PERALATAN RUMAH TANGGA > PERALATAN DAN PENYIMPANAN DI DAPUR > PERALATAN MAKAN > GELAS/CUP > GELAS / CUP KERAMIK,False,UNMAPPED,0.25,17,,UNMAPPED,0.25,,global,17,,,,,,,,,Bayi & Balita > Perawatan & Pemberian Makan > Kebutuhan Pokok Pemberian Makan > Gelas Sippy
1866,PELEMBUT & PEWANGI PAKAIAN (SOFTENER) KEMASAN SACHET,5,47,Perawatan Diri & Rumah Tangga > Rumah Tangga > BAHAN LAUNDRY > PELEMBUT & PEWANGI PAKAIAN (SOFTENER) > PELEMBUT & PEWANGI PAKAIAN (SOFTENER) KEMASAN SACHET,False,UNMAPPED,0.167,1,,UNMAPPED,0.167,,global,1,,,,,,,,,Busana dan Aksesori > Pakaian
162,METERAN,3,46,Perbaikan Rumah > ALAT ALAT PERBAIKAN RUMAH > METERAN,False,UNMAPPED,0.5,1,,UNMAPPED,0.5,,global,1,,,,,,,,,Perlengkapan Kantor > Perlengkapan Kantor > Meteran Pos
455,LIP BALM,3,46,Kosmetik dan Alat Kecantikan > MAKE UP BIBIR > LIP BALM,False,EXACT,1.0,1,Kesehatan & Kecantikan > Perawatan Tubuh > Kosmetik > Perawatan Wajah > Lip Balm & Perawatan Bibir > Lip Balm,EXACT,1.0,exact-raw,vertical,1,hb-3-2-9-9-1,Kesehatan & Kecantikan > Perawatan Tubuh > Kosmetik > Perawatan Wajah > Lip Balm & Perawatan Bibir > Lip Balm,Health & Beauty > Personal Care > Cosmetics > Skin Care > Lip Balms & Treatments > Lip Balms,5,True,False,18,Bahan aktif | Warna | Bahan penyusun | Finis kosmetik | Rasa | Keharuman | Asal bahan | Tingkat warna lip balm | Bahan | Jenis kemasan | Pola | Sertifikasi & standar produk | Bentuk produk | Tingkat SPF | Efek perawatan kulit | Cocok untuk jenis kulit | Jenis kelamin sasaran | Tingkat perlindungan UVA,
540,KERIPIK LAINNYA,4,46,Makanan dan Minuman > MAKANAN KECIL  > KERIPIK > KERIPIK LAINNYA,False,EXACT,1.0,1,"Makanan, Minuman & Tembakau > Item Makanan > Makanan Ringan > Keripik",EXACT,1.0,exact-raw,vertical,1,fb-2-17-4,"Makanan, Minuman & Tembakau > Item Makanan > Makanan Ringan > Keripik","Food, Beverages & Tobacco > Food Items > Snack Foods > Chips",3,True,False,5,Informasi alergen | Gaya potongan keripik | Preferensi diet | Rasa | Persyaratan penyimpanan,
1263,DOMPET ANAK,4,46,Fashion > TAS & KOPER > TAS ANAK > DOMPET ANAK,True,UNMAPPED,0.5,1,,EXACT,1.0,exact-stripped,vertical,1,aa-5-5-7,"Busana dan Aksesori > Tas Tangan, Dompet & Kotak > Dompet & Klip Uang > Dompet","Apparel & Accessories > Handbags, Wallets & Cases > Wallets & Money Clips > Wallets",3,True,False,8,Kelompok usia | Opsi bawa | Bahan aksesori pakaian | Warna | Jenis kulit | Pola | Jenis kelamin sasaran | Fitur dompet,
31,OLAHRAGA,2,45,"Hobi, Ibadah, dan Olahraga > OLAHRAGA",False,UNMAPPED,0.5,10,,UNMAPPED,0.5,,global,10,,,,,,,,,Busana dan Aksesori > Pakaian > Pakaian Aktif > Bra Olahraga
346,AMPLOP,3,45,Alat dan Buku Tulis > PERALATAN UMUM > AMPLOP,False,EXACT,1.0,1,Perlengkapan Kantor > Perlengkapan Kantor Umum > Produk Kertas > Amplop,EXACT,1.0,exact-raw,vertical,1,os-4-9-7,Perlengkapan Kantor > Perlengkapan Kantor Umum > Produk Kertas > Amplop,Office Supplies > General Office Supplies > Paper Products > Envelopes,3,True,False,3,Warna | Fitur amplop | Pola,
995,SARUNG TANGAN UNTUK MOTOR,4,45,"Hobi, Ibadah, dan Olahraga > Perawatan & Suku Cadang Motor > AKSESORIS MOTOR > SARUNG TANGAN UNTUK MOTOR",False,FUZZY,0.75,1,Kendaraan & Suku Cadang > Suku Cadang & Aksesori Kendaraan > Keamanan & Keselamatan Kendaraan > Perlengkapan Pelindung Sepeda Motor > Sarung Tangan Sepeda Motor,FUZZY,0.75,fuzzy-raw,vertical,1,vp-1-6-1-3,Kendaraan & Suku Cadang > Suku Cadang & Aksesori Kendaraan > Keamanan & Keselamatan Kendaraan > Perlengkapan Pelindung Sepeda Motor > Sarung Tangan Sepeda Motor,Vehicles & Parts > Vehicle Parts & Accessories > Vehicle Safety & Security > Motorcycle Protective Gear > Motorcycle Gloves,4,True,False,13,Ukuran aksesori | Warna | Penempatan pelindung pada sarung tangan | Insulasi sarung tangan | Bahan sarung tangan | Standar sertifikasi sarung tangan sepeda motor | Tujuan sarung tangan sepeda motor | Konstruksi sarung tangan sepeda motor tahan air | Sistem ukuran perlengkapan pelindung sepeda motor | Pola | Fitur alat pelindung | Jenis kelamin sasaran | Jenis kendaraan,
1094,KABEL AUDIO,4,45,Elektronik > ALAT ELEKTRONIK KANTOR & GADGET > SUKU CADANG KOMPUTER > KABEL AUDIO,False,AMBIGUOUS,0.667,3,Elektronik > Aksesori Elektronik > Kabel > Kabel Audio & Video,AMBIGUOUS,0.667,fuzzy-raw,vertical,3,,,,,,,,,
1259,SEPATU SNEAKERS ANAK PEREMPUAN,4,45,Fashion > SEPATU ANAK & BAYI > SEPATU ANAK & BAYI PEREMPUAN > SEPATU SNEAKERS ANAK PEREMPUAN,True,UNMAPPED,0.4,1,,UNMAPPED,0.5,,global,2,,,,,,,,,Busana dan Aksesori > Sepatu
1387,MINYAK PIJAT / OBAT GOSOK,5,45,Perawatan Diri & Rumah Tangga > Perawatan Diri > OBAT-OBATAN > PEREDA NYERI & OBAT LUAR > MINYAK PIJAT / OBAT GOSOK,False,UNMAPPED,0.5,1,,UNMAPPED,0.5,,global,1,,,,,,,,,Kesehatan & Kecantikan > Perawatan Tubuh > Pijat & Relaksasi > Minyak Pijat
1697,CENTONG KUAH (SOUP LADLE),8,45,Perawatan Diri & Rumah Tangga > Rumah Tangga > Peralatan & Perlengkapan Rumah Tangga > PERALATAN RUMAH TANGGA > PERALATAN DAN PENYIMPANAN DI DAPUR > ALAT DAPUR & AKSESORIS DAPUR > CENTONG > CENTONG KUAH (SOUP LADLE),False,UNMAPPED,0.0,0,,UNMAPPED,0.0,,global,0,,,,,,,,,
1729,TEMPAT KECAP,8,45,Perawatan Diri & Rumah Tangga > Rumah Tangga > Peralatan & Perlengkapan Rumah Tangga > PERALATAN RUMAH TANGGA > PERALATAN DAN PENYIMPANAN DI DAPUR > TEMPAT PENYIMPANAN MAKANAN & MINUMAN > TEMPAT PENYIMPANAN MINUMAN / CAIRAN > TEMPAT KECAP,False,UNMAPPED,0.5,1,,UNMAPPED,0.5,,global,1,,,,,,,,,"Makanan, Minuman & Tembakau > Item Makanan > Kondimen & Saus > Kecap"
1769,CANGKIR PLASTIK,8,45,Perawatan Diri & Rumah Tangga > Rumah Tangga > Peralatan & Perlengkapan Rumah Tangga > PERALATAN RUMAH TANGGA > PERALATAN DAN PENYIMPANAN DI DAPUR > PERALATAN MAKAN > CANGKIR > CANGKIR PLASTIK,False,UNMAPPED,0.333,11,,UNMAPPED,0.333,,global,11,,,,,,,,,Seni & Hiburan > Hobi & Seni Kreatif > Seni & Kerajinan > Bahan Seni & Kerajinan > Tekstil > Kanvas Kerajinan > Kanvas Plastik
179,PEREKAT,3,44,Perbaikan Rumah > MATERIAL PERBAIKAN RUMAH > PEREKAT,False,UNMAPPED,0.5,3,,UNMAPPED,0.5,,global,3,,,,,,,,,Bisnis & Industri > Medis > Perlengkapan Medis > Perlengkapan Ostomi > Penghilang Perekat
373,USB,3,44,Alat dan Buku Tulis > PERALATAN UMUM > USB,False,UNMAPPED,0.5,3,,UNMAPPED,0.5,,global,3,,,,,,,,,Bisnis & Industri > Sains & Laboratorium > Peralatan Laboratorium > Mikroskop > Mikroskop USB
960,KUNCI KOMBINASI,4,44,Perbaikan Rumah > ALAT ALAT PERBAIKAN RUMAH > KUNCI > KUNCI KOMBINASI,False,UNMAPPED,0.5,1,,UNMAPPED,0.5,,global,1,,,,,,,,,Rumah & Taman > Keamanan Bisnis & Rumah > Aksesori Brankas Keamanan > Kunci
1474,POPOK (DIAPERS) ANAK & BAYI SEKALI PAKAI (DISPOSABLE) DENGAN PEREKAT,6,44,Keperluan Anak dan Bayi > PERLENGKAPAN ANAK & BAYI > PERLENGKAPAN KEBERSIHAN ANAK & BAYI > POPOK (DIAPERS) ANAK & BAYI > POPOK (DIAPERS) ANAK & BAYI SEKALI PAKAI (DISPOSABLE) > POPOK (DIAPERS) ANAK & BAYI SEKALI PAKAI (DISPOSABLE) DENGAN PEREKAT,True,UNMAPPED,0.375,1,,UNMAPPED,0.375,,global,1,,,,,,,,,Bayi & Balita > Penggantian Popok > Popok > Popok Sekali Pakai
1874,TEMPAT BUMBU,8,44,Perawatan Diri & Rumah Tangga > Rumah Tangga > Peralatan & Perlengkapan Rumah Tangga > PERALATAN RUMAH TANGGA > PERALATAN DAN PENYIMPANAN DI DAPUR > TEMPAT PENYIMPANAN MAKANAN & MINUMAN > TEMPAT PENYIMPANAN MAKANAN > TEMPAT BUMBU,False,UNMAPPED,0.333,34,,UNMAPPED,0.333,,global,34,,,,,,,,,Hewan & Perlengkapan Hewan Piaraan > Perlengkapan Hewan Piaraan > Sistem Penahanan Hewan Piaraan > Tempat Bermain
6,Elektronik,1,43,Elektronik,False,EXACT,1.0,1,Elektronik,EXACT,1.0,exact-raw,vertical,1,el,Elektronik,Electronics,0,False,True,3,Warna | Pola | Sertifikasi keselamatan,
9,Kosmetik dan Alat Kecantikan,1,43,Kosmetik dan Alat Kecantikan,False,FUZZY,0.667,1,Kesehatan & Kecantikan > Perawatan Tubuh > Kosmetik > Alat Kosmetik,FUZZY,0.667,fuzzy-raw,vertical,1,hb-3-2-5,Kesehatan & Kecantikan > Perawatan Tubuh > Kosmetik > Alat Kosmetik,Health & Beauty > Personal Care > Cosmetics > Cosmetic Tools,3,False,True,14,Kandungan Alkohol/Pelarut | Ukuran baterai | Jenis baterai | Warna | Keharuman | Jenis Kayu | Bahan | Pola | Sertifikasi & standar produk | Bentuk produk | Bentuk | Cocok untuk jenis kulit | Jenis penggunaan | Finishing kayu,
25,MATERIAL PERBAIKAN RUMAH,2,43,Perbaikan Rumah > MATERIAL PERBAIKAN RUMAH,False,UNMAPPED,0.5,1,,UNMAPPED,0.5,,global,1,,,,,,,,,Layanan > Layanan Perbaikan Rumah
43,FILE ORGANIZER,2,43,Alat dan Buku Tulis > FILE ORGANIZER,False,UNMAPPED,0.25,3,,UNMAPPED,0.25,,global,3,,,,,,,,,Seni & Hiburan > Hobi & Seni Kreatif > Seni & Kerajinan > Penataan Kerajinan > Organizer Manik-Manik dan Perhiasan
250,SELANG AIR,3,43,"Hobi, Ibadah, dan Olahraga > BERKEBUN > SELANG AIR",False,UNMAPPED,0.5,2,,UNMAPPED,0.5,,global,2,,,,,,,,,"Makanan, Minuman & Tembakau > Minuman > Air"
631,MINYAK ZAITUN,4,43,Makanan dan Minuman > MAKANAN & BAHAN MAKANAN > MINYAK > MINYAK ZAITUN,False,EXACT,1.0,1,"Makanan, Minuman & Tembakau > Item Makanan > Bahan Memasak & Baking > Minyak Goreng > Minyak Zaitun",EXACT,1.0,exact-raw,vertical,1,fb-2-5-12-4,"Makanan, Minuman & Tembakau > Item Makanan > Bahan Memasak & Baking > Minyak Goreng > Minyak Zaitun","Food, Beverages & Tobacco > Food Items > Cooking & Baking Ingredients > Cooking Oils > Olive Oil",4,True,False,4,Informasi alergen | Preferensi diet | Metode pengolahan minyak | Persyaratan penyimpanan,
884,KAPAS KECANTIKAN,4,43,Perawatan Diri & Rumah Tangga > Perawatan Diri > PERAWATAN WAJAH > KAPAS KECANTIKAN,False,UNMAPPED,0.5,1,,UNMAPPED,0.5,,global,1,,,,,,,,,Seni & Hiburan > Hobi & Seni Kreatif > Seni & Kerajinan > Bahan Seni & Kerajinan > Tekstil > Kain > Kapas
1293,TOPI SEKOLAH,4,43,Fashion > SERAGAM & ATRIBUT SEKOLAH > ATRIBUT SEKOLAH & KELENGKAPAN LAINNYA > TOPI SEKOLAH,False,UNMAPPED,0.5,3,,UNMAPPED,0.5,,global,3,,,,,,,,,Busana dan Aksesori > Aksesori Pakaian > Topi
1500,CAIRAN PEMBERSIH KAMAR MANDI & KLOSET (PORSTEX) KEMASAN BOTOL,6,43,Perawatan Diri & Rumah Tangga > Rumah Tangga > BAHAN PEMBERSIH RUMAH > PEMBERSIH KAMAR MANDI > CAIRAN PEMBERSIH KAMAR MANDI & KLOSET (PORSTEX) > CAIRAN PEMBERSIH KAMAR MANDI & KLOSET (PORSTEX) KEMASAN BOTOL,False,UNMAPPED,0.222,6,,UNMAPPED,0.222,,global,6,,,,,,,,,Bisnis & Industri > Medis > Peralatan Medis > Lift Pasien > Lift Kamar Mandi
1508,KARBOL KEMASAN REFILL (POUCH),6,43,Perawatan Diri & Rumah Tangga > Rumah Tangga > BAHAN PEMBERSIH RUMAH > PEMBERSIH LANTAI > KARBOL > KARBOL KEMASAN REFILL (POUCH),False,UNMAPPED,0.2,2,,UNMAPPED,0.2,,global,2,,,,,,,,,"Busana dan Aksesori > Tas Tangan, Dompet & Kotak > Dompet & Klip Uang > Pouch Leher"
1569,TIRAI,6,43,Perawatan Diri & Rumah Tangga > Rumah Tangga > Peralatan & Perlengkapan Rumah Tangga > PERLENGKAPAN RUMAH TANGGA > PERLENGKAPAN KAMAR & KAMAR MANDI > TIRAI,False,EXACT,1.0,1,Rumah & Taman > Dekorasi > Perawatan Jendela > Gorden & Tirai > Tirai,EXACT,1.0,exact-raw,vertical,1,hg-3-74-1-2,Rumah & Taman > Dekorasi > Perawatan Jendela > Gorden & Tirai > Tirai,Home & Garden > Decor > Window Treatments > Curtains & Drapes > Drapes,4,True,False,9,Petunjuk perawatan | Warna | Model kerah gorden | Jenis lapisan gorden | Kain | Kontrol cahaya | Bahan | Jenis pemasangan | Pola,
1799,KEMEJA,5,43,UNUSED > AREA DISPLAY > CARDINAL > CARDINAL NORMAL > KEMEJA,False,AMBIGUOUS,1.0,3,Busana dan Aksesori > Pakaian > Atasan Pakaian > Kemeja,UNMAPPED,0.0,,global,0,,,,,,,,,
642,SAUS SALAD,4,42,Makanan dan Minuman > MAKANAN & BAHAN MAKANAN > SAUS > SAUS SALAD,False,EXACT,1.0,1,"Makanan, Minuman & Tembakau > Item Makanan > Kondimen & Saus > Saus Salad",EXACT,1.0,exact-raw,vertical,1,fb-2-4-18,"Makanan, Minuman & Tembakau > Item Makanan > Kondimen & Saus > Saus Salad","Food, Beverages & Tobacco > Food Items > Condiments & Sauces > Salad Dressing",3,True,False,4,Informasi alergen | Preferensi diet | Jenis saus salad | Persyaratan penyimpanan,
1213,JEANS WANITA,4,42,Fashion > FASHION WANITA > BAWAHAN WANITA > JEANS WANITA,True,UNMAPPED,0.5,1,,EXACT,1.0,exact-stripped,vertical,1,aa-1-25-1-4,Busana dan Aksesori > Pakaian > Pakaian Bayi & Anak > Celana Bayi & Anak > Jeans,Apparel & Accessories > Clothing > Baby & Children's Clothing > Baby & Children's Bottoms > Jeans,4,True,False,8,Fitur pakaian bayi/balita | Warna | Kain | Jenis panjang celana | Pola | Ukuran | Jenis ukuran | Jenis kelamin sasaran,
1433,PENGHARUM RUANGAN ELEKTRIK REFILL SAJA,5,42,Perawatan Diri & Rumah Tangga > Rumah Tangga > PENGHARUM RUANGAN > PENGHARUM RUANGAN ELEKTRIK > PENGHARUM RUANGAN ELEKTRIK REFILL SAJA,False,UNMAPPED,0.25,1,,UNMAPPED,0.25,,global,1,,,,,,,,,Rumah & Taman > Perlengkapan Rumah Tangga > Aksesori Pemadat Sampah > Pengharum Ruangan untuk Mesin Pemadatan Sampah
1477,SABUN CUCI TANGAN CAIR KEMASAN BOTOL,6,42,Perawatan Diri & Rumah Tangga > Perawatan Diri > PERAWATAN BADAN > SABUN CUCI TANGAN > SABUN CUCI TANGAN CAIR > SABUN CUCI TANGAN CAIR KEMASAN BOTOL,False,UNMAPPED,0.5,1,,UNMAPPED,0.5,,global,1,,,,,,,,,Kesehatan & Kecantikan > Perawatan Tubuh > Kosmetik > Mandi & Perawatan Tubuh > Sabun Tangan Cair
20,PERLENGKAPAN ANAK & BAYI,2,41,Keperluan Anak dan Bayi > PERLENGKAPAN ANAK & BAYI,True,UNMAPPED,0.5,11,,UNMAPPED,0.5,,global,11,,,,,,,,,Busana dan Aksesori > Pakaian > Pakaian Bayi & Anak
367,SAMPUL BUKU,3,41,Alat dan Buku Tulis > PERALATAN UMUM > SAMPUL BUKU,False,EXACT,1.0,1,Perlengkapan Kantor > Aksesori Buku > Sampul Buku,EXACT,1.0,exact-raw,vertical,1,os-1-1,Perlengkapan Kantor > Aksesori Buku > Sampul Buku,Office Supplies > Book Accessories > Book Covers,2,True,True,4,Bahan sampul buku | Jenis penutupan | Warna | Pola,
426,KALUNG DEWASA,3,41,Fashion > PERHIASAN DEWASA > KALUNG DEWASA,True,UNMAPPED,0.5,2,,EXACT,1.0,exact-stripped,vertical,1,aa-6-8,Busana dan Aksesori > Perhiasan > Kalung,Apparel & Accessories > Jewelry > Necklaces,2,True,True,8,Kelompok usia | Warna | Bahan perhiasan | Jenis perhiasan | Desain kalung | Jenis panjang kalung | Pola | Jenis kelamin sasaran,
963,KUNCI RING,4,41,Perbaikan Rumah > ALAT ALAT PERBAIKAN RUMAH > KUNCI > KUNCI RING,False,FUZZY,0.667,1,Perkakas > Perpipaan > Perkakas & Suku Cadang Perlengkapan Perpipaan > Pelat Perlengkapan > Pelat Ring Kunci,FUZZY,0.667,fuzzy-raw,vertical,1,ha-10-2-5-2,Perkakas > Perpipaan > Perkakas & Suku Cadang Perlengkapan Perpipaan > Pelat Perlengkapan > Pelat Ring Kunci,Hardware > Plumbing > Plumbing Fixture Hardware & Parts > Fixture Plates > Escutcheon Plates,4,True,False,3,Warna | Bahan perangkat keras | Pola,
1086,KEYBOARD,4,41,Elektronik > ALAT ELEKTRONIK KANTOR & GADGET > PERLENGKAPAN KOMPUTER > KEYBOARD,False,UNMAPPED,0.5,7,,UNMAPPED,0.5,,global,7,,,,,,,,,Elektronik > Aksesori Elektronik > Komponen Komputer > Aksesori Perangkat Input > Tombol & Tutup Kibor > Keycap Keyboard
1270,TAS RANSEL LAPTOP PRIA,4,41,Fashion > TAS & KOPER > TAS PRIA > TAS RANSEL LAPTOP PRIA,True,UNMAPPED,0.5,2,,UNMAPPED,0.5,,global,3,,,,,,,,,"Busana dan Aksesori > Tas Tangan, Dompet & Kotak > Tas Tangan > Tas Ransel Tangan"
24,ALAT ALAT PERBAIKAN RUMAH,2,40,Perbaikan Rumah > ALAT ALAT PERBAIKAN RUMAH,False,UNMAPPED,0.5,2,,UNMAPPED,0.5,,global,2,,,,,,,,,Elektronik > Komunikasi > Teleponi > Aksesori Ponsel & Ponsel Pintar > Alat Perbaikan Ponsel
167,SCRAPPER (KAPE),3,40,Perbaikan Rumah > ALAT ALAT PERBAIKAN RUMAH > SCRAPPER (KAPE),False,UNMAPPED,0.0,0,,UNMAPPED,0.0,,global,0,,,,,,,,,
382,KIPAS TANGAN LIPAT,3,40,Fashion > AKSESORIS FASHION DEWASA > KIPAS TANGAN LIPAT,False,UNMAPPED,0.333,1,,UNMAPPED,0.333,,global,1,,,,,,,,,Rumah & Taman > Peralatan Rumah Tangga > Peralatan Kontrol Iklim > Kipas
410,KACAMATA ANAK,3,40,Fashion > KACAMATA > KACAMATA ANAK,True,UNMAPPED,0.5,1,,EXACT,1.0,exact-stripped,global,1,hb-3-19-4,Kesehatan & Kecantikan > Perawatan Tubuh > Perawatan Penglihatan > Kacamata,Health & Beauty > Personal Care > Vision Care > Eyeglasses,3,True,False,23,Kelompok usia | Warna | Konstruksi | Bahan hiasan/trim | Warna bingkai kacamata | Desain bingkai kacamata | Bahan bingkai kacamata | Pola bingkai kacamata | Bentuk bingkai kacamata | Jenis engsel kacamata | Bahan lensa kacamata | Bahan perhiasan | Pelapis lensa | Warna lensa | Pola lensa | Jenis lensa | Bahan | Desain bingkai optik | Pola | Sterilitas produk | Jenis kelamin sasaran | Warna pelipis | Pola pelipis,
588,IKAN & SEAFOOD BEKU,4,40,Makanan dan Minuman > MAKANAN & BAHAN MAKANAN > MAKANAN BEKU > IKAN & SEAFOOD BEKU,False,UNMAPPED,0.25,8,,UNMAPPED,0.25,,global,8,,,,,,,,,Hewan & Perlengkapan Hewan Piaraan > Perlengkapan Hewan Piaraan > Perlengkapan Ikan & Akuatik > Makanan Ikan
640,MAYONES,4,40,Makanan dan Minuman > MAKANAN & BAHAN MAKANAN > SAUS > MAYONES,False,EXACT,1.0,1,"Makanan, Minuman & Tembakau > Item Makanan > Kondimen & Saus > Mayones",EXACT,1.0,exact-raw,vertical,1,fb-2-4-11,"Makanan, Minuman & Tembakau > Item Makanan > Kondimen & Saus > Mayones","Food, Beverages & Tobacco > Food Items > Condiments & Sauces > Mayonnaise",3,True,False,3,Informasi alergen | Preferensi diet | Persyaratan penyimpanan,
953,PENGHARUM RUANGAN GANTUNG,4,40,Perawatan Diri & Rumah Tangga > Rumah Tangga > PENGHARUM RUANGAN > PENGHARUM RUANGAN GANTUNG,False,UNMAPPED,0.333,1,,UNMAPPED,0.333,,global,1,,,,,,,,,Rumah & Taman > Perlengkapan Rumah Tangga > Aksesori Pemadat Sampah > Pengharum Ruangan untuk Mesin Pemadatan Sampah
1097,KABEL LAN,4,40,Elektronik > ALAT ELEKTRONIK KANTOR & GADGET > SUKU CADANG KOMPUTER > KABEL LAN,False,UNMAPPED,0.5,2,,UNMAPPED,0.5,,global,2,,,,,,,,,Elektronik > Aksesori Elektronik > Kabel
1414,PELICIN PAKAIAN KEMASAN REFILL (POUCH),5,40,Perawatan Diri & Rumah Tangga > Rumah Tangga > BAHAN LAUNDRY > PELICIN PAKAIAN  > PELICIN PAKAIAN KEMASAN REFILL (POUCH),False,UNMAPPED,0.2,1,,UNMAPPED,0.2,,global,1,,,,,,,,,Busana dan Aksesori > Pakaian
1504,CAIRAN PEMBERSIH LANTAI KEMASAN BOTOL,6,40,Perawatan Diri & Rumah Tangga > Rumah Tangga > BAHAN PEMBERSIH RUMAH > PEMBERSIH LANTAI > CAIRAN PEMBERSIH LANTAI > CAIRAN PEMBERSIH LANTAI KEMASAN BOTOL,False,UNMAPPED,0.4,1,,UNMAPPED,0.4,,global,1,,,,,,,,,Rumah & Taman > Peralatan Rumah Tangga > Pembersih Lantai & Uap > Pembersih Lantai
130,PERLENGKAPAN ANAK & BAYI LAINNYA ,3,39,Keperluan Anak dan Bayi > PERLENGKAPAN ANAK & BAYI > PERLENGKAPAN ANAK & BAYI LAINNYA ,True,UNMAPPED,0.5,11,,UNMAPPED,0.5,,global,11,,,,,,,,,Busana dan Aksesori > Pakaian > Pakaian Bayi & Anak
148,ANTI HAMA & SERANGGA,3,39,Perawatan Diri & Rumah Tangga > Rumah Tangga > ANTI HAMA & SERANGGA,False,UNMAPPED,0.5,2,,UNMAPPED,0.5,,global,2,,,,,,,,,Busana dan Aksesori > Aksesori Pakaian > Gelang Tangan > Gelang Anti Serangga
205,PERAWATAN MOBIL,3,39,"Hobi, Ibadah, dan Olahraga > Perawatan & Suku Cadang Mobil > PERAWATAN MOBIL",False,FUZZY,0.667,1,Layanan > Layanan Otomotif > Perbaikan & Perawatan Mobil,FUZZY,0.667,fuzzy-raw,global,1,se-1-3,Layanan > Layanan Otomotif > Perbaikan & Perawatan Mobil,Services > Automotive Services > Car Repair & Maintenance,2,True,True,0,,
368,SELOTIP,3,39,Alat dan Buku Tulis > PERALATAN UMUM > SELOTIP,False,UNMAPPED,0.5,5,,UNMAPPED,0.5,,global,5,,,,,,,,,Perlengkapan Kantor > Perlengkapan Kantor Umum > Selotip Kantor
425,GELANG DEWASA,3,39,Fashion > PERHIASAN DEWASA > GELANG DEWASA,True,UNMAPPED,0.5,2,,EXACT,1.0,exact-stripped,vertical,1,aa-6-3,Busana dan Aksesori > Perhiasan > Gelang,Apparel & Accessories > Jewelry > Bracelets,2,True,True,8,Kelompok usia | Desain gelang | Warna | Bahan perhiasan | Jenis perhiasan | Desain kalung | Pola | Jenis kelamin sasaran,
543,POPCORN,4,39,Makanan dan Minuman > MAKANAN KECIL  > KACANG DAN SNACK LAINNYA > POPCORN,False,EXACT,1.0,1,"Makanan, Minuman & Tembakau > Item Makanan > Makanan Ringan > Popcorn",EXACT,1.0,exact-raw,vertical,1,fb-2-17-9,"Makanan, Minuman & Tembakau > Item Makanan > Makanan Ringan > Popcorn","Food, Beverages & Tobacco > Food Items > Snack Foods > Popcorn",3,False,True,5,Informasi alergen | Preferensi diet | Bentuk popcorn | Varietas biji jagung popcorn | Persyaratan penyimpanan,
867,BANTAL ANAK & BAYI,4,39,Keperluan Anak dan Bayi > PERLENGKAPAN ANAK & BAYI > PERLENGKAPAN TIDUR ANAK & BAYI > BANTAL ANAK & BAYI,True,UNMAPPED,0.5,11,,UNMAPPED,0.5,,global,12,,,,,,,,,Busana dan Aksesori > Pakaian > Pakaian Bayi & Anak
1218,STOCKING WANITA,4,39,Fashion > FASHION WANITA > BAWAHAN WANITA > STOCKING WANITA,True,UNMAPPED,0.25,3,,UNMAPPED,0.25,,global,3,,,,,,,,,Busana dan Aksesori > Pakaian > Lingeri > Celana Dalam Wanita
1653,RAK PENGERING PIRING,7,39,Perawatan Diri & Rumah Tangga > Rumah Tangga > Peralatan & Perlengkapan Rumah Tangga > PERALATAN RUMAH TANGGA > PERALATAN DAN PENYIMPANAN DI DAPUR > ALAT DAPUR & AKSESORIS DAPUR > RAK PENGERING PIRING,False,FUZZY,0.667,1,Rumah & Taman > Dapur & Ruang Makan > Peralatan & Perlengkapan Dapur > Rak Piring & Papan Peniris > Rak Piring,FUZZY,0.667,fuzzy-raw,vertical,1,hg-11-8-22-1,Rumah & Taman > Dapur & Ruang Makan > Peralatan & Perlengkapan Dapur > Rak Piring & Papan Peniris > Rak Piring,Home & Garden > Kitchen & Dining > Kitchen Tools & Utensils > Dish Racks & Drain Boards > Dish Racks,4,True,False,10,Petunjuk pembersihan | Warna | Fitur | Jenis Kayu | Bahan | Jenis pemasangan | Pola | Penempatan yang didukung | Bahan alat/perkakas | Finishing kayu,
1678,SENDOK,7,39,Perawatan Diri & Rumah Tangga > Rumah Tangga > Peralatan & Perlengkapan Rumah Tangga > PERALATAN RUMAH TANGGA > PERALATAN DAN PENYIMPANAN DI DAPUR > PERALATAN MAKAN > SENDOK,False,EXACT,1.0,1,Rumah & Taman > Dapur & Ruang Makan > Peralatan Makan > Peralatan Makan > Sendok,EXACT,1.0,exact-raw,vertical,1,hg-11-10-6-6,Rumah & Taman > Dapur & Ruang Makan > Peralatan Makan > Peralatan Makan > Sendok,Home & Garden > Kitchen & Dining > Tableware > Flatware > Spoons,4,False,True,12,Ukuran aksesori | Petunjuk pembersihan | Warna | Konstruksi | Bahan hiasan/trim | Finis | Bahan peralatan makan | Bahan pegangan | Jenis Kayu | Pola | Bahan peralatan makan | Finishing kayu,
1699,KOREK API GAS,8,39,Perawatan Diri & Rumah Tangga > Rumah Tangga > Peralatan & Perlengkapan Rumah Tangga > PERALATAN RUMAH TANGGA > PERALATAN DAN PENYIMPANAN DI DAPUR > ALAT DAPUR & AKSESORIS DAPUR > KOREK API > KOREK API GAS,False,UNMAPPED,0.25,12,,UNMAPPED,0.25,,global,12,,,,,,,,,Seni & Hiburan > Hobi & Seni Kreatif > Barang Koleksi > Model Skala > Kereta Api
1701,NAMPAN PLASTIK,8,39,Perawatan Diri & Rumah Tangga > Rumah Tangga > Peralatan & Perlengkapan Rumah Tangga > PERALATAN RUMAH TANGGA > PERALATAN DAN PENYIMPANAN DI DAPUR > ALAT DAPUR & AKSESORIS DAPUR > NAMPAN > NAMPAN PLASTIK,False,UNMAPPED,0.333,3,,UNMAPPED,0.333,,global,3,,,,,,,,,Seni & Hiburan > Hobi & Seni Kreatif > Seni & Kerajinan > Bahan Seni & Kerajinan > Tekstil > Kanvas Kerajinan > Kanvas Plastik
1719,PANCI SAYUR,8,39,Perawatan Diri & Rumah Tangga > Rumah Tangga > Peralatan & Perlengkapan Rumah Tangga > PERALATAN RUMAH TANGGA > PERALATAN DAN PENYIMPANAN DI DAPUR > ALAT MASAK > PANCI > PANCI SAYUR,False,UNMAPPED,0.5,1,,UNMAPPED,0.5,,global,1,,,,,,,,,Rumah & Taman > Dapur & Ruang Makan > Aksesori Peralatan Dapur > Aksesori Pembuat Yoghurt > Panci
214,KAIN FELT,3,38,"Hobi, Ibadah, dan Olahraga > MENJAHIT > KAIN FELT",False,UNMAPPED,0.5,1,,UNMAPPED,0.5,,global,1,,,,,,,,,Seni & Hiburan > Hobi & Seni Kreatif > Seni & Kerajinan > Bahan Seni & Kerajinan > Tekstil > Kain
324,FRAME FOTO,3,38,Alat dan Buku Tulis > DEKORASI & KELENGKAPAN PESTA > FRAME FOTO,False,UNMAPPED,0.5,1,,UNMAPPED,0.5,,global,1,,,,,,,,,"Rumah & Taman > Dekorasi > Karya Seni > Poster, Cetakan & Karya Seni Visual > Foto"
520,KOPI RTD KEMASAN BOTOL/ PACK,4,38,"Makanan dan Minuman > COKLAT, KOPI & TEH > KOPI INSTAN (RTD) > KOPI RTD KEMASAN BOTOL/ PACK",False,UNMAPPED,0.2,2,,UNMAPPED,0.2,,global,2,,,,,,,,,"Makanan, Minuman & Tembakau > Minuman > Kopi"
648,SELAI,4,38,Makanan dan Minuman > MAKANAN & BAHAN MAKANAN > SELAI & OLESAN > SELAI,False,UNMAPPED,0.5,2,,UNMAPPED,0.5,,global,2,,,,,,,,,"Makanan, Minuman & Tembakau > Item Makanan > Cocolan & Olesan > Selai & Jeli"
673,KURMA,4,38,Makanan dan Minuman > FRESH > BUAH > KURMA,False,EXACT,1.0,1,"Makanan, Minuman & Tembakau > Item Makanan > Buah & Sayur > Buah Segar & Beku > Kurma",EXACT,1.0,exact-raw,vertical,1,fb-2-10-7-12,"Makanan, Minuman & Tembakau > Item Makanan > Buah & Sayur > Buah Segar & Beku > Kurma","Food, Beverages & Tobacco > Food Items > Fruits & Vegetables > Fresh & Frozen Fruits > Dates",4,True,False,6,Informasi alergen | Variasi tanggal | Preferensi diet | Bentuk produk makanan | Gaya potongan buah | Persyaratan penyimpanan,
1385,MINYAK KAYU PUTIH,5,38,Perawatan Diri & Rumah Tangga > Perawatan Diri > OBAT-OBATAN > PEREDA NYERI & OBAT LUAR > MINYAK KAYU PUTIH,False,UNMAPPED,0.25,53,,UNMAPPED,0.25,,global,53,,,,,,,,,Hewan & Perlengkapan Hewan Piaraan > Perlengkapan Hewan Piaraan > Vitamin & Suplemen Hewan Piaraan > Minyak Ikan
1470,KECAP MANIS KEMASAN REFILL (POUCH),6,38,Makanan dan Minuman > MAKANAN & BAHAN MAKANAN > SAUS > KECAP > KECAP MANIS > KECAP MANIS KEMASAN REFILL (POUCH),False,UNMAPPED,0.2,1,,UNMAPPED,0.2,,global,1,,,,,,,,,"Makanan, Minuman & Tembakau > Item Makanan > Kondimen & Saus > Kecap"
1596,SAPU NILON,7,38,Perawatan Diri & Rumah Tangga > Rumah Tangga > Peralatan & Perlengkapan Rumah Tangga > PERALATAN RUMAH TANGGA > PERALATAN KEBERSIHAN RUMAH TANGGA > SAPU > SAPU NILON,False,UNMAPPED,0.5,1,,UNMAPPED,0.5,,global,1,,,,,,,,,Rumah & Taman > Perlengkapan Rumah Tangga > Perlengkapan Pembersih Rumah Tangga > Sapu
1601,SIKAT CUCI BAJU,7,38,Perawatan Diri & Rumah Tangga > Rumah Tangga > Peralatan & Perlengkapan Rumah Tangga > PERALATAN RUMAH TANGGA > PERALATAN KEBERSIHAN RUMAH TANGGA > SIKAT > SIKAT CUCI BAJU,False,UNMAPPED,0.5,1,,UNMAPPED,0.5,,global,1,,,,,,,,,"Kendaraan & Suku Cadang > Suku Cadang & Aksesori Kendaraan > Pemeliharaan, Perawatan & Dekorasi Kendaraan > Pembersihan Kendaraan > Sikat Cuci Mobil"
1610,TISU GULUNG,7,38,Perawatan Diri & Rumah Tangga > Rumah Tangga > Peralatan & Perlengkapan Rumah Tangga > PERALATAN RUMAH TANGGA > PERALATAN KEBERSIHAN RUMAH TANGGA > TISU > TISU GULUNG,False,UNMAPPED,0.333,8,,UNMAPPED,0.333,,global,8,,,,,,,,,Seni & Hiburan > Pesta & Perayaan > Pemberian Hadiah > Bungkus Kado > Kertas Tisu
1667,KOMPOR GAS,7,38,Perawatan Diri & Rumah Tangga > Rumah Tangga > Peralatan & Perlengkapan Rumah Tangga > PERALATAN RUMAH TANGGA > PERALATAN DAN PENYIMPANAN DI DAPUR > ALAT MASAK > KOMPOR GAS,False,UNMAPPED,0.5,1,,UNMAPPED,0.5,,global,1,,,,,,,,,Rumah & Taman > Dapur & Ruang Makan > Peralatan Dapur > Kompor
1731,KERANJANG ANYAMAN,8,38,Perawatan Diri & Rumah Tangga > Rumah Tangga > Peralatan & Perlengkapan Rumah Tangga > PERALATAN RUMAH TANGGA > PERALATAN DAN PENYIMPANAN DI DAPUR > KERANJANG & TEMPAT SAMPAH > KERANJANG DAPUR > KERANJANG ANYAMAN,False,UNMAPPED,0.5,2,,UNMAPPED,0.5,,global,2,,,,,,,,,Hewan & Perlengkapan Hewan Piaraan > Perlengkapan Hewan Piaraan > Tempat Tidur Hewan Piaraan > Keranjang
1767,CANGKIR KERAMIK,8,38,Perawatan Diri & Rumah Tangga > Rumah Tangga > Peralatan & Perlengkapan Rumah Tangga > PERALATAN RUMAH TANGGA > PERALATAN DAN PENYIMPANAN DI DAPUR > PERALATAN MAKAN > CANGKIR > CANGKIR KERAMIK,False,UNMAPPED,0.333,9,,UNMAPPED,0.333,,global,9,,,,,,,,,Seni & Hiburan > Hobi & Seni Kreatif > Aksesori Alat Musik & Orkestra > Aksesori Alat Musik Tiup Logam > Peredam Alat Musik Tiup Logam > Peredam Cangkir
1803,FORMAL,5,38,UNUSED > AREA DISPLAY > CARDINAL > CARDINAL NORMAL > FORMAL,False,UNMAPPED,0.5,1,,UNMAPPED,0.0,,global,0,,,,,,,,,
1850,SAMBAL KEMASAN JAR,6,38,Makanan dan Minuman > MAKANAN & BAHAN MAKANAN > SAUS > SAOS  PEDAS & SAMBAL > SAOS SAMBAL > SAMBAL KEMASAN JAR,False,UNMAPPED,0.2,1,,UNMAPPED,0.2,,global,1,,,,,,,,,Kesehatan & Kecantikan > Perawatan Tubuh > Kosmetik > Alat Kosmetik > Kemasan dan Wadah Kosmetik
8,Fashion,1,37,Fashion,False,UNMAPPED,0.0,0,,UNMAPPED,0.0,,global,0,,,,,,,,,
156,GERGAJI,3,37,Perbaikan Rumah > ALAT ALAT PERBAIKAN RUMAH > GERGAJI,False,EXACT,1.0,1,Perkakas > Peralatan > Gergaji,EXACT,1.0,exact-raw,vertical,1,ha-15-62,Perkakas > Peralatan > Gergaji,Hardware > Tools > Saws,2,False,True,3,Warna | Pola | Cocok untuk jenis bahan,
604,KORNET,4,37,Makanan dan Minuman > MAKANAN & BAHAN MAKANAN > MAKANAN DALAM KEMASAN & KALENG > KORNET,False,EXACT,1.0,1,Seni & Hiburan > Hobi & Seni Kreatif > Alat Musik > Alat Musik Tiup Logam > Trompet & Kornet > Kornet,EXACT,1.0,exact-raw,global,1,ae-2-8-3-5-1,Seni & Hiburan > Hobi & Seni Kreatif > Alat Musik > Alat Musik Tiup Logam > Trompet & Kornet > Kornet,Arts & Entertainment > Hobbies & Creative Arts > Musical Instruments > Brass Instruments > Trumpets & Cornets > Cornets,5,True,False,5,Ukuran lonceng | Konfigurasi katup alat musik tiup logam | Jenis tangkai mouthpiece kornet | Bahan alat musik | Nada penalaan,
1121,ALAT CUTTER,4,37,Alat dan Buku Tulis > PERALATAN UMUM > CUTTER & REFILL > ALAT CUTTER,False,UNMAPPED,0.333,37,,UNMAPPED,0.333,,global,37,,,,,,,,,Seni & Hiburan > Hobi & Seni Kreatif > Seni & Kerajinan > Alat Seni & Kerajinan > Alat Benang & Benang Rajut > Card & Sikat Serat > Alat Teasing
1553,LEMARI PENYIMPANAN SUSUN,6,37,Perawatan Diri & Rumah Tangga > Rumah Tangga > Peralatan & Perlengkapan Rumah Tangga > PERALATAN RUMAH TANGGA > PERALATAN DAN PENYIMPANAN PAKAIAN DAN CUCIAN > LEMARI PENYIMPANAN SUSUN,False,AMBIGUOUS,0.667,2,Furnitur > Lemari & Penyimpanan,AMBIGUOUS,0.667,fuzzy-raw,vertical,2,,,,,,,,,
1720,PANCI SUSU,8,37,Perawatan Diri & Rumah Tangga > Rumah Tangga > Peralatan & Perlengkapan Rumah Tangga > PERALATAN RUMAH TANGGA > PERALATAN DAN PENYIMPANAN DI DAPUR > ALAT MASAK > PANCI > PANCI SUSU,False,UNMAPPED,0.5,3,,UNMAPPED,0.5,,global,3,,,,,,,,,"Makanan, Minuman & Tembakau > Minuman > Susu"
1724,ZIPPER BAG,8,37,Perawatan Diri & Rumah Tangga > Rumah Tangga > Peralatan & Perlengkapan Rumah Tangga > PERALATAN RUMAH TANGGA > PERALATAN DAN PENYIMPANAN DI DAPUR > TEMPAT PENYIMPANAN MAKANAN & MINUMAN > TEMPAT PENYIMPANAN MAKANAN > ZIPPER BAG,False,UNMAPPED,0.25,3,,UNMAPPED,0.25,,global,3,,,,,,,,,Furnitur > Kursi > Kursi Bean Bag
1841,CLIPBOARD,3,37,Alat dan Buku Tulis > ALAT TULIS > CLIPBOARD,False,UNMAPPED,0.0,0,,UNMAPPED,0.0,,global,0,,,,,,,,,
219,PENITI,3,36,"Hobi, Ibadah, dan Olahraga > MENJAHIT > PENITI",False,EXACT,1.0,1,Seni & Hiburan > Hobi & Seni Kreatif > Seni & Kerajinan > Alat Seni & Kerajinan > Peniti,EXACT,1.0,exact-raw,vertical,1,ae-2-1-4-14,Seni & Hiburan > Hobi & Seni Kreatif > Seni & Kerajinan > Alat Seni & Kerajinan > Peniti,Arts & Entertainment > Hobbies & Creative Arts > Arts & Crafts > Art & Crafting Tools > Safety Pins,4,True,False,2,Bahan alat seni/kerajinan | Ukuran peniti,
314,BUKU ROHANI,3,36,Alat dan Buku Tulis > BUKU BACAAN > BUKU ROHANI,False,UNMAPPED,0.5,1,,UNMAPPED,0.5,,global,1,,,,,,,,,Media > Buku
554,TEPUNG KUE INSTANT,4,36,Makanan dan Minuman > MAKANAN & BAHAN MAKANAN > BAHAN KUE > TEPUNG KUE INSTANT,False,UNMAPPED,0.333,2,,UNMAPPED,0.333,,global,2,,,,,,,,,"Makanan, Minuman & Tembakau > Item Makanan > Bakeri > Kue & Hidangan Pencuci Mulut > Kue"
818,SIKAT BOTOL SUSU & DOT,4,36,Keperluan Anak dan Bayi > PERALATAN UNTUK ANAK & BAYI > PERALATAN KEBERSIHAN ANAK & BAYI > SIKAT BOTOL SUSU & DOT,False,UNMAPPED,0.4,1,,UNMAPPED,0.4,,global,1,,,,,,,,,Bayi & Balita > Perawatan & Pemberian Makan > Kebutuhan Pokok Pemberian Makan > Dot & Pelapis Botol Bayi > Dot Botol Bayi
1179,CELANA BOXER,4,36,Fashion > FASHION PRIA > PAKAIAN DALAM PRIA > CELANA BOXER,False,AMBIGUOUS,0.667,4,Busana dan Aksesori > Pakaian > Pakaian Bayi & Anak > Pakaian Dalam Bayi & Anak > Pakaian Dalam Balita > Celana Dalam Boxer,AMBIGUOUS,0.667,fuzzy-raw,vertical,4,,,,,,,,,
1185,KAUS POLO WANITA,4,36,Fashion > FASHION WANITA > ATASAN WANITA > KAUS POLO WANITA,True,UNMAPPED,0.5,1,,UNMAPPED,0.5,,global,3,,,,,,,,,Busana dan Aksesori > Pakaian > Pakaian Bayi & Anak > Atasan Bayi & Anak > Polo
1297,SERAGAM PANGSI,4,36,Fashion > SERAGAM & ATRIBUT SEKOLAH > SERAGAM SEKOLAH > SERAGAM PANGSI,False,UNMAPPED,0.333,8,,UNMAPPED,0.333,,global,8,,,,,,,,,Busana dan Aksesori > Pakaian > Seragam & Pakaian Kerja > Seragam Pendeta
1586,KAIN MICROFIBER,7,36,Perawatan Diri & Rumah Tangga > Rumah Tangga > Peralatan & Perlengkapan Rumah Tangga > PERALATAN RUMAH TANGGA > PERALATAN KEBERSIHAN RUMAH TANGGA > KAIN UNTUK LAP & PEL > KAIN MICROFIBER,False,UNMAPPED,0.5,1,,UNMAPPED,0.5,,global,1,,,,,,,,,Seni & Hiburan > Hobi & Seni Kreatif > Seni & Kerajinan > Bahan Seni & Kerajinan > Tekstil > Kain
1737,SENDOK STAINLESS ,8,36,Perawatan Diri & Rumah Tangga > Rumah Tangga > Peralatan & Perlengkapan Rumah Tangga > PERALATAN RUMAH TANGGA > PERALATAN DAN PENYIMPANAN DI DAPUR > PERALATAN MAKAN > SENDOK > SENDOK STAINLESS ,False,UNMAPPED,0.5,1,,UNMAPPED,0.5,,global,1,,,,,,,,,Rumah & Taman > Dapur & Ruang Makan > Peralatan Makan > Peralatan Makan > Sendok
181,SEAL TAPE,3,35,Perbaikan Rumah > MATERIAL PERBAIKAN RUMAH > SEAL TAPE,False,UNMAPPED,0.333,3,,UNMAPPED,0.333,,global,3,,,,,,,,,"Elektronik > Cetak, Salin, Pindai & Faks > Aksesori Printer 3D > Build Tape"
220,PITA,3,35,"Hobi, Ibadah, dan Olahraga > MENJAHIT > PITA",False,UNMAPPED,0.5,27,,UNMAPPED,0.5,,global,27,,,,,,,,,Seni & Hiburan > Hobi & Seni Kreatif > Seni & Kerajinan > Bahan Seni & Kerajinan > Perekat & Magnet Kerajinan > Pita Dekoratif
276,ANTENA TV,3,35,Elektronik > ALAT ELEKTRONIK RUMAH LAINNYA > ANTENA TV,False,EXACT,1.0,1,Elektronik > Aksesori Elektronik > Antena > Antena TV,EXACT,1.0,exact-raw,vertical,1,el-7-3-6,Elektronik > Aksesori Elektronik > Antena > Antena TV,Electronics > Electronics Accessories > Antennas > TV Antennas,3,True,False,12,Tipe konektor RF antena | Jenis antena | Warna | Gender konektor | Antarmuka perangkat | Pita frekuensi/radio yang didukung | Peringkat ingress protection (IP) | Bahan | Jenis pemasangan | Pola | Polarisasi | Sumber listrik,
379,DASI DEWASA,3,35,Fashion > AKSESORIS FASHION DEWASA > DASI DEWASA,True,UNMAPPED,0.5,2,,EXACT,1.0,exact-stripped,vertical,1,aa-2-23,Busana dan Aksesori > Aksesori Pakaian > Dasi,Apparel & Accessories > Clothing Accessories > Neckties,2,False,True,8,Item aksesori yang disertakan | Ukuran aksesori | Kelompok usia | Warna | Kain | Pola | Jenis kelamin sasaran | Tenun/finishing,
385,ROLL (GULUNGAN) RAMBUT DEWASA,3,35,Fashion > AKSESORIS FASHION DEWASA > ROLL (GULUNGAN) RAMBUT DEWASA,True,UNMAPPED,0.25,1,,UNMAPPED,0.25,,global,22,,,,,,,,,Busana dan Aksesori > Aksesori Pakaian > Aksesori Rambut
497,TENDA,3,35,Mainan dan Alat Lainnya > ALAT LAINNYA > TENDA,False,EXACT,1.0,1,Peralatan Olahraga > Rekreasi Luar Ruang > Berkemah & Hiking > Tenda,EXACT,1.0,exact-raw,vertical,1,sg-4-2-17,Peralatan Olahraga > Rekreasi Luar Ruang > Berkemah & Hiking > Tenda,Sporting Goods > Outdoor Recreation > Camping & Hiking > Tents,3,False,True,4,Warna | Pola | Mekanisme pengaturan | Kompatibilitas lubang cerobong asap,
523,KOPI KEMASAN PACK,5,35,"Makanan dan Minuman > COKLAT, KOPI & TEH > KOPI MENTAH > KOPI BUBUK > KOPI KEMASAN PACK",False,UNMAPPED,0.333,1,,UNMAPPED,0.333,,global,1,,,,,,,,,"Makanan, Minuman & Tembakau > Minuman > Kopi"
858,WASLAP MANDI ANAK & BAYI,4,35,Keperluan Anak dan Bayi > PERLENGKAPAN ANAK & BAYI > PERLENGKAPAN MANDI ANAK & BAYI > WASLAP MANDI ANAK & BAYI,True,UNMAPPED,0.5,1,,UNMAPPED,0.5,,global,1,,,,,,,,,Bayi & Balita > Mandi Bayi
1256,SEPATU FLAT DAN SEPATU BALET ANAK PEREMPUAN,4,35,Fashion > SEPATU ANAK & BAYI > SEPATU ANAK & BAYI PEREMPUAN > SEPATU FLAT DAN SEPATU BALET ANAK PEREMPUAN,True,UNMAPPED,0.333,1,,UNMAPPED,0.333,,global,2,,,,,,,,,Busana dan Aksesori > Sepatu
1329,MAKARONI,5,35,Makanan dan Minuman > MAKANAN KECIL  > KACANG DAN SNACK LAINNYA > JAJANAN TRADISIONAL > MAKARONI,False,UNMAPPED,0.0,0,,UNMAPPED,0.0,,global,0,,,,,,,,,
1380,GEL/KRIM PEREDA NYERI,5,35,Perawatan Diri & Rumah Tangga > Perawatan Diri > OBAT-OBATAN > PEREDA NYERI & OBAT LUAR > GEL/KRIM PEREDA NYERI,False,UNMAPPED,0.5,1,,UNMAPPED,0.5,,global,1,,,,,,,,,Hewan & Perlengkapan Hewan Piaraan > Perlengkapan Hewan Piaraan > Obat Hewan Piaraan > Pereda Nyeri
1547,ALAS SETRIKAAN,6,35,Perawatan Diri & Rumah Tangga > Rumah Tangga > Peralatan & Perlengkapan Rumah Tangga > PERALATAN RUMAH TANGGA > PERALATAN DAN PENYIMPANAN PAKAIAN DAN CUCIAN > ALAS SETRIKAAN,False,UNMAPPED,0.333,17,,UNMAPPED,0.333,,global,17,,,,,,,,,Seni & Hiburan > Hobi & Seni Kreatif > Seni & Kerajinan > Alat Seni & Kerajinan > Alas Potong
1669,PANCI,7,35,Perawatan Diri & Rumah Tangga > Rumah Tangga > Peralatan & Perlengkapan Rumah Tangga > PERALATAN RUMAH TANGGA > PERALATAN DAN PENYIMPANAN DI DAPUR > ALAT MASAK > PANCI,False,EXACT,1.0,1,Rumah & Taman > Dapur & Ruang Makan > Aksesori Peralatan Dapur > Aksesori Pembuat Yoghurt > Panci,EXACT,1.0,exact-raw,vertical,1,hg-11-6-32-3,Rumah & Taman > Dapur & Ruang Makan > Aksesori Peralatan Dapur > Aksesori Pembuat Yoghurt > Panci,Home & Garden > Kitchen & Dining > Kitchen Appliance Accessories > Yogurt Maker Accessories > Pots,4,True,False,6,Petunjuk pembersihan | Warna | Jenis tutup | Bahan | Pola | Sertifikasi & standar produk,
203,AKSESORIS MOBIL,3,34,"Hobi, Ibadah, dan Olahraga > Perawatan & Suku Cadang Mobil > AKSESORIS MOBIL",False,UNMAPPED,0.5,2,,UNMAPPED,0.5,,global,2,,,,,,,,,Seni & Hiburan > Hobi & Seni Kreatif > Barang Koleksi > Model Skala > Mobil
605,MAKANAN SIAP SAJI,4,34,Makanan dan Minuman > MAKANAN & BAHAN MAKANAN > MAKANAN DALAM KEMASAN & KALENG > MAKANAN SIAP SAJI,False,FUZZY,0.6,1,"Makanan, Minuman & Tembakau > Item Makanan > Makanan Olahan > Makanan Penutup & Manisan Siap Saji",FUZZY,0.6,fuzzy-raw,vertical,1,fb-2-15-3,"Makanan, Minuman & Tembakau > Item Makanan > Makanan Olahan > Makanan Penutup & Manisan Siap Saji","Food, Beverages & Tobacco > Food Items > Prepared Foods > Prepared Desserts & Sweets",3,True,False,6,Informasi alergen | Preferensi diet | Bentuk produk makanan | Petunjuk pemanasan | Hidangan makan | Persyaratan penyimpanan,
961,KUNCI L,4,34,Perbaikan Rumah > ALAT ALAT PERBAIKAN RUMAH > KUNCI > KUNCI L,False,UNMAPPED,0.5,1,,UNMAPPED,0.5,,global,1,,,,,,,,,Rumah & Taman > Keamanan Bisnis & Rumah > Aksesori Brankas Keamanan > Kunci
1041,KACAMATA RENANG,4,34,"Hobi, Ibadah, dan Olahraga > OLAHRAGA > PERALATAN & PERLENGKAPAN RENANG > KACAMATA RENANG",False,EXACT,1.0,1,Peralatan Olahraga > Rekreasi Luar Ruang > Olahraga Air & Berperahu > Renang > Masker & Kacamata Renang > Kacamata Renang,EXACT,1.0,exact-raw,vertical,1,sg-4-1-6-9-1,Peralatan Olahraga > Rekreasi Luar Ruang > Olahraga Air & Berperahu > Renang > Masker & Kacamata Renang > Kacamata Renang,Sporting Goods > Outdoor Recreation > Boating & Water Sports > Swimming > Swim Goggles & Masks > Swim Goggles,5,True,False,12,Ukuran aksesori | Kelompok usia | Warna bingkai kacamata | Bahan bingkai kacamata | Pola bingkai kacamata | Warna lensa kacamata | Bahan lensa kacamata | Pola lensa kacamata | Bahan gasket kacamata pelindung | Bahan tali kacamata pelindung | Jenis bridge hidung | Jenis kelamin sasaran,
1577,REFILL UNTUK FLOOR MOP PEL,7,34,Perawatan Diri & Rumah Tangga > Rumah Tangga > Peralatan & Perlengkapan Rumah Tangga > PERALATAN RUMAH TANGGA > PERALATAN KEBERSIHAN RUMAH TANGGA > FLOOR MOP > REFILL UNTUK FLOOR MOP PEL,False,UNMAPPED,0.25,1,,UNMAPPED,0.25,,global,1,,,,,,,,,Rumah & Taman > Perlengkapan Rumah Tangga > Perlengkapan Pembersih Rumah Tangga > Pel
1588,KAIN SERBET,7,34,Perawatan Diri & Rumah Tangga > Rumah Tangga > Peralatan & Perlengkapan Rumah Tangga > PERALATAN RUMAH TANGGA > PERALATAN KEBERSIHAN RUMAH TANGGA > KAIN UNTUK LAP & PEL > KAIN SERBET,False,EXACT,1.0,1,Rumah & Taman > Linen & Alas Tidur > Linen Meja > Serbet Kain,EXACT,1.0,exact-raw,vertical,1,hg-15-3-1,Rumah & Taman > Linen & Alas Tidur > Linen Meja > Serbet Kain,Home & Garden > Linens & Bedding > Table Linens > Cloth Napkins,3,True,False,8,Petunjuk perawatan | Warna | Kain | Struktur kain | Finishing tepi serbet | Acara | Pola | Bentuk,
1603,SIKAT PEMBERSIH PERALATAN DAPUR,7,34,Perawatan Diri & Rumah Tangga > Rumah Tangga > Peralatan & Perlengkapan Rumah Tangga > PERALATAN RUMAH TANGGA > PERALATAN KEBERSIHAN RUMAH TANGGA > SIKAT > SIKAT PEMBERSIH PERALATAN DAPUR,False,UNMAPPED,0.5,2,,UNMAPPED,0.5,,global,2,,,,,,,,,Hewan & Perlengkapan Hewan Piaraan > Perlengkapan Hewan Piaraan > Perlengkapan Ikan & Akuatik > Perlengkapan Pembersih Akuarium > Sikat Pembersih
1621,ASBAK,7,34,Perawatan Diri & Rumah Tangga > Rumah Tangga > Peralatan & Perlengkapan Rumah Tangga > PERALATAN RUMAH TANGGA > PERALATAN DAN PENYIMPANAN DI DAPUR > ALAT DAPUR & AKSESORIS DAPUR > ASBAK,False,EXACT,1.0,1,Rumah & Taman > Aksesori Merokok > Asbak,EXACT,1.0,exact-raw,vertical,1,hg-19-1,Rumah & Taman > Aksesori Merokok > Asbak,Home & Garden > Smoking Accessories > Ashtrays,2,True,True,8,Jenis asbak | Petunjuk pembersihan | Warna | Jenis tutup | Bahan | Jenis pemasangan | Pola | Bentuk,
1747,MANGKUK KERAMIK,8,34,Perawatan Diri & Rumah Tangga > Rumah Tangga > Peralatan & Perlengkapan Rumah Tangga > PERALATAN RUMAH TANGGA > PERALATAN DAN PENYIMPANAN DI DAPUR > PERALATAN MAKAN > MANGKUK > MANGKUK KERAMIK,False,UNMAPPED,0.5,2,,UNMAPPED,0.5,,global,2,,,,,,,,,"Hewan & Perlengkapan Hewan Piaraan > Perlengkapan Hewan Piaraan > Mangkuk, Pemberi Makan & Minum Hewan Piaraan > Mangkuk"
1859,BODY SERUM,4,34,Perawatan Diri & Rumah Tangga > Perawatan Diri > PERAWATAN BADAN > BODY SERUM,False,UNMAPPED,0.333,6,,UNMAPPED,0.333,,global,6,,,,,,,,,Kesehatan & Kecantikan > Perawatan Tubuh > Kosmetik > Parfum & Cologne > Body Mist
19,PERALATAN UNTUK ANAK & BAYI,2,33,Keperluan Anak dan Bayi > PERALATAN UNTUK ANAK & BAYI,True,UNMAPPED,0.5,11,,UNMAPPED,0.5,,global,13,,,,,,,,,Busana dan Aksesori > Pakaian > Pakaian Bayi & Anak
1111,SANDARAN HP UNTUK DI MOBIL / MOTOR,4,33,Elektronik > ALAT ELEKTRONIK KANTOR & GADGET > PERLENGKAPAN & SUKU CADANG GADGET > SANDARAN HP UNTUK DI MOBIL / MOTOR,False,UNMAPPED,0.25,2,,UNMAPPED,0.25,,global,2,,,,,,,,,Seni & Hiburan > Hobi & Seni Kreatif > Barang Koleksi > Model Skala > Mobil
1472,SABUN ANAK & BAYI CAIR KEMASAN REFILL (POUCH),6,33,Keperluan Anak dan Bayi > PERAWATAN ANAK & BAYI > PERAWATAN KULIT ANAK & BAYI > SABUN ANAK & BAYI > SABUN ANAK & BAYI CAIR > SABUN ANAK & BAYI CAIR KEMASAN REFILL (POUCH),True,UNMAPPED,0.25,12,,UNMAPPED,0.333,,global,1,,,,,,,,,Kesehatan & Kecantikan > Perawatan Tubuh > Kosmetik > Mandi & Perawatan Tubuh > Sabun Tangan Cair
1599,SARUNG TANGAN LATEX,7,33,Perawatan Diri & Rumah Tangga > Rumah Tangga > Peralatan & Perlengkapan Rumah Tangga > PERALATAN RUMAH TANGGA > PERALATAN KEBERSIHAN RUMAH TANGGA > SARUNG TANGAN > SARUNG TANGAN LATEX,False,AMBIGUOUS,0.667,3,Hewan & Perlengkapan Hewan Piaraan > Perlengkapan Hewan Piaraan > Perlengkapan Perawatan Hewan Piaraan > Sisir & Sikat Hewan Piaraan > Sarung Tangan,AMBIGUOUS,0.667,fuzzy-raw,global,3,,,,,,,,,
1659,TEMPAT PENYIMPAN ALAT MAKAN,7,33,Perawatan Diri & Rumah Tangga > Rumah Tangga > Peralatan & Perlengkapan Rumah Tangga > PERALATAN RUMAH TANGGA > PERALATAN DAN PENYIMPANAN DI DAPUR > ALAT DAPUR & AKSESORIS DAPUR > TEMPAT PENYIMPAN ALAT MAKAN,False,UNMAPPED,0.333,1,,UNMAPPED,0.333,,global,1,,,,,,,,,Bisnis & Industri > Layanan Makanan > Peralatan Makan Sekali Pakai > Alat Makan Sekali Pakai
1740,PIRING KERAMIK,8,33,Perawatan Diri & Rumah Tangga > Rumah Tangga > Peralatan & Perlengkapan Rumah Tangga > PERALATAN RUMAH TANGGA > PERALATAN DAN PENYIMPANAN DI DAPUR > PERALATAN MAKAN > PIRING > PIRING KERAMIK,False,UNMAPPED,0.5,1,,UNMAPPED,0.5,,global,1,,,,,,,,,Rumah & Taman > Dapur & Ruang Makan > Peralatan Makan > Peralatan Makan > Piring
1839,PENGGARIS,3,33,UNUSED > UNUSED 2 > PENGGARIS,False,EXACT,1.0,1,Perkakas > Peralatan > Alat Ukur & Sensor > Penggaris,UNMAPPED,0.0,,global,0,,,,,,,,,
38,ALAT MENGGAMBAR / MELUKIS,2,32,Alat dan Buku Tulis > ALAT MENGGAMBAR / MELUKIS,False,UNMAPPED,0.5,1,,UNMAPPED,0.5,,global,1,,,,,,,,,Seni & Hiburan > Hobi & Seni Kreatif > Seni & Kerajinan > Kit Seni & Kerajinan > Kit Menggambar & Melukis
144,OBAT-OBATAN,3,32,Perawatan Diri & Rumah Tangga > Perawatan Diri > OBAT-OBATAN,False,AMBIGUOUS,0.667,2,Kesehatan & Kecantikan > Perawatan Kesehatan > Obat-Obatan & Narkoba,FUZZY,0.667,fuzzy-raw,vertical,1,hb-1-16,Kesehatan & Kecantikan > Perawatan Kesehatan > Obat-Obatan & Narkoba,Health & Beauty > Health Care > Medicine & Drugs,2,False,True,8,Bahan aktif | Kelompok usia | Preferensi diet | Rasa | Bentuk Obat | Status resep | Rute pemberian | Tujuan perawatan,
230,PERALATAN & PERLENGKAPAN RENANG,3,32,"Hobi, Ibadah, dan Olahraga > OLAHRAGA > PERALATAN & PERLENGKAPAN RENANG",False,UNMAPPED,0.5,6,,UNMAPPED,0.5,,global,6,,,,,,,,,Kamera & Optik > Fotografi > Kamar Gelap > Peralatan Pengembangan & Pemrosesan Foto > Peralatan & Perlengkapan Retouching
641,SAUS PASTA,4,32,Makanan dan Minuman > MAKANAN & BAHAN MAKANAN > SAUS > SAUS PASTA,False,EXACT,1.0,1,"Makanan, Minuman & Tembakau > Item Makanan > Kondimen & Saus > Saus Pasta",EXACT,1.0,exact-raw,vertical,1,fb-2-4-14,"Makanan, Minuman & Tembakau > Item Makanan > Kondimen & Saus > Saus Pasta","Food, Beverages & Tobacco > Food Items > Condiments & Sauces > Pasta Sauce",3,True,False,6,Informasi alergen | Preferensi diet | Tingkat kepedasan | Tekstur saus pasta | Aneka saus pasta | Persyaratan penyimpanan,
958,MATA BOR LISTRIK,4,32,Perbaikan Rumah > ALAT ALAT PERBAIKAN RUMAH > BOR LISTRIK & LAINNYA > MATA BOR LISTRIK,False,UNMAPPED,0.5,5,,UNMAPPED,0.5,,global,5,,,,,,,,,Perkakas > Aksesori Alat > Aksesori Bor & Obeng > Mata Bor & Obeng
1406,ANTI NYAMUK ELEKTRIK KEMASAN REFILL SAJA,5,32,Perawatan Diri & Rumah Tangga > Rumah Tangga > ANTI HAMA & SERANGGA > ANTI NYAMUK ELEKTRIK > ANTI NYAMUK ELEKTRIK KEMASAN REFILL SAJA,False,UNMAPPED,0.25,1,,UNMAPPED,0.25,,global,1,,,,,,,,,Peralatan Olahraga > Rekreasi Luar Ruang > Berkemah & Hiking > Kelambu & Tabir Serangga > Kelambu Kepala Anti Nyamuk
1411,DETERJEN KRIM (SABUN COLEK / SABUN KRIM),5,32,Perawatan Diri & Rumah Tangga > Rumah Tangga > BAHAN LAUNDRY > DETERJEN PAKAIAN > DETERJEN KRIM (SABUN COLEK / SABUN KRIM),False,UNMAPPED,0.333,1,,UNMAPPED,0.333,,global,1,,,,,,,,,Rumah & Taman > Perlengkapan Rumah Tangga > Perlengkapan Pembersih Rumah Tangga > Produk Pembersih Rumah Tangga > Deterjen & Sabun Cuci Piring
1537,SHOWER KLOSET,6,32,Perawatan Diri & Rumah Tangga > Rumah Tangga > Peralatan & Perlengkapan Rumah Tangga > PERALATAN RUMAH TANGGA > PERALATAN DAN PENYIMPANAN DI KAMAR MANDI > SHOWER KLOSET,False,UNMAPPED,0.333,1,,UNMAPPED,0.333,,global,1,,,,,,,,,Furnitur > Lemari & Penyimpanan > Lemari Kloset
1642,KUAS DAPUR,7,32,Perawatan Diri & Rumah Tangga > Rumah Tangga > Peralatan & Perlengkapan Rumah Tangga > PERALATAN RUMAH TANGGA > PERALATAN DAN PENYIMPANAN DI DAPUR > ALAT DAPUR & AKSESORIS DAPUR > KUAS DAPUR,False,UNMAPPED,0.333,18,,UNMAPPED,0.333,,global,18,,,,,,,,,Seni & Hiburan > Hobi & Seni Kreatif > Seni & Kerajinan > Alat Seni & Kerajinan > Alat Ukur & Penanda Kerajinan > Kuas Seni
1662,TUDUNG SAJI,7,32,Perawatan Diri & Rumah Tangga > Rumah Tangga > Peralatan & Perlengkapan Rumah Tangga > PERALATAN RUMAH TANGGA > PERALATAN DAN PENYIMPANAN DI DAPUR > ALAT DAPUR & AKSESORIS DAPUR > TUDUNG SAJI,False,UNMAPPED,0.333,12,,UNMAPPED,0.333,,global,12,,,,,,,,,Busana dan Aksesori > Pakaian > Pakaian Aktif > Jaket Tudung & Sweatshirt Aktif > Jaket Tudung
1675,PLASTIK SAMPAH,7,32,Perawatan Diri & Rumah Tangga > Rumah Tangga > Peralatan & Perlengkapan Rumah Tangga > PERALATAN RUMAH TANGGA > PERALATAN DAN PENYIMPANAN DI DAPUR > KERANJANG & TEMPAT SAMPAH > PLASTIK SAMPAH,False,UNMAPPED,0.333,7,,UNMAPPED,0.333,,global,7,,,,,,,,,Seni & Hiburan > Hobi & Seni Kreatif > Seni & Kerajinan > Bahan Seni & Kerajinan > Tekstil > Kanvas Kerajinan > Kanvas Plastik
87,KERIPIK,3,31,Makanan dan Minuman > MAKANAN KECIL  > KERIPIK,False,EXACT,1.0,1,"Makanan, Minuman & Tembakau > Item Makanan > Makanan Ringan > Keripik",EXACT,1.0,exact-raw,vertical,1,fb-2-17-4,"Makanan, Minuman & Tembakau > Item Makanan > Makanan Ringan > Keripik","Food, Beverages & Tobacco > Food Items > Snack Foods > Chips",3,True,False,5,Informasi alergen | Gaya potongan keripik | Preferensi diet | Rasa | Persyaratan penyimpanan,
161,KUNCI,3,31,Perbaikan Rumah > ALAT ALAT PERBAIKAN RUMAH > KUNCI,False,EXACT,1.0,1,Rumah & Taman > Keamanan Bisnis & Rumah > Aksesori Brankas Keamanan > Kunci,EXACT,1.0,exact-raw,vertical,1,hg-2-7-4,Rumah & Taman > Keamanan Bisnis & Rumah > Aksesori Brankas Keamanan > Kunci,Home & Garden > Business & Home Security > Security Safe Accessories > Keys,3,True,False,5,Warna | Jenis gembok yang kompatibel | Jenis bilah kunci | Bahan | Pola,
196,SELANG SHOWER,3,31,Perbaikan Rumah > PERLENGKAPAN PERBAIKAN RUMAH > SELANG SHOWER,False,UNMAPPED,0.5,1,,UNMAPPED,0.5,,global,1,,,,,,,,,Kesehatan & Kecantikan > Perawatan Tubuh > Kit & Perlengkapan Enema > Attachment Enema untuk Shower dan Selang
302,KUAS CAT UNTUK MENGGAMBAR / MELUKIS,3,31,Alat dan Buku Tulis > ALAT MENGGAMBAR / MELUKIS > KUAS CAT UNTUK MENGGAMBAR / MELUKIS,False,UNMAPPED,0.5,1,,UNMAPPED,0.5,,global,1,,,,,,,,,Perkakas > Peralatan > Alat Cat > Kuas Cat
454,AKSESORIS ALAT KECANTIKAN,3,31,Kosmetik dan Alat Kecantikan > ALAT KECANTIKAN > AKSESORIS ALAT KECANTIKAN,False,UNMAPPED,0.25,39,,UNMAPPED,0.25,,global,39,,,,,,,,,Seni & Hiburan > Hobi & Seni Kreatif > Seni & Kerajinan > Alat Seni & Kerajinan > Alat Benang & Benang Rajut > Card & Sikat Serat > Alat Teasing
471,BB & CC CREAM,3,31,Kosmetik dan Alat Kecantikan > MAKE UP WAJAH > BB & CC CREAM,False,UNMAPPED,0.5,1,,UNMAPPED,0.5,,global,1,,,,,,,,,Kesehatan & Kecantikan > Perawatan Tubuh > Kosmetik > Makeup > Rias Wajah > Alas Bedak dan Concealer > Krim BB dan CC
546,JAJANAN TRADISIONAL,4,31,Makanan dan Minuman > MAKANAN KECIL  > KACANG DAN SNACK LAINNYA > JAJANAN TRADISIONAL,False,UNMAPPED,0.333,3,,UNMAPPED,0.333,,global,3,,,,,,,,,Seni & Hiburan > Hobi & Seni Kreatif > Alat Musik > Perkusi > Perkusi Tangan > Drum Tangan > Bongo > Bongo Tradisional
567,GARAM,4,31,Makanan dan Minuman > MAKANAN & BAHAN MAKANAN > BUMBU DAPUR > GARAM,False,AMBIGUOUS,1.0,2,"Makanan, Minuman & Tembakau > Item Makanan > Bumbu & Rempah > Garam",EXACT,1.0,exact-raw,vertical,1,fb-2-16-4,"Makanan, Minuman & Tembakau > Item Makanan > Bumbu & Rempah > Garam","Food, Beverages & Tobacco > Food Items > Seasonings & Spices > Salt",3,True,False,4,Informasi alergen | Preferensi diet | Iodisasi | Persyaratan penyimpanan,
721,JAMUR,4,31,Makanan dan Minuman > FRESH > SAYURAN SEGAR > JAMUR,False,EXACT,1.0,1,"Makanan, Minuman & Tembakau > Item Makanan > Buah & Sayur > Sayur Segar & Beku > Jamur",EXACT,1.0,exact-raw,vertical,1,fb-2-10-8-33,"Makanan, Minuman & Tembakau > Item Makanan > Buah & Sayur > Sayur Segar & Beku > Jamur","Food, Beverages & Tobacco > Food Items > Fruits & Vegetables > Fresh & Frozen Vegetables > Mushrooms",4,True,False,7,Informasi alergen | Metode memasak | Preferensi diet | Bentuk produk makanan | Varietas jamur | Persyaratan penyimpanan | Gaya pengolahan sayuran,
941,LEM/PERANGKAP/JEBAKAN HAMA,4,31,Perawatan Diri & Rumah Tangga > Rumah Tangga > ANTI HAMA & SERANGGA > LEM/PERANGKAP/JEBAKAN HAMA,False,UNMAPPED,0.5,1,,UNMAPPED,0.5,,global,1,,,,,,,,,Rumah & Taman > Perlengkapan Rumah Tangga > Pengendalian Hama > Perangkap Pengendalian Hama > Perangkap Lem
951,PERAWATAN & PEMBERSIH RUMAH TANGGA LAINNYA,4,31,Perawatan Diri & Rumah Tangga > Rumah Tangga > BAHAN PEMBERSIH RUMAH > PERAWATAN & PEMBERSIH RUMAH TANGGA LAINNYA,False,AMBIGUOUS,0.6,2,Rumah & Taman > Perlengkapan Rumah Tangga > Perlengkapan Pembersih Rumah Tangga,AMBIGUOUS,0.6,fuzzy-raw,vertical,2,,,,,,,,,
1124,LEM KERTAS STIK,4,31,Alat dan Buku Tulis > PERALATAN UMUM > LEM KERTAS > LEM KERTAS STIK,False,FUZZY,0.667,1,Seni & Hiburan > Hobi & Seni Kreatif > Seni & Kerajinan > Bahan Seni & Kerajinan > Perekat & Magnet Kerajinan > Lem Kerajinan & Kantor > Lem Stik,FUZZY,0.667,fuzzy-raw,vertical,1,ae-2-1-2-5-1-4,Seni & Hiburan > Hobi & Seni Kreatif > Seni & Kerajinan > Bahan Seni & Kerajinan > Perekat & Magnet Kerajinan > Lem Kerajinan & Kantor > Lem Stik,Arts & Entertainment > Hobbies & Creative Arts > Arts & Crafts > Art & Crafting Materials > Crafting Adhesives & Magnets > Craft & Office Glue > Glue Stick,6,True,False,3,Permukaan yang direkomendasikan | Cocok untuk bahan kerajinan | Kemudahan dicuci,
1643,NAMPAN,7,31,Perawatan Diri & Rumah Tangga > Rumah Tangga > Peralatan & Perlengkapan Rumah Tangga > PERALATAN RUMAH TANGGA > PERALATAN DAN PENYIMPANAN DI DAPUR > ALAT DAPUR & AKSESORIS DAPUR > NAMPAN,False,UNMAPPED,0.5,1,,UNMAPPED,0.5,,global,1,,,,,,,,,Rumah & Taman > Aksesori Merokok > Nampan Penggulung
1656,SENDOK DAPUR,7,31,Perawatan Diri & Rumah Tangga > Rumah Tangga > Peralatan & Perlengkapan Rumah Tangga > PERALATAN RUMAH TANGGA > PERALATAN DAN PENYIMPANAN DI DAPUR > ALAT DAPUR & AKSESORIS DAPUR > SENDOK DAPUR,False,UNMAPPED,0.5,1,,UNMAPPED,0.5,,global,1,,,,,,,,,Rumah & Taman > Dapur & Ruang Makan > Peralatan Makan > Peralatan Makan > Sendok
1670,TEKO,7,31,Perawatan Diri & Rumah Tangga > Rumah Tangga > Peralatan & Perlengkapan Rumah Tangga > PERALATAN RUMAH TANGGA > PERALATAN DAN PENYIMPANAN DI DAPUR > ALAT MASAK > TEKO,False,EXACT,1.0,1,Rumah & Taman > Dapur & Ruang Makan > Peralatan Makan > Alat Saji Kopi & Teko > Teko,EXACT,1.0,exact-raw,vertical,1,hg-11-10-2-2,Rumah & Taman > Dapur & Ruang Makan > Peralatan Makan > Alat Saji Kopi & Teko > Teko,Home & Garden > Kitchen & Dining > Tableware > Coffee Servers & Teapots > Teapots,4,True,False,7,Petunjuk pembersihan | Warna | Jenis kompor yang kompatibel | Jenis tutup | Pola | Bahan peralatan makan | Gaya corong teko,
1680,MANGKUK,7,31,Perawatan Diri & Rumah Tangga > Rumah Tangga > Peralatan & Perlengkapan Rumah Tangga > PERALATAN RUMAH TANGGA > PERALATAN DAN PENYIMPANAN DI DAPUR > PERALATAN MAKAN > MANGKUK,False,AMBIGUOUS,1.0,2,Rumah & Taman > Dapur & Ruang Makan > Peralatan Makan > Peralatan Makan > Mangkuk,EXACT,1.0,exact-raw,vertical,1,hg-11-10-4-1,Rumah & Taman > Dapur & Ruang Makan > Peralatan Makan > Peralatan Makan > Mangkuk,Home & Garden > Kitchen & Dining > Tableware > Dinnerware > Bowls,4,True,False,8,Jenis mangkuk | Petunjuk pembersihan | Warna | Fitur peralatan makan | Finis | Pola | Bentuk | Bahan peralatan makan,
255,TASBIH,3,30,"Hobi, Ibadah, dan Olahraga > BERIBADAH > TASBIH",False,EXACT,1.0,1,Keagamaan & Seremonial > Item Keagamaan > Tasbih,EXACT,1.0,exact-raw,vertical,1,rc-2-1,Keagamaan & Seremonial > Item Keagamaan > Tasbih,Religious & Ceremonial > Religious Items > Prayer Beads,2,True,True,0,,
260,DISPENSER,3,30,Elektronik > ALAT ELEKTRONIK DAPUR > DISPENSER,False,UNMAPPED,0.5,15,,UNMAPPED,0.5,,global,15,,,,,,,,,"Hewan & Perlengkapan Hewan Piaraan > Perlengkapan Hewan Piaraan > Mangkuk, Pemberi Makan & Minum Hewan Piaraan > Dispenser Air"
315,BUKU AGENDA / JURNAL,3,30,Alat dan Buku Tulis > BUKU TULIS > BUKU AGENDA / JURNAL,False,UNMAPPED,0.333,2,,UNMAPPED,0.333,,global,2,,,,,,,,,Media > Buku
576,GULA AREN,4,30,Makanan dan Minuman > MAKANAN & BAHAN MAKANAN > GULA & PEMANIS > GULA AREN,False,UNMAPPED,0.333,12,,UNMAPPED,0.333,,global,12,,,,,,,,,"Makanan, Minuman & Tembakau > Item Makanan > Bakeri > Cone Es Krim > Cone Gula"
663,ANGGUR,4,30,Makanan dan Minuman > FRESH > BUAH > ANGGUR,False,EXACT,1.0,1,"Makanan, Minuman & Tembakau > Item Makanan > Buah & Sayur > Buah Segar & Beku > Anggur",EXACT,1.0,exact-raw,vertical,1,fb-2-10-7-16,"Makanan, Minuman & Tembakau > Item Makanan > Buah & Sayur > Buah Segar & Beku > Anggur","Food, Beverages & Tobacco > Food Items > Fruits & Vegetables > Fresh & Frozen Fruits > Grapes",4,True,False,5,Informasi alergen | Preferensi diet | Bentuk produk makanan | Gaya potongan buah | Persyaratan penyimpanan,
664,APEL ,4,30,Makanan dan Minuman > FRESH > BUAH > APEL ,False,EXACT,1.0,1,"Makanan, Minuman & Tembakau > Item Makanan > Buah & Sayur > Buah Segar & Beku > Apel",EXACT,1.0,exact-raw,vertical,1,fb-2-10-7-1,"Makanan, Minuman & Tembakau > Item Makanan > Buah & Sayur > Buah Segar & Beku > Apel","Food, Beverages & Tobacco > Food Items > Fruits & Vegetables > Fresh & Frozen Fruits > Apples",4,True,False,7,Informasi alergen | Varietas apel | Preferensi diet | Bentuk produk makanan | Gaya potongan buah | Persyaratan penyimpanan | Profil rasa,
1236,BAWAHAN OLAHRAGA WANITA,4,30,Fashion > PAKAIAN OLAHRAGA > PAKAIAN OLAHRAGA WANITA > BAWAHAN OLAHRAGA WANITA,True,UNMAPPED,0.25,12,,UNMAPPED,0.333,,global,6,,,,,,,,,Busana dan Aksesori > Pakaian > Pakaian Aktif > Bra Olahraga
1407,KAMPER / KAPUR BARUS (CAMPHOR/NAPHTALENE BALL) DENGAN GANTUNGAN,5,30,Perawatan Diri & Rumah Tangga > Rumah Tangga > ANTI HAMA & SERANGGA > KAMPER / KAPUR BARUS (CAMPHOR/NAPHTALENE BALL) > KAMPER / KAPUR BARUS (CAMPHOR/NAPHTALENE BALL) DENGAN GANTUNGAN,False,UNMAPPED,0.143,3,,UNMAPPED,0.143,,global,3,,,,,,,,,Busana dan Aksesori > Perhiasan > Bandul & Liontin > Gantungan
1522,PENGKI,6,30,Perawatan Diri & Rumah Tangga > Rumah Tangga > Peralatan & Perlengkapan Rumah Tangga > PERALATAN RUMAH TANGGA > PERALATAN KEBERSIHAN RUMAH TANGGA > PENGKI,False,EXACT,1.0,1,Rumah & Taman > Perlengkapan Rumah Tangga > Perlengkapan Pembersih Rumah Tangga > Pengki,EXACT,1.0,exact-raw,vertical,1,hg-10-6-9,Rumah & Taman > Perlengkapan Rumah Tangga > Perlengkapan Pembersih Rumah Tangga > Pengki,Home & Garden > Household Supplies > Household Cleaning Supplies > Dustpans,3,True,False,9,Warna | Jenis pengumpul debu | Fitur | Bahan pegangan | Jenis pegangan | Bahan | Pola | Ruang yang cocok | Jenis penggunaan,
1640,KOCOKAN TELUR (EGG BEATER),7,30,Perawatan Diri & Rumah Tangga > Rumah Tangga > Peralatan & Perlengkapan Rumah Tangga > PERALATAN RUMAH TANGGA > PERALATAN DAN PENYIMPANAN DI DAPUR > ALAT DAPUR & AKSESORIS DAPUR > KOCOKAN TELUR (EGG BEATER),False,UNMAPPED,0.25,2,,UNMAPPED,0.25,,global,2,,,,,,,,,"Makanan, Minuman & Tembakau > Item Makanan > Daging, Makanan Laut & Telur > Telur"
1885,GRENDEL PINTU,3,30,Perbaikan Rumah > PERLENGKAPAN PERBAIKAN RUMAH > GRENDEL PINTU,False,UNMAPPED,0.5,2,,UNMAPPED,0.5,,global,2,,,,,,,,,Perkakas > Bahan Bangunan > Pintu
136,PERAWATAN WAJAH,3,29,Perawatan Diri & Rumah Tangga > Perawatan Diri > PERAWATAN WAJAH,False,EXACT,1.0,1,Kesehatan & Kecantikan > Perawatan Tubuh > Kosmetik > Perawatan Wajah,EXACT,1.0,exact-raw,vertical,1,hb-3-2-9,Kesehatan & Kecantikan > Perawatan Tubuh > Kosmetik > Perawatan Wajah,Health & Beauty > Personal Care > Cosmetics > Skin Care,3,False,True,18,Bahan aktif | Kelompok usia | Kandungan Alkohol/Pelarut | Fungsi kosmetik | Jenis dispenser | Keharuman | Tingkat keharuman | Asal bahan | Bahan | Jenis pelembap | Jenis kemasan | Sertifikasi & standar produk | Bentuk produk | Efek perawatan kulit | Fitur perawatan kulit | Cocok untuk jenis kulit | Jenis kelamin sasaran | Tingkat perlindungan UVA,
345,KERTAS STIKER,3,29,Alat dan Buku Tulis > KERTAS > KERTAS STIKER,False,UNMAPPED,0.333,32,,UNMAPPED,0.333,,global,32,,,,,,,,,Seni & Hiburan > Hobi & Seni Kreatif > Seni & Kerajinan > Bahan Seni & Kerajinan > Kertas Seni & Kerajinan > Cardstock & Kertas Kliping > Kertas Kliping
826,PERALATAN MAKAN ANAK & BAYI ,4,29,Keperluan Anak dan Bayi > PERALATAN UNTUK ANAK & BAYI > PERALATAN MAKAN ANAK & BAYI > PERALATAN MAKAN ANAK & BAYI ,True,UNMAPPED,0.5,3,,UNMAPPED,0.5,,global,3,,,,,,,,,Rumah & Taman > Dapur & Ruang Makan > Peralatan Makan
881,TONIK RAMBUT (HAIR TONIC),4,29,Perawatan Diri & Rumah Tangga > Perawatan Diri > PERAWATAN RAMBUT > TONIK RAMBUT (HAIR TONIC),False,UNMAPPED,0.2,24,,UNMAPPED,0.2,,global,24,,,,,,,,,Busana dan Aksesori > Aksesori Pakaian > Aksesori Rambut
1112,SETRIKA LISTRIK BIASA,4,29,Elektronik > ALAT ELEKTRONIK RUMAH LAINNYA > LAMPU PERANGKAP NYAMUK > SETRIKA LISTRIK BIASA,False,UNMAPPED,0.333,1,,UNMAPPED,0.333,,global,1,,,,,,,,,Rumah & Taman > Peralatan Rumah Tangga > Peralatan Penatu > Setrika & Sistem Setrika > Setrika
1416,PEMUTIH DAN PENGHILANG NODA KEMASAN BOTOL,5,29,Perawatan Diri & Rumah Tangga > Rumah Tangga > BAHAN LAUNDRY > PEMUTIH DAN PENGHILANG NODA > PEMUTIH DAN PENGHILANG NODA KEMASAN BOTOL,False,UNMAPPED,0.4,1,,UNMAPPED,0.4,,global,1,,,,,,,,,"Kendaraan & Suku Cadang > Suku Cadang & Aksesori Kendaraan > Pemeliharaan, Perawatan & Dekorasi Kendaraan > Pembersihan Kendaraan > Pembersih Karpet & Jok Kendaraan > Penghilang Noda"
1469,KECAP MANIS KEMASAN BOTOL,6,29,Makanan dan Minuman > MAKANAN & BAHAN MAKANAN > SAUS > KECAP > KECAP MANIS > KECAP MANIS KEMASAN BOTOL,False,UNMAPPED,0.25,2,,UNMAPPED,0.25,,global,2,,,,,,,,,"Makanan, Minuman & Tembakau > Item Makanan > Kondimen & Saus > Kecap"
1533,"HOLDER / RAK PLASTIK DI KAMAR MANDI
",6,29,"Perawatan Diri & Rumah Tangga > Rumah Tangga > Peralatan & Perlengkapan Rumah Tangga > PERALATAN RUMAH TANGGA > PERALATAN DAN PENYIMPANAN DI KAMAR MANDI > HOLDER / RAK PLASTIK DI KAMAR MANDI
",False,FUZZY,0.6,1,Rumah & Taman > Aksesori Kamar Mandi > Rak Kamar Mandi,FUZZY,0.6,fuzzy-raw,vertical,1,hg-1-1,Rumah & Taman > Aksesori Kamar Mandi > Rak Kamar Mandi,Home & Garden > Bathroom Accessories > Bath Caddies,2,False,True,5,Warna | Fitur furnitur/perabot | Bahan furnitur/perabot | Jenis pemasangan | Pola,
1624,CELEMEK,7,29,Perawatan Diri & Rumah Tangga > Rumah Tangga > Peralatan & Perlengkapan Rumah Tangga > PERALATAN RUMAH TANGGA > PERALATAN DAN PENYIMPANAN DI DAPUR > ALAT DAPUR & AKSESORIS DAPUR > CELEMEK,False,AMBIGUOUS,1.0,2,Rumah & Taman > Dapur & Ruang Makan > Peralatan & Perlengkapan Dapur > Celemek,EXACT,1.0,exact-raw,vertical,1,hg-11-8-1,Rumah & Taman > Dapur & Ruang Makan > Peralatan & Perlengkapan Dapur > Celemek,Home & Garden > Kitchen & Dining > Kitchen Tools & Utensils > Aprons,3,True,False,10,Kelompok usia | Fitur celemek | Model celemek | Warna | Kain | Bahan pegangan | Pola | Ukuran | Jenis kelamin sasaran | Bahan alat/perkakas,
1761,MUG KERAMIK,8,29,Perawatan Diri & Rumah Tangga > Rumah Tangga > Peralatan & Perlengkapan Rumah Tangga > PERALATAN RUMAH TANGGA > PERALATAN DAN PENYIMPANAN DI DAPUR > PERALATAN MAKAN > MUG > MUG KERAMIK,False,UNMAPPED,0.5,1,,UNMAPPED,0.5,,global,1,,,,,,,,,Rumah & Taman > Dapur & Ruang Makan > Peralatan Makan > Peralatan Minum > Mug
1802,COTTON,5,29,UNUSED > AREA DISPLAY > CARDINAL > CARDINAL NORMAL > COTTON,False,UNMAPPED,0.0,0,,UNMAPPED,0.0,,global,0,,,,,,,,,
208,PERAWATAN MOTOR,3,28,"Hobi, Ibadah, dan Olahraga > Perawatan & Suku Cadang Motor > PERAWATAN MOTOR",False,UNMAPPED,0.333,39,,UNMAPPED,0.333,,global,39,,,,,,,,,Hewan & Perlengkapan Hewan Piaraan > Perlengkapan Hewan Piaraan > Kontrol Pinjal & Caplak Hewan Piaraan > Perawatan Spot
348,BINDER CLIP,3,28,Alat dan Buku Tulis > PERALATAN UMUM > BINDER CLIP,False,UNMAPPED,0.5,1,,UNMAPPED,0.5,,global,1,,,,,,,,,Perlengkapan Kantor > Pengarsipan & Penataan > Perlengkapan Penjilidan > Binder
600,BUAH DALAM KEMASAN,4,28,Makanan dan Minuman > MAKANAN & BAHAN MAKANAN > MAKANAN DALAM KEMASAN & KALENG > BUAH DALAM KEMASAN,False,UNMAPPED,0.25,18,,UNMAPPED,0.25,,global,18,,,,,,,,,Busana dan Aksesori > Pakaian > Pakaian Dalam Pria > Pakaian Dalam Pria > Celana Dalam
644,SAUS TIRAM,4,28,Makanan dan Minuman > MAKANAN & BAHAN MAKANAN > SAUS > SAUS TIRAM,False,UNMAPPED,0.333,16,,UNMAPPED,0.333,,global,16,,,,,,,,,"Makanan, Minuman & Tembakau > Item Makanan > Kondimen & Saus"
1309,PERALATAN MANICURE & PEDICURE,4,28,Kosmetik dan Alat Kecantikan > ALAT KECANTIKAN > AKSESORIS ALAT KECANTIKAN > PERALATAN MANICURE & PEDICURE,False,UNMAPPED,0.333,1,,UNMAPPED,0.333,,global,1,,,,,,,,,Perkakas > Peralatan
1320,SUSU KACANG (SOY MILK),5,28,Makanan dan Minuman > MINUMAN > MINUMAN DALAM KEMASAN > SUSU > SUSU KACANG (SOY MILK),False,UNMAPPED,0.25,3,,UNMAPPED,0.25,,global,3,,,,,,,,,"Makanan, Minuman & Tembakau > Minuman > Susu"
1625,CEMPAL,7,28,Perawatan Diri & Rumah Tangga > Rumah Tangga > Peralatan & Perlengkapan Rumah Tangga > PERALATAN RUMAH TANGGA > PERALATAN DAN PENYIMPANAN DI DAPUR > ALAT DAPUR & AKSESORIS DAPUR > CEMPAL,False,UNMAPPED,0.333,1,,UNMAPPED,0.333,,global,1,,,,,,,,,Busana dan Aksesori > Aksesori Pakaian > Sarung Tangan & Cempal
1695,JAM BEKER,7,28,Perawatan Diri & Rumah Tangga > Rumah Tangga > Peralatan & Perlengkapan Rumah Tangga > PERLENGKAPAN RUMAH TANGGA > PERLENGKAPAN KAMAR & KAMAR MANDI > JAM > JAM BEKER,False,UNMAPPED,0.5,1,,UNMAPPED,0.5,,global,1,,,,,,,,,Rumah & Taman > Dekorasi > Jam
1703,PISAU BIASA,8,28,Perawatan Diri & Rumah Tangga > Rumah Tangga > Peralatan & Perlengkapan Rumah Tangga > PERALATAN RUMAH TANGGA > PERALATAN DAN PENYIMPANAN DI DAPUR > ALAT DAPUR & AKSESORIS DAPUR > PISAU > PISAU BIASA,False,UNMAPPED,0.5,1,,UNMAPPED,0.5,,global,1,,,,,,,,,Rumah & Taman > Rumput & Taman > Aksesori Peralatan Listrik Luar Ruang > Aksesori Mesin Pemotong Rumput > Sikat Sambungan Mesin Pemotong Rumput > Pisau
552,PERMEN KARET,4,27,Makanan dan Minuman > MAKANAN KECIL  > PERMEN MARSHMALLOW DAN LAIN LAIN > PERMEN KARET,False,EXACT,1.0,1,"Makanan, Minuman & Tembakau > Item Makanan > Permen & Cokelat > Permen > Permen Karet",EXACT,1.0,exact-raw,vertical,1,fb-2-3-1-3,"Makanan, Minuman & Tembakau > Item Makanan > Permen & Cokelat > Permen > Permen Karet","Food, Beverages & Tobacco > Food Items > Candy & Chocolate > Candy > Chewing Gum",4,True,False,5,Informasi alergen | Tekstur permen | Preferensi diet | Rasa | Persyaratan penyimpanan,
589,KENTANG BEKU,4,27,Makanan dan Minuman > MAKANAN & BAHAN MAKANAN > MAKANAN BEKU > KENTANG BEKU,False,UNMAPPED,0.5,1,,UNMAPPED,0.5,,global,1,,,,,,,,,"Makanan, Minuman & Tembakau > Item Makanan > Buah & Sayur > Sayur Segar & Beku > Kentang"
602,IKAN DALAM KEMASAN PACK,4,27,Makanan dan Minuman > MAKANAN & BAHAN MAKANAN > MAKANAN DALAM KEMASAN & KALENG > IKAN DALAM KEMASAN PACK,False,UNMAPPED,0.2,8,,UNMAPPED,0.2,,global,8,,,,,,,,,Hewan & Perlengkapan Hewan Piaraan > Perlengkapan Hewan Piaraan > Perlengkapan Ikan & Akuatik > Makanan Ikan
933,KONDOM,4,27,Perawatan Diri & Rumah Tangga > Perawatan Diri > KESEHATAN SEKSUAL > KONDOM,False,EXACT,1.0,1,Kesehatan & Kecantikan > Perawatan Kesehatan > Kondom,EXACT,1.0,exact-raw,vertical,1,hb-1-5,Kesehatan & Kecantikan > Perawatan Kesehatan > Kondom,Health & Beauty > Health Care > Condoms,2,True,True,9,Warna | Jenis ukuran kondom | Jenis kondom | Rasa | Komposisi pelumas | Efek pelumas | Bahan | Pola | Tekstur permukaan,
983,CAIRAN COOLANT (RADIATOR) MOBIL,4,27,"Hobi, Ibadah, dan Olahraga > Perawatan & Suku Cadang Mobil > PERAWATAN MOBIL > CAIRAN COOLANT (RADIATOR) MOBIL",False,UNMAPPED,0.25,3,,UNMAPPED,0.25,,global,3,,,,,,,,,Seni & Hiburan > Hobi & Seni Kreatif > Barang Koleksi > Model Skala > Mobil
1011,BENANG LAINNYA,4,27,"Hobi, Ibadah, dan Olahraga > MENJAHIT > BENANG > BENANG LAINNYA",False,UNMAPPED,0.5,13,,UNMAPPED,0.5,,global,13,,,,,,,,,Seni & Hiburan > Hobi & Seni Kreatif > Seni & Kerajinan > Bahan Seni & Kerajinan > Serat Kerajinan > Tali Perhiasan & Manik-Manik > Benang Manik-Manik
1035,RAKET BADMINTON,4,27,"Hobi, Ibadah, dan Olahraga > OLAHRAGA > PERALATAN & PERLENGKAPAN BADMINTON > RAKET BADMINTON",False,UNMAPPED,0.333,3,,UNMAPPED,0.333,,global,3,,,,,,,,,Peralatan Olahraga > Atletik > Racquetball & Squash > Raket Racquetball
1481,OBAT BATUK & PILEK ANAK,6,27,Perawatan Diri & Rumah Tangga > Perawatan Diri > OBAT-OBATAN > OBAT MINUM > OBAT MINUM UNTUK BATUK & PILEK > OBAT BATUK & PILEK ANAK,True,FUZZY,0.6,1,"Kesehatan & Kecantikan > Perawatan Kesehatan > Obat-Obatan & Narkoba > Obat Batuk, Pilek dan Flu",FUZZY,0.75,fuzzy-stripped,vertical,1,hb-1-16-2,"Kesehatan & Kecantikan > Perawatan Kesehatan > Obat-Obatan & Narkoba > Obat Batuk, Pilek dan Flu","Health & Beauty > Health Care > Medicine & Drugs > Cough, Cold & Flu Medicines",3,True,False,8,Bahan aktif | Kelompok usia | Preferensi diet | Rasa | Bentuk Obat | Status resep | Rute pemberian | Tujuan perawatan,
1628,CETAKAN AGAR/PUDDING,7,27,Perawatan Diri & Rumah Tangga > Rumah Tangga > Peralatan & Perlengkapan Rumah Tangga > PERALATAN RUMAH TANGGA > PERALATAN DAN PENYIMPANAN DI DAPUR > ALAT DAPUR & AKSESORIS DAPUR > CETAKAN AGAR/PUDDING,False,UNMAPPED,0.333,2,,UNMAPPED,0.333,,global,2,,,,,,,,,Perkakas > Bahan Bangunan > Cetakan
1748,MANGKUK KERTAS,8,27,Perawatan Diri & Rumah Tangga > Rumah Tangga > Peralatan & Perlengkapan Rumah Tangga > PERALATAN RUMAH TANGGA > PERALATAN DAN PENYIMPANAN DI DAPUR > PERALATAN MAKAN > MANGKUK > MANGKUK KERTAS,False,UNMAPPED,0.5,2,,UNMAPPED,0.5,,global,2,,,,,,,,,"Hewan & Perlengkapan Hewan Piaraan > Perlengkapan Hewan Piaraan > Mangkuk, Pemberi Makan & Minum Hewan Piaraan > Mangkuk"
16,FRESH,2,26,Makanan dan Minuman > FRESH,False,UNMAPPED,0.0,0,,UNMAPPED,0.0,,global,0,,,,,,,,,
163,OBENG,3,26,Perbaikan Rumah > ALAT ALAT PERBAIKAN RUMAH > OBENG,False,EXACT,1.0,1,Perkakas > Peralatan > Obeng,EXACT,1.0,exact-raw,vertical,1,ha-15-63,Perkakas > Peralatan > Obeng,Hardware > Tools > Screwdrivers,2,False,True,3,Warna | Bahan perangkat keras | Pola,
434,SEPATU FORMAL PRIA,3,26,Fashion > SEPATU PRIA > SEPATU FORMAL PRIA,True,UNMAPPED,0.333,1,,UNMAPPED,0.5,,global,1,,,,,,,,,Busana dan Aksesori > Sepatu
469,MASKARA,3,26,Kosmetik dan Alat Kecantikan > MAKE UP MATA > MASKARA,False,EXACT,1.0,1,Kesehatan & Kecantikan > Perawatan Tubuh > Kosmetik > Makeup > Riasan Mata > Maskara,EXACT,1.0,exact-raw,vertical,1,hb-3-2-6-3-8,Kesehatan & Kecantikan > Perawatan Tubuh > Kosmetik > Makeup > Riasan Mata > Maskara,Health & Beauty > Personal Care > Cosmetics > Makeup > Eye Makeup > Mascaras,5,True,False,16,Warna | Tingkat cakupan | Jenis dispenser | Fitur daya tahan | Keharuman | Fitur riasan | Warna riasan | Bentuk kuas maskara | Efek maskara | Formulasi maskara | Bahan | Pola | Sertifikasi & standar produk | Bentuk produk | Tingkat SPF | Cocok untuk jenis kulit,
954,SEMPROTAN PENGHARUM RUANGAN,4,26,Perawatan Diri & Rumah Tangga > Rumah Tangga > PENGHARUM RUANGAN > SEMPROTAN PENGHARUM RUANGAN,False,UNMAPPED,0.333,1,,UNMAPPED,0.333,,global,1,,,,,,,,,Rumah & Taman > Perlengkapan Rumah Tangga > Aksesori Pemadat Sampah > Pengharum Ruangan untuk Mesin Pemadatan Sampah
1228,PAKAIAN DALAM HAMIL & MENYUSUI WANITA,4,26,Fashion > FASHION WANITA > PAKAIAN HAMIL & MENYUSUI WANITA > PAKAIAN DALAM HAMIL & MENYUSUI WANITA,True,UNMAPPED,0.5,2,,FUZZY,0.6,fuzzy-stripped,vertical,1,aa-1-7-11,Busana dan Aksesori > Pakaian > Pakaian Hamil > Pakaian Dalam Ibu Hamil,Apparel & Accessories > Clothing > Maternity Clothing > Maternity Underwear,3,True,False,9,Gaya panel perut | Petunjuk perawatan | Warna | Kain | Jenis akses keperawatan | Pola | Kesesuaian tahap kehamilan | Jenis ukuran | Jenis kelamin sasaran,
1287,BADGE (BET) ,4,26,Fashion > SERAGAM & ATRIBUT SEKOLAH > ATRIBUT SEKOLAH & KELENGKAPAN LAINNYA > BADGE (BET) ,False,UNMAPPED,0.25,1,,UNMAPPED,0.25,,global,1,,,,,,,,,Peralatan Olahraga > Permainan Dalam Ruang > Tenis Meja > Bet & Set Tenis Meja > Bet Tenis Meja
1514,SERAP AIR & PENYERAP BAU KEMASAN BIASA,6,26,Perawatan Diri & Rumah Tangga > Rumah Tangga > BAHAN PEMBERSIH RUMAH > PERAWATAN & PEMBERSIH RUMAH TANGGA LAINNYA > SERAP AIR & PENYERAP BAU > SERAP AIR & PENYERAP BAU KEMASAN BIASA,False,UNMAPPED,0.286,1,,UNMAPPED,0.286,,global,1,,,,,,,,,"Makanan, Minuman & Tembakau > Minuman > Air > Air Mineral Biasa"
1572,RAK SIKU,6,26,Perawatan Diri & Rumah Tangga > Rumah Tangga > Peralatan & Perlengkapan Rumah Tangga > PERLENGKAPAN RUMAH TANGGA > PERLENGKAPAN LAINNYA > RAK SIKU,False,UNMAPPED,0.5,4,,UNMAPPED,0.5,,global,4,,,,,,,,,Furnitur > Rak
1634,GELAS UKUR,7,26,Perawatan Diri & Rumah Tangga > Rumah Tangga > Peralatan & Perlengkapan Rumah Tangga > PERALATAN RUMAH TANGGA > PERALATAN DAN PENYIMPANAN DI DAPUR > ALAT DAPUR & AKSESORIS DAPUR > GELAS UKUR,False,AMBIGUOUS,1.0,2,Rumah & Taman > Dapur & Ruang Makan > Peralatan & Perlengkapan Dapur > Gelas & Sendok Ukur > Gelas Ukur,EXACT,1.0,exact-raw,vertical,1,hg-11-8-48-1,Rumah & Taman > Dapur & Ruang Makan > Peralatan & Perlengkapan Dapur > Gelas & Sendok Ukur > Gelas Ukur,Home & Garden > Kitchen & Dining > Kitchen Tools & Utensils > Measuring Cups & Spoons > Measuring Cups,4,True,False,7,Petunjuk pembersihan | Warna | Bahan pegangan | Pola | Sistem Pengukuran | Bahan alat/perkakas | Satuan pengukuran,
1644,PARUTAN,7,26,Perawatan Diri & Rumah Tangga > Rumah Tangga > Peralatan & Perlengkapan Rumah Tangga > PERALATAN RUMAH TANGGA > PERALATAN DAN PENYIMPANAN DI DAPUR > ALAT DAPUR & AKSESORIS DAPUR > PARUTAN,False,UNMAPPED,0.5,1,,UNMAPPED,0.5,,global,1,,,,,,,,,Rumah & Taman > Dapur & Ruang Makan > Peralatan & Perlengkapan Dapur > Parutan & Zester Makanan > Parutan Makanan
1704,PISAU BUAH,8,26,Perawatan Diri & Rumah Tangga > Rumah Tangga > Peralatan & Perlengkapan Rumah Tangga > PERALATAN RUMAH TANGGA > PERALATAN DAN PENYIMPANAN DI DAPUR > ALAT DAPUR & AKSESORIS DAPUR > PISAU > PISAU BUAH,False,UNMAPPED,0.5,1,,UNMAPPED,0.5,,global,1,,,,,,,,,Rumah & Taman > Rumput & Taman > Aksesori Peralatan Listrik Luar Ruang > Aksesori Mesin Pemotong Rumput > Sikat Sambungan Mesin Pemotong Rumput > Pisau
1744,PIRING PORSELEN,8,26,Perawatan Diri & Rumah Tangga > Rumah Tangga > Peralatan & Perlengkapan Rumah Tangga > PERALATAN RUMAH TANGGA > PERALATAN DAN PENYIMPANAN DI DAPUR > PERALATAN MAKAN > PIRING > PIRING PORSELEN,False,UNMAPPED,0.5,1,,UNMAPPED,0.5,,global,1,,,,,,,,,Rumah & Taman > Dapur & Ruang Makan > Peralatan Makan > Peralatan Makan > Piring
186,ENGSEL SIKU DINDING,3,25,Perbaikan Rumah > PERLENGKAPAN PERBAIKAN RUMAH > ENGSEL SIKU DINDING,False,UNMAPPED,0.333,1,,UNMAPPED,0.333,,global,1,,,,,,,,,Perkakas > Aksesori Perkakas > Engsel
191,KLEM KABEL,3,25,Perbaikan Rumah > PERLENGKAPAN PERBAIKAN RUMAH > KLEM KABEL,False,UNMAPPED,0.5,4,,UNMAPPED,0.5,,global,4,,,,,,,,,Seni & Hiburan > Hobi & Seni Kreatif > Aksesori Alat Musik & Orkestra > Aksesori Perkusi > Perangkat Keras Kit Drum > Perangkat Keras Dudukan Kit Drum > Klem
365,PAPER CLIP,3,25,Alat dan Buku Tulis > PERALATAN UMUM > PAPER CLIP,False,UNMAPPED,0.25,1,,UNMAPPED,0.25,,global,1,,,,,,,,,Kesehatan & Kecantikan > Perawatan Tubuh > Perawatan Penglihatan > Aksesori Kacamata > Clip-on Kacamata
387,SYAL DEWASA,3,25,Fashion > AKSESORIS FASHION DEWASA > SYAL DEWASA,True,UNMAPPED,0.5,2,,EXACT,1.0,exact-stripped,global,1,ae-2-2-10-1-12,Seni & Hiburan > Hobi & Seni Kreatif > Barang Koleksi > Koleksi Olahraga > Aksesori Kipas Olahraga > Syal,Arts & Entertainment > Hobbies & Creative Arts > Collectibles > Sports Collectibles > Sports Fan Accessories > Scarves,5,True,False,8,Kelompok usia | Warna | Kondisi | Kain | Pola | Olahraga | Logo olahraga | Jenis kelamin sasaran,
505,MINUMAN DENGAN AGAR/ JELLY,4,25,Makanan dan Minuman > MINUMAN > MINUMAN DALAM KEMASAN > MINUMAN DENGAN AGAR/ JELLY,False,UNMAPPED,0.333,1,,UNMAPPED,0.333,,global,1,,,,,,,,,"Makanan, Minuman & Tembakau > Minuman"
574,GULA PASIR,4,25,Makanan dan Minuman > MAKANAN & BAHAN MAKANAN > GULA & PEMANIS > GULA PASIR,False,EXACT,1.0,1,"Makanan, Minuman & Tembakau > Item Makanan > Bahan Memasak & Baking > Gula & Pemanis > Gula Pasir",EXACT,1.0,exact-raw,vertical,1,fb-2-5-30-1,"Makanan, Minuman & Tembakau > Item Makanan > Bahan Memasak & Baking > Gula & Pemanis > Gula Pasir","Food, Beverages & Tobacco > Food Items > Cooking & Baking Ingredients > Sugar & Sweeteners > Granulated Sugar",4,True,False,5,Informasi alergen | Preferensi diet | Persyaratan penyimpanan | Tingkat pemurnian gula | Sumber gula,
681,PEAR,4,25,Makanan dan Minuman > FRESH > BUAH > PEAR,False,UNMAPPED,0.0,0,,UNMAPPED,0.0,,global,0,,,,,,,,,
800,BODY LOTION ANAK & BAYI,4,25,Keperluan Anak dan Bayi > PERAWATAN ANAK & BAYI > PERAWATAN KULIT ANAK & BAYI > BODY LOTION ANAK & BAYI,True,UNMAPPED,0.4,11,,UNMAPPED,0.4,,global,11,,,,,,,,,Busana dan Aksesori > Pakaian > Pakaian Bayi & Anak
1110,POWER BANK,4,25,Elektronik > ALAT ELEKTRONIK KANTOR & GADGET > PERLENGKAPAN & SUKU CADANG GADGET > POWER BANK,False,EXACT,1.0,1,Elektronik > Aksesori Elektronik > Daya > Adaptor & Pengisi Daya > Power Bank,EXACT,1.0,exact-raw,vertical,1,el-7-15-5-1,Elektronik > Aksesori Elektronik > Daya > Adaptor & Pengisi Daya > Power Bank,Electronics > Electronics Accessories > Power > Power Adapters & Chargers > Power Banks,4,True,False,12,Ukuran baterai | Jenis baterai | Metode pengisian daya | Warna | Perangkat yang kompatibel | Gender konektor | Bahan | Pola | Jenis steker | Tipe semikonduktor konversi daya | Sumber listrik | Jenis konektor USB,
1166,JAS PRIA,4,25,Fashion > FASHION PRIA > BAJU LUARAN PRIA > JAS PRIA,True,UNMAPPED,0.333,3,,UNMAPPED,0.5,,global,3,,,,,,,,,Busana dan Aksesori > Pakaian > Pakaian Bayi & Anak > Pakaian Luar Bayi & Anak > Mantel & Jaket Bayi & Anak > Jas Hujan
1216,ROK MIDI WANITA,4,25,Fashion > FASHION WANITA > BAWAHAN WANITA > ROK MIDI WANITA,True,UNMAPPED,0.333,3,,UNMAPPED,0.5,,global,3,,,,,,,,,Busana dan Aksesori > Pakaian > Pakaian Bayi & Anak > Celana Bayi & Anak > Rok
1273,AKSESORIS TRAVEL & KOPER,4,25,Fashion > TAS & KOPER > TAS TRAVEL & KOPER > AKSESORIS TRAVEL & KOPER,False,UNMAPPED,0.5,1,,UNMAPPED,0.5,,global,1,,,,,,,,,Bagasi & Tas > Koper > Set Travel Koper
1314,AIR MINERAL KEMASAN GALON,5,25,Makanan dan Minuman > MINUMAN > MINUMAN DALAM KEMASAN > AIR MINERAL > AIR MINERAL KEMASAN GALON,False,UNMAPPED,0.4,1,,UNMAPPED,0.4,,global,1,,,,,,,,,"Makanan, Minuman & Tembakau > Minuman > Air > Air Mineral Biasa"
1316,SUSU ALMOND,5,25,Makanan dan Minuman > MINUMAN > MINUMAN DALAM KEMASAN > SUSU > SUSU ALMOND,False,UNMAPPED,0.5,2,,UNMAPPED,0.5,,global,2,,,,,,,,,"Makanan, Minuman & Tembakau > Minuman > Susu"
1400,PLESTER ANTISEPTIC,5,25,Perawatan Diri & Rumah Tangga > Perawatan Diri > OBAT-OBATAN > PERTOLONGAN PERTAMA (FIRST AID KIT) > PLESTER ANTISEPTIC,False,UNMAPPED,0.333,5,,UNMAPPED,0.333,,global,5,,,,,,,,,Seni & Hiburan > Hobi & Seni Kreatif > Seni & Kerajinan > Bahan Seni & Kerajinan > Bahan Tembikar & Patung > Kasa Plester
1456,CELANA RENANG PRIA,5,25,Fashion > PAKAIAN OLAHRAGA > PAKAIAN OLAHRAGA PRIA > BAWAHAN OLAHRAGA PRIA > CELANA RENANG PRIA,True,UNMAPPED,0.5,1,,FUZZY,0.667,fuzzy-stripped,vertical,1,aa-1-20-30,Busana dan Aksesori > Pakaian > Pakaian Renang > Celana Renang Pendek,Apparel & Accessories > Clothing > Swimwear > Swim Shorts,3,True,False,11,Kelompok usia | Warna | Tingkat cakupan | Kain | Jenis pelapis | Pola | Ukuran | Jenis ukuran | Jenis panjang lengan | Fitur pakaian renang | Jenis kelamin sasaran,
1536,SHOWER HEAD UNTUK MANDI,6,25,Perawatan Diri & Rumah Tangga > Rumah Tangga > Peralatan & Perlengkapan Rumah Tangga > PERALATAN RUMAH TANGGA > PERALATAN DAN PENYIMPANAN DI KAMAR MANDI > SHOWER HEAD UNTUK MANDI,False,UNMAPPED,0.25,18,,UNMAPPED,0.25,,global,18,,,,,,,,,Bayi & Balita > Mandi Bayi
1717,PANCI KUKUSAN,8,25,Perawatan Diri & Rumah Tangga > Rumah Tangga > Peralatan & Perlengkapan Rumah Tangga > PERALATAN RUMAH TANGGA > PERALATAN DAN PENYIMPANAN DI DAPUR > ALAT MASAK > PANCI > PANCI KUKUSAN,False,UNMAPPED,0.5,1,,UNMAPPED,0.5,,global,1,,,,,,,,,Rumah & Taman > Dapur & Ruang Makan > Aksesori Peralatan Dapur > Aksesori Pembuat Yoghurt > Panci
1833,COKLAT COMPOUND,4,25,"Makanan dan Minuman > COKLAT, KOPI & TEH > COKLAT & COCOA BUBUK > COKLAT COMPOUND",False,UNMAPPED,0.25,2,,UNMAPPED,0.25,,global,2,,,,,,,,,Rumah & Taman > Dapur & Ruang Makan > Peralatan Dapur > Pembuat Minuman Panas > Pembuat Coklat Panas
34,HEWAN PELIHARAAN,2,24,"Hobi, Ibadah, dan Olahraga > HEWAN PELIHARAAN",False,UNMAPPED,0.5,1,,UNMAPPED,0.5,,global,1,,,,,,,,,Bayi & Balita > Keamanan Bayi > Gerbang Bayi & Hewan Peliharaan
290,POMPA GALON ELEKTRIK,3,24,Elektronik > ALAT ELEKTRONIK RUMAH LAINNYA > POMPA GALON ELEKTRIK,False,UNMAPPED,0.5,1,,UNMAPPED,0.5,,global,1,,,,,,,,,Bayi & Balita > Perawatan & Pemberian Makan > Pompa ASI > Pompa ASI Elektrik
325,KEMBANG API,3,24,Alat dan Buku Tulis > DEKORASI & KELENGKAPAN PESTA > KEMBANG API,False,AMBIGUOUS,0.667,3,Seni & Hiburan > Pesta & Perayaan > Perlengkapan Pesta > Kembang Api & Petasan,AMBIGUOUS,0.667,fuzzy-raw,vertical,3,,,,,,,,,
399,BAJU LUARAN WANITA,3,24,Fashion > FASHION WANITA > BAJU LUARAN WANITA,True,UNMAPPED,0.25,2,,UNMAPPED,0.333,,global,1,,,,,,,,,Busana dan Aksesori > Pakaian > Pakaian Tradisional & Seremonial > Baju Melayu
443,SEPATU HAK TINGGI WANITA,3,24,Fashion > SEPATU WANITA > SEPATU HAK TINGGI WANITA,True,UNMAPPED,0.5,1,,FUZZY,0.667,fuzzy-stripped,vertical,1,aa-8-10,Busana dan Aksesori > Sepatu > Sepatu Hak,Apparel & Accessories > Shoes > Heels,2,True,True,17,Kelompok usia | Petunjuk perawatan | Jenis penutupan | Warna | Bahan alas kaki | Jenis ketinggian tumit | Bentuk tumit | Jenis tumit sepatu | Bahan pelapis | Gaya acara | Bahan sol luar | Pola | Fitur sepatu | Kesesuaian sepatu | Ukuran sepatu | Jenis kelamin sasaran | Gaya kaki,
586,DAGING SAPI BEKU,4,24,Makanan dan Minuman > MAKANAN & BAHAN MAKANAN > MAKANAN BEKU > DAGING SAPI BEKU,False,UNMAPPED,0.5,1,,UNMAPPED,0.5,,global,1,,,,,,,,,"Makanan, Minuman & Tembakau > Item Makanan > Daging, Makanan Laut & Telur > Daging > Daging Segar & Beku"
610,BIHUN INSTAN BUNGKUS,4,24,"Makanan dan Minuman > MAKANAN & BAHAN MAKANAN > MIE, BIHUN, KWETIAU INSTAN > BIHUN INSTAN BUNGKUS",False,UNMAPPED,0.25,6,,UNMAPPED,0.25,,global,6,,,,,,,,,Seni & Hiburan > Pesta & Perayaan > Pemberian Hadiah > Bungkus Kado
959,KUNCI INGGRIS,4,24,Perbaikan Rumah > ALAT ALAT PERBAIKAN RUMAH > KUNCI > KUNCI INGGRIS,False,UNMAPPED,0.5,1,,UNMAPPED,0.5,,global,1,,,,,,,,,Rumah & Taman > Keamanan Bisnis & Rumah > Aksesori Brankas Keamanan > Kunci
968,KERAN AIR DAPUR,4,24,Perbaikan Rumah > PERLENGKAPAN PERBAIKAN RUMAH > KERAN AIR > KERAN AIR DAPUR,False,UNMAPPED,0.5,3,,UNMAPPED,0.5,,global,3,,,,,,,,,Hewan & Perlengkapan Hewan Piaraan > Perlengkapan Hewan Piaraan > Perlengkapan Ikan & Akuatik > Perawatan Air Akuarium > Pendetoks Air Keran
1018,JARUM RAJUT / SULAM (HAKPEN),4,24,"Hobi, Ibadah, dan Olahraga > MENJAHIT > JARUM > JARUM RAJUT / SULAM (HAKPEN)",False,UNMAPPED,0.5,1,,UNMAPPED,0.5,,global,1,,,,,,,,,Seni & Hiburan > Hobi & Seni Kreatif > Seni & Kerajinan > Alat Seni & Kerajinan > Jarum & Kait > Jarum Rajut
1019,PITA GROSS GRAIN,4,24,"Hobi, Ibadah, dan Olahraga > MENJAHIT > PITA > PITA GROSS GRAIN",False,UNMAPPED,0.25,27,,UNMAPPED,0.25,,global,27,,,,,,,,,Seni & Hiburan > Hobi & Seni Kreatif > Seni & Kerajinan > Bahan Seni & Kerajinan > Perekat & Magnet Kerajinan > Pita Dekoratif
1082,GAMING PAD (STICK UNTUK MAIN GAME),4,24,Elektronik > ALAT ELEKTRONIK KANTOR & GADGET > PERLENGKAPAN KOMPUTER > GAMING PAD (STICK UNTUK MAIN GAME),False,UNMAPPED,0.4,1,,UNMAPPED,0.4,,global,1,,,,,,,,,Elektronik > Aksesori Elektronik > Komponen Komputer > Perangkat Input > Kontroler Game > Gaming Pad
1392,OBAT MINUM UNTUK DEMAM,5,24,Perawatan Diri & Rumah Tangga > Perawatan Diri > OBAT-OBATAN > OBAT MINUM > OBAT MINUM UNTUK DEMAM,False,UNMAPPED,0.5,1,,UNMAPPED,0.5,,global,1,,,,,,,,,Kesehatan & Kecantikan > Perawatan Kesehatan > Obat-Obatan & Narkoba > Obat Alergi dan Demam Alergi
1564,KASUR,6,24,Perawatan Diri & Rumah Tangga > Rumah Tangga > Peralatan & Perlengkapan Rumah Tangga > PERLENGKAPAN RUMAH TANGGA > PERLENGKAPAN KAMAR & KAMAR MANDI > KASUR,False,EXACT,1.0,1,Furnitur > Tempat Tidur & Aksesori > Kasur,EXACT,1.0,exact-raw,vertical,1,fr-2-6,Furnitur > Tempat Tidur & Aksesori > Kasur,Furniture > Beds & Accessories > Mattresses,2,False,True,7,Ukuran alas tidur | Jenis sistem koil | Warna | Kekerasan | Fitur kasur | Jenis lapisan atas kasur | Pola,
1598,SARUNG TANGAN KARET,7,24,Perawatan Diri & Rumah Tangga > Rumah Tangga > Peralatan & Perlengkapan Rumah Tangga > PERALATAN RUMAH TANGGA > PERALATAN KEBERSIHAN RUMAH TANGGA > SARUNG TANGAN > SARUNG TANGAN KARET,False,AMBIGUOUS,0.667,3,Hewan & Perlengkapan Hewan Piaraan > Perlengkapan Hewan Piaraan > Perlengkapan Perawatan Hewan Piaraan > Sisir & Sikat Hewan Piaraan > Sarung Tangan,AMBIGUOUS,0.667,fuzzy-raw,global,3,,,,,,,,,
1629,CETAKAN ES BATU,7,24,Perawatan Diri & Rumah Tangga > Rumah Tangga > Peralatan & Perlengkapan Rumah Tangga > PERALATAN RUMAH TANGGA > PERALATAN DAN PENYIMPANAN DI DAPUR > ALAT DAPUR & AKSESORIS DAPUR > CETAKAN ES BATU,False,FUZZY,0.667,1,Rumah & Taman > Dapur & Ruang Makan > Aksesori Peralatan Dapur > Aksesori Pemecah & Penyerut Es > Cetakan Es,FUZZY,0.667,fuzzy-raw,vertical,1,hg-11-6-15-2,Rumah & Taman > Dapur & Ruang Makan > Aksesori Peralatan Dapur > Aksesori Pemecah & Penyerut Es > Cetakan Es,Home & Garden > Kitchen & Dining > Kitchen Appliance Accessories > Ice Crusher & Shaver Accessories > Ice Molds,4,True,False,6,Petunjuk pembersihan | Warna | Jenis tutup | Bahan | Pola | Bentuk,
1751,MANGKUK PORSELEN,8,24,Perawatan Diri & Rumah Tangga > Rumah Tangga > Peralatan & Perlengkapan Rumah Tangga > PERALATAN RUMAH TANGGA > PERALATAN DAN PENYIMPANAN DI DAPUR > PERALATAN MAKAN > MANGKUK > MANGKUK PORSELEN,False,UNMAPPED,0.5,2,,UNMAPPED,0.5,,global,2,,,,,,,,,"Hewan & Perlengkapan Hewan Piaraan > Perlengkapan Hewan Piaraan > Mangkuk, Pemberi Makan & Minum Hewan Piaraan > Mangkuk"
23,Perawatan Diri & Rumah Tangga,1,23,Perawatan Diri & Rumah Tangga,False,UNMAPPED,0.4,5,,UNMAPPED,0.4,,global,5,,,,,,,,,Rumah & Taman > Peralatan Rumah Tangga
81,KRIMER,3,23,"Makanan dan Minuman > COKLAT, KOPI & TEH > KRIMER",False,UNMAPPED,0.5,2,,UNMAPPED,0.5,,global,2,,,,,,,,,"Makanan, Minuman & Tembakau > Item Makanan > Produk Susu > Krimer Kopi"
468,EYESHADOW,3,23,Kosmetik dan Alat Kecantikan > MAKE UP MATA > EYESHADOW,False,UNMAPPED,0.5,2,,UNMAPPED,0.5,,global,2,,,,,,,,,Kesehatan & Kecantikan > Perawatan Tubuh > Kosmetik > Makeup > Riasan Mata > Perona Mata > Palet Eyeshadow
516,MINUMAN LAINNYA,4,23,Makanan dan Minuman > MINUMAN > MINUMAN DALAM KEMASAN > MINUMAN LAINNYA,False,EXACT,1.0,1,"Makanan, Minuman & Tembakau > Minuman",EXACT,1.0,exact-raw,vertical,1,fb-1,"Makanan, Minuman & Tembakau > Minuman","Food, Beverages & Tobacco > Beverages",1,False,True,7,Batasan usia | Informasi alergen | Preferensi diet | Suplemen makanan | Rasa | Bahan-bahan | Sertifikasi organik,
643,SAOS  PEDAS & SAMBAL,4,23,Makanan dan Minuman > MAKANAN & BAHAN MAKANAN > SAUS > SAOS  PEDAS & SAMBAL,False,UNMAPPED,0.25,1,,UNMAPPED,0.25,,global,1,,,,,,,,,"Makanan, Minuman & Tembakau > Item Makanan > Kondimen & Saus > Saus Pedas"
670,JERUK,4,23,Makanan dan Minuman > FRESH > BUAH > JERUK,False,EXACT,1.0,1,"Makanan, Minuman & Tembakau > Item Makanan > Buah & Sayur > Buah Segar & Beku > Buah Sitrus > Jeruk",EXACT,1.0,exact-raw,vertical,1,fb-2-10-7-10-6,"Makanan, Minuman & Tembakau > Item Makanan > Buah & Sayur > Buah Segar & Beku > Buah Sitrus > Jeruk","Food, Beverages & Tobacco > Food Items > Fruits & Vegetables > Fresh & Frozen Fruits > Citrus Fruits > Oranges",5,True,False,6,Informasi alergen | Preferensi diet | Bentuk produk makanan | Gaya potongan buah | Isi biji | Persyaratan penyimpanan,
1095,KABEL CONVERTER,4,23,Elektronik > ALAT ELEKTRONIK KANTOR & GADGET > SUKU CADANG KOMPUTER > KABEL CONVERTER,False,UNMAPPED,0.5,2,,UNMAPPED,0.5,,global,2,,,,,,,,,Elektronik > Aksesori Elektronik > Kabel
1125,ALAT STAPLER,4,23,Alat dan Buku Tulis > PERALATAN UMUM > STAPLER & REFILL > ALAT STAPLER,False,UNMAPPED,0.333,37,,UNMAPPED,0.333,,global,37,,,,,,,,,Seni & Hiburan > Hobi & Seni Kreatif > Seni & Kerajinan > Alat Seni & Kerajinan > Alat Benang & Benang Rajut > Card & Sikat Serat > Alat Teasing
1157,SARUNG KAKI BAYI,4,23,Fashion > FASHION ANAK & BAYI > PAKAIAN BAYI > SARUNG KAKI BAYI,True,UNMAPPED,0.5,1,,UNMAPPED,0.5,,global,1,,,,,,,,,Bayi & Balita > Aksesori Transportasi Bayi > Aksesori Gendongan Bayi > Sarung Gendongan Bayi
1354,SABUN ANAK & BAYI BATANG,5,23,Keperluan Anak dan Bayi > PERAWATAN ANAK & BAYI > PERAWATAN KULIT ANAK & BAYI > SABUN ANAK & BAYI > SABUN ANAK & BAYI BATANG,True,UNMAPPED,0.5,1,,EXACT,1.0,exact-stripped,vertical,1,hb-3-2-1-1,Kesehatan & Kecantikan > Perawatan Tubuh > Kosmetik > Mandi & Perawatan Tubuh > Sabun Batang,Health & Beauty > Personal Care > Cosmetics > Bath & Body > Bar Soap,4,True,False,18,Kelompok usia | Kandungan Alkohol/Pelarut | Area tubuh | Warna | Bahan penyusun | Jenis agen eksfoliasi | Keharuman | Bahan-bahan | Bahan | Jenis kemasan | Pola | Sertifikasi & standar produk | Bentuk produk | Aroma | Bentuk | Efek perawatan kulit | Metode pembuatan sabun | Cocok untuk jenis kulit,
1531,EMBER,6,23,Perawatan Diri & Rumah Tangga > Rumah Tangga > Peralatan & Perlengkapan Rumah Tangga > PERALATAN RUMAH TANGGA > PERALATAN DAN PENYIMPANAN DI KAMAR MANDI > EMBER,False,AMBIGUOUS,1.0,2,Rumah & Taman > Perlengkapan Rumah Tangga > Perlengkapan Pembersih Rumah Tangga > Ember,EXACT,1.0,exact-raw,vertical,1,hg-10-6-4,Rumah & Taman > Perlengkapan Rumah Tangga > Perlengkapan Pembersih Rumah Tangga > Ember,Home & Garden > Household Supplies > Household Cleaning Supplies > Buckets,3,True,False,9,Fitur ember | Warna | Bahan pegangan | Jenis pegangan | Bahan | Pola | Bentuk | Ruang yang cocok | Jenis penggunaan,
1602,SIKAT LANTAI DENGAN GAGANG,7,23,Perawatan Diri & Rumah Tangga > Rumah Tangga > Peralatan & Perlengkapan Rumah Tangga > PERALATAN RUMAH TANGGA > PERALATAN KEBERSIHAN RUMAH TANGGA > SIKAT > SIKAT LANTAI DENGAN GAGANG,False,UNMAPPED,0.333,6,,UNMAPPED,0.333,,global,6,,,,,,,,,Hewan & Perlengkapan Hewan Piaraan > Perlengkapan Hewan Piaraan > Perlengkapan Perawatan Hewan Piaraan > Sisir & Sikat Hewan Piaraan > Sikat
1616,TEMPAT SABUN BATANG PLASTIK,7,23,Perawatan Diri & Rumah Tangga > Rumah Tangga > Peralatan & Perlengkapan Rumah Tangga > PERALATAN RUMAH TANGGA > PERALATAN DAN PENYIMPANAN DI KAMAR MANDI > TEMPAT SABUN BATANG > TEMPAT SABUN BATANG PLASTIK,False,UNMAPPED,0.5,1,,UNMAPPED,0.5,,global,1,,,,,,,,,Kesehatan & Kecantikan > Perawatan Tubuh > Kosmetik > Mandi & Perawatan Tubuh > Sabun Batang
1650,PLASTIK BENING CLING WRAP,7,23,Perawatan Diri & Rumah Tangga > Rumah Tangga > Peralatan & Perlengkapan Rumah Tangga > PERALATAN RUMAH TANGGA > PERALATAN DAN PENYIMPANAN DI DAPUR > ALAT DAPUR & AKSESORIS DAPUR > PLASTIK BENING CLING WRAP,False,UNMAPPED,0.2,8,,UNMAPPED,0.2,,global,8,,,,,,,,,Busana dan Aksesori > Pakaian > Pakaian Bayi & Anak > Pakaian Luar Bayi & Anak > Mantel & Jaket Bayi & Anak > Mantel Wrap
1660,TIMBANGAN MAKANAN,7,23,Perawatan Diri & Rumah Tangga > Rumah Tangga > Peralatan & Perlengkapan Rumah Tangga > PERALATAN RUMAH TANGGA > PERALATAN DAN PENYIMPANAN DI DAPUR > ALAT DAPUR & AKSESORIS DAPUR > TIMBANGAN MAKANAN,False,UNMAPPED,0.333,39,,UNMAPPED,0.333,,global,39,,,,,,,,,Hewan & Perlengkapan Hewan Piaraan > Perlengkapan Hewan Piaraan > Perlengkapan Burung > Makanan Burung
1712,KOMPOR GAS RUMAH,8,23,Perawatan Diri & Rumah Tangga > Rumah Tangga > Peralatan & Perlengkapan Rumah Tangga > PERALATAN RUMAH TANGGA > PERALATAN DAN PENYIMPANAN DI DAPUR > ALAT MASAK > KOMPOR GAS > KOMPOR GAS RUMAH,False,UNMAPPED,0.333,1,,UNMAPPED,0.333,,global,1,,,,,,,,,Rumah & Taman > Dapur & Ruang Makan > Peralatan Dapur > Kompor
1756,GELAS / CUP MELAMIN,8,23,Perawatan Diri & Rumah Tangga > Rumah Tangga > Peralatan & Perlengkapan Rumah Tangga > PERALATAN RUMAH TANGGA > PERALATAN DAN PENYIMPANAN DI DAPUR > PERALATAN MAKAN > GELAS/CUP > GELAS / CUP MELAMIN,False,UNMAPPED,0.25,17,,UNMAPPED,0.25,,global,17,,,,,,,,,Bayi & Balita > Perawatan & Pemberian Makan > Kebutuhan Pokok Pemberian Makan > Gelas Sippy
108,DAGING AYAM SEGAR,3,22,Makanan dan Minuman > FRESH > DAGING AYAM SEGAR,False,UNMAPPED,0.5,1,,UNMAPPED,0.5,,global,1,,,,,,,,,"Makanan, Minuman & Tembakau > Item Makanan > Daging, Makanan Laut & Telur > Daging > Daging Segar & Beku"
200,TALI TAMBANG,3,22,Perbaikan Rumah > PERLENGKAPAN PERBAIKAN RUMAH > TALI TAMBANG,False,FUZZY,0.667,1,Peralatan Olahraga > Rekreasi Luar Ruang > Berkemah & Hiking > Aksesori Tenda > Tali Penahan & Tali Tambang,FUZZY,0.667,fuzzy-raw,global,1,sg-4-2-16-5,Peralatan Olahraga > Rekreasi Luar Ruang > Berkemah & Hiking > Aksesori Tenda > Tali Penahan & Tali Tambang,Sporting Goods > Outdoor Recreation > Camping & Hiking > Tent Accessories > Guy Lines & Ropes,4,True,False,2,Warna | Pola,
239,ALAT SEMPROT TANAMAN,3,22,"Hobi, Ibadah, dan Olahraga > BERKEBUN > ALAT SEMPROT TANAMAN",False,UNMAPPED,0.333,1,,UNMAPPED,0.333,,global,1,,,,,,,,,Rumah & Taman > Tanaman
400,BAJU MUSLIM WANITA,3,22,Fashion > FASHION WANITA > BAJU MUSLIM WANITA,True,UNMAPPED,0.25,2,,UNMAPPED,0.333,,global,1,,,,,,,,,Busana dan Aksesori > Pakaian > Pakaian Tradisional & Seremonial > Baju Melayu
480,CATUR,3,22,Mainan dan Alat Lainnya > MAINAN DENGAN PAPAN (BOARD GAME) > CATUR,False,UNMAPPED,0.5,1,,UNMAPPED,0.5,,global,1,,,,,,,,,Furnitur > Furnitur Luar Ruang > Meja Luar Ruang > Meja Permainan > Meja Catur
634,MARGARIN,4,22,Makanan dan Minuman > MAKANAN & BAHAN MAKANAN > PRODUK SUSU > MARGARIN,False,EXACT,1.0,1,"Makanan, Minuman & Tembakau > Item Makanan > Produk Susu > Mentega & Margarin > Margarin",EXACT,1.0,exact-raw,vertical,1,fb-2-6-1-1,"Makanan, Minuman & Tembakau > Item Makanan > Produk Susu > Mentega & Margarin > Margarin","Food, Beverages & Tobacco > Food Items > Dairy Products > Butter & Margarine > Margarine",4,True,False,5,Informasi alergen | Varian beta-kasein | Preferensi diet | Sumber lemak | Persyaratan penyimpanan,
635,MENTEGA (BUTTER),4,22,Makanan dan Minuman > MAKANAN & BAHAN MAKANAN > PRODUK SUSU > MENTEGA (BUTTER),False,UNMAPPED,0.333,10,,UNMAPPED,0.333,,global,10,,,,,,,,,"Makanan, Minuman & Tembakau > Item Makanan > Bahan Memasak & Baking > Frosting & Icing > Krim Mentega"
802,CREAM ANAK & BAYI,4,22,Keperluan Anak dan Bayi > PERAWATAN ANAK & BAYI > PERAWATAN KULIT ANAK & BAYI > CREAM ANAK & BAYI,True,UNMAPPED,0.5,11,,UNMAPPED,0.5,,global,11,,,,,,,,,Busana dan Aksesori > Pakaian > Pakaian Bayi & Anak
810,HAIR LOTION ANAK & BAYI,4,22,Keperluan Anak dan Bayi > PERAWATAN ANAK & BAYI > PERAWATAN RAMBUT ANAK & BAYI > HAIR LOTION ANAK & BAYI,True,UNMAPPED,0.4,11,,UNMAPPED,0.4,,global,11,,,,,,,,,Busana dan Aksesori > Pakaian > Pakaian Bayi & Anak
850,BIB/SLABER BAYI,4,22,Keperluan Anak dan Bayi > PERLENGKAPAN ANAK & BAYI > PERLENGKAPAN MAKAN ANAK & BAYI  > BIB/SLABER BAYI,True,UNMAPPED,0.25,18,,UNMAPPED,0.25,,global,20,,,,,,,,,Bayi & Balita
936,ESSENTIAL OIL,4,22,Perawatan Diri & Rumah Tangga > Perawatan Diri > WELLNESS & RELAXATION > ESSENTIAL OIL,False,UNMAPPED,0.25,1,,UNMAPPED,0.25,,global,1,,,,,,,,,Kesehatan & Kecantikan > Perawatan Tubuh > Perawatan Mulut > Minyak Oil Pulling
962,KUNCI PAS,4,22,Perbaikan Rumah > ALAT ALAT PERBAIKAN RUMAH > KUNCI > KUNCI PAS,False,EXACT,1.0,1,Perkakas > Peralatan > Kunci Pas,EXACT,1.0,exact-raw,vertical,1,ha-15-80,Perkakas > Peralatan > Kunci Pas,Hardware > Tools > Wrenches,2,False,True,3,Warna | Bahan perangkat keras | Pola,
965,KUNCI SOCKET,4,22,Perbaikan Rumah > ALAT ALAT PERBAIKAN RUMAH > KUNCI > KUNCI SOCKET,False,UNMAPPED,0.5,1,,UNMAPPED,0.5,,global,1,,,,,,,,,Rumah & Taman > Keamanan Bisnis & Rumah > Aksesori Brankas Keamanan > Kunci
1062,POMPA BAN SEPEDA,4,22,"Hobi, Ibadah, dan Olahraga > OLAHRAGA > PERALATAN & PERLENGKAPAN SEPEDA > POMPA BAN SEPEDA",False,AMBIGUOUS,0.667,2,Peralatan Olahraga > Rekreasi Luar Ruang > Bersepeda > Aksesori Sepeda > Pompa Sepeda,AMBIGUOUS,0.667,fuzzy-raw,vertical,2,,,,,,,,,
1088,MOUSE MAT,4,22,Elektronik > ALAT ELEKTRONIK KANTOR & GADGET > PERLENGKAPAN KOMPUTER > MOUSE MAT,False,UNMAPPED,0.333,6,,UNMAPPED,0.333,,global,6,,,,,,,,,Seni & Hiburan > Hobi & Seni Kreatif > Seni & Kerajinan > Alat Seni & Kerajinan > Blocking Mat
1117,AMPLOP SURAT,4,22,Alat dan Buku Tulis > PERALATAN UMUM > AMPLOP > AMPLOP SURAT,False,UNMAPPED,0.5,1,,UNMAPPED,0.5,,global,1,,,,,,,,,Perlengkapan Kantor > Perlengkapan Kantor Umum > Produk Kertas > Amplop
1266,TAS DUFFLE PRIA,4,22,Fashion > TAS & KOPER > TAS PRIA > TAS DUFFLE PRIA,True,UNMAPPED,0.25,56,,UNMAPPED,0.333,,global,26,,,,,,,,,Busana dan Aksesori > Aksesori Tas Tangan & Dompet > Gantungan Tas
1439,MEJA ,5,22,Perawatan Diri & Rumah Tangga > Rumah Tangga > Peralatan & Perlengkapan Rumah Tangga > PERLENGKAPAN RUMAH TANGGA > MEJA ,False,AMBIGUOUS,1.0,2,Furnitur > Meja,AMBIGUOUS,1.0,exact-raw,vertical,2,,,,,,,,,
1590,SABUT & SPONS DUA SISI UNTUK DAPUR,7,22,Perawatan Diri & Rumah Tangga > Rumah Tangga > Peralatan & Perlengkapan Rumah Tangga > PERALATAN RUMAH TANGGA > PERALATAN KEBERSIHAN RUMAH TANGGA > SABUT & SPONS > SABUT & SPONS DUA SISI UNTUK DAPUR,False,UNMAPPED,0.333,1,,UNMAPPED,0.333,,global,1,,,,,,,,,Rumah & Taman > Perlengkapan Rumah Tangga > Perlengkapan Pembersih Rumah Tangga > Spons & Sabut Gosok
1593,SPON / BUSA SAJA,7,22,Perawatan Diri & Rumah Tangga > Rumah Tangga > Peralatan & Perlengkapan Rumah Tangga > PERALATAN RUMAH TANGGA > PERALATAN KEBERSIHAN RUMAH TANGGA > SABUT & SPONS > SPON / BUSA SAJA,False,UNMAPPED,0.25,8,,UNMAPPED,0.25,,global,8,,,,,,,,,Perkakas > Bahan Bangunan > Panel & Busa Peredam Suara > Ubin Busa
1626,CENTONG,7,22,Perawatan Diri & Rumah Tangga > Rumah Tangga > Peralatan & Perlengkapan Rumah Tangga > PERALATAN RUMAH TANGGA > PERALATAN DAN PENYIMPANAN DI DAPUR > ALAT DAPUR & AKSESORIS DAPUR > CENTONG,False,UNMAPPED,0.0,0,,UNMAPPED,0.0,,global,0,,,,,,,,,
1630,COBEK/COWET/ULEKAN,7,22,Perawatan Diri & Rumah Tangga > Rumah Tangga > Peralatan & Perlengkapan Rumah Tangga > PERALATAN RUMAH TANGGA > PERALATAN DAN PENYIMPANAN DI DAPUR > ALAT DAPUR & AKSESORIS DAPUR > COBEK/COWET/ULEKAN,False,UNMAPPED,0.0,0,,UNMAPPED,0.0,,global,0,,,,,,,,,
1679,PIRING,7,22,Perawatan Diri & Rumah Tangga > Rumah Tangga > Peralatan & Perlengkapan Rumah Tangga > PERALATAN RUMAH TANGGA > PERALATAN DAN PENYIMPANAN DI DAPUR > PERALATAN MAKAN > PIRING,False,EXACT,1.0,1,Rumah & Taman > Dapur & Ruang Makan > Peralatan Makan > Peralatan Makan > Piring,EXACT,1.0,exact-raw,vertical,1,hg-11-10-4-3,Rumah & Taman > Dapur & Ruang Makan > Peralatan Makan > Peralatan Makan > Piring,Home & Garden > Kitchen & Dining > Tableware > Dinnerware > Plates,4,True,False,7,Petunjuk pembersihan | Warna | Finis | Pola | Model piring | Bentuk | Bahan peralatan makan,
1765,MUG STAINLESS STEEL,8,22,Perawatan Diri & Rumah Tangga > Rumah Tangga > Peralatan & Perlengkapan Rumah Tangga > PERALATAN RUMAH TANGGA > PERALATAN DAN PENYIMPANAN DI DAPUR > PERALATAN MAKAN > MUG > MUG STAINLESS STEEL,False,UNMAPPED,0.333,1,,UNMAPPED,0.333,,global,1,,,,,,,,,Rumah & Taman > Dapur & Ruang Makan > Peralatan Makan > Peralatan Minum > Mug
73,PERMAINAN KARTU,2,21,Mainan dan Alat Lainnya > PERMAINAN KARTU,False,AMBIGUOUS,1.0,2,Mainan & Permainan > Permainan > Permainan Kartu,EXACT,1.0,exact-raw,vertical,1,tg-2-7,Mainan & Permainan > Permainan > Permainan Kartu,Toys & Games > Games > Card Games,2,True,True,6,Warna | Kondisi | Pola | Rekomendasi kelompok usia | Tema | Bahan mainan/permainan,
83,TEH INSTAN,3,21,"Makanan dan Minuman > COKLAT, KOPI & TEH > TEH INSTAN",False,UNMAPPED,0.5,1,,UNMAPPED,0.5,,global,1,,,,,,,,,"Makanan, Minuman & Tembakau > Minuman > Teh & Infusi > Teh"
110,IKAN & SEAFOOD SEGAR,3,21,Makanan dan Minuman > FRESH > IKAN & SEAFOOD SEGAR,False,UNMAPPED,0.25,8,,UNMAPPED,0.25,,global,8,,,,,,,,,Hewan & Perlengkapan Hewan Piaraan > Perlengkapan Hewan Piaraan > Perlengkapan Ikan & Akuatik > Makanan Ikan
332,TOPI PESTA/TOPI ULANG TAHUN,3,21,Alat dan Buku Tulis > DEKORASI & KELENGKAPAN PESTA > TOPI PESTA/TOPI ULANG TAHUN,False,UNMAPPED,0.5,1,,UNMAPPED,0.5,,global,1,,,,,,,,,Seni & Hiburan > Pesta & Perayaan > Perlengkapan Pesta > Topi Pesta
401,BATIK WANITA,3,21,Fashion > FASHION WANITA > BATIK WANITA,True,UNMAPPED,0.25,3,,UNMAPPED,0.25,,global,3,,,,,,,,,Busana dan Aksesori > Pakaian > Lingeri > Celana Dalam Wanita
467,EYELINER,3,21,Kosmetik dan Alat Kecantikan > MAKE UP MATA > EYELINER,False,EXACT,1.0,1,Kesehatan & Kecantikan > Perawatan Tubuh > Kosmetik > Makeup > Riasan Mata > Eyeliner,EXACT,1.0,exact-raw,vertical,1,hb-3-2-6-3-4,Kesehatan & Kecantikan > Perawatan Tubuh > Kosmetik > Makeup > Riasan Mata > Eyeliner,Health & Beauty > Personal Care > Cosmetics > Makeup > Eye Makeup > Eyeliner,5,True,False,16,Kandungan Alkohol/Pelarut | Warna | Finis kosmetik | Tingkat cakupan | Jenis dispenser | Fitur daya tahan | Keharuman | Fitur riasan | Warna riasan | Bahan | Pola | Desain ujung pena/bulu | Sertifikasi & standar produk | Bentuk produk | Tingkat SPF | Cocok untuk jenis kulit,
570,SANTAN,4,21,Makanan dan Minuman > MAKANAN & BAHAN MAKANAN > BUMBU DAPUR > SANTAN,False,UNMAPPED,0.333,2,,UNMAPPED,0.333,,global,2,,,,,,,,,"Makanan, Minuman & Tembakau > Minuman > Susu Non-Dairy > Santan & Minuman Kelapa"
608,SAYUR DALAM KEMASAN,4,21,Makanan dan Minuman > MAKANAN & BAHAN MAKANAN > MAKANAN DALAM KEMASAN & KALENG > SAYUR DALAM KEMASAN,False,UNMAPPED,0.25,6,,UNMAPPED,0.25,,global,6,,,,,,,,,Busana dan Aksesori > Pakaian > Pakaian Dalam Pria > Pakaian Dalam Pria > Celana Dalam
619,MIE TELOR KERING,4,21,Makanan dan Minuman > MAKANAN & BAHAN MAKANAN > MIE KERING & PASTA > MIE TELOR KERING,False,UNMAPPED,0.25,8,,UNMAPPED,0.25,,global,8,,,,,,,,,"Makanan, Minuman & Tembakau > Item Makanan > Buah & Sayur > Buah Kering"
982,WIPER MOBIL,4,21,"Hobi, Ibadah, dan Olahraga > Perawatan & Suku Cadang Mobil > SUKU CADANG MOBIL > WIPER MOBIL",False,UNMAPPED,0.5,2,,UNMAPPED,0.5,,global,2,,,,,,,,,Seni & Hiburan > Hobi & Seni Kreatif > Barang Koleksi > Model Skala > Mobil
1168,ROMPI PRIA,4,21,Fashion > FASHION PRIA > BAJU LUARAN PRIA > ROMPI PRIA,True,UNMAPPED,0.5,3,,AMBIGUOUS,1.0,exact-stripped,vertical,2,,,,,,,,,
1226,SET BRA WANITA,4,21,Fashion > FASHION WANITA > PAKAIAN DALAM WANITA > SET BRA WANITA,True,UNMAPPED,0.333,1,,UNMAPPED,0.5,,global,1,,,,,,,,,Busana dan Aksesori > Pakaian > Lingeri > Bra
1299,BRUSH SET,4,21,Kosmetik dan Alat Kecantikan > ALAT KECANTIKAN > KUAS & APLIKATOR MAKE UP > BRUSH SET,False,UNMAPPED,0.333,32,,UNMAPPED,0.333,,global,32,,,,,,,,,Busana dan Aksesori > Pakaian > Lingeri > Set Lingeri
1360,ANTI NYAMUK LOTION,5,21,Perawatan Diri & Rumah Tangga > Perawatan Diri > PERAWATAN BADAN > ANTI NYAMUK > ANTI NYAMUK LOTION,False,UNMAPPED,0.4,1,,UNMAPPED,0.4,,global,1,,,,,,,,,Peralatan Olahraga > Rekreasi Luar Ruang > Berkemah & Hiking > Kelambu & Tabir Serangga > Kelambu Kepala Anti Nyamuk
1374,JAMU/OBAT HERBAL,5,21,Perawatan Diri & Rumah Tangga > Perawatan Diri > MULTIVITAMIN & SUPLEMEN > SUPLEMEN MAKANAN > JAMU/OBAT HERBAL,False,UNMAPPED,0.25,6,,UNMAPPED,0.25,,global,6,,,,,,,,,Hewan & Perlengkapan Hewan Piaraan > Perlengkapan Hewan Piaraan > Perlengkapan Ikan & Akuatik > Makanan Ikan > Makanan Obat
1389,OBAT LUAR LAINNYA,5,21,Perawatan Diri & Rumah Tangga > Perawatan Diri > OBAT-OBATAN > PEREDA NYERI & OBAT LUAR > OBAT LUAR LAINNYA,False,UNMAPPED,0.333,9,,UNMAPPED,0.333,,global,9,,,,,,,,,Hewan & Perlengkapan Hewan Piaraan > Perlengkapan Hewan Piaraan > Perlengkapan Ikan & Akuatik > Makanan Ikan > Makanan Obat
1510,PEMBERSIH MULTIFUNGSI CAIR,6,21,Perawatan Diri & Rumah Tangga > Rumah Tangga > BAHAN PEMBERSIH RUMAH > PERAWATAN & PEMBERSIH RUMAH TANGGA LAINNYA > PEMBERSIH MULTIFUNGSI > PEMBERSIH MULTIFUNGSI CAIR,False,UNMAPPED,0.25,39,,UNMAPPED,0.25,,global,39,,,,,,,,,Hewan & Perlengkapan Hewan Piaraan > Perlengkapan Hewan Piaraan > Perlengkapan Ikan & Akuatik > Perlengkapan Pembersih Akuarium > Sikat Pembersih
1524,SAPU,6,21,Perawatan Diri & Rumah Tangga > Rumah Tangga > Peralatan & Perlengkapan Rumah Tangga > PERALATAN RUMAH TANGGA > PERALATAN KEBERSIHAN RUMAH TANGGA > SAPU,False,EXACT,1.0,1,Rumah & Taman > Perlengkapan Rumah Tangga > Perlengkapan Pembersih Rumah Tangga > Sapu,EXACT,1.0,exact-raw,vertical,1,hg-10-6-3,Rumah & Taman > Perlengkapan Rumah Tangga > Perlengkapan Pembersih Rumah Tangga > Sapu,Home & Garden > Household Supplies > Household Cleaning Supplies > Brooms,3,True,False,8,Bahan bulu sikat | Kekakuan bulu sikat | Warna | Bahan pegangan | Bahan | Pola | Ruang yang cocok | Jenis penggunaan,
1544,KERANJANG & TEMPAT SAMPAH,6,21,Perawatan Diri & Rumah Tangga > Rumah Tangga > Peralatan & Perlengkapan Rumah Tangga > PERALATAN RUMAH TANGGA > PERALATAN DAN PENYIMPANAN DI DAPUR > KERANJANG & TEMPAT SAMPAH,False,EXACT,1.0,1,Rumah & Taman > Perlengkapan Rumah Tangga > Penampungan Limbah > Tempat Sampah & Keranjang Sampah,EXACT,1.0,exact-raw,vertical,1,hg-10-18-4,Rumah & Taman > Perlengkapan Rumah Tangga > Penampungan Limbah > Tempat Sampah & Keranjang Sampah,Home & Garden > Household Supplies > Waste Containment > Trash Cans & Wastebaskets,3,False,True,10,Warna | Jenis tutup | Bahan | Jenis pemasangan | Jumlah kompartemen | Mekanisme pembukaan | Pola | Bentuk | Lokasi yang cocok | Ruang yang cocok,
1585,KAIN LAP TANGAN,7,21,Perawatan Diri & Rumah Tangga > Rumah Tangga > Peralatan & Perlengkapan Rumah Tangga > PERALATAN RUMAH TANGGA > PERALATAN KEBERSIHAN RUMAH TANGGA > KAIN UNTUK LAP & PEL > KAIN LAP TANGAN,False,UNMAPPED,0.5,1,,UNMAPPED,0.5,,global,1,,,,,,,,,Peralatan Olahraga > Rekreasi Luar Ruang > Berkemah & Hiking > Toilet & Pancuran Portabel > Toilet Portabel & Alat Urinasi > Kain Lap Kencing
1595,SAPU LIDI,7,21,Perawatan Diri & Rumah Tangga > Rumah Tangga > Peralatan & Perlengkapan Rumah Tangga > PERALATAN RUMAH TANGGA > PERALATAN KEBERSIHAN RUMAH TANGGA > SAPU > SAPU LIDI,False,UNMAPPED,0.5,1,,UNMAPPED,0.5,,global,1,,,,,,,,,Rumah & Taman > Perlengkapan Rumah Tangga > Perlengkapan Pembersih Rumah Tangga > Sapu
1838,CABAI BUBUK,4,21,Makanan dan Minuman > MAKANAN & BAHAN MAKANAN > BUMBU DAPUR > CABAI BUBUK,False,UNMAPPED,0.333,8,,UNMAPPED,0.333,,global,8,,,,,,,,,Hewan & Perlengkapan Hewan Piaraan > Perlengkapan Hewan Piaraan > Perlengkapan Ikan & Akuatik > Pupuk Tanaman Akuatik > Pupuk Bubuk
1851,SAOS CABAI KEMASAN POUCH,6,21,Makanan dan Minuman > MAKANAN & BAHAN MAKANAN > SAUS > SAOS  PEDAS & SAMBAL > SAOS CABAI > SAOS CABAI KEMASAN POUCH,False,UNMAPPED,0.2,2,,UNMAPPED,0.2,,global,2,,,,,,,,,"Busana dan Aksesori > Tas Tangan, Dompet & Kotak > Dompet & Klip Uang > Pouch Leher"
1876,TESPEN,3,21,Perbaikan Rumah > ALAT ALAT PERBAIKAN RUMAH > TESPEN,False,UNMAPPED,0.0,0,,UNMAPPED,0.0,,global,0,,,,,,,,,
1880,KUNCI Y,4,21,Perbaikan Rumah > ALAT ALAT PERBAIKAN RUMAH > KUNCI > KUNCI Y,False,UNMAPPED,0.5,1,,UNMAPPED,0.5,,global,1,,,,,,,,,Rumah & Taman > Keamanan Bisnis & Rumah > Aksesori Brankas Keamanan > Kunci
169,SIKAT KAWAT (WIRE BRUSH),3,20,Perbaikan Rumah > ALAT ALAT PERBAIKAN RUMAH > SIKAT KAWAT (WIRE BRUSH),False,UNMAPPED,0.25,2,,UNMAPPED,0.25,,global,2,,,,,,,,,Hewan & Perlengkapan Hewan Piaraan > Perlengkapan Hewan Piaraan > Perlengkapan Perawatan Hewan Piaraan > Sisir & Sikat Hewan Piaraan > Sikat
197,SEPATU BOOT SAFETY,3,20,Perbaikan Rumah > PERLENGKAPAN PERBAIKAN RUMAH > SEPATU BOOT SAFETY,False,UNMAPPED,0.4,1,,UNMAPPED,0.4,,global,1,,,,,,,,,Busana dan Aksesori > Sepatu > Sepatu Bayi & Anak > Sepatu Boot Bayi & Anak
262,KETEL AIR LISTRIK,3,20,Elektronik > ALAT ELEKTRONIK DAPUR > KETEL AIR LISTRIK,False,FUZZY,0.667,1,Rumah & Taman > Dapur & Ruang Makan > Peralatan Dapur > Ketel Listrik,FUZZY,0.667,fuzzy-raw,vertical,1,hg-11-7-11,Rumah & Taman > Dapur & Ruang Makan > Peralatan Dapur > Ketel Listrik,Home & Garden > Kitchen & Dining > Kitchen Appliances > Electric Kettles,3,True,False,7,Warna | Fitur ketel listrik | Kelas efisiensi energi | Bahan | Pola | Sumber listrik | Kontrol suhu,
320,BUKU NOTA,3,20,Alat dan Buku Tulis > BUKU TULIS > BUKU NOTA,False,UNMAPPED,0.5,1,,UNMAPPED,0.5,,global,1,,,,,,,,,Media > Buku
646,TAUCHO,4,20,Makanan dan Minuman > MAKANAN & BAHAN MAKANAN > SAUS > TAUCHO,False,UNMAPPED,0.0,0,,UNMAPPED,0.0,,global,0,,,,,,,,,
880,SPRAY RAMBUT,4,20,Perawatan Diri & Rumah Tangga > Perawatan Diri > PERAWATAN RAMBUT > SPRAY RAMBUT,False,EXACT,1.0,1,Kesehatan & Kecantikan > Perawatan Tubuh > Perawatan Rambut > Produk Penataan Rambut > Spray Rambut,EXACT,1.0,exact-raw,vertical,1,hb-3-10-10-6,Kesehatan & Kecantikan > Perawatan Tubuh > Perawatan Rambut > Produk Penataan Rambut > Spray Rambut,Health & Beauty > Personal Care > Hair Care > Hair Styling Products > Hair Sprays,4,True,False,15,Kelompok usia | Jenis pemakaian | Efek kondisioner | Bahan penyusun | Keharuman | Finis perawatan rambut | Item perawatan rambut yang disertakan | Manfaat penataan rambut | Jenis rambut | Tingkat ketahanan | Bahan | Sertifikasi & standar produk | Bentuk produk | Cocok untuk jenis rambut | Jenis kelamin sasaran,
937,ANTI NYAMUK BAKAR,4,20,Perawatan Diri & Rumah Tangga > Rumah Tangga > ANTI HAMA & SERANGGA > ANTI NYAMUK BAKAR,False,UNMAPPED,0.4,1,,UNMAPPED,0.4,,global,1,,,,,,,,,Peralatan Olahraga > Rekreasi Luar Ruang > Berkemah & Hiking > Kelambu & Tabir Serangga > Kelambu Kepala Anti Nyamuk
999,SPION MOTOR,4,20,"Hobi, Ibadah, dan Olahraga > Perawatan & Suku Cadang Motor > SUKU CADANG MOTOR > SPION MOTOR",False,UNMAPPED,0.333,18,,UNMAPPED,0.333,,global,18,,,,,,,,,Seni & Hiburan > Hobi & Seni Kreatif > Barang Koleksi > Model Skala > Sepeda Motor
1022,PITA ORGANZA,4,20,"Hobi, Ibadah, dan Olahraga > MENJAHIT > PITA > PITA ORGANZA",False,EXACT,1.0,1,Seni & Hiburan > Hobi & Seni Kreatif > Seni & Kerajinan > Bahan Seni & Kerajinan > Hiasan & Trim > Pita & Trim > Pita Organza,EXACT,1.0,exact-raw,vertical,1,ae-2-1-2-8-10-5,Seni & Hiburan > Hobi & Seni Kreatif > Seni & Kerajinan > Bahan Seni & Kerajinan > Hiasan & Trim > Pita & Trim > Pita Organza,Arts & Entertainment > Hobbies & Creative Arts > Arts & Crafts > Art & Crafting Materials > Embellishments & Trims > Ribbons & Trim > Organza Ribbons,6,True,False,6,Warna | Jenis proyek kerajinan | Bahan hiasan/trim | Tingkat transparansi pita organza | Pola | Jenis lapisan belakang pita/trim,
1043,PELAMPUNG RENANG,4,20,"Hobi, Ibadah, dan Olahraga > OLAHRAGA > PERALATAN & PERLENGKAPAN RENANG > PELAMPUNG RENANG",False,EXACT,1.0,1,Peralatan Olahraga > Rekreasi Luar Ruang > Olahraga Air & Berperahu > Renang > Alat Bantu Renang Anak > Pelampung Renang,EXACT,1.0,exact-raw,vertical,1,sg-4-1-6-1-3,Peralatan Olahraga > Rekreasi Luar Ruang > Olahraga Air & Berperahu > Renang > Alat Bantu Renang Anak > Pelampung Renang,Sporting Goods > Outdoor Recreation > Boating & Water Sports > Swimming > Child Swimming Aids > Swim Buoys,5,True,False,5,Kelompok usia | Warna | Pola | Jenis kompartemen penyimpanan | Fitur pelampung renang,
1047,BARBEL / DUMBELL,4,20,"Hobi, Ibadah, dan Olahraga > OLAHRAGA > PERALATAN & PERLENGKAPAN FITNESS > BARBEL / DUMBELL",False,UNMAPPED,0.333,2,,UNMAPPED,0.333,,global,2,,,,,,,,,Peralatan Olahraga > Peralatan Latihan Umum & Kebugaran > Angkat Beban > Aksesori Beban Bebas > Dongkrak Barbel
1105,CHARGER HP UNTUK MOBIL,4,20,Elektronik > ALAT ELEKTRONIK KANTOR & GADGET > PERLENGKAPAN & SUKU CADANG GADGET > CHARGER HP UNTUK MOBIL,False,UNMAPPED,0.333,2,,UNMAPPED,0.333,,global,2,,,,,,,,,Seni & Hiburan > Hobi & Seni Kreatif > Barang Koleksi > Model Skala > Mobil
1123,LEM KERTAS CAIR,4,20,Alat dan Buku Tulis > PERALATAN UMUM > LEM KERTAS > LEM KERTAS CAIR,False,FUZZY,0.667,1,Seni & Hiburan > Hobi & Seni Kreatif > Seni & Kerajinan > Bahan Seni & Kerajinan > Perekat & Magnet Kerajinan > Lem Kerajinan & Kantor > Lem Cair,FUZZY,0.667,fuzzy-raw,vertical,1,ae-2-1-2-5-1-5,Seni & Hiburan > Hobi & Seni Kreatif > Seni & Kerajinan > Bahan Seni & Kerajinan > Perekat & Magnet Kerajinan > Lem Kerajinan & Kantor > Lem Cair,Arts & Entertainment > Hobbies & Creative Arts > Arts & Crafts > Art & Crafting Materials > Crafting Adhesives & Magnets > Craft & Office Glue > Liquid Glue,6,True,False,8,Kandungan Alkohol/Pelarut | Metode pembersihan | Lapisan akhir lem kerajinan | Jenis aplikator lem | Formulasi dasar lem | Permukaan yang direkomendasikan | Cocok untuk bahan kerajinan | Kemudahan dicuci,
1130,KUPLUK ANAK,4,20,Fashion > AKSESORIS FASHION ANAK > AKSESORIS RAMBUT ANAK > KUPLUK ANAK,True,UNMAPPED,0.333,9,,UNMAPPED,0.333,,global,10,,,,,,,,,Hewan & Perlengkapan Hewan Piaraan > Perlengkapan Hewan Piaraan > Perlengkapan Burung > Tangga & Tenggeran Burung > Tangga & Anak Tangga
1202,PASHMINA WANITA,4,20,Fashion > FASHION WANITA > BAJU MUSLIM WANITA > PASHMINA WANITA,True,UNMAPPED,0.25,3,,UNMAPPED,0.25,,global,3,,,,,,,,,Busana dan Aksesori > Pakaian > Lingeri > Celana Dalam Wanita
1367,DEODORAN LOTION,5,20,Perawatan Diri & Rumah Tangga > Perawatan Diri > FRAGRANCE & DEODORAN > DEODORAN > DEODORAN LOTION,False,UNMAPPED,0.5,1,,UNMAPPED,0.5,,global,1,,,,,,,,,Kesehatan & Kecantikan > Perawatan Tubuh > Deodoran & Anti-Perspiran > Deodoran
1436,PERALATAN DAN PENYIMPANAN DI DAPUR,5,20,Perawatan Diri & Rumah Tangga > Rumah Tangga > Peralatan & Perlengkapan Rumah Tangga > PERALATAN RUMAH TANGGA > PERALATAN DAN PENYIMPANAN DI DAPUR,False,FUZZY,0.75,1,Rumah & Taman > Dapur & Ruang Makan > Peralatan & Perlengkapan Dapur > Penata Dapur > Tempat Penyimpanan & Rak Peralatan Dapur > Tempat Penyimpanan Peralatan Dapur,FUZZY,0.75,fuzzy-raw,vertical,1,hg-11-8-41-5-1,Rumah & Taman > Dapur & Ruang Makan > Peralatan & Perlengkapan Dapur > Penata Dapur > Tempat Penyimpanan & Rak Peralatan Dapur > Tempat Penyimpanan Peralatan Dapur,Home & Garden > Kitchen & Dining > Kitchen Tools & Utensils > Kitchen Organizers > Kitchen Utensil Holders & Racks > Kitchen Utensil Holders,5,True,False,13,Petunjuk pembersihan | Warna | Fitur penata laci | Fitur furnitur/perabot | Bahan pegangan | Jenis Kayu | Jenis pemasangan | Pola | Penempatan yang didukung | Bentuk | Bahan alat/perkakas | Fitur tempat peralatan dapur | Finishing kayu,
1558,BANTAL DEWASA,6,20,Perawatan Diri & Rumah Tangga > Rumah Tangga > Peralatan & Perlengkapan Rumah Tangga > PERLENGKAPAN RUMAH TANGGA > PERLENGKAPAN KAMAR & KAMAR MANDI > BANTAL DEWASA,True,UNMAPPED,0.5,2,,UNMAPPED,0.5,,global,3,,,,,,,,,Kesehatan & Kecantikan > Perawatan Tubuh > Alat Bantu Tidur > Bantal Perjalanan
1711,KOMPOR GAS PORTABLE,8,20,Perawatan Diri & Rumah Tangga > Rumah Tangga > Peralatan & Perlengkapan Rumah Tangga > PERALATAN RUMAH TANGGA > PERALATAN DAN PENYIMPANAN DI DAPUR > ALAT MASAK > KOMPOR GAS > KOMPOR GAS PORTABLE,False,UNMAPPED,0.333,1,,UNMAPPED,0.333,,global,1,,,,,,,,,Rumah & Taman > Dapur & Ruang Makan > Peralatan Dapur > Kompor
1854,SAOS PEDAS LAINNYA,5,20,Makanan dan Minuman > MAKANAN & BAHAN MAKANAN > SAUS > SAOS  PEDAS & SAMBAL > SAOS PEDAS LAINNYA,False,UNMAPPED,0.333,1,,UNMAPPED,0.333,,global,1,,,,,,,,,"Makanan, Minuman & Tembakau > Item Makanan > Kondimen & Saus > Saus Pedas"
5,"Hobi, Ibadah, dan Olahraga",1,19,"Hobi, Ibadah, dan Olahraga",False,UNMAPPED,0.25,11,,UNMAPPED,0.25,,global,11,,,,,,,,,Busana dan Aksesori > Pakaian > Pakaian Aktif > Bra Olahraga
172,AMPLAS (SAND PAPER),3,19,Perbaikan Rumah > MATERIAL PERBAIKAN RUMAH > AMPLAS (SAND PAPER),False,UNMAPPED,0.2,1,,UNMAPPED,0.2,,global,1,,,,,,,,,Perkakas > Aksesori Alat > Aksesori Pengampelasan > Spons Pengampelasan & Amplas
192,KOTAK PERKAKAS (TOOL BOX),3,19,Perbaikan Rumah > PERLENGKAPAN PERBAIKAN RUMAH > KOTAK PERKAKAS (TOOL BOX),False,UNMAPPED,0.25,1,,UNMAPPED,0.25,,global,1,,,,,,,,,Perkakas
272,PERLENGKAPAN & SUKU CADANG GADGET,3,19,Elektronik > ALAT ELEKTRONIK KANTOR & GADGET > PERLENGKAPAN & SUKU CADANG GADGET,False,UNMAPPED,0.5,1,,UNMAPPED,0.5,,global,1,,,,,,,,,Perkakas > Perpipaan > Perkakas & Suku Cadang Perlengkapan Perpipaan
273,GADGET LAINNYA,3,19,Elektronik > ALAT ELEKTRONIK KANTOR & GADGET > GADGET LAINNYA,False,UNMAPPED,0.333,1,,UNMAPPED,0.333,,global,1,,,,,,,,,Mainan & Permainan > Mainan > Senjata & Gadget Mainan
383,KUPLUK DEWASA,3,19,Fashion > AKSESORIS FASHION DEWASA > KUPLUK DEWASA,True,UNMAPPED,0.5,1,,UNMAPPED,0.5,,global,1,,,,,,,,,Dewasa
531,TEH KEMASAN PACK,4,19,"Makanan dan Minuman > COKLAT, KOPI & TEH > TEH INSTAN > TEH KEMASAN PACK",False,UNMAPPED,0.333,1,,UNMAPPED,0.333,,global,1,,,,,,,,,"Makanan, Minuman & Tembakau > Minuman > Teh & Infusi > Teh"
538,KERIPIK PISANG,4,19,Makanan dan Minuman > MAKANAN KECIL  > KERIPIK > KERIPIK PISANG,False,UNMAPPED,0.5,2,,UNMAPPED,0.5,,global,2,,,,,,,,,"Makanan, Minuman & Tembakau > Item Makanan > Buah & Sayur > Buah Segar & Beku > Pisang"
628,MINYAK KELAPA,4,19,Makanan dan Minuman > MAKANAN & BAHAN MAKANAN > MINYAK > MINYAK KELAPA,False,EXACT,1.0,1,"Makanan, Minuman & Tembakau > Item Makanan > Bahan Memasak & Baking > Minyak Goreng > Minyak Kelapa",EXACT,1.0,exact-raw,vertical,1,fb-2-5-12-2,"Makanan, Minuman & Tembakau > Item Makanan > Bahan Memasak & Baking > Minyak Goreng > Minyak Kelapa","Food, Beverages & Tobacco > Food Items > Cooking & Baking Ingredients > Cooking Oils > Coconut Oil",4,True,False,5,Informasi alergen | Jenis pemurnian minyak kelapa | Preferensi diet | Metode pengolahan minyak | Persyaratan penyimpanan,
661,TEPUNG TERIGU,4,19,Makanan dan Minuman > MAKANAN & BAHAN MAKANAN > TEPUNG > TEPUNG TERIGU,False,UNMAPPED,0.5,1,,UNMAPPED,0.5,,global,1,,,,,,,,,"Makanan, Minuman & Tembakau > Item Makanan > Bahan Memasak & Baking > Tepung"
1037,SHUTTLECOCK / KOK BADMINTON,4,19,"Hobi, Ibadah, dan Olahraga > OLAHRAGA > PERALATAN & PERLENGKAPAN BADMINTON > SHUTTLECOCK / KOK BADMINTON",False,UNMAPPED,0.333,1,,UNMAPPED,0.333,,global,1,,,,,,,,,Peralatan Olahraga > Rekreasi Luar Ruang > Permainan Luar Ruang > Bulu Tangkis > Kok
1289,DASI,4,19,Fashion > SERAGAM & ATRIBUT SEKOLAH > ATRIBUT SEKOLAH & KELENGKAPAN LAINNYA > DASI,False,EXACT,1.0,1,Busana dan Aksesori > Aksesori Pakaian > Dasi,EXACT,1.0,exact-raw,vertical,1,aa-2-23,Busana dan Aksesori > Aksesori Pakaian > Dasi,Apparel & Accessories > Clothing Accessories > Neckties,2,False,True,8,Item aksesori yang disertakan | Ukuran aksesori | Kelompok usia | Warna | Kain | Pola | Jenis kelamin sasaran | Tenun/finishing,
1339,MAKANAN SIAP SAJI LAINNYA,5,19,Makanan dan Minuman > MAKANAN & BAHAN MAKANAN > MAKANAN DALAM KEMASAN & KALENG > MAKANAN SIAP SAJI > MAKANAN SIAP SAJI LAINNYA,False,FUZZY,0.6,1,"Makanan, Minuman & Tembakau > Item Makanan > Makanan Olahan > Makanan Penutup & Manisan Siap Saji",FUZZY,0.6,fuzzy-raw,vertical,1,fb-2-15-3,"Makanan, Minuman & Tembakau > Item Makanan > Makanan Olahan > Makanan Penutup & Manisan Siap Saji","Food, Beverages & Tobacco > Food Items > Prepared Foods > Prepared Desserts & Sweets",3,True,False,6,Informasi alergen | Preferensi diet | Bentuk produk makanan | Petunjuk pemanasan | Hidangan makan | Persyaratan penyimpanan,
1344,KECAP ASIN,5,19,Makanan dan Minuman > MAKANAN & BAHAN MAKANAN > SAUS > KECAP > KECAP ASIN,False,UNMAPPED,0.5,1,,UNMAPPED,0.5,,global,1,,,,,,,,,"Makanan, Minuman & Tembakau > Item Makanan > Kondimen & Saus > Kecap"
1379,BEDAK GATAL,5,19,Perawatan Diri & Rumah Tangga > Perawatan Diri > OBAT-OBATAN > PEREDA NYERI & OBAT LUAR > BEDAK GATAL,False,UNMAPPED,0.333,3,,UNMAPPED,0.333,,global,3,,,,,,,,,Kesehatan & Kecantikan > Perawatan Tubuh > Kosmetik > Makeup > Rias Wajah > Bedak Wajah
1571,BENDERA MERAH PUTIH,6,19,Perawatan Diri & Rumah Tangga > Rumah Tangga > Peralatan & Perlengkapan Rumah Tangga > PERLENGKAPAN RUMAH TANGGA > PERLENGKAPAN LAINNYA > BENDERA MERAH PUTIH,False,UNMAPPED,0.333,1,,UNMAPPED,0.333,,global,1,,,,,,,,,Seni & Hiburan > Hobi & Seni Kreatif > Barang Koleksi > Koleksi Olahraga > Aksesori Kipas Olahraga > Bendera
1725,KOTAK MAKAN KERTAS UNTUK CATERING,8,19,Perawatan Diri & Rumah Tangga > Rumah Tangga > Peralatan & Perlengkapan Rumah Tangga > PERALATAN RUMAH TANGGA > PERALATAN DAN PENYIMPANAN DI DAPUR > TEMPAT PENYIMPANAN MAKANAN & MINUMAN > TEMPAT PENYIMPANAN MAKANAN > KOTAK MAKAN KERTAS UNTUK CATERING,False,UNMAPPED,0.4,2,,UNMAPPED,0.4,,global,2,,,,,,,,,Rumah & Taman > Dapur & Ruang Makan > Pembawa Makanan & Minuman > Tas & Kotak Makan
1735,GARPU STAINLESS,8,19,Perawatan Diri & Rumah Tangga > Rumah Tangga > Peralatan & Perlengkapan Rumah Tangga > PERALATAN RUMAH TANGGA > PERALATAN DAN PENYIMPANAN DI DAPUR > PERALATAN MAKAN > GARPU > GARPU STAINLESS,False,UNMAPPED,0.5,1,,UNMAPPED,0.5,,global,1,,,,,,,,,Rumah & Taman > Dapur & Ruang Makan > Peralatan Makan > Peralatan Makan > Garpu
1787,BELUM DISORTIR,1,19,BELUM DISORTIR,False,UNMAPPED,0.2,1,,UNMAPPED,0.0,,global,0,,,,,,,,,
1820,SAOS TOMAT KEMASAN BOTOL,6,19,Makanan dan Minuman > MAKANAN & BAHAN MAKANAN > SAUS > SAOS  PEDAS & SAMBAL > SAOS TOMAT > SAOS TOMAT KEMASAN BOTOL,False,UNMAPPED,0.25,2,,UNMAPPED,0.25,,global,2,,,,,,,,,"Makanan, Minuman & Tembakau > Item Makanan > Buah & Sayur > Sayur Segar & Beku > Tomat"
1877,SARINGAN WASTAFEL,3,19,Perbaikan Rumah > PERLENGKAPAN PERBAIKAN RUMAH > SARINGAN WASTAFEL,False,UNMAPPED,0.5,1,,UNMAPPED,0.5,,global,1,,,,,,,,,Perkakas > Perpipaan > Perlengkapan Perpipaan > Wastafel
86,"COOKIES, BISKUIT DAN LAIN LAIN",3,18,"Makanan dan Minuman > MAKANAN KECIL  > COOKIES, BISKUIT DAN LAIN LAIN",False,UNMAPPED,0.333,2,,UNMAPPED,0.333,,global,2,,,,,,,,,Hewan & Perlengkapan Hewan Piaraan > Perlengkapan Hewan Piaraan > Perlengkapan Hewan Kecil > Camilan Hewan Kecil > Biskuit & Bakeri
177,MUR,3,18,Perbaikan Rumah > MATERIAL PERBAIKAN RUMAH > MUR,False,UNMAPPED,0.5,3,,UNMAPPED,0.5,,global,3,,,,,,,,,Perkakas > Aksesori Perkakas > Pengencang Perkakas > Mur & Baut
244,GUNTING TANAMAN,3,18,"Hobi, Ibadah, dan Olahraga > BERKEBUN > GUNTING TANAMAN",False,UNMAPPED,0.5,1,,UNMAPPED,0.5,,global,1,,,,,,,,,Rumah & Taman > Tanaman
284,HAIR DRYER,3,18,Elektronik > ALAT ELEKTRONIK RUMAH LAINNYA > HAIR DRYER,False,UNMAPPED,0.0,0,,UNMAPPED,0.0,,global,0,,,,,,,,,
615,PASTA INSTAN BUNGKUS,4,18,"Makanan dan Minuman > MAKANAN & BAHAN MAKANAN > MIE, BIHUN, KWETIAU INSTAN > PASTA INSTAN BUNGKUS",False,UNMAPPED,0.25,17,,UNMAPPED,0.25,,global,17,,,,,,,,,Hewan & Perlengkapan Hewan Piaraan > Perlengkapan Hewan Piaraan > Perlengkapan Perawatan Mulut Hewan Piaraan > Pasta Gigi
870,PERLAK ANAK & BAYI,4,18,Keperluan Anak dan Bayi > PERLENGKAPAN ANAK & BAYI > PERLENGKAPAN TIDUR ANAK & BAYI > PERLAK ANAK & BAYI,True,UNMAPPED,0.5,11,,UNMAPPED,0.5,,global,11,,,,,,,,,Busana dan Aksesori > Pakaian > Pakaian Bayi & Anak
914,TUSUK GIGI ,4,18,Perawatan Diri & Rumah Tangga > Perawatan Diri > PERAWATAN MULUT & GIGI > TUSUK GIGI ,False,EXACT,1.0,1,Kesehatan & Kecantikan > Perawatan Tubuh > Perawatan Mulut > Tusuk Gigi,EXACT,1.0,exact-raw,vertical,1,hb-3-12-20,Kesehatan & Kecantikan > Perawatan Tubuh > Perawatan Mulut > Tusuk Gigi,Health & Beauty > Personal Care > Oral Care > Toothpicks,3,True,False,7,Jenis Kayu | Bahan | Fungsi perawatan mulut | Bentuk produk | Desain tusuk gigi | Jenis penggunaan | Finishing kayu,
988,SABUT & SPONS DUA SISI UNTUK MOBIL,4,18,"Hobi, Ibadah, dan Olahraga > Perawatan & Suku Cadang Mobil > PERAWATAN MOBIL > SABUT & SPONS DUA SISI UNTUK MOBIL",False,UNMAPPED,0.333,1,,UNMAPPED,0.333,,global,1,,,,,,,,,Rumah & Taman > Perlengkapan Rumah Tangga > Perlengkapan Pembersih Rumah Tangga > Spons & Sabut Gosok
1067,KARPET / MATRAS OLAHRAGA,4,18,"Hobi, Ibadah, dan Olahraga > OLAHRAGA > PERALATAN & PERLENGKAPAN YOGA > KARPET / MATRAS OLAHRAGA",False,UNMAPPED,0.333,4,,UNMAPPED,0.333,,global,4,,,,,,,,,Rumah & Taman > Dekorasi > Karpet
1206,KAIN BATIK WANITA,4,18,Fashion > FASHION WANITA > BATIK WANITA > KAIN BATIK WANITA,True,UNMAPPED,0.333,1,,UNMAPPED,0.333,,global,1,,,,,,,,,Seni & Hiburan > Hobi & Seni Kreatif > Seni & Kerajinan > Bahan Seni & Kerajinan > Tekstil > Kain
1308,PENJEPIT BULU MATA,4,18,Kosmetik dan Alat Kecantikan > ALAT KECANTIKAN > AKSESORIS ALAT KECANTIKAN > PENJEPIT BULU MATA,False,EXACT,1.0,1,Kesehatan & Kecantikan > Perawatan Tubuh > Kosmetik > Alat Kosmetik > Alat Rias > Penjepit Bulu Mata,EXACT,1.0,exact-raw,vertical,1,hb-3-2-5-1-5,Kesehatan & Kecantikan > Perawatan Tubuh > Kosmetik > Alat Kosmetik > Alat Rias > Penjepit Bulu Mata,Health & Beauty > Personal Care > Cosmetics > Cosmetic Tools > Makeup Tools > Eyelash Curlers,5,True,False,14,Warna | Bahan bantalan pengeriting | Jenis penjepit bulu mata | Fitur | Keharuman | Jenis pegangan | Fungsi panas | Bahan | Pola | Sertifikasi & standar produk | Bentuk produk | Bentuk | Cocok untuk jenis kulit | Jenis penggunaan,
1358,POPOK (DIAPERS) ANAK & BAYI KAIN,5,18,Keperluan Anak dan Bayi > PERLENGKAPAN ANAK & BAYI > PERLENGKAPAN KEBERSIHAN ANAK & BAYI > POPOK (DIAPERS) ANAK & BAYI > POPOK (DIAPERS) ANAK & BAYI KAIN,True,UNMAPPED,0.5,1,,UNMAPPED,0.5,,global,1,,,,,,,,,Busana dan Aksesori > Pakaian > Pakaian Bayi & Anak > Penutup Popok Bayi & Anak
1417,PEMUTIH DAN PENGHILANG NODA KEMASAN REFILL (POUCH),5,18,Perawatan Diri & Rumah Tangga > Rumah Tangga > BAHAN LAUNDRY > PEMUTIH DAN PENGHILANG NODA > PEMUTIH DAN PENGHILANG NODA KEMASAN REFILL (POUCH),False,UNMAPPED,0.333,1,,UNMAPPED,0.333,,global,1,,,,,,,,,"Kendaraan & Suku Cadang > Suku Cadang & Aksesori Kendaraan > Pemeliharaan, Perawatan & Dekorasi Kendaraan > Pembersihan Kendaraan > Pembersih Karpet & Jok Kendaraan > Penghilang Noda"
1494,CAIRAN PENCUCI PIRING KEMASAN BOTOL,6,18,Perawatan Diri & Rumah Tangga > Rumah Tangga > BAHAN PEMBERSIH RUMAH > PEMBERSIH DAPUR > CAIRAN PENCUCI PIRING > CAIRAN PENCUCI PIRING KEMASAN BOTOL,False,UNMAPPED,0.286,1,,UNMAPPED,0.286,,global,1,,,,,,,,,Rumah & Taman > Perlengkapan Rumah Tangga > Perlengkapan Pembersih Rumah Tangga > Produk Pembersih Rumah Tangga > Pembersih Mesin Pencuci Piring
1632,CORONG,7,18,Perawatan Diri & Rumah Tangga > Rumah Tangga > Peralatan & Perlengkapan Rumah Tangga > PERALATAN RUMAH TANGGA > PERALATAN DAN PENYIMPANAN DI DAPUR > ALAT DAPUR & AKSESORIS DAPUR > CORONG,False,EXACT,1.0,1,Rumah & Taman > Dapur & Ruang Makan > Peralatan & Perlengkapan Dapur > Corong,EXACT,1.0,exact-raw,vertical,1,hg-11-8-34,Rumah & Taman > Dapur & Ruang Makan > Peralatan & Perlengkapan Dapur > Corong,Home & Garden > Kitchen & Dining > Kitchen Tools & Utensils > Funnels,3,True,False,6,Petunjuk pembersihan | Warna | Jenis corong | Bahan pegangan | Pola | Bahan alat/perkakas,
1648,PERESAN JERUK,7,18,Perawatan Diri & Rumah Tangga > Rumah Tangga > Peralatan & Perlengkapan Rumah Tangga > PERALATAN RUMAH TANGGA > PERALATAN DAN PENYIMPANAN DI DAPUR > ALAT DAPUR & AKSESORIS DAPUR > PERESAN JERUK,False,UNMAPPED,0.5,1,,UNMAPPED,0.5,,global,1,,,,,,,,,"Makanan, Minuman & Tembakau > Item Makanan > Buah & Sayur > Buah Segar & Beku > Buah Sitrus > Jeruk"
1861,KRIM JERAWAT,4,18,Perawatan Diri & Rumah Tangga > Perawatan Diri > PERAWATAN WAJAH > KRIM JERAWAT,False,UNMAPPED,0.5,1,,UNMAPPED,0.5,,global,1,,,,,,,,,"Makanan, Minuman & Tembakau > Item Makanan > Produk Susu > Krim"
1881,KUNCI T,4,18,Perbaikan Rumah > ALAT ALAT PERBAIKAN RUMAH > KUNCI > KUNCI T,False,UNMAPPED,0.5,1,,UNMAPPED,0.5,,global,1,,,,,,,,,Rumah & Taman > Keamanan Bisnis & Rumah > Aksesori Brankas Keamanan > Kunci
1884,OVERVAL,3,18,Perbaikan Rumah > ALAT ALAT PERBAIKAN RUMAH > OVERVAL,False,UNMAPPED,0.0,0,,UNMAPPED,0.0,,global,0,,,,,,,,,
1887,BALL VALVE,3,18,Perbaikan Rumah > PERLENGKAPAN PERBAIKAN RUMAH > BALL VALVE,False,UNMAPPED,0.25,2,,UNMAPPED,0.25,,global,2,,,,,,,,,Elektronik > Peralatan Arkade > Mesin Skee-Ball
164,PAHAT,3,17,Perbaikan Rumah > ALAT ALAT PERBAIKAN RUMAH > PAHAT,False,UNMAPPED,0.5,3,,UNMAPPED,0.5,,global,3,,,,,,,,,Bisnis & Industri > Pertanian > Mesin Pertanian > Olah Tanah > Bajak Pahat
233,PERALATAN & PERLENGKAPAN SEPAK BOLA,3,17,"Hobi, Ibadah, dan Olahraga > OLAHRAGA > PERALATAN & PERLENGKAPAN SEPAK BOLA",False,FUZZY,0.6,1,Peralatan Olahraga > Atletik > Sepak Bola > Perlengkapan Pelindung Sepak Bola,FUZZY,0.6,fuzzy-raw,vertical,1,sg-1-18-6,Peralatan Olahraga > Atletik > Sepak Bola > Perlengkapan Pelindung Sepak Bola,Sporting Goods > Athletics > Soccer > Soccer Protective Gear,3,False,True,3,Warna | Pola | Sertifikasi badan olahraga,
248,PUPUK,3,17,"Hobi, Ibadah, dan Olahraga > BERKEBUN > PUPUK",False,EXACT,1.0,1,Rumah & Taman > Rumput & Taman > Berkebun > Pupuk,EXACT,1.0,exact-raw,global,1,hg-12-1-3,Rumah & Taman > Rumput & Taman > Berkebun > Pupuk,Home & Garden > Lawn & Garden > Gardening > Fertilizers,3,True,False,9,Metode pemakaian | Warna | Penggunaan berkebun | Perawatan bahan | Kandungan gizi | Bahan tanaman | Sertifikasi & standar produk | Jenis pelepas | Ruang yang cocok,
393,BAJU LUARAN PRIA,3,17,Fashion > FASHION PRIA > BAJU LUARAN PRIA,True,UNMAPPED,0.25,2,,UNMAPPED,0.333,,global,1,,,,,,,,,Busana dan Aksesori > Pakaian > Pakaian Tradisional & Seremonial > Baju Melayu
397,PAKAIAN DALAM PRIA,3,17,Fashion > FASHION PRIA > PAKAIAN DALAM PRIA,True,AMBIGUOUS,1.0,2,Busana dan Aksesori > Pakaian > Pakaian Dalam Pria,AMBIGUOUS,1.0,exact-raw,vertical,2,,,,,,,,,
436,SEPATU SLIP ON PRIA,3,17,Fashion > SEPATU PRIA > SEPATU SLIP ON PRIA,True,UNMAPPED,0.25,1,,UNMAPPED,0.333,,global,1,,,,,,,,,Busana dan Aksesori > Sepatu
459,PERAWATAN BIBIR,3,17,Kosmetik dan Alat Kecantikan > MAKE UP BIBIR > PERAWATAN BIBIR,False,FUZZY,0.667,1,Kesehatan & Kecantikan > Perawatan Tubuh > Kosmetik > Perawatan Wajah > Lip Balm & Perawatan Bibir > Perawatan Pengobatan Bibir,FUZZY,0.667,fuzzy-raw,vertical,1,hb-3-2-9-9-2,Kesehatan & Kecantikan > Perawatan Tubuh > Kosmetik > Perawatan Wajah > Lip Balm & Perawatan Bibir > Perawatan Pengobatan Bibir,Health & Beauty > Personal Care > Cosmetics > Skin Care > Lip Balms & Treatments > Medicated Lip Treatments,5,True,False,18,Bahan aktif | Bahan penyusun | Finis kosmetik | Fungsi kosmetik | Rasa | Keharuman | Asal bahan | Tingkat warna lip balm | Bahan | Jenis kemasan | Sertifikasi & standar produk | Bentuk produk | Tingkat SPF | Aroma | Efek perawatan kulit | Cocok untuk jenis kulit | Jenis kelamin sasaran | Tingkat perlindungan UVA,
559,BAHAN KUE LAINNYA,4,17,Makanan dan Minuman > MAKANAN & BAHAN MAKANAN > BAHAN KUE > BAHAN KUE LAINNYA,False,UNMAPPED,0.5,1,,UNMAPPED,0.5,,global,1,,,,,,,,,"Makanan, Minuman & Tembakau > Item Makanan > Bakeri > Kue & Hidangan Pencuci Mulut > Kue"
658,TEPUNG ROTI,4,17,Makanan dan Minuman > MAKANAN & BAHAN MAKANAN > TEPUNG > TEPUNG ROTI,False,EXACT,1.0,1,"Makanan, Minuman & Tembakau > Item Makanan > Bahan Memasak & Baking > Tepung Roti",EXACT,1.0,exact-raw,vertical,1,fb-2-5-9,"Makanan, Minuman & Tembakau > Item Makanan > Bahan Memasak & Baking > Tepung Roti","Food, Beverages & Tobacco > Food Items > Cooking & Baking Ingredients > Bread Crumbs",3,True,False,4,Informasi alergen | Bahan dasar remah roti | Preferensi diet | Persyaratan penyimpanan,
707,CABE,4,17,Makanan dan Minuman > FRESH > SAYURAN SEGAR > CABE,False,UNMAPPED,0.0,0,,UNMAPPED,0.0,,global,0,,,,,,,,,
1489,DETERJEN CAIR UNTUK PAKAIAN ANAK ATAU BAYI,6,17,Perawatan Diri & Rumah Tangga > Rumah Tangga > BAHAN LAUNDRY > DETERJEN PAKAIAN > DETERJEN CAIR > DETERJEN CAIR UNTUK PAKAIAN ANAK ATAU BAYI,True,FUZZY,0.6,1,Busana dan Aksesori > Pakaian > Pakaian Bayi & Anak,FUZZY,0.6,fuzzy-raw,global,1,aa-1-25,Busana dan Aksesori > Pakaian > Pakaian Bayi & Anak,Apparel & Accessories > Clothing > Baby & Children's Clothing,2,False,True,6,Warna | Kain | Pola | Ukuran | Jenis ukuran | Jenis kelamin sasaran,
1521,PENGANGKAT DEBU PAKAIAN (LINT ROLLER),6,17,Perawatan Diri & Rumah Tangga > Rumah Tangga > Peralatan & Perlengkapan Rumah Tangga > PERALATAN RUMAH TANGGA > PERALATAN KEBERSIHAN RUMAH TANGGA > PENGANGKAT DEBU PAKAIAN (LINT ROLLER),False,UNMAPPED,0.4,1,,UNMAPPED,0.4,,global,1,,,,,,,,,Rumah & Taman > Perlengkapan Rumah Tangga > Perlengkapan Penatu > Lint Roller
1530,DISPENSER SABUN CAIR,6,17,Perawatan Diri & Rumah Tangga > Rumah Tangga > Peralatan & Perlengkapan Rumah Tangga > PERALATAN RUMAH TANGGA > PERALATAN DAN PENYIMPANAN DI KAMAR MANDI > DISPENSER SABUN CAIR,False,UNMAPPED,0.5,2,,UNMAPPED,0.5,,global,2,,,,,,,,,Kesehatan & Kecantikan > Perawatan Tubuh > Kosmetik > Mandi & Perawatan Tubuh > Sabun Tangan Cair
1539,TEMPAT TISSUE,6,17,Perawatan Diri & Rumah Tangga > Rumah Tangga > Peralatan & Perlengkapan Rumah Tangga > PERALATAN RUMAH TANGGA > PERALATAN DAN PENYIMPANAN DI KAMAR MANDI > TEMPAT TISSUE,False,UNMAPPED,0.333,31,,UNMAPPED,0.333,,global,31,,,,,,,,,Hewan & Perlengkapan Hewan Piaraan > Perlengkapan Hewan Piaraan > Sistem Penahanan Hewan Piaraan > Tempat Bermain
1545,PERALATAN MAKAN,6,17,Perawatan Diri & Rumah Tangga > Rumah Tangga > Peralatan & Perlengkapan Rumah Tangga > PERALATAN RUMAH TANGGA > PERALATAN DAN PENYIMPANAN DI DAPUR > PERALATAN MAKAN,False,AMBIGUOUS,1.0,3,Rumah & Taman > Dapur & Ruang Makan > Peralatan Makan,AMBIGUOUS,1.0,exact-raw,vertical,3,,,,,,,,,
1592,SABUT STAINLESS STEEL,7,17,Perawatan Diri & Rumah Tangga > Rumah Tangga > Peralatan & Perlengkapan Rumah Tangga > PERALATAN RUMAH TANGGA > PERALATAN KEBERSIHAN RUMAH TANGGA > SABUT & SPONS > SABUT STAINLESS STEEL,False,UNMAPPED,0.25,2,,UNMAPPED,0.25,,global,2,,,,,,,,,Hewan & Perlengkapan Hewan Piaraan > Perlengkapan Hewan Piaraan > Perlengkapan Ikan & Akuatik > Perlengkapan Pembersih Akuarium > Sabut Gosok
1622,BAKARAN / PANGGANGAN IKAN,7,17,Perawatan Diri & Rumah Tangga > Rumah Tangga > Peralatan & Perlengkapan Rumah Tangga > PERALATAN RUMAH TANGGA > PERALATAN DAN PENYIMPANAN DI DAPUR > ALAT DAPUR & AKSESORIS DAPUR > BAKARAN / PANGGANGAN IKAN,False,UNMAPPED,0.25,14,,UNMAPPED,0.25,,global,14,,,,,,,,,Hewan & Perlengkapan Hewan Piaraan > Perlengkapan Hewan Piaraan > Perlengkapan Ikan & Akuatik > Makanan Ikan
1683,CANGKIR,7,17,Perawatan Diri & Rumah Tangga > Rumah Tangga > Peralatan & Perlengkapan Rumah Tangga > PERALATAN RUMAH TANGGA > PERALATAN DAN PENYIMPANAN DI DAPUR > PERALATAN MAKAN > CANGKIR,False,UNMAPPED,0.5,9,,UNMAPPED,0.5,,global,9,,,,,,,,,Seni & Hiburan > Hobi & Seni Kreatif > Aksesori Alat Musik & Orkestra > Aksesori Alat Musik Tiup Logam > Peredam Alat Musik Tiup Logam > Peredam Cangkir
1733,KERANJANG UNTUK AIR MINERAL GELAS,8,17,Perawatan Diri & Rumah Tangga > Rumah Tangga > Peralatan & Perlengkapan Rumah Tangga > PERALATAN RUMAH TANGGA > PERALATAN DAN PENYIMPANAN DI DAPUR > KERANJANG & TEMPAT SAMPAH > KERANJANG DAPUR > KERANJANG UNTUK AIR MINERAL GELAS,False,UNMAPPED,0.4,2,,UNMAPPED,0.4,,global,2,,,,,,,,,"Makanan, Minuman & Tembakau > Minuman > Air > Air Mineral Biasa"
1846,SAUS BUMBU LAINNYA,5,17,Makanan dan Minuman > MAKANAN & BAHAN MAKANAN > SAUS > SAUS BUMBU MASAK > SAUS BUMBU LAINNYA,False,UNMAPPED,0.5,1,,UNMAPPED,0.5,,global,1,,,,,,,,,"Makanan, Minuman & Tembakau > Item Makanan > Kondimen & Saus > Bumbu Marinasi & Saus Panggang"
1848,SAMBAL KEMASAN SACHET,6,17,Makanan dan Minuman > MAKANAN & BAHAN MAKANAN > SAUS > SAOS  PEDAS & SAMBAL > SAOS SAMBAL > SAMBAL KEMASAN SACHET,False,UNMAPPED,0.2,1,,UNMAPPED,0.2,,global,1,,,,,,,,,Kesehatan & Kecantikan > Perawatan Tubuh > Kosmetik > Alat Kosmetik > Kemasan dan Wadah Kosmetik
71,MAINAN DENGAN PAPAN (BOARD GAME),2,16,Mainan dan Alat Lainnya > MAINAN DENGAN PAPAN (BOARD GAME),False,UNMAPPED,0.25,2,,UNMAPPED,0.25,,global,2,,,,,,,,,Perkakas > Bahan Bangunan > Panel Dinding > Papan
90,BINGKISAN SNACK,3,16,Makanan dan Minuman > MAKANAN KECIL  > BINGKISAN SNACK,False,UNMAPPED,0.333,1,,UNMAPPED,0.333,,global,1,,,,,,,,,Seni & Hiburan > Pesta & Perayaan > Perlengkapan Pesta > Bingkisan Pesta
99,"MIE, BIHUN, KWETIAU INSTAN",3,16,"Makanan dan Minuman > MAKANAN & BAHAN MAKANAN > MIE, BIHUN, KWETIAU INSTAN",False,UNMAPPED,0.2,2,,UNMAPPED,0.2,,global,2,,,,,,,,,Kamera & Optik > Aksesori Kamera & Optik > Komponen & Aksesori Kamera > Film Kamera > Film Instan
135,PERAWATAN RAMBUT,3,16,Perawatan Diri & Rumah Tangga > Perawatan Diri > PERAWATAN RAMBUT,False,AMBIGUOUS,1.0,2,Kesehatan & Kecantikan > Perawatan Tubuh > Perawatan Rambut,AMBIGUOUS,1.0,exact-raw,vertical,2,,,,,,,,,
291,RAKET NYAMUK LISTRIK,3,16,Elektronik > ALAT ELEKTRONIK RUMAH LAINNYA > RAKET NYAMUK LISTRIK,False,UNMAPPED,0.25,45,,UNMAPPED,0.25,,global,45,,,,,,,,,"Seni & Hiburan > Hobi & Seni Kreatif > Seni & Kerajinan > Alat Seni & Kerajinan > Alat Benang & Benang Rajut > Penggulung Benang, Benang Rajut & Bobbin > Penggulung Listrik"
300,JANGKA,3,16,Alat dan Buku Tulis > ALAT MENGGAMBAR / MELUKIS > JANGKA,False,UNMAPPED,0.5,1,,UNMAPPED,0.5,,global,1,,,,,,,,,Perkakas > Peralatan > Alat Ukur & Sensor > Kaliper > Jangka Sorong
375,AKSESORIS RAMBUT ANAK,3,16,Fashion > AKSESORIS FASHION ANAK > AKSESORIS RAMBUT ANAK,True,UNMAPPED,0.25,34,,UNMAPPED,0.333,,global,20,,,,,,,,,Busana dan Aksesori > Aksesori Pakaian > Aksesori Rambut
581,PEMANIS & PENGGANTI GULA,4,16,Makanan dan Minuman > MAKANAN & BAHAN MAKANAN > GULA & PEMANIS > PEMANIS & PENGGANTI GULA,False,FUZZY,0.667,1,"Makanan, Minuman & Tembakau > Item Makanan > Bahan Memasak & Baking > Gula & Pemanis",FUZZY,0.667,fuzzy-raw,vertical,1,fb-2-5-30,"Makanan, Minuman & Tembakau > Item Makanan > Bahan Memasak & Baking > Gula & Pemanis","Food, Beverages & Tobacco > Food Items > Cooking & Baking Ingredients > Sugar & Sweeteners",3,False,True,3,Informasi alergen | Preferensi diet | Persyaratan penyimpanan,
601,BIJI BIJIAN DAN KACANG MENTAH,4,16,Makanan dan Minuman > MAKANAN & BAHAN MAKANAN > MAKANAN DALAM KEMASAN & KALENG > BIJI BIJIAN DAN KACANG MENTAH,False,FUZZY,0.75,1,"Makanan, Minuman & Tembakau > Item Makanan > Kacang & Biji-Bijian",FUZZY,0.75,fuzzy-raw,vertical,1,fb-2-13,"Makanan, Minuman & Tembakau > Item Makanan > Kacang & Biji-Bijian","Food, Beverages & Tobacco > Food Items > Nuts & Seeds",2,True,True,7,Informasi alergen | Preferensi diet | Metode pengolahan kacang | Jenis Kacang/Biji | Tingkat garam | Status lambung/perut | Persyaratan penyimpanan,
637,WHIPPED CREAM CAIR,4,16,Makanan dan Minuman > MAKANAN & BAHAN MAKANAN > PRODUK SUSU > WHIPPED CREAM CAIR,False,UNMAPPED,0.25,3,,UNMAPPED,0.25,,global,3,,,,,,,,,Hewan & Perlengkapan Hewan Piaraan > Perlengkapan Hewan Piaraan > Perlengkapan Ikan & Akuatik > Pupuk Tanaman Akuatik > Pupuk Cair
790,TELUR AYAM PACK,4,16,Makanan dan Minuman > FRESH > TELUR > TELUR AYAM PACK,False,UNMAPPED,0.333,2,,UNMAPPED,0.333,,global,2,,,,,,,,,"Makanan, Minuman & Tembakau > Item Makanan > Daging, Makanan Laut & Telur > Telur"
898,BODY BUTTER,4,16,Perawatan Diri & Rumah Tangga > Perawatan Diri > PERAWATAN BADAN > BODY BUTTER,False,EXACT,1.0,1,Kesehatan & Kecantikan > Perawatan Tubuh > Kosmetik > Perawatan Wajah > Body Butter & Balm > Body Butter,EXACT,1.0,exact-raw,vertical,1,hb-3-2-9-23-1,Kesehatan & Kecantikan > Perawatan Tubuh > Kosmetik > Perawatan Wajah > Body Butter & Balm > Body Butter,Health & Beauty > Personal Care > Cosmetics > Skin Care > Body Butters & Balms > Body Butters,5,True,False,11,Bahan aktif | Area tubuh | Keharuman | Asal bahan | Bahan | Jenis kemasan | Sertifikasi & standar produk | Bentuk produk | Efek perawatan kulit | Cocok untuk jenis kulit | Tingkat perlindungan UVA,
902,KRIM TANGAN & KAKI,4,16,Perawatan Diri & Rumah Tangga > Perawatan Diri > PERAWATAN BADAN > KRIM TANGAN & KAKI,False,FUZZY,0.667,1,Kesehatan & Kecantikan > Perawatan Tubuh > Kosmetik > Perawatan Wajah > Krim Tangan,FUZZY,0.667,fuzzy-raw,vertical,1,hb-3-2-9-22,Kesehatan & Kecantikan > Perawatan Tubuh > Kosmetik > Perawatan Wajah > Krim Tangan,Health & Beauty > Personal Care > Cosmetics > Skin Care > Hand Creams,4,True,False,13,Bahan aktif | Area tubuh | Jenis dispenser | Keharuman | Asal bahan | Bahan | Sertifikasi & standar produk | Bentuk produk | Tingkat SPF | Efek perawatan kulit | Fitur perawatan kulit | Cocok untuk jenis kulit | Tingkat perlindungan UVA,
970,KERAN AIR WASTAFEL,4,16,Perbaikan Rumah > PERLENGKAPAN PERBAIKAN RUMAH > KERAN AIR > KERAN AIR WASTAFEL,False,UNMAPPED,0.5,3,,UNMAPPED,0.5,,global,3,,,,,,,,,Hewan & Perlengkapan Hewan Piaraan > Perlengkapan Hewan Piaraan > Perlengkapan Ikan & Akuatik > Perawatan Air Akuarium > Pendetoks Air Keran
996,BOHLAM LAMPU MOTOR,4,16,"Hobi, Ibadah, dan Olahraga > Perawatan & Suku Cadang Motor > SUKU CADANG MOTOR > BOHLAM LAMPU MOTOR",False,UNMAPPED,0.333,3,,UNMAPPED,0.333,,global,3,,,,,,,,,Rumah & Taman > Pencahayaan > Lampu
1056,BOLA SEPAK,4,16,"Hobi, Ibadah, dan Olahraga > OLAHRAGA > PERALATAN & PERLENGKAPAN SEPAK BOLA > BOLA SEPAK",False,AMBIGUOUS,1.0,2,Peralatan Olahraga > Atletik > Sepak Bola,AMBIGUOUS,1.0,exact-raw,vertical,2,,,,,,,,,
1116,AMPLOP DOKUMEN,4,16,Alat dan Buku Tulis > PERALATAN UMUM > AMPLOP > AMPLOP DOKUMEN,False,UNMAPPED,0.5,1,,UNMAPPED,0.5,,global,1,,,,,,,,,Perlengkapan Kantor > Perlengkapan Kantor Umum > Produk Kertas > Amplop
1205,GAUN BATIK WANITA,4,16,Fashion > FASHION WANITA > BATIK WANITA > GAUN BATIK WANITA,True,UNMAPPED,0.25,7,,UNMAPPED,0.333,,global,4,,,,,,,,,"Busana dan Aksesori > Pakaian > Pakaian Aktif > Dress Tari, Rok & Kostum > Gaun Tari"
1233,ATASAN OLAHRAGA PRIA,4,16,Fashion > PAKAIAN OLAHRAGA > PAKAIAN OLAHRAGA PRIA > ATASAN OLAHRAGA PRIA,True,UNMAPPED,0.25,25,,UNMAPPED,0.333,,global,18,,,,,,,,,Busana dan Aksesori > Pakaian > Pakaian Aktif > Atasan Aktif
1291,TALI PRAMUKA,4,16,Fashion > SERAGAM & ATRIBUT SEKOLAH > ATRIBUT SEKOLAH & KELENGKAPAN LAINNYA > TALI PRAMUKA,False,UNMAPPED,0.5,1,,UNMAPPED,0.5,,global,1,,,,,,,,,Rumah & Taman > Rumput & Taman > Aksesori Peralatan Listrik Luar Ruang > Aksesori Pencuci Bertekanan > Tali
1303,KUAS WAJAH,4,16,Kosmetik dan Alat Kecantikan > ALAT KECANTIKAN > KUAS & APLIKATOR MAKE UP > KUAS WAJAH,False,UNMAPPED,0.333,16,,UNMAPPED,0.333,,global,16,,,,,,,,,Seni & Hiburan > Hobi & Seni Kreatif > Seni & Kerajinan > Alat Seni & Kerajinan > Alat Ukur & Penanda Kerajinan > Kuas Seni
1338,SUP SAJI,5,16,Makanan dan Minuman > MAKANAN & BAHAN MAKANAN > MAKANAN DALAM KEMASAN & KALENG > MAKANAN SIAP SAJI > SUP SAJI,False,UNMAPPED,0.333,9,,UNMAPPED,0.333,,global,9,,,,,,,,,"Makanan, Minuman & Tembakau > Item Makanan > Sup & Kaldu"
1349,ROTI TAWAR,5,16,Makanan dan Minuman > MAKANAN & BAHAN MAKANAN > SEREAL & SARAPAN > ROTI > ROTI TAWAR,False,UNMAPPED,0.333,10,,UNMAPPED,0.333,,global,10,,,,,,,,,"Makanan, Minuman & Tembakau > Item Makanan > Bakeri > Roti & Bun"
1499,CAIRAN PEMBERSIH KACA KEMASAN REFILL (POUCH),6,16,Perawatan Diri & Rumah Tangga > Rumah Tangga > BAHAN PEMBERSIH RUMAH > PEMBERSIH KACA > CAIRAN PEMBERSIH KACA > CAIRAN PEMBERSIH KACA KEMASAN REFILL (POUCH),False,UNMAPPED,0.333,1,,UNMAPPED,0.333,,global,1,,,,,,,,,Rumah & Taman > Perlengkapan Rumah Tangga > Perlengkapan Pembersih Rumah Tangga > Produk Pembersih Rumah Tangga > Pembersih Kaca & Permukaan > Pembersih Kaca
1501,CAIRAN PEMBERSIH KAMAR MANDI & KLOSET (PORSTEX) KEMASAN REFILL (POUCH),6,16,Perawatan Diri & Rumah Tangga > Rumah Tangga > BAHAN PEMBERSIH RUMAH > PEMBERSIH KAMAR MANDI > CAIRAN PEMBERSIH KAMAR MANDI & KLOSET (PORSTEX) > CAIRAN PEMBERSIH KAMAR MANDI & KLOSET (PORSTEX) KEMASAN REFILL (POUCH),False,UNMAPPED,0.2,6,,UNMAPPED,0.2,,global,6,,,,,,,,,Bisnis & Industri > Medis > Peralatan Medis > Lift Pasien > Lift Kamar Mandi
1505,CAIRAN PEMBERSIH LANTAI KEMASAN JERIGEN,6,16,Perawatan Diri & Rumah Tangga > Rumah Tangga > BAHAN PEMBERSIH RUMAH > PEMBERSIH LANTAI > CAIRAN PEMBERSIH LANTAI > CAIRAN PEMBERSIH LANTAI KEMASAN JERIGEN,False,UNMAPPED,0.4,1,,UNMAPPED,0.4,,global,1,,,,,,,,,Rumah & Taman > Peralatan Rumah Tangga > Pembersih Lantai & Uap > Pembersih Lantai
1535,RAK GANTUNG HANDUK,6,16,Perawatan Diri & Rumah Tangga > Rumah Tangga > Peralatan & Perlengkapan Rumah Tangga > PERALATAN RUMAH TANGGA > PERALATAN DAN PENYIMPANAN DI KAMAR MANDI > RAK GANTUNG HANDUK,False,FUZZY,0.667,1,Rumah & Taman > Aksesori Kamar Mandi > Rak & Tempat Handuk > Rak Handuk,FUZZY,0.667,fuzzy-raw,vertical,1,hg-1-21-2,Rumah & Taman > Aksesori Kamar Mandi > Rak & Tempat Handuk > Rak Handuk,Home & Garden > Bathroom Accessories > Towel Racks & Holders > Towel Racks,3,True,False,6,Warna | Finis perangkat keras | Fungsi panas | Bahan | Jenis pemasangan | Pola,
1710,KLEM SELANG GAS,8,16,Perawatan Diri & Rumah Tangga > Rumah Tangga > Peralatan & Perlengkapan Rumah Tangga > PERALATAN RUMAH TANGGA > PERALATAN DAN PENYIMPANAN DI DAPUR > ALAT MASAK > KOMPOR GAS > KLEM SELANG GAS,False,FUZZY,0.667,1,Perkakas > Aksesori Perkakas > Selang Gas,FUZZY,0.667,fuzzy-raw,global,1,ha-6-12,Perkakas > Aksesori Perkakas > Selang Gas,Hardware > Hardware Accessories > Gas Hoses,2,True,True,4,Warna | Bahan selang | Pola | Cocok untuk jenis gas,
1734,GARPU PLASTIK,8,16,Perawatan Diri & Rumah Tangga > Rumah Tangga > Peralatan & Perlengkapan Rumah Tangga > PERALATAN RUMAH TANGGA > PERALATAN DAN PENYIMPANAN DI DAPUR > PERALATAN MAKAN > GARPU > GARPU PLASTIK,False,UNMAPPED,0.5,1,,UNMAPPED,0.5,,global,1,,,,,,,,,Rumah & Taman > Dapur & Ruang Makan > Peralatan Makan > Peralatan Makan > Garpu
1781,TUTUP GELAS PLASTIK,8,16,Perawatan Diri & Rumah Tangga > Rumah Tangga > Peralatan & Perlengkapan Rumah Tangga > PERALATAN RUMAH TANGGA > PERALATAN DAN PENYIMPANAN DI DAPUR > PERALATAN MAKAN > TUTUP GELAS > TUTUP GELAS PLASTIK,False,FUZZY,0.667,1,Rumah & Taman > Dapur & Ruang Makan > Aksesori Peralatan Dapur > Aksesori Wajan Pipih & Wok Listrik > Tutup Gelas,FUZZY,0.667,fuzzy-raw,vertical,1,hg-11-6-8-1,Rumah & Taman > Dapur & Ruang Makan > Aksesori Peralatan Dapur > Aksesori Wajan Pipih & Wok Listrik > Tutup Gelas,Home & Garden > Kitchen & Dining > Kitchen Appliance Accessories > Electric Skillet & Wok Accessories > Glass Lids,4,True,False,7,Petunjuk pembersihan | Warna | Model penutup peralatan masak | Fitur peralatan masak/panggang | Fitur tutup | Bahan | Bentuk,
1835,MINUMAN SERBUK RASA COKLAT,4,16,"Makanan dan Minuman > COKLAT, KOPI & TEH > COKLAT & COCOA BUBUK > MINUMAN SERBUK RASA COKLAT",False,UNMAPPED,0.5,1,,UNMAPPED,0.5,,global,1,,,,,,,,,Bayi & Balita > Perawatan & Pemberian Makan > Makanan Bayi & Balita > Minuman Bayi > Minuman Serbuk
134,PERLENGKAPAN TIDUR ANAK & BAYI,3,15,Keperluan Anak dan Bayi > PERLENGKAPAN ANAK & BAYI > PERLENGKAPAN TIDUR ANAK & BAYI,True,AMBIGUOUS,0.6,2,Busana dan Aksesori > Pakaian > Pakaian Bayi & Anak > Baju Tidur Bayi & Anak,AMBIGUOUS,0.6,fuzzy-raw,global,2,,,,,,,,,
486,MANDI BOLA,3,15,Mainan dan Alat Lainnya > MAINAN OLAHRAGA DAN AKTIVITAS > MANDI BOLA,False,AMBIGUOUS,1.0,2,Mainan & Permainan > Mainan > Mandi Bola,AMBIGUOUS,1.0,exact-raw,vertical,2,,,,,,,,,
494,PENGGARUK PUNGGUNG,3,15,Mainan dan Alat Lainnya > ALAT LAINNYA > PENGGARUK PUNGGUNG,False,EXACT,1.0,1,Kesehatan & Kecantikan > Perawatan Tubuh > Pijat & Relaksasi > Penggaruk Punggung,EXACT,1.0,exact-raw,global,1,hb-3-11-1,Kesehatan & Kecantikan > Perawatan Tubuh > Pijat & Relaksasi > Penggaruk Punggung,Health & Beauty > Personal Care > Massage & Relaxation > Back Scratchers,3,True,False,9,Desain cakar | Bahan terperinci | Keharuman | Tekstur grip pegangan | Bahan pegangan | Jenis pegangan | Bahan | Bentuk produk | Tujuan perawatan,
522,KOPI RTD KEMASAN KALENG,4,15,"Makanan dan Minuman > COKLAT, KOPI & TEH > KOPI INSTAN (RTD) > KOPI RTD KEMASAN KALENG",False,UNMAPPED,0.25,1,,UNMAPPED,0.25,,global,1,,,,,,,,,"Makanan, Minuman & Tembakau > Minuman > Kopi"
550,PERMEN GULA KAPAS,4,15,Makanan dan Minuman > MAKANAN KECIL  > PERMEN MARSHMALLOW DAN LAIN LAIN > PERMEN GULA KAPAS,False,EXACT,1.0,1,"Makanan, Minuman & Tembakau > Item Makanan > Bahan Memasak & Baking > Gula & Pemanis > Gula Permen Kapas",EXACT,1.0,exact-raw,vertical,1,fb-2-5-30-5,"Makanan, Minuman & Tembakau > Item Makanan > Bahan Memasak & Baking > Gula & Pemanis > Gula Permen Kapas","Food, Beverages & Tobacco > Food Items > Cooking & Baking Ingredients > Sugar & Sweeteners > Cotton Candy Sugar",4,True,False,3,Informasi alergen | Preferensi diet | Persyaratan penyimpanan,
616,BIHUN KERING,4,15,Makanan dan Minuman > MAKANAN & BAHAN MAKANAN > MIE KERING & PASTA > BIHUN KERING,False,UNMAPPED,0.333,8,,UNMAPPED,0.333,,global,8,,,,,,,,,"Makanan, Minuman & Tembakau > Item Makanan > Buah & Sayur > Buah Kering"
630,MINYAK WIJEN,4,15,Makanan dan Minuman > MAKANAN & BAHAN MAKANAN > MINYAK > MINYAK WIJEN,False,EXACT,1.0,1,"Makanan, Minuman & Tembakau > Item Makanan > Bahan Memasak & Baking > Minyak Goreng > Minyak Wijen",EXACT,1.0,exact-raw,vertical,1,fb-2-5-12-7,"Makanan, Minuman & Tembakau > Item Makanan > Bahan Memasak & Baking > Minyak Goreng > Minyak Wijen","Food, Beverages & Tobacco > Food Items > Cooking & Baking Ingredients > Cooking Oils > Sesame Oil",4,True,False,5,Informasi alergen | Preferensi diet | Metode pengolahan minyak | Varietas biji wijen | Persyaratan penyimpanan,
798,BABY OIL,4,15,Keperluan Anak dan Bayi > PERAWATAN ANAK & BAYI > PERAWATAN KULIT ANAK & BAYI > BABY OIL,False,UNMAPPED,0.25,1,,UNMAPPED,0.25,,global,1,,,,,,,,,Kesehatan & Kecantikan > Perawatan Tubuh > Perawatan Mulut > Minyak Oil Pulling
846,GURITA ANAK & BAYI,4,15,Keperluan Anak dan Bayi > PERLENGKAPAN ANAK & BAYI > PERLENGKAPAN ANAK & BAYI LAINNYA  > GURITA ANAK & BAYI,True,UNMAPPED,0.5,11,,UNMAPPED,0.5,,global,11,,,,,,,,,Busana dan Aksesori > Pakaian > Pakaian Bayi & Anak
986,OLI MOBIL,4,15,"Hobi, Ibadah, dan Olahraga > Perawatan & Suku Cadang Mobil > PERAWATAN MOBIL > OLI MOBIL",False,UNMAPPED,0.5,3,,UNMAPPED,0.5,,global,3,,,,,,,,,Seni & Hiburan > Hobi & Seni Kreatif > Barang Koleksi > Model Skala > Mobil
1023,PITA RENDA,4,15,"Hobi, Ibadah, dan Olahraga > MENJAHIT > PITA > PITA RENDA",False,UNMAPPED,0.333,29,,UNMAPPED,0.333,,global,29,,,,,,,,,Seni & Hiburan > Hobi & Seni Kreatif > Seni & Kerajinan > Bahan Seni & Kerajinan > Perekat & Magnet Kerajinan > Pita Dekoratif
1027,GITAR,4,15,"Hobi, Ibadah, dan Olahraga > OLAHRAGA > ALAT MUSIK > GITAR",False,EXACT,1.0,1,Seni & Hiburan > Hobi & Seni Kreatif > Alat Musik > Alat Musik Dawai > Gitar,EXACT,1.0,exact-raw,vertical,1,ae-2-8-7-2,Seni & Hiburan > Hobi & Seni Kreatif > Alat Musik > Alat Musik Dawai > Gitar,Arts & Entertainment > Hobbies & Creative Arts > Musical Instruments > String Instruments > Guitars,4,False,True,15,Ukuran baterai | Jenis baterai | Warna papan jari | Bahan papan jari | Pola papan jari | Ukuran gitar | Warna alat musik | Bahan alat musik | Pola alat musik | Warna senar alat musik | Bahan senar alat musik | Pola senar alat musik | Warna leher | Bahan leher | Pola leher,
1049,HAND GRIP BUSA,4,15,"Hobi, Ibadah, dan Olahraga > OLAHRAGA > PERALATAN & PERLENGKAPAN FITNESS > HAND GRIP BUSA",False,UNMAPPED,0.333,1,,UNMAPPED,0.333,,global,1,,,,,,,,,Perkakas > Peralatan > Grip
1106,KABEL CHARGER,4,15,Elektronik > ALAT ELEKTRONIK KANTOR & GADGET > PERLENGKAPAN & SUKU CADANG GADGET > KABEL CHARGER,False,UNMAPPED,0.5,2,,UNMAPPED,0.5,,global,2,,,,,,,,,Elektronik > Aksesori Elektronik > Kabel
1158,SARUNG TANGAN BAYI,4,15,Fashion > FASHION ANAK & BAYI > PAKAIAN BAYI > SARUNG TANGAN BAYI,True,AMBIGUOUS,0.667,3,Hewan & Perlengkapan Hewan Piaraan > Perlengkapan Hewan Piaraan > Perlengkapan Perawatan Hewan Piaraan > Sisir & Sikat Hewan Piaraan > Sarung Tangan,AMBIGUOUS,0.667,fuzzy-stripped,vertical,2,,,,,,,,,
1181,CELANA DALAM PRIA SEKALI PAKAI,4,15,Fashion > FASHION PRIA > PAKAIAN DALAM PRIA > CELANA DALAM PRIA SEKALI PAKAI,True,UNMAPPED,0.4,1,,UNMAPPED,0.5,,global,1,,,,,,,,,Busana dan Aksesori > Pakaian > Pakaian Dalam Pria > Pakaian Dalam Pria > Celana Dalam
1323,SUSU LAINNYA,5,15,Makanan dan Minuman > MINUMAN > MINUMAN DALAM KEMASAN > SUSU > SUSU LAINNYA,False,AMBIGUOUS,1.0,2,"Makanan, Minuman & Tembakau > Minuman > Susu",AMBIGUOUS,1.0,exact-raw,vertical,2,,,,,,,,,
1382,KOYO,5,15,Perawatan Diri & Rumah Tangga > Perawatan Diri > OBAT-OBATAN > PEREDA NYERI & OBAT LUAR > KOYO,False,UNMAPPED,0.0,0,,UNMAPPED,0.0,,global,0,,,,,,,,,
1497,CAIRAN PEMBERSIH KACA KEMASAN SPRAY,6,15,Perawatan Diri & Rumah Tangga > Rumah Tangga > BAHAN PEMBERSIH RUMAH > PEMBERSIH KACA > CAIRAN PEMBERSIH KACA > CAIRAN PEMBERSIH KACA KEMASAN SPRAY,False,UNMAPPED,0.4,1,,UNMAPPED,0.4,,global,1,,,,,,,,,Rumah & Taman > Perlengkapan Rumah Tangga > Perlengkapan Pembersih Rumah Tangga > Produk Pembersih Rumah Tangga > Pembersih Kaca & Permukaan > Pembersih Kaca
1706,SENDOK PENYARING (SKIMMER),8,15,Perawatan Diri & Rumah Tangga > Rumah Tangga > Peralatan & Perlengkapan Rumah Tangga > PERALATAN RUMAH TANGGA > PERALATAN DAN PENYIMPANAN DI DAPUR > ALAT DAPUR & AKSESORIS DAPUR > SENDOK DAPUR > SENDOK PENYARING (SKIMMER),False,UNMAPPED,0.333,2,,UNMAPPED,0.333,,global,2,,,,,,,,,Rumah & Taman > Dapur & Ruang Makan > Peralatan & Perlengkapan Dapur > Peniris & Penyaring > Penyaring
1708,SENDOK TAKAR,8,15,Perawatan Diri & Rumah Tangga > Rumah Tangga > Peralatan & Perlengkapan Rumah Tangga > PERALATAN RUMAH TANGGA > PERALATAN DAN PENYIMPANAN DI DAPUR > ALAT DAPUR & AKSESORIS DAPUR > SENDOK DAPUR > SENDOK TAKAR,False,UNMAPPED,0.5,1,,UNMAPPED,0.5,,global,1,,,,,,,,,Rumah & Taman > Dapur & Ruang Makan > Peralatan Makan > Peralatan Makan > Sendok
1736,SENDOK PLASTIK,8,15,Perawatan Diri & Rumah Tangga > Rumah Tangga > Peralatan & Perlengkapan Rumah Tangga > PERALATAN RUMAH TANGGA > PERALATAN DAN PENYIMPANAN DI DAPUR > PERALATAN MAKAN > SENDOK > SENDOK PLASTIK,False,UNMAPPED,0.5,1,,UNMAPPED,0.5,,global,1,,,,,,,,,Rumah & Taman > Dapur & Ruang Makan > Peralatan Makan > Peralatan Makan > Sendok
1755,GELAS / CUP KERTAS,8,15,Perawatan Diri & Rumah Tangga > Rumah Tangga > Peralatan & Perlengkapan Rumah Tangga > PERALATAN RUMAH TANGGA > PERALATAN DAN PENYIMPANAN DI DAPUR > PERALATAN MAKAN > GELAS/CUP > GELAS / CUP KERTAS,False,UNMAPPED,0.25,44,,UNMAPPED,0.25,,global,44,,,,,,,,,Seni & Hiburan > Hobi & Seni Kreatif > Seni & Kerajinan > Bahan Seni & Kerajinan > Kertas Seni & Kerajinan > Cardstock & Kertas Kliping > Kertas Kliping
1779,SEDOTAN PLASTIK,8,15,Perawatan Diri & Rumah Tangga > Rumah Tangga > Peralatan & Perlengkapan Rumah Tangga > PERALATAN RUMAH TANGGA > PERALATAN DAN PENYIMPANAN DI DAPUR > PERALATAN MAKAN > SEDOTAN > SEDOTAN PLASTIK,False,UNMAPPED,0.333,4,,UNMAPPED,0.333,,global,4,,,,,,,,,Seni & Hiburan > Hobi & Seni Kreatif > Seni & Kerajinan > Bahan Seni & Kerajinan > Tekstil > Kanvas Kerajinan > Kanvas Plastik
1872,TATAKAN KOMPOR,8,15,Perawatan Diri & Rumah Tangga > Rumah Tangga > Peralatan & Perlengkapan Rumah Tangga > PERALATAN RUMAH TANGGA > PERALATAN DAN PENYIMPANAN DI DAPUR > ALAT MASAK > KOMPOR GAS > TATAKAN KOMPOR,False,UNMAPPED,0.5,1,,UNMAPPED,0.5,,global,1,,,,,,,,,Rumah & Taman > Dapur & Ruang Makan > Peralatan Dapur > Kompor
21,GIFT SET ANAK & BAYI,2,14,Keperluan Anak dan Bayi > GIFT SET ANAK & BAYI,True,UNMAPPED,0.4,12,,UNMAPPED,0.4,,global,12,,,,,,,,,Busana dan Aksesori > Pakaian > Pakaian Bayi & Anak
36,ALAT ELEKTRONIK KANTOR & GADGET,2,14,Elektronik > ALAT ELEKTRONIK KANTOR & GADGET,False,UNMAPPED,0.4,1,,UNMAPPED,0.4,,global,1,,,,,,,,,Seni & Hiburan > Hobi & Seni Kreatif > Alat Musik > Alat Musik Elektronik
91,BAHAN KUE,3,14,Makanan dan Minuman > MAKANAN & BAHAN MAKANAN > BAHAN KUE,False,UNMAPPED,0.5,1,,UNMAPPED,0.5,,global,1,,,,,,,,,"Makanan, Minuman & Tembakau > Item Makanan > Bakeri > Kue & Hidangan Pencuci Mulut > Kue"
243,GUNTING RUMPUT,3,14,"Hobi, Ibadah, dan Olahraga > BERKEBUN > GUNTING RUMPUT",False,UNMAPPED,0.333,21,,UNMAPPED,0.333,,global,21,,,,,,,,,Hewan & Perlengkapan Hewan Piaraan > Perlengkapan Hewan Piaraan > Perlengkapan Perawatan Hewan Piaraan > Clipper & Trimmer Bulu Hewan Piaraan > Gunting Besar & Gunting
252,PERALATAN BERKEBUN LAINNYA,3,14,"Hobi, Ibadah, dan Olahraga > BERKEBUN > PERALATAN BERKEBUN LAINNYA",False,UNMAPPED,0.5,2,,UNMAPPED,0.5,,global,2,,,,,,,,,Perkakas > Peralatan
280,EMERGENCY LAMP (LAMPU DARURAT),3,14,Elektronik > ALAT ELEKTRONIK RUMAH LAINNYA > EMERGENCY LAMP (LAMPU DARURAT),False,UNMAPPED,0.4,1,,UNMAPPED,0.4,,global,1,,,,,,,,,Rumah & Taman > Pencahayaan > Pencahayaan Darurat > Perlengkapan Lampu Darurat
316,BUKU FOLIO,3,14,Alat dan Buku Tulis > BUKU TULIS > BUKU FOLIO,False,UNMAPPED,0.5,1,,UNMAPPED,0.5,,global,1,,,,,,,,,Media > Buku
338,KERTAS CREPE,3,14,Alat dan Buku Tulis > KERTAS > KERTAS CREPE,False,UNMAPPED,0.333,30,,UNMAPPED,0.333,,global,30,,,,,,,,,Seni & Hiburan > Hobi & Seni Kreatif > Seni & Kerajinan > Bahan Seni & Kerajinan > Kertas Seni & Kerajinan > Cardstock & Kertas Kliping > Kertas Kliping
475,CONCEALER,3,14,Kosmetik dan Alat Kecantikan > MAKE UP WAJAH > CONCEALER,False,EXACT,1.0,1,Kesehatan & Kecantikan > Perawatan Tubuh > Kosmetik > Makeup > Rias Wajah > Alas Bedak dan Concealer > Concealer,EXACT,1.0,exact-raw,vertical,1,hb-3-2-6-4-4-3,Kesehatan & Kecantikan > Perawatan Tubuh > Kosmetik > Makeup > Rias Wajah > Alas Bedak dan Concealer > Concealer,Health & Beauty > Personal Care > Cosmetics > Makeup > Face Makeup > Foundations & Concealers > Concealers,6,True,False,16,Warna | Finis kosmetik | Tingkat cakupan | Jenis dispenser | Fitur daya tahan | Keharuman | Fitur riasan | Warna riasan | Bahan | Sertifikasi & standar produk | Bentuk produk | Tingkat SPF | Efek perawatan kulit | Warna kulit | Warna dasar kulit | Cocok untuk jenis kulit,
621,SOUN KERING ,4,14,Makanan dan Minuman > MAKANAN & BAHAN MAKANAN > MIE KERING & PASTA > SOUN KERING ,False,UNMAPPED,0.333,8,,UNMAPPED,0.333,,global,8,,,,,,,,,"Makanan, Minuman & Tembakau > Item Makanan > Buah & Sayur > Buah Kering"
777,TEMPE,4,14,Makanan dan Minuman > FRESH > SAYURAN SEGAR > TEMPE,False,EXACT,1.0,1,"Makanan, Minuman & Tembakau > Item Makanan > Tahu, Produk Kedelai & Vegetarian > Tempe",EXACT,1.0,exact-raw,vertical,1,fb-2-19-4,"Makanan, Minuman & Tembakau > Item Makanan > Tahu, Produk Kedelai & Vegetarian > Tempe","Food, Beverages & Tobacco > Food Items > Tofu, Soy & Vegetarian Products > Tempeh",3,True,False,3,Informasi alergen | Preferensi diet | Persyaratan penyimpanan,
855,HANDUK ANAK & BAYI,4,14,Keperluan Anak dan Bayi > PERLENGKAPAN ANAK & BAYI > PERLENGKAPAN MANDI ANAK & BAYI > HANDUK ANAK & BAYI,True,UNMAPPED,0.5,11,,UNMAPPED,0.5,,global,11,,,,,,,,,Busana dan Aksesori > Pakaian > Pakaian Bayi & Anak
973,COVER MOBIL,4,14,"Hobi, Ibadah, dan Olahraga > Perawatan & Suku Cadang Mobil > AKSESORIS MOBIL > COVER MOBIL",False,UNMAPPED,0.5,2,,UNMAPPED,0.5,,global,2,,,,,,,,,Seni & Hiburan > Hobi & Seni Kreatif > Barang Koleksi > Model Skala > Mobil
977,KARPET MOBIL,4,14,"Hobi, Ibadah, dan Olahraga > Perawatan & Suku Cadang Mobil > AKSESORIS MOBIL > KARPET MOBIL",False,UNMAPPED,0.5,3,,UNMAPPED,0.5,,global,3,,,,,,,,,Seni & Hiburan > Hobi & Seni Kreatif > Barang Koleksi > Model Skala > Mobil
1017,JARUM PENTUL,4,14,"Hobi, Ibadah, dan Olahraga > MENJAHIT > JARUM > JARUM PENTUL",False,UNMAPPED,0.333,17,,UNMAPPED,0.333,,global,17,,,,,,,,,Seni & Hiburan > Hobi & Seni Kreatif > Seni & Kerajinan > Alat Seni & Kerajinan > Jarum & Kait
1025,PITA UKUR,4,14,"Hobi, Ibadah, dan Olahraga > MENJAHIT > PITA > PITA UKUR",False,AMBIGUOUS,1.0,2,Seni & Hiburan > Hobi & Seni Kreatif > Seni & Kerajinan > Alat Seni & Kerajinan > Alat Ukur & Penanda Kerajinan > Pita Ukur,EXACT,1.0,exact-raw,vertical,1,ae-2-1-4-6-11,Seni & Hiburan > Hobi & Seni Kreatif > Seni & Kerajinan > Alat Seni & Kerajinan > Alat Ukur & Penanda Kerajinan > Pita Ukur,Arts & Entertainment > Hobbies & Creative Arts > Arts & Crafts > Art & Crafting Tools > Craft Measuring & Marking Tools > Measuring Tapes,5,True,False,3,Warna | Konstruksi | Pola,
1098,KABEL POWER,4,14,Elektronik > ALAT ELEKTRONIK KANTOR & GADGET > SUKU CADANG KOMPUTER > KABEL POWER,False,UNMAPPED,0.5,2,,UNMAPPED,0.5,,global,2,,,,,,,,,Elektronik > Aksesori Elektronik > Kabel
1109,MEMORY CARD,4,14,Elektronik > ALAT ELEKTRONIK KANTOR & GADGET > PERLENGKAPAN & SUKU CADANG GADGET > MEMORY CARD,False,UNMAPPED,0.25,1,,UNMAPPED,0.25,,global,1,,,,,,,,,Seni & Hiburan > Hobi & Seni Kreatif > Seni & Kerajinan > Alat Seni & Kerajinan > Alat Benang & Benang Rajut > Card & Sikat Serat
1357,CAIRAN PEMBERSIH PERALATAN DAN PERLENGKAPAN ANAK & BAYI KEMASAN REFILL (POUCH),5,14,Keperluan Anak dan Bayi > PERLENGKAPAN ANAK & BAYI > PERLENGKAPAN KEBERSIHAN ANAK & BAYI > CAIRAN PEMBERSIH PERALATAN DAN PERLENGKAPAN ANAK & BAYI > CAIRAN PEMBERSIH PERALATAN DAN PERLENGKAPAN ANAK & BAYI KEMASAN REFILL (POUCH),True,UNMAPPED,0.2,19,,UNMAPPED,0.2,,global,19,,,,,,,,,Hewan & Perlengkapan Hewan Piaraan > Perlengkapan Hewan Piaraan > Perlengkapan Ikan & Akuatik > Perlengkapan Pembersih Akuarium
1376,SUPLEMEN MAKANAN ANAK,5,14,Perawatan Diri & Rumah Tangga > Perawatan Diri > MULTIVITAMIN & SUPLEMEN > SUPLEMEN MAKANAN > SUPLEMEN MAKANAN ANAK,True,UNMAPPED,0.4,1,,UNMAPPED,0.5,,global,1,,,,,,,,,Rumah & Taman > Rumput & Taman > Berkebun > Hidroponik > Nutrisi & Suplemen > Suplemen
1378,BALSEM,5,14,Perawatan Diri & Rumah Tangga > Perawatan Diri > OBAT-OBATAN > PEREDA NYERI & OBAT LUAR > BALSEM,False,UNMAPPED,0.0,0,,UNMAPPED,0.0,,global,0,,,,,,,,,
1432,PENGHARUM RUANGAN ELEKTRIK ALAT & ISINYA,5,14,Perawatan Diri & Rumah Tangga > Rumah Tangga > PENGHARUM RUANGAN > PENGHARUM RUANGAN ELEKTRIK > PENGHARUM RUANGAN ELEKTRIK ALAT & ISINYA,False,UNMAPPED,0.333,1,,UNMAPPED,0.333,,global,1,,,,,,,,,Kesehatan & Kecantikan > Perawatan Tubuh > Pijat & Relaksasi > Pemijat > Alat Pijat Elektrik
1507,KARBOL KEMASAN BOTOL,6,14,Perawatan Diri & Rumah Tangga > Rumah Tangga > BAHAN PEMBERSIH RUMAH > PEMBERSIH LANTAI > KARBOL > KARBOL KEMASAN BOTOL,False,UNMAPPED,0.333,1,,UNMAPPED,0.333,,global,1,,,,,,,,,Rumah & Taman > Dapur & Ruang Makan > Aksesori Peralatan Dapur > Aksesori Alat Pembuat Soda > Botol
1550,JEPIT UNTUK JEMURAN,6,14,Perawatan Diri & Rumah Tangga > Rumah Tangga > Peralatan & Perlengkapan Rumah Tangga > PERALATAN RUMAH TANGGA > PERALATAN DAN PENYIMPANAN PAKAIAN DAN CUCIAN > JEPIT UNTUK JEMURAN,False,UNMAPPED,0.333,6,,UNMAPPED,0.333,,global,6,,,,,,,,,Busana dan Aksesori > Pakaian > Lingeri > Celana Dalam Wanita > Sandal Jepit
1587,KAIN PEL,7,14,Perawatan Diri & Rumah Tangga > Rumah Tangga > Peralatan & Perlengkapan Rumah Tangga > PERALATAN RUMAH TANGGA > PERALATAN KEBERSIHAN RUMAH TANGGA > KAIN UNTUK LAP & PEL > KAIN PEL,False,UNMAPPED,0.5,2,,UNMAPPED,0.5,,global,2,,,,,,,,,Seni & Hiburan > Hobi & Seni Kreatif > Seni & Kerajinan > Bahan Seni & Kerajinan > Tekstil > Kain
1612,EMBER DENGAN TUTUP,7,14,Perawatan Diri & Rumah Tangga > Rumah Tangga > Peralatan & Perlengkapan Rumah Tangga > PERALATAN RUMAH TANGGA > PERALATAN DAN PENYIMPANAN DI KAMAR MANDI > EMBER > EMBER DENGAN TUTUP,False,UNMAPPED,0.5,4,,UNMAPPED,0.5,,global,4,,,,,,,,,Bisnis & Industri > Mesin Berat > Suku Cadang & Aksesori Mesin Berat > Ember
1815,TEPUNG ES KRIM,5,14,Makanan dan Minuman > MAKANAN & BAHAN MAKANAN > ES KRIM & LAINNYA > TEPUNG ES KRIM,False,FUZZY,0.667,1,"Makanan, Minuman & Tembakau > Item Makanan > Hidangan Pencuci Mulut Beku & Kebaruan > Es Krim & Yoghurt Beku > Es Krim",FUZZY,0.667,fuzzy-raw,vertical,1,fb-2-9-1-3,"Makanan, Minuman & Tembakau > Item Makanan > Hidangan Pencuci Mulut Beku & Kebaruan > Es Krim & Yoghurt Beku > Es Krim","Food, Beverages & Tobacco > Food Items > Frozen Desserts & Novelties > Ice Cream & Frozen Yogurt > Ice Cream",4,True,False,4,Informasi alergen | Preferensi diet | Format es krim | Persyaratan penyimpanan,
1817,SAOS SAMBAL,5,14,Makanan dan Minuman > MAKANAN & BAHAN MAKANAN > SAUS > SAOS  PEDAS & SAMBAL > SAOS SAMBAL,False,UNMAPPED,0.0,0,,UNMAPPED,0.0,,global,0,,,,,,,,,
30,MEMANCING,2,13,"Hobi, Ibadah, dan Olahraga > MEMANCING",False,EXACT,1.0,1,Peralatan Olahraga > Rekreasi Luar Ruang > Memancing,EXACT,1.0,exact-raw,vertical,1,sg-4-6,Peralatan Olahraga > Rekreasi Luar Ruang > Memancing,Sporting Goods > Outdoor Recreation > Fishing,2,False,True,2,Warna | Pola,
258,MAKANAN HEWAN PELIHARAAN,3,13,"Hobi, Ibadah, dan Olahraga > HEWAN PELIHARAAN > MAKANAN HEWAN PELIHARAAN",False,UNMAPPED,0.5,1,,UNMAPPED,0.5,,global,1,,,,,,,,,Hewan & Perlengkapan Hewan Piaraan > Perlengkapan Hewan Piaraan > Perlengkapan Hewan Kecil > Makanan Hewan Kecil
560,BERAS CAMPUR,4,13,Makanan dan Minuman > MAKANAN & BAHAN MAKANAN > BERAS > BERAS CAMPUR,False,UNMAPPED,0.5,1,,UNMAPPED,0.5,,global,1,,,,,,,,,"Makanan, Minuman & Tembakau > Item Makanan > Bijian, Beras & Sereal > Beras"
563,BERAS MERAH,4,13,Makanan dan Minuman > MAKANAN & BAHAN MAKANAN > BERAS > BERAS MERAH,False,UNMAPPED,0.5,1,,UNMAPPED,0.5,,global,1,,,,,,,,,"Makanan, Minuman & Tembakau > Item Makanan > Bijian, Beras & Sereal > Beras"
690,STRAWBERRY,4,13,Makanan dan Minuman > FRESH > BUAH > STRAWBERRY,False,UNMAPPED,0.0,0,,UNMAPPED,0.0,,global,0,,,,,,,,,
736,KENTANG,4,13,Makanan dan Minuman > FRESH > SAYURAN SEGAR > KENTANG,False,EXACT,1.0,1,"Makanan, Minuman & Tembakau > Item Makanan > Buah & Sayur > Sayur Segar & Beku > Kentang",EXACT,1.0,exact-raw,vertical,1,fb-2-10-8-40,"Makanan, Minuman & Tembakau > Item Makanan > Buah & Sayur > Sayur Segar & Beku > Kentang","Food, Beverages & Tobacco > Food Items > Fruits & Vegetables > Fresh & Frozen Vegetables > Potatoes",4,True,False,9,Informasi alergen | Metode memasak | Preferensi diet | Bentuk produk makanan | gaya potongan kentang | Penggunaan kentang yang dimaksudkan | Varietas kentang | Persyaratan penyimpanan | Gaya pengolahan sayuran,
793,PAKET SIKAT GIGI DAN PASTA GIGI ANAK & BAYI,4,13,Keperluan Anak dan Bayi > PERAWATAN ANAK & BAYI > PERAWATAN MULUT & GIGI ANAK & BAYI > PAKET SIKAT GIGI DAN PASTA GIGI ANAK & BAYI,True,UNMAPPED,0.333,4,,UNMAPPED,0.5,,global,2,,,,,,,,,Kesehatan & Kecantikan > Perawatan Tubuh > Perawatan Mulut > Sikat Gigi
807,TOP TO TOE WASH ANAK & BAYI,4,13,Keperluan Anak dan Bayi > PERAWATAN ANAK & BAYI > PERAWATAN MENYELURUH ANAK & BAYI > TOP TO TOE WASH ANAK & BAYI,True,UNMAPPED,0.286,11,,UNMAPPED,0.286,,global,11,,,,,,,,,Busana dan Aksesori > Pakaian > Pakaian Bayi & Anak
944,PELEMBUT & PEWANGI PAKAIAN (SOFTENER),4,13,Perawatan Diri & Rumah Tangga > Rumah Tangga > BAHAN LAUNDRY > PELEMBUT & PEWANGI PAKAIAN (SOFTENER),False,UNMAPPED,0.25,1,,UNMAPPED,0.25,,global,1,,,,,,,,,Busana dan Aksesori > Pakaian
1076,MAKANAN IKAN,4,13,"Hobi, Ibadah, dan Olahraga > HEWAN PELIHARAAN > MAKANAN HEWAN PELIHARAAN > MAKANAN IKAN",False,EXACT,1.0,1,Hewan & Perlengkapan Hewan Piaraan > Perlengkapan Hewan Piaraan > Perlengkapan Ikan & Akuatik > Makanan Ikan,EXACT,1.0,exact-raw,vertical,1,ap-2-4-16,Hewan & Perlengkapan Hewan Piaraan > Perlengkapan Hewan Piaraan > Perlengkapan Ikan & Akuatik > Makanan Ikan,Animals & Pet Supplies > Pet Supplies > Fish & Aquatic Supplies > Fish Food,3,False,True,5,Jenis ikan | Jenis kemasan | Rasa makanan hewan peliharaan | Formulir produk perlengkapan hewan peliharaan | Cocok untuk jenis ikan,
1156,KAIN BEDONG,4,13,Fashion > FASHION ANAK & BAYI > PAKAIAN BAYI > KAIN BEDONG,False,UNMAPPED,0.5,1,,UNMAPPED,0.5,,global,1,,,,,,,,,Seni & Hiburan > Hobi & Seni Kreatif > Seni & Kerajinan > Bahan Seni & Kerajinan > Tekstil > Kain
1164,BLAZER PRIA,4,13,Fashion > FASHION PRIA > BAJU LUARAN PRIA > BLAZER PRIA,True,UNMAPPED,0.5,1,,EXACT,1.0,exact-stripped,vertical,1,aa-1-10-2-18,Busana dan Aksesori > Pakaian > Pakaian Luar > Mantel & Jaket > Blazer,Apparel & Accessories > Clothing > Outerwear > Coats & Jackets > Blazers,4,True,False,13,Kelompok usia | Petunjuk perawatan | Fitur pakaian | Warna | Kain | Garis leher | Fitur pakaian luar | Pola | Ukuran | Jenis ukuran | Jenis panjang lengan | Jenis kelamin sasaran | Jenis panjang atasan,
1257,SEPATU OLAHRAGA ANAK PEREMPUAN,4,13,Fashion > SEPATU ANAK & BAYI > SEPATU ANAK & BAYI PEREMPUAN > SEPATU OLAHRAGA ANAK PEREMPUAN,True,FUZZY,0.6,1,Busana dan Aksesori > Sepatu > Sepatu Bayi & Anak > Sepatu Olahraga Bayi & Anak,FUZZY,0.6,fuzzy-raw,vertical,1,aa-8-11-4,Busana dan Aksesori > Sepatu > Sepatu Bayi & Anak > Sepatu Olahraga Bayi & Anak,Apparel & Accessories > Shoes > Baby & Children's Shoes > Baby & Children's Athletic Shoes,3,True,False,13,Aktivitas | Petunjuk perawatan | Jenis penutupan | Warna | Bahan alas kaki | Bahan pelapis | Bahan sol luar | Pola | Fitur sepatu | Kesesuaian sepatu | Ukuran sepatu | Jenis kelamin sasaran | Gaya kaki,
1355,SABUN ANAK & BAYI CAIR,5,13,Keperluan Anak dan Bayi > PERAWATAN ANAK & BAYI > PERAWATAN KULIT ANAK & BAYI > SABUN ANAK & BAYI > SABUN ANAK & BAYI CAIR,True,UNMAPPED,0.4,12,,FUZZY,0.667,fuzzy-stripped,vertical,1,hb-3-2-1-8,Kesehatan & Kecantikan > Perawatan Tubuh > Kosmetik > Mandi & Perawatan Tubuh > Sabun Tangan Cair,Health & Beauty > Personal Care > Cosmetics > Bath & Body > Liquid Hand Soap,4,True,False,17,Kelompok usia | Kandungan Alkohol/Pelarut | Area tubuh | Warna | Bahan penyusun | Jenis agen eksfoliasi | Keharuman | Bahan-bahan | Bahan | Jenis kemasan | Pola | Sertifikasi & standar produk | Bentuk produk | Aroma | Efek perawatan kulit | Cocok untuk jenis kulit | Jenis penggunaan,
1363,SABUN BADAN CAIR,5,13,Perawatan Diri & Rumah Tangga > Perawatan Diri > PERAWATAN BADAN > SABUN BADAN > SABUN BADAN CAIR,False,UNMAPPED,0.5,1,,UNMAPPED,0.5,,global,1,,,,,,,,,Kesehatan & Kecantikan > Perawatan Tubuh > Kosmetik > Mandi & Perawatan Tubuh > Sabun Tangan Cair
1398,CAIRAN ANTISEPTIC,5,13,Perawatan Diri & Rumah Tangga > Perawatan Diri > OBAT-OBATAN > PERTOLONGAN PERTAMA (FIRST AID KIT) > CAIRAN ANTISEPTIC,False,UNMAPPED,0.333,4,,UNMAPPED,0.333,,global,4,,,,,,,,,Perkakas > Bahan Bangunan Habis Pakai > Bahan Kimia > Cairan Pemantik
1415,PELICIN PAKAIAN KEMASAN SPRAY,5,13,Perawatan Diri & Rumah Tangga > Rumah Tangga > BAHAN LAUNDRY > PELICIN PAKAIAN  > PELICIN PAKAIAN KEMASAN SPRAY,False,UNMAPPED,0.25,1,,UNMAPPED,0.25,,global,1,,,,,,,,,Busana dan Aksesori > Pakaian
1484,OBAT LAMBUNG,6,13,Perawatan Diri & Rumah Tangga > Perawatan Diri > OBAT-OBATAN > OBAT MINUM > OBAT MINUM UNTUK PENCERNAAN & MAAG > OBAT LAMBUNG,False,UNMAPPED,0.333,5,,UNMAPPED,0.333,,global,5,,,,,,,,,Hewan & Perlengkapan Hewan Piaraan > Perlengkapan Hewan Piaraan > Perlengkapan Ikan & Akuatik > Makanan Ikan > Makanan Obat
1560,GULING DEWASA,6,13,Perawatan Diri & Rumah Tangga > Rumah Tangga > Peralatan & Perlengkapan Rumah Tangga > PERLENGKAPAN RUMAH TANGGA > PERLENGKAPAN KAMAR & KAMAR MANDI > GULING DEWASA,True,UNMAPPED,0.5,1,,UNMAPPED,0.5,,global,1,,,,,,,,,Dewasa
1635,GULUNGAN ALUMINUM FOIL,7,13,Perawatan Diri & Rumah Tangga > Rumah Tangga > Peralatan & Perlengkapan Rumah Tangga > PERALATAN RUMAH TANGGA > PERALATAN DAN PENYIMPANAN DI DAPUR > ALAT DAPUR & AKSESORIS DAPUR > GULUNGAN ALUMINUM FOIL,False,UNMAPPED,0.333,1,,UNMAPPED,0.333,,global,1,,,,,,,,,Rumah & Taman > Dapur & Ruang Makan > Penyimpanan Makanan > Bungkus Makanan > Foil
1714,SELANG KOMPOR GAS,8,13,Perawatan Diri & Rumah Tangga > Rumah Tangga > Peralatan & Perlengkapan Rumah Tangga > PERALATAN RUMAH TANGGA > PERALATAN DAN PENYIMPANAN DI DAPUR > ALAT MASAK > KOMPOR GAS > SELANG KOMPOR GAS,False,FUZZY,0.667,1,Perkakas > Aksesori Perkakas > Selang Gas,FUZZY,0.667,fuzzy-raw,global,1,ha-6-12,Perkakas > Aksesori Perkakas > Selang Gas,Hardware > Hardware Accessories > Gas Hoses,2,True,True,4,Warna | Bahan selang | Pola | Cocok untuk jenis gas,
1752,MANGKUK STAINLESS STEEL,8,13,Perawatan Diri & Rumah Tangga > Rumah Tangga > Peralatan & Perlengkapan Rumah Tangga > PERALATAN RUMAH TANGGA > PERALATAN DAN PENYIMPANAN DI DAPUR > PERALATAN MAKAN > MANGKUK > MANGKUK STAINLESS STEEL,False,UNMAPPED,0.333,2,,UNMAPPED,0.333,,global,2,,,,,,,,,"Hewan & Perlengkapan Hewan Piaraan > Perlengkapan Hewan Piaraan > Mangkuk, Pemberi Makan & Minum Hewan Piaraan > Mangkuk"
1843,SAUS BARBEQUE,5,13,Makanan dan Minuman > MAKANAN & BAHAN MAKANAN > SAUS > SAUS BUMBU MASAK > SAUS BARBEQUE,False,UNMAPPED,0.333,15,,UNMAPPED,0.333,,global,15,,,,,,,,,"Makanan, Minuman & Tembakau > Item Makanan > Kondimen & Saus"
1870,DISINFECTANT,5,13,Perawatan Diri & Rumah Tangga > Rumah Tangga > BAHAN PEMBERSIH RUMAH > PERAWATAN & PEMBERSIH RUMAH TANGGA LAINNYA > DISINFECTANT,False,UNMAPPED,0.0,0,,UNMAPPED,0.0,,global,0,,,,,,,,,
187,FLOOR DRAIN (LUBANG PENUTUP SALURAN PEMBUANGAN AIR / SARINGAN GOT),3,12,Perbaikan Rumah > PERLENGKAPAN PERBAIKAN RUMAH > FLOOR DRAIN (LUBANG PENUTUP SALURAN PEMBUANGAN AIR / SARINGAN GOT),False,UNMAPPED,0.273,1,,UNMAPPED,0.273,,global,1,,,,,,,,,Peralatan Olahraga > Rekreasi Luar Ruang > Olahraga Air & Berperahu > Berperahu & Arung Jeram > Aksesori Kayak > Sumbat Lubang Pembuangan Air Kayak
281,GLUE GUN,3,12,Elektronik > ALAT ELEKTRONIK RUMAH LAINNYA > GLUE GUN,False,UNMAPPED,0.333,1,,UNMAPPED,0.333,,global,1,,,,,,,,,Rumah & Taman > Dapur & Ruang Makan > Peralatan & Perlengkapan Dapur > Jerky Gun
289,POMPA AIR,3,12,Elektronik > ALAT ELEKTRONIK RUMAH LAINNYA > POMPA AIR,False,EXACT,1.0,1,Kendaraan & Suku Cadang > Suku Cadang & Aksesori Kendaraan > Suku Cadang Kendaraan Bermotor > Sistem Pendinginan Kendaraan Bermotor > Pompa Air,EXACT,1.0,exact-raw,global,1,vp-1-4-22-12,Kendaraan & Suku Cadang > Suku Cadang & Aksesori Kendaraan > Suku Cadang Kendaraan Bermotor > Sistem Pendinginan Kendaraan Bermotor > Pompa Air,Vehicles & Parts > Vehicle Parts & Accessories > Motor Vehicle Parts > Motor Vehicle Cooling Systems > Water Pumps,4,True,False,10,Jenis bantalan | Komponen sistem cairan pendingin disertakan | Kondisi barang | Bahan barang | Jenis pabrikan | Jenis kendaraan bermotor | Jenis penggerak pompa air | Bahan rumah pompa air | Bahan impeler pompa air | Jenis pemasangan pompa air,
396,BAWAHAN PRIA,3,12,Fashion > FASHION PRIA > BAWAHAN PRIA,True,UNMAPPED,0.333,2,,UNMAPPED,0.5,,global,2,,,,,,,,,Busana dan Aksesori > Pakaian > Pakaian Tidur & Pakaian Santai > Loungewear > Bawahan Loungewear
453,KUAS & APLIKATOR MAKE UP,3,12,Kosmetik dan Alat Kecantikan > ALAT KECANTIKAN > KUAS & APLIKATOR MAKE UP,False,UNMAPPED,0.2,4,,UNMAPPED,0.2,,global,4,,,,,,,,,Seni & Hiburan > Hobi & Seni Kreatif > Seni & Kerajinan > Alat Seni & Kerajinan > Alat Ukur & Penanda Kerajinan > Kuas Seni
499,TONGKAT JALAN,3,12,Mainan dan Alat Lainnya > ALAT LAINNYA > TONGKAT JALAN,False,AMBIGUOUS,1.0,2,Kesehatan & Kecantikan > Perawatan Kesehatan > Mobilitas & Aksesibilitas > Alat Bantu Jalan > Tongkat & Tongkat Jalan,AMBIGUOUS,1.0,exact-raw,global,2,,,,,,,,,
569,BAWANG GORENG,4,12,Makanan dan Minuman > MAKANAN & BAHAN MAKANAN > BUMBU DAPUR > BAWANG GORENG,False,UNMAPPED,0.333,5,,UNMAPPED,0.333,,global,5,,,,,,,,,"Makanan, Minuman & Tembakau > Item Makanan > Bahan Memasak & Baking > Minyak Goreng"
618,MIE SOA KERING,4,12,Makanan dan Minuman > MAKANAN & BAHAN MAKANAN > MIE KERING & PASTA > MIE SOA KERING,False,UNMAPPED,0.25,8,,UNMAPPED,0.25,,global,8,,,,,,,,,"Makanan, Minuman & Tembakau > Item Makanan > Buah & Sayur > Buah Kering"
657,TEPUNG MAIZENA,4,12,Makanan dan Minuman > MAKANAN & BAHAN MAKANAN > TEPUNG > TEPUNG MAIZENA,False,UNMAPPED,0.5,1,,UNMAPPED,0.5,,global,1,,,,,,,,,"Makanan, Minuman & Tembakau > Item Makanan > Bahan Memasak & Baking > Tepung"
782,TOMAT,4,12,Makanan dan Minuman > FRESH > SAYURAN SEGAR > TOMAT,False,EXACT,1.0,1,"Makanan, Minuman & Tembakau > Item Makanan > Buah & Sayur > Sayur Segar & Beku > Tomat",EXACT,1.0,exact-raw,vertical,1,fb-2-10-8-51,"Makanan, Minuman & Tembakau > Item Makanan > Buah & Sayur > Sayur Segar & Beku > Tomat","Food, Beverages & Tobacco > Food Items > Fruits & Vegetables > Fresh & Frozen Vegetables > Tomatoes",4,True,False,6,Informasi alergen | Metode memasak | Preferensi diet | Bentuk produk makanan | Persyaratan penyimpanan | Gaya pengolahan sayuran,
878,SERUM RAMBUT,4,12,Perawatan Diri & Rumah Tangga > Perawatan Diri > PERAWATAN RAMBUT > SERUM RAMBUT,False,EXACT,1.0,1,Kesehatan & Kecantikan > Perawatan Tubuh > Perawatan Rambut > Perawatan Rambut > Serum Rambut,EXACT,1.0,exact-raw,vertical,1,hb-3-10-14-3,Kesehatan & Kecantikan > Perawatan Tubuh > Perawatan Rambut > Perawatan Rambut > Serum Rambut,Health & Beauty > Personal Care > Hair Care > Hair Treatments > Hair Serums,4,True,False,12,Jenis pemakaian | Warna rambut yang kompatibel | Efek kondisioner | Bahan penyusun | Keharuman | Finis perawatan rambut | Efek perawatan rambut | Bahan | Sertifikasi & standar produk | Bentuk produk | Cocok untuk jenis rambut | Jenis kelamin sasaran,
1059,KUNCI SEPEDA,4,12,"Hobi, Ibadah, dan Olahraga > OLAHRAGA > PERALATAN & PERLENGKAPAN SEPEDA > KUNCI SEPEDA",False,EXACT,1.0,1,Peralatan Olahraga > Rekreasi Luar Ruang > Bersepeda > Aksesori Sepeda > Kunci Sepeda,EXACT,1.0,exact-raw,vertical,1,sg-4-4-1-13,Peralatan Olahraga > Rekreasi Luar Ruang > Bersepeda > Aksesori Sepeda > Kunci Sepeda,Sporting Goods > Outdoor Recreation > Cycling > Bicycle Accessories > Bicycle Locks,4,False,True,4,Warna | Tipe sepeda yang kompatibel | Pola | Peringkat Sold Secure,
1265,TAS CLUTCH PRIA,4,12,Fashion > TAS & KOPER > TAS PRIA > TAS CLUTCH PRIA,True,FUZZY,0.667,1,"Busana dan Aksesori > Tas Tangan, Dompet & Kotak > Tas Tangan > Tas Clutch",EXACT,1.0,exact-stripped,vertical,1,aa-5-4-5,"Busana dan Aksesori > Tas Tangan, Dompet & Kotak > Tas Tangan > Tas Clutch","Apparel & Accessories > Handbags, Wallets & Cases > Handbags > Clutch Bags",3,True,False,11,Kelompok usia | Hiasan tas | Penutup tas/kotak | Fitur tas/kotak | Bahan tas/kotak | Fitur penyimpanan tas/kotak | Petunjuk perawatan | Opsi bawa | Warna | Pola | Jenis kelamin sasaran,
1280,TAS LAPTOP WANITA,4,12,Fashion > TAS & KOPER > TAS WANITA > TAS LAPTOP WANITA,True,FUZZY,0.667,1,Bagasi & Tas > Tas Laptop,FUZZY,0.667,fuzzy-raw,vertical,1,lb-15,Bagasi & Tas > Tas Laptop,Luggage & Bags > Laptop Bags,1,True,True,10,Jenis tali tas | Penutup tas/kotak | Fitur tas/kotak | Bahan tas/kotak | Fitur penyimpanan tas/kotak | Petunjuk perawatan | Opsi bawa | Warna | Penutup Koper/Tas | Pola,
1306,LEM BULU MATA,4,12,Kosmetik dan Alat Kecantikan > ALAT KECANTIKAN > AKSESORIS ALAT KECANTIKAN > LEM BULU MATA,False,FUZZY,0.75,1,Kesehatan & Kecantikan > Perawatan Tubuh > Kosmetik > Alat Kosmetik > Alat Rias > Aksesori Bulu Mata Palsu > Lem Bulu Mata Palsu,FUZZY,0.75,fuzzy-raw,vertical,1,hb-3-2-5-1-8-1,Kesehatan & Kecantikan > Perawatan Tubuh > Kosmetik > Alat Kosmetik > Alat Rias > Aksesori Bulu Mata Palsu > Lem Bulu Mata Palsu,Health & Beauty > Personal Care > Cosmetics > Cosmetic Tools > Makeup Tools > False Eyelash Accessories > False Eyelash Adhesive,6,False,True,16,Jenis penggunaan perekat | Kandungan Alkohol/Pelarut | Fitur ramah alergi | Warna | Jenis dispenser | Kecepatan pengeringan | Formulasi perekat bulu mata palsu | Fitur | Keharuman | Bahan | Pola | Sertifikasi & standar produk | Bentuk produk | Bentuk | Cocok untuk jenis kulit | Jenis penggunaan,
1327,BASRENG,5,12,Makanan dan Minuman > MAKANAN KECIL  > KACANG DAN SNACK LAINNYA > JAJANAN TRADISIONAL > BASRENG,False,UNMAPPED,0.0,0,,UNMAPPED,0.0,,global,0,,,,,,,,,
1450,PIANIKA,5,12,"Hobi, Ibadah, dan Olahraga > OLAHRAGA > ALAT MUSIK > PIANIKA > PIANIKA",False,UNMAPPED,0.0,0,,UNMAPPED,0.0,,global,0,,,,,,,,,
1526,SEROK AIR UNTUK LANTAI,6,12,Perawatan Diri & Rumah Tangga > Rumah Tangga > Peralatan & Perlengkapan Rumah Tangga > PERALATAN RUMAH TANGGA > PERALATAN KEBERSIHAN RUMAH TANGGA > SEROK AIR UNTUK LANTAI,False,UNMAPPED,0.333,1,,UNMAPPED,0.333,,global,1,,,,,,,,,"Makanan, Minuman & Tembakau > Minuman > Air"
1682,MUG,7,12,Perawatan Diri & Rumah Tangga > Rumah Tangga > Peralatan & Perlengkapan Rumah Tangga > PERALATAN RUMAH TANGGA > PERALATAN DAN PENYIMPANAN DI DAPUR > PERALATAN MAKAN > MUG,False,EXACT,1.0,1,Rumah & Taman > Dapur & Ruang Makan > Peralatan Makan > Peralatan Minum > Mug,EXACT,1.0,exact-raw,vertical,1,hg-11-10-5-5,Rumah & Taman > Dapur & Ruang Makan > Peralatan Makan > Peralatan Minum > Mug,Home & Garden > Kitchen & Dining > Tableware > Drinkware > Mugs,4,True,False,9,Petunjuk pembersihan | Warna | Insulasi untuk gelas minum | Bahan peralatan minum | Bentuk peralatan minum | Jenis pegangan | Jenis tutup | Kompatibilitas microwave | Pola,
1763,MUG PLASTIK,8,12,Perawatan Diri & Rumah Tangga > Rumah Tangga > Peralatan & Perlengkapan Rumah Tangga > PERALATAN RUMAH TANGGA > PERALATAN DAN PENYIMPANAN DI DAPUR > PERALATAN MAKAN > MUG > MUG PLASTIK,False,UNMAPPED,0.5,1,,UNMAPPED,0.5,,global,1,,,,,,,,,Rumah & Taman > Dapur & Ruang Makan > Peralatan Makan > Peralatan Minum > Mug
1862,SETTING SPRAY,3,12,Kosmetik dan Alat Kecantikan > MAKE UP WAJAH > SETTING SPRAY,False,UNMAPPED,0.333,2,,UNMAPPED,0.333,,global,2,,,,,,,,,Kesehatan & Kecantikan > Perawatan Kesehatan > Pertolongan Pertama > Terapi Panas & Dingin > Spray Dingin
1865,BOTOL SPRAYER,7,12,Perawatan Diri & Rumah Tangga > Rumah Tangga > Peralatan & Perlengkapan Rumah Tangga > PERALATAN RUMAH TANGGA > PERALATAN DAN PENYIMPANAN DI DAPUR > TEMPAT PENYIMPANAN LAINNYA > BOTOL SPRAYER,False,UNMAPPED,0.5,1,,UNMAPPED,0.5,,global,1,,,,,,,,,Rumah & Taman > Dapur & Ruang Makan > Aksesori Peralatan Dapur > Aksesori Alat Pembuat Soda > Botol
1891,KERANJANG BUAH,7,12,Perawatan Diri & Rumah Tangga > Rumah Tangga > Peralatan & Perlengkapan Rumah Tangga > PERALATAN RUMAH TANGGA > PERALATAN DAN PENYIMPANAN DI DAPUR > KERANJANG & TEMPAT SAMPAH > KERANJANG BUAH,False,UNMAPPED,0.5,2,,UNMAPPED,0.5,,global,2,,,,,,,,,Hewan & Perlengkapan Hewan Piaraan > Perlengkapan Hewan Piaraan > Tempat Tidur Hewan Piaraan > Keranjang
97,MAKANAN BEKU,3,11,Makanan dan Minuman > MAKANAN & BAHAN MAKANAN > MAKANAN BEKU,False,EXACT,1.0,1,Hewan & Perlengkapan Hewan Piaraan > Perlengkapan Hewan Piaraan > Perlengkapan Ikan & Akuatik > Makanan Ikan > Makanan Beku,EXACT,1.0,exact-raw,global,1,ap-2-4-16-6,Hewan & Perlengkapan Hewan Piaraan > Perlengkapan Hewan Piaraan > Perlengkapan Ikan & Akuatik > Makanan Ikan > Makanan Beku,Animals & Pet Supplies > Pet Supplies > Fish & Aquatic Supplies > Fish Food > Frozen Food,4,True,False,4,Jenis ikan | Jenis kemasan | Rasa makanan hewan peliharaan | Cocok untuk jenis ikan,
199,TALI RAFIA,3,11,Perbaikan Rumah > PERLENGKAPAN PERBAIKAN RUMAH > TALI RAFIA,False,UNMAPPED,0.5,1,,UNMAPPED,0.5,,global,1,,,,,,,,,Rumah & Taman > Rumput & Taman > Aksesori Peralatan Listrik Luar Ruang > Aksesori Pencuci Bertekanan > Tali
209,BENANG,3,11,"Hobi, Ibadah, dan Olahraga > MENJAHIT > BENANG",False,UNMAPPED,0.5,13,,UNMAPPED,0.5,,global,13,,,,,,,,,Seni & Hiburan > Hobi & Seni Kreatif > Seni & Kerajinan > Bahan Seni & Kerajinan > Serat Kerajinan > Tali Perhiasan & Manik-Manik > Benang Manik-Manik
249,SEKOP TANAH,3,11,"Hobi, Ibadah, dan Olahraga > BERKEBUN > SEKOP TANAH",False,UNMAPPED,0.5,2,,UNMAPPED,0.5,,global,2,,,,,,,,,Rumah & Taman > Rumput & Taman > Berkebun > Alat Berkebun > Sekop & Sungkur > Sekop
264,MIXER,3,11,Elektronik > ALAT ELEKTRONIK DAPUR > MIXER,False,UNMAPPED,0.5,2,,UNMAPPED,0.5,,global,2,,,,,,,,,Elektronik > Audio > DJ & Audio Khusus > Mixer DJ
319,BUKU KWITANSI,3,11,Alat dan Buku Tulis > BUKU TULIS > BUKU KWITANSI,False,UNMAPPED,0.5,1,,UNMAPPED,0.5,,global,1,,,,,,,,,Media > Buku
372,TAPE DISPENSER,3,11,Alat dan Buku Tulis > PERALATAN UMUM > TAPE DISPENSER,False,UNMAPPED,0.333,18,,UNMAPPED,0.333,,global,18,,,,,,,,,"Hewan & Perlengkapan Hewan Piaraan > Perlengkapan Hewan Piaraan > Mangkuk, Pemberi Makan & Minum Hewan Piaraan > Dispenser Air"
374,WHITE BOARD,3,11,Alat dan Buku Tulis > PERALATAN UMUM > WHITE BOARD,False,UNMAPPED,0.25,1,,UNMAPPED,0.25,,global,1,,,,,,,,,Kesehatan & Kecantikan > Perawatan Tubuh > Alat Bantu Tidur > Mesin White Noise
556,PENGEMBANG KUE,4,11,Makanan dan Minuman > MAKANAN & BAHAN MAKANAN > BAHAN KUE > PENGEMBANG KUE,False,UNMAPPED,0.5,1,,UNMAPPED,0.5,,global,1,,,,,,,,,"Makanan, Minuman & Tembakau > Item Makanan > Bakeri > Kue & Hidangan Pencuci Mulut > Kue"
583,ANEKA DIMSUM BEKU,4,11,Makanan dan Minuman > MAKANAN & BAHAN MAKANAN > MAKANAN BEKU > ANEKA DIMSUM BEKU,False,UNMAPPED,0.25,3,,UNMAPPED,0.25,,global,3,,,,,,,,,Hewan & Perlengkapan Hewan Piaraan > Perlengkapan Hewan Piaraan > Perlengkapan Ikan & Akuatik > Makanan Ikan > Makanan Beku
590,MANTAU BEKU,4,11,Makanan dan Minuman > MAKANAN & BAHAN MAKANAN > MAKANAN BEKU > MANTAU BEKU,False,UNMAPPED,0.333,2,,UNMAPPED,0.333,,global,2,,,,,,,,,Hewan & Perlengkapan Hewan Piaraan > Perlengkapan Hewan Piaraan > Perlengkapan Ikan & Akuatik > Makanan Ikan > Makanan Beku
703,BAYAM,4,11,Makanan dan Minuman > FRESH > SAYURAN SEGAR > BAYAM,False,EXACT,1.0,1,"Makanan, Minuman & Tembakau > Item Makanan > Buah & Sayur > Sayur Segar & Beku > Sayuran Hijau > Bayam",EXACT,1.0,exact-raw,vertical,1,fb-2-10-8-26-11,"Makanan, Minuman & Tembakau > Item Makanan > Buah & Sayur > Sayur Segar & Beku > Sayuran Hijau > Bayam","Food, Beverages & Tobacco > Food Items > Fruits & Vegetables > Fresh & Frozen Vegetables > Greens > Spinach",5,True,False,11,Informasi alergen | Metode memasak | Metode budidaya | Preferensi diet | Bentuk produk makanan | Tahap kematangan sayuran hijau | Kondisi pencucian produk | Gaya pengolahan bayam | Varietas bayam | Persyaratan penyimpanan | Gaya pengolahan sayuran,
769,SELADA KERITING,4,11,Makanan dan Minuman > FRESH > SAYURAN SEGAR > SELADA KERITING,False,UNMAPPED,0.5,1,,UNMAPPED,0.5,,global,1,,,,,,,,,"Makanan, Minuman & Tembakau > Item Makanan > Buah & Sayur > Sayur Segar & Beku > Sayuran Hijau > Selada"
774,TAHU,4,11,Makanan dan Minuman > FRESH > SAYURAN SEGAR > TAHU,False,EXACT,1.0,1,"Makanan, Minuman & Tembakau > Item Makanan > Tahu, Produk Kedelai & Vegetarian > Tahu",EXACT,1.0,exact-raw,vertical,1,fb-2-19-5,"Makanan, Minuman & Tembakau > Item Makanan > Tahu, Produk Kedelai & Vegetarian > Tahu","Food, Beverages & Tobacco > Food Items > Tofu, Soy & Vegetarian Products > Tofu",3,False,True,4,Informasi alergen | Preferensi diet | Persyaratan penyimpanan | Gaya pengolahan tahu,
831,GIGITAN BAYI (TEETHER),4,11,Keperluan Anak dan Bayi > PERALATAN UNTUK ANAK & BAYI > PERALATAN MENYUSUI ANAK & BAYI > GIGITAN BAYI (TEETHER),True,UNMAPPED,0.333,1,,UNMAPPED,0.333,,global,1,,,,,,,,,Bayi & Balita > Kesehatan Bayi > Dot & Teether > Teether
844,POPOK (DIAPERS) ANAK & BAYI,4,11,Keperluan Anak dan Bayi > PERLENGKAPAN ANAK & BAYI > PERLENGKAPAN KEBERSIHAN ANAK & BAYI > POPOK (DIAPERS) ANAK & BAYI,True,FUZZY,0.6,1,Busana dan Aksesori > Pakaian > Pakaian Bayi & Anak > Penutup Popok Bayi & Anak,FUZZY,0.6,fuzzy-raw,global,1,aa-1-25-2,Busana dan Aksesori > Pakaian > Pakaian Bayi & Anak > Penutup Popok Bayi & Anak,Apparel & Accessories > Clothing > Baby & Children's Clothing > Baby & Children's Diaper Covers,3,True,False,7,Fitur pakaian bayi/balita | Warna | Kain | Pola | Ukuran | Jenis ukuran | Jenis kelamin sasaran,
864,PERLENGKAPAN UNTUK IBU MENYUSUI,4,11,Keperluan Anak dan Bayi > PERLENGKAPAN ANAK & BAYI > PERLENGKAPAN MENYUSUI ANAK & BAYI > PERLENGKAPAN UNTUK IBU MENYUSUI,False,UNMAPPED,0.25,33,,UNMAPPED,0.25,,global,33,,,,,,,,,Hewan & Perlengkapan Hewan Piaraan > Perlengkapan Hewan Piaraan > Perlengkapan Burung
876,PENYUBUR RAMBUT,4,11,Perawatan Diri & Rumah Tangga > Perawatan Diri > PERAWATAN RAMBUT > PENYUBUR RAMBUT,False,UNMAPPED,0.333,24,,UNMAPPED,0.333,,global,24,,,,,,,,,Busana dan Aksesori > Aksesori Pakaian > Aksesori Rambut
990,SHAMPO MOBIL,4,11,"Hobi, Ibadah, dan Olahraga > Perawatan & Suku Cadang Mobil > PERAWATAN MOBIL > SHAMPO MOBIL",False,UNMAPPED,0.5,2,,UNMAPPED,0.5,,global,2,,,,,,,,,Seni & Hiburan > Hobi & Seni Kreatif > Barang Koleksi > Model Skala > Mobil
991,WAX MOBIL,4,11,"Hobi, Ibadah, dan Olahraga > Perawatan & Suku Cadang Mobil > PERAWATAN MOBIL > WAX MOBIL",False,EXACT,1.0,1,"Kendaraan & Suku Cadang > Suku Cadang & Aksesori Kendaraan > Pemeliharaan, Perawatan & Dekorasi Kendaraan > Pembersihan Kendaraan > Wax, Poles & Pelindung Kendaraan > Wax Mobil",EXACT,1.0,exact-raw,vertical,1,vp-1-5-2-6-1,"Kendaraan & Suku Cadang > Suku Cadang & Aksesori Kendaraan > Pemeliharaan, Perawatan & Dekorasi Kendaraan > Pembersihan Kendaraan > Wax, Poles & Pelindung Kendaraan > Wax Mobil","Vehicles & Parts > Vehicle Parts & Accessories > Vehicle Maintenance, Care & Decor > Vehicle Cleaning > Vehicle Waxes, Polishes & Protectants > Car Wax",5,True,False,8,Warna | Bahan permukaan yang kompatibel | Jenis kemasan | Pola | Area aplikasi kendaraan | Fitur item pembersih kendaraan | Jenis kendaraan | Bentuk produk lilin/pemoles kendaraan,
1070,PERALATAN PERAWATAN HAMSTER,4,11,"Hobi, Ibadah, dan Olahraga > HEWAN PELIHARAAN > PERAWATAN HEWAN PELIHARAAN > PERALATAN PERAWATAN HAMSTER",False,UNMAPPED,0.5,1,,UNMAPPED,0.5,,global,1,,,,,,,,,Peralatan Olahraga > Rekreasi Luar Ruang > Skateboard > Peralatan dan Perawatan Skateboard
1093,COOLER FAN,4,11,Elektronik > ALAT ELEKTRONIK KANTOR & GADGET > SUKU CADANG KOMPUTER > COOLER FAN,False,UNMAPPED,0.0,0,,UNMAPPED,0.0,,global,0,,,,,,,,,
1120,TINTA STEMPEL,4,11,Alat dan Buku Tulis > PERALATAN UMUM > CAP/STEMPEL > TINTA STEMPEL,False,UNMAPPED,0.333,18,,UNMAPPED,0.333,,global,18,,,,,,,,,"Seni & Hiburan > Hobi & Seni Kreatif > Seni & Kerajinan > Bahan Seni & Kerajinan > Cat, Tinta & Glasir Kerajinan > Tinta Seni"
1122,ISI REFILL CUTTER,4,11,Alat dan Buku Tulis > PERALATAN UMUM > CUTTER & REFILL > ISI REFILL CUTTER,False,UNMAPPED,0.2,6,,UNMAPPED,0.2,,global,6,,,,,,,,,Kesehatan & Kecantikan > Perawatan Tubuh > Kosmetik > Makeup > Riasan Bibir > Lipstik > Isi Ulang Lipstik
1126,REFILL STAPLER,4,11,Alat dan Buku Tulis > PERALATAN UMUM > STAPLER & REFILL > REFILL STAPLER,False,UNMAPPED,0.0,0,,UNMAPPED,0.0,,global,0,,,,,,,,,
1247,SANDAL GUNUNG ANAK LAKI-LAKI,4,11,Fashion > SEPATU ANAK & BAYI > SEPATU ANAK & BAYI LAKI-LAKI > SANDAL GUNUNG ANAK LAKI-LAKI,True,UNMAPPED,0.333,4,,UNMAPPED,0.5,,global,1,,,,,,,,,Busana dan Aksesori > Sepatu > Sandal
1290,PELUIT,4,11,Fashion > SERAGAM & ATRIBUT SEKOLAH > ATRIBUT SEKOLAH & KELENGKAPAN LAINNYA > PELUIT,False,EXACT,1.0,1,Seni & Hiburan > Pesta & Perayaan > Perlengkapan Pesta > Pembuat Kebisingan & Peniup Pesta > Peluit,EXACT,1.0,exact-raw,global,1,ae-3-2-17-5,Seni & Hiburan > Pesta & Perayaan > Perlengkapan Pesta > Pembuat Kebisingan & Peniup Pesta > Peluit,Arts & Entertainment > Party & Celebration > Party Supplies > Noisemakers & Party Blowers > Whistles,4,True,False,7,Ukuran baterai | Jenis baterai | Warna | Bahan | Pola | Fitur lampu peluit | Gaya suara siulan,
1336,BUBUR SIAP SAJI,5,11,Makanan dan Minuman > MAKANAN & BAHAN MAKANAN > MAKANAN DALAM KEMASAN & KALENG > MAKANAN SIAP SAJI > BUBUR SIAP SAJI,False,UNMAPPED,0.5,1,,UNMAPPED,0.5,,global,1,,,,,,,,,"Makanan, Minuman & Tembakau > Item Makanan > Makanan Olahan > Makanan Pembuka & Pendamping Olahan > Salad Siap Saji"
1356,CAIRAN PEMBERSIH PERALATAN DAN PERLENGKAPAN ANAK & BAYI KEMASAN BOTOL,5,11,Keperluan Anak dan Bayi > PERLENGKAPAN ANAK & BAYI > PERLENGKAPAN KEBERSIHAN ANAK & BAYI > CAIRAN PEMBERSIH PERALATAN DAN PERLENGKAPAN ANAK & BAYI > CAIRAN PEMBERSIH PERALATAN DAN PERLENGKAPAN ANAK & BAYI KEMASAN BOTOL,True,UNMAPPED,0.25,1,,UNMAPPED,0.25,,global,1,,,,,,,,,Bayi & Balita > Perawatan & Pemberian Makan > Kebutuhan Pokok Pemberian Makan > Botol Bayi
1424,CAIRAN PEMBERSIH LANTAI,5,11,Perawatan Diri & Rumah Tangga > Rumah Tangga > BAHAN PEMBERSIH RUMAH > PEMBERSIH LANTAI > CAIRAN PEMBERSIH LANTAI,False,FUZZY,0.667,1,Rumah & Taman > Peralatan Rumah Tangga > Pembersih Lantai & Uap > Pembersih Lantai,FUZZY,0.667,fuzzy-raw,vertical,1,hg-9-3-3,Rumah & Taman > Peralatan Rumah Tangga > Pembersih Lantai & Uap > Pembersih Lantai,Home & Garden > Household Appliances > Floor & Steam Cleaners > Floor Cleaners,3,True,False,8,Ukuran baterai | Jenis baterai | Permukaan pembersihan | Warna | Jenis wadah debu | Kelas efisiensi energi | Pola | Sumber listrik,
1435,PERALATAN DAN PENYIMPANAN DI KAMAR MANDI,5,11,Perawatan Diri & Rumah Tangga > Rumah Tangga > Peralatan & Perlengkapan Rumah Tangga > PERALATAN RUMAH TANGGA > PERALATAN DAN PENYIMPANAN DI KAMAR MANDI,False,UNMAPPED,0.4,6,,UNMAPPED,0.4,,global,6,,,,,,,,,Bisnis & Industri > Medis > Peralatan Medis > Lift Pasien > Lift Kamar Mandi
1636,GUNTING DAPUR,7,11,Perawatan Diri & Rumah Tangga > Rumah Tangga > Peralatan & Perlengkapan Rumah Tangga > PERALATAN RUMAH TANGGA > PERALATAN DAN PENYIMPANAN DI DAPUR > ALAT DAPUR & AKSESORIS DAPUR > GUNTING DAPUR,False,EXACT,1.0,1,Rumah & Taman > Dapur & Ruang Makan > Peralatan & Perlengkapan Dapur > Gunting Dapur,EXACT,1.0,exact-raw,vertical,1,hg-11-8-43,Rumah & Taman > Dapur & Ruang Makan > Peralatan & Perlengkapan Dapur > Gunting Dapur,Home & Garden > Kitchen & Dining > Kitchen Tools & Utensils > Kitchen Shears,3,True,False,8,Ukuran aksesori | Bahan mata pisau | Petunjuk pembersihan | Warna | Jenis tepi | Sisi tangan | Bahan pegangan | Pola,
1834,COCOA POWDER,4,11,"Makanan dan Minuman > COKLAT, KOPI & TEH > COKLAT & COCOA BUBUK > COCOA POWDER",False,UNMAPPED,0.333,1,,UNMAPPED,0.333,,global,1,,,,,,,,,"Makanan, Minuman & Tembakau > Item Makanan > Bahan Memasak & Baking > Baking Powder"
1842,SAUS TERIYAKI,5,11,Makanan dan Minuman > MAKANAN & BAHAN MAKANAN > SAUS > SAUS BUMBU MASAK > SAUS TERIYAKI,False,UNMAPPED,0.333,15,,UNMAPPED,0.333,,global,15,,,,,,,,,"Makanan, Minuman & Tembakau > Item Makanan > Kondimen & Saus"
1883,ISI LEM TEMBAK,3,11,Perbaikan Rumah > MATERIAL PERBAIKAN RUMAH > ISI LEM TEMBAK,False,FUZZY,0.667,1,Seni & Hiburan > Hobi & Seni Kreatif > Seni & Kerajinan > Alat Seni & Kerajinan > Lem Tembak,FUZZY,0.667,fuzzy-raw,global,1,ae-2-1-4-11,Seni & Hiburan > Hobi & Seni Kreatif > Seni & Kerajinan > Alat Seni & Kerajinan > Lem Tembak,Arts & Entertainment > Hobbies & Creative Arts > Arts & Crafts > Art & Crafting Tools > Glue Guns,4,True,False,7,Ukuran aksesori | Fitur lem tembak | Gaya nozel pistol lem | Pengoperasian lem tembak | Teknologi lem tembak | Sumber listrik | Suhu,
103,SAUS,3,10,Makanan dan Minuman > MAKANAN & BAHAN MAKANAN > SAUS,False,UNMAPPED,0.5,15,,UNMAPPED,0.5,,global,15,,,,,,,,,"Makanan, Minuman & Tembakau > Item Makanan > Kondimen & Saus"
168,SENDOK SEMEN,3,10,Perbaikan Rumah > ALAT ALAT PERBAIKAN RUMAH > SENDOK SEMEN,False,UNMAPPED,0.5,2,,UNMAPPED,0.5,,global,2,,,,,,,,,"Perkakas > Bahan Bangunan Habis Pakai > Bahan Kriya Lepa Habis Pakai > Semen, Mortar & Campuran Beton > Semen"
195,RANTAI,3,10,Perbaikan Rumah > PERLENGKAPAN PERBAIKAN RUMAH > RANTAI,False,EXACT,1.0,1,"Perkakas > Aksesori Perkakas > Rantai, Kawat & Tali > Rantai",EXACT,1.0,exact-raw,vertical,1,ha-6-4-2,"Perkakas > Aksesori Perkakas > Rantai, Kawat & Tali > Rantai","Hardware > Hardware Accessories > Chain, Wire & Rope > Chains",3,True,False,3,Warna | Bahan perangkat keras | Pola,
227,ALAT MUSIK,3,10,"Hobi, Ibadah, dan Olahraga > OLAHRAGA > ALAT MUSIK",False,EXACT,1.0,1,Seni & Hiburan > Hobi & Seni Kreatif > Alat Musik,EXACT,1.0,exact-raw,vertical,1,ae-2-8,Seni & Hiburan > Hobi & Seni Kreatif > Alat Musik,Arts & Entertainment > Hobbies & Creative Arts > Musical Instruments,2,False,True,1,Bahan alat musik,
285,HAIR STRAIGHTENER (CATOKAN RAMBUT),3,10,Elektronik > ALAT ELEKTRONIK RUMAH LAINNYA > HAIR STRAIGHTENER (CATOKAN RAMBUT),False,UNMAPPED,0.2,25,,UNMAPPED,0.2,,global,25,,,,,,,,,Busana dan Aksesori > Aksesori Pakaian > Aksesori Rambut
342,KERTAS MANILA,3,10,Alat dan Buku Tulis > KERTAS > KERTAS MANILA,False,UNMAPPED,0.333,27,,UNMAPPED,0.333,,global,27,,,,,,,,,Seni & Hiburan > Hobi & Seni Kreatif > Seni & Kerajinan > Bahan Seni & Kerajinan > Kertas Seni & Kerajinan > Cardstock & Kertas Kliping > Kertas Kliping
354,DESK SET,3,10,Alat dan Buku Tulis > PERALATAN UMUM > DESK SET,False,UNMAPPED,0.333,32,,UNMAPPED,0.333,,global,32,,,,,,,,,Busana dan Aksesori > Pakaian > Lingeri > Set Lingeri
356,HOLE PUNCHER,3,10,Alat dan Buku Tulis > PERALATAN UMUM > HOLE PUNCHER,False,UNMAPPED,0.0,0,,UNMAPPED,0.0,,global,0,,,,,,,,,
419,GELANG ANAK-ANAK,3,10,Fashion > PERHIASAN ANAK > GELANG ANAK-ANAK,True,UNMAPPED,0.5,1,,EXACT,1.0,exact-stripped,vertical,1,aa-6-3,Busana dan Aksesori > Perhiasan > Gelang,Apparel & Accessories > Jewelry > Bracelets,2,True,True,8,Kelompok usia | Desain gelang | Warna | Bahan perhiasan | Jenis perhiasan | Desain kalung | Pola | Jenis kelamin sasaran,
521,KOPI INSTAN KEMASAN JAR,5,10,"Makanan dan Minuman > COKLAT, KOPI & TEH > KOPI MENTAH > KOPI BUBUK > KOPI INSTAN KEMASAN JAR",False,UNMAPPED,0.5,1,,UNMAPPED,0.5,,global,1,,,,,,,,,"Makanan, Minuman & Tembakau > Minuman > Kopi > Kopi Instan"
754,PAKCOY,4,10,Makanan dan Minuman > FRESH > SAYURAN SEGAR > PAKCOY,False,UNMAPPED,0.0,0,,UNMAPPED,0.0,,global,0,,,,,,,,,
827,BAK MANDI ANAK & BAYI,4,10,Keperluan Anak dan Bayi > PERALATAN UNTUK ANAK & BAYI > PERALATAN MANDI ANAK & BAYI > BAK MANDI ANAK & BAYI,True,FUZZY,0.6,1,Bayi & Balita > Mandi Bayi > Bak & Kursi Mandi Bayi,FUZZY,0.6,fuzzy-raw,vertical,1,bt-1-1,Bayi & Balita > Mandi Bayi > Bak & Kursi Mandi Bayi,Baby & Toddler > Baby Bathing > Baby Bathtubs & Bath Seats,2,False,True,5,Warna | Kelompok usia bayi | Bahan | Pola | Sertifikasi keselamatan,
841,COTTON BALL ANAK & BAYI,4,10,Keperluan Anak dan Bayi > PERLENGKAPAN ANAK & BAYI > PERLENGKAPAN KEBERSIHAN ANAK & BAYI > COTTON BALL ANAK & BAYI,True,UNMAPPED,0.4,11,,UNMAPPED,0.4,,global,11,,,,,,,,,Busana dan Aksesori > Pakaian > Pakaian Bayi & Anak
967,OBENG KACAMATA,4,10,Perbaikan Rumah > ALAT ALAT PERBAIKAN RUMAH > OBENG > OBENG KACAMATA,False,UNMAPPED,0.5,2,,UNMAPPED,0.5,,global,2,,,,,,,,,Perkakas > Peralatan > Obeng
1054,BOLA PING PONG,4,10,"Hobi, Ibadah, dan Olahraga > OLAHRAGA > PERALATAN & PERLENGKAPAN PING PONG > BOLA PING PONG",False,UNMAPPED,0.25,54,,UNMAPPED,0.25,,global,54,,,,,,,,,Hewan & Perlengkapan Hewan Piaraan > Perlengkapan Hewan Piaraan > Perlengkapan Kucing > Mainan Kucing > Bola & Pengejar
1234,BAWAHAN OLAHRAGA PRIA,4,10,Fashion > PAKAIAN OLAHRAGA > PAKAIAN OLAHRAGA PRIA > BAWAHAN OLAHRAGA PRIA,True,UNMAPPED,0.25,12,,UNMAPPED,0.333,,global,6,,,,,,,,,Busana dan Aksesori > Pakaian > Pakaian Aktif > Bra Olahraga
1288,CINCIN PRAMUKA (RING KACU),4,10,Fashion > SERAGAM & ATRIBUT SEKOLAH > ATRIBUT SEKOLAH & KELENGKAPAN LAINNYA > CINCIN PRAMUKA (RING KACU),False,UNMAPPED,0.25,1,,UNMAPPED,0.25,,global,1,,,,,,,,,Busana dan Aksesori > Perhiasan > Cincin
1315,AIR MINERAL KEMASAN GELAS,5,10,Makanan dan Minuman > MINUMAN > MINUMAN DALAM KEMASAN > AIR MINERAL > AIR MINERAL KEMASAN GELAS,False,UNMAPPED,0.4,1,,UNMAPPED,0.4,,global,1,,,,,,,,,"Makanan, Minuman & Tembakau > Minuman > Air > Air Mineral Biasa"
1440,PERLENGKAPAN KAMAR & KAMAR MANDI,5,10,Perawatan Diri & Rumah Tangga > Rumah Tangga > Peralatan & Perlengkapan Rumah Tangga > PERLENGKAPAN RUMAH TANGGA > PERLENGKAPAN KAMAR & KAMAR MANDI,False,EXACT,1.0,1,Perkakas > Perpipaan > Perlengkapan Perpipaan > Perlengkapan Kamar Mandi,EXACT,1.0,exact-raw,global,1,ha-10-3-1,Perkakas > Perpipaan > Perlengkapan Perpipaan > Perlengkapan Kamar Mandi,Hardware > Plumbing > Plumbing Fixtures > Bathroom Suites,3,True,False,3,Warna | Bahan | Pola,
1491,DETERJEN CAIR UNTUK PAKAIAN DEWASA,6,10,Perawatan Diri & Rumah Tangga > Rumah Tangga > BAHAN LAUNDRY > DETERJEN PAKAIAN > DETERJEN CAIR > DETERJEN CAIR UNTUK PAKAIAN DEWASA,True,UNMAPPED,0.25,3,,UNMAPPED,0.333,,global,1,,,,,,,,,Busana dan Aksesori > Pakaian
1503,PENGHARUM FLUSH KLOSET SOLID,6,10,Perawatan Diri & Rumah Tangga > Rumah Tangga > BAHAN PEMBERSIH RUMAH > PEMBERSIH KAMAR MANDI > PENGHARUM FLUSH KLOSET > PENGHARUM FLUSH KLOSET SOLID,False,UNMAPPED,0.2,5,,UNMAPPED,0.2,,global,5,,,,,,,,,Furnitur > Lemari & Penyimpanan > Lemari Kloset
1516,FLOOR MOP,6,10,Perawatan Diri & Rumah Tangga > Rumah Tangga > Peralatan & Perlengkapan Rumah Tangga > PERALATAN RUMAH TANGGA > PERALATAN KEBERSIHAN RUMAH TANGGA > FLOOR MOP,False,UNMAPPED,0.2,1,,UNMAPPED,0.2,,global,1,,,,,,,,,Seni & Hiburan > Hobi & Seni Kreatif > Alat Musik > Perkusi > Kit Drum > Kit Drum Floor Tom
1552,LAUNDRY BAG JARING,6,10,Perawatan Diri & Rumah Tangga > Rumah Tangga > Peralatan & Perlengkapan Rumah Tangga > PERALATAN RUMAH TANGGA > PERALATAN DAN PENYIMPANAN PAKAIAN DAN CUCIAN > LAUNDRY BAG JARING,False,UNMAPPED,0.25,16,,UNMAPPED,0.25,,global,16,,,,,,,,,Hewan & Perlengkapan Hewan Piaraan > Perlengkapan Hewan Piaraan > Perlengkapan Ikan & Akuatik > Jaring Ikan Akuarium > Jaring Sendok
1639,KIPAS SATE,7,10,Perawatan Diri & Rumah Tangga > Rumah Tangga > Peralatan & Perlengkapan Rumah Tangga > PERALATAN RUMAH TANGGA > PERALATAN DAN PENYIMPANAN DI DAPUR > ALAT DAPUR & AKSESORIS DAPUR > KIPAS SATE,False,UNMAPPED,0.5,1,,UNMAPPED,0.5,,global,1,,,,,,,,,Rumah & Taman > Peralatan Rumah Tangga > Peralatan Kontrol Iklim > Kipas
1794,CARDINAL,3,10,UNUSED > AREA DISPLAY > CARDINAL,False,UNMAPPED,0.0,0,,UNMAPPED,0.0,,global,0,,,,,,,,,
1821,SAOS TOMAT KEMASAN POUCH,6,10,Makanan dan Minuman > MAKANAN & BAHAN MAKANAN > SAUS > SAOS  PEDAS & SAMBAL > SAOS TOMAT > SAOS TOMAT KEMASAN POUCH,False,UNMAPPED,0.25,1,,UNMAPPED,0.25,,global,1,,,,,,,,,"Makanan, Minuman & Tembakau > Item Makanan > Buah & Sayur > Sayur Segar & Beku > Tomat"
1867,PELICIN PAKAIAN KEMASAN SACHET,5,10,Perawatan Diri & Rumah Tangga > Rumah Tangga > BAHAN LAUNDRY > PELICIN PAKAIAN  > PELICIN PAKAIAN KEMASAN SACHET,False,UNMAPPED,0.25,1,,UNMAPPED,0.25,,global,1,,,,,,,,,Busana dan Aksesori > Pakaian
1879,ALAT UKUR MATRIAL,3,10,Perbaikan Rumah > ALAT ALAT PERBAIKAN RUMAH > ALAT UKUR MATRIAL,False,UNMAPPED,0.5,2,,UNMAPPED,0.5,,global,2,,,,,,,,,Perkakas > Peralatan > Alat Ukur & Sensor
22,Perawatan Diri,2,9,Perawatan Diri & Rumah Tangga > Perawatan Diri,False,FUZZY,0.667,1,Layanan > Layanan Pribadi > Kecantikan & Perawatan Diri,FUZZY,0.667,fuzzy-raw,global,1,se-6-1,Layanan > Layanan Pribadi > Kecantikan & Perawatan Diri,Services > Personal Services > Beauty & Personal Care,2,True,True,0,,
92,BERAS,3,9,Makanan dan Minuman > MAKANAN & BAHAN MAKANAN > BERAS,False,EXACT,1.0,1,"Makanan, Minuman & Tembakau > Item Makanan > Bijian, Beras & Sereal > Beras",EXACT,1.0,exact-raw,vertical,1,fb-2-11-9,"Makanan, Minuman & Tembakau > Item Makanan > Bijian, Beras & Sereal > Beras","Food, Beverages & Tobacco > Food Items > Grains, Rice & Cereal > Rice",3,True,False,5,Informasi alergen | Preferensi diet | Metode pengolahan beras | Varietas padi | Persyaratan penyimpanan,
109,DAGING SAPI SEGAR,3,9,Makanan dan Minuman > FRESH > DAGING SAPI SEGAR,False,UNMAPPED,0.5,1,,UNMAPPED,0.5,,global,1,,,,,,,,,"Makanan, Minuman & Tembakau > Item Makanan > Daging, Makanan Laut & Telur > Daging > Daging Segar & Beku"
184,BRACKET DINDING UNTUK TV,3,9,Perbaikan Rumah > PERLENGKAPAN PERBAIKAN RUMAH > BRACKET DINDING UNTUK TV,False,UNMAPPED,0.25,23,,UNMAPPED,0.25,,global,23,,,,,,,,,Seni & Hiburan > Hobi & Seni Kreatif > Barang Koleksi > Koleksi Olahraga > Aksesori Kipas Olahraga > Stiker Dinding
251,VAS BUNGA,3,9,"Hobi, Ibadah, dan Olahraga > BERKEBUN > VAS BUNGA",False,FUZZY,0.667,1,Rumah & Taman > Dekorasi > Vas > Vas Bunga Kecil,FUZZY,0.667,fuzzy-raw,global,1,hg-3-67-1,Rumah & Taman > Dekorasi > Vas > Vas Bunga Kecil,Home & Garden > Decor > Vases > Bud Vases,3,True,False,2,Gaya barang | Bahan,
253,PERLENGKAPAN BERKEBUN LAINNYA,3,9,"Hobi, Ibadah, dan Olahraga > BERKEBUN > PERLENGKAPAN BERKEBUN LAINNYA",False,UNMAPPED,0.5,1,,UNMAPPED,0.5,,global,1,,,,,,,,,Rumah & Taman > Rumput & Taman > Berkebun
279,DOOR BELL (BEL RUMAH),3,9,Elektronik > ALAT ELEKTRONIK RUMAH LAINNYA > DOOR BELL (BEL RUMAH),False,UNMAPPED,0.2,19,,UNMAPPED,0.2,,global,19,,,,,,,,,Hewan & Perlengkapan Hewan Piaraan > Perlengkapan Hewan Piaraan > Perlengkapan Anjing > Rumah Anjing
297,BUSUR,3,9,Alat dan Buku Tulis > ALAT MENGGAMBAR / MELUKIS > BUSUR,False,UNMAPPED,0.5,11,,UNMAPPED,0.5,,global,11,,,,,,,,,Seni & Hiburan > Hobi & Seni Kreatif > Seni & Kerajinan > Alat Seni & Kerajinan > Alat Ukur & Penanda Kerajinan > Busur Derajat
318,BUKU KAS,3,9,Alat dan Buku Tulis > BUKU TULIS > BUKU KAS,False,UNMAPPED,0.5,1,,UNMAPPED,0.5,,global,1,,,,,,,,,Media > Buku
337,KERTAS CONCORD,3,9,Alat dan Buku Tulis > KERTAS > KERTAS CONCORD,False,UNMAPPED,0.333,27,,UNMAPPED,0.333,,global,27,,,,,,,,,Seni & Hiburan > Hobi & Seni Kreatif > Seni & Kerajinan > Bahan Seni & Kerajinan > Kertas Seni & Kerajinan > Cardstock & Kertas Kliping > Kertas Kliping
376,"DASI, SYAL, DAN TALI SUSPENDER ANAK",3,9,"Fashion > AKSESORIS FASHION ANAK > DASI, SYAL, DAN TALI SUSPENDER ANAK",True,UNMAPPED,0.2,3,,UNMAPPED,0.25,,global,2,,,,,,,,,Busana dan Aksesori > Aksesori Pakaian > Dasi
418,CINCIN ANAK-ANAK,3,9,Fashion > PERHIASAN ANAK > CINCIN ANAK-ANAK,True,UNMAPPED,0.5,1,,EXACT,1.0,exact-stripped,vertical,1,aa-6-9,Busana dan Aksesori > Perhiasan > Cincin,Apparel & Accessories > Jewelry > Rings,2,False,True,11,Kelompok usia | Warna | Gaya potongan batu permata | Jenis batu permata | Bahan perhiasan | Jenis perhiasan | Pola | Desain cincin | Ukuran cincin | Bentuk batu | Jenis kelamin sasaran,
420,KALUNG ANAK-ANAK,3,9,Fashion > PERHIASAN ANAK > KALUNG ANAK-ANAK,True,UNMAPPED,0.5,1,,EXACT,1.0,exact-stripped,vertical,1,aa-6-8,Busana dan Aksesori > Perhiasan > Kalung,Apparel & Accessories > Jewelry > Necklaces,2,True,True,8,Kelompok usia | Warna | Bahan perhiasan | Jenis perhiasan | Desain kalung | Jenis panjang kalung | Pola | Jenis kelamin sasaran,
446,SEPATU WEDGES WANITA,3,9,Fashion > SEPATU WANITA > SEPATU WEDGES WANITA,True,UNMAPPED,0.333,1,,UNMAPPED,0.5,,global,1,,,,,,,,,Busana dan Aksesori > Sepatu
460,DEKORASI PEWARNA KUKU,3,9,Kosmetik dan Alat Kecantikan > MAKE UP KUKU > DEKORASI PEWARNA KUKU,False,UNMAPPED,0.333,1,,UNMAPPED,0.333,,global,1,,,,,,,,,Rumah & Taman > Dekorasi
518,KOPI BUBUK,4,9,"Makanan dan Minuman > COKLAT, KOPI & TEH > KOPI MENTAH > KOPI BUBUK",False,FUZZY,0.667,1,"Makanan, Minuman & Tembakau > Minuman > Kopi > Biji Kopi & Kopi Bubuk",FUZZY,0.667,fuzzy-raw,vertical,1,fb-1-3-1,"Makanan, Minuman & Tembakau > Minuman > Kopi > Biji Kopi & Kopi Bubuk","Food, Beverages & Tobacco > Beverages > Coffee > Coffee Beans & Ground Coffee",3,True,False,12,Informasi alergen | Kandungan kafein | Spesies biji kopi | Bentuk produk kopi | Sangrai kopi | Negara | Metode dekafeinasi | Preferensi diet | Suplemen makanan | Rasa | Bentuk produk makanan | Ukuran gilingan,
558,RAGI,4,9,Makanan dan Minuman > MAKANAN & BAHAN MAKANAN > BAHAN KUE > RAGI,False,EXACT,1.0,1,"Makanan, Minuman & Tembakau > Item Makanan > Bahan Memasak & Baking > Ragi",EXACT,1.0,exact-raw,vertical,1,fb-2-5-36,"Makanan, Minuman & Tembakau > Item Makanan > Bahan Memasak & Baking > Ragi","Food, Beverages & Tobacco > Food Items > Cooking & Baking Ingredients > Yeast",3,False,True,5,Informasi alergen | Preferensi diet | Bentuk produk makanan | Persyaratan penyimpanan | Aplikasi ragi,
603,KERUPUK ,4,9,Makanan dan Minuman > MAKANAN & BAHAN MAKANAN > MAKANAN DALAM KEMASAN & KALENG > KERUPUK ,False,UNMAPPED,0.5,1,,UNMAPPED,0.5,,global,1,,,,,,,,,"Makanan, Minuman & Tembakau > Item Makanan > Makanan Ringan > Kerupuk Beras"
626,MINYAK KANOLA,4,9,Makanan dan Minuman > MAKANAN & BAHAN MAKANAN > MINYAK > MINYAK KANOLA,False,UNMAPPED,0.333,31,,UNMAPPED,0.333,,global,31,,,,,,,,,Hewan & Perlengkapan Hewan Piaraan > Perlengkapan Hewan Piaraan > Vitamin & Suplemen Hewan Piaraan > Minyak Ikan
660,TEPUNG TAPIOKA,4,9,Makanan dan Minuman > MAKANAN & BAHAN MAKANAN > TEPUNG > TEPUNG TAPIOKA,False,UNMAPPED,0.5,1,,UNMAPPED,0.5,,global,1,,,,,,,,,"Makanan, Minuman & Tembakau > Item Makanan > Bahan Memasak & Baking > Tepung"
724,KACANG TANAH,4,9,Makanan dan Minuman > FRESH > SAYURAN SEGAR > KACANG TANAH,False,FUZZY,0.667,1,"Makanan, Minuman & Tembakau > Item Makanan > Bahan Memasak & Baking > Minyak Goreng > Minyak Kacang Tanah",FUZZY,0.667,fuzzy-raw,vertical,1,fb-2-5-12-5,"Makanan, Minuman & Tembakau > Item Makanan > Bahan Memasak & Baking > Minyak Goreng > Minyak Kacang Tanah","Food, Beverages & Tobacco > Food Items > Cooking & Baking Ingredients > Cooking Oils > Peanut Oil",4,True,False,4,Informasi alergen | Preferensi diet | Metode pengolahan minyak | Persyaratan penyimpanan,
738,KETUMBAR,4,9,Makanan dan Minuman > FRESH > SAYURAN SEGAR > KETUMBAR,False,UNMAPPED,0.0,0,,UNMAPPED,0.0,,global,0,,,,,,,,,
837,HIP SEAT,4,9,Keperluan Anak dan Bayi > PERLENGKAPAN ANAK & BAYI > PERLENGKAPAN BEPERGIAN ANAK & BAYI > HIP SEAT,False,UNMAPPED,0.0,0,,UNMAPPED,0.0,,global,0,,,,,,,,,
869,KELAMBU,4,9,Keperluan Anak dan Bayi > PERLENGKAPAN ANAK & BAYI > PERLENGKAPAN TIDUR ANAK & BAYI > KELAMBU,False,UNMAPPED,0.5,6,,UNMAPPED,0.5,,global,6,,,,,,,,,Furnitur > Furnitur Bayi & Balita > Aksesori Buaian & Boks Ayunan > Kanopi dan Kelambu
938,ANTI NYAMUK ELEKTRIK,4,9,Perawatan Diri & Rumah Tangga > Rumah Tangga > ANTI HAMA & SERANGGA > ANTI NYAMUK ELEKTRIK,False,UNMAPPED,0.4,1,,UNMAPPED,0.4,,global,1,,,,,,,,,Peralatan Olahraga > Rekreasi Luar Ruang > Berkemah & Hiking > Kelambu & Tabir Serangga > Kelambu Kepala Anti Nyamuk
1051,SKIPROPE (LOMPAT TALI / ALAT SKIPPING),4,9,"Hobi, Ibadah, dan Olahraga > OLAHRAGA > PERALATAN & PERLENGKAPAN FITNESS > SKIPROPE (LOMPAT TALI / ALAT SKIPPING)",False,UNMAPPED,0.4,2,,UNMAPPED,0.4,,global,2,,,,,,,,,Peralatan Olahraga > Peralatan Latihan Umum & Kebugaran > Kardio > Tali Lompat
1100,KABEL VGA,4,9,Elektronik > ALAT ELEKTRONIK KANTOR & GADGET > SUKU CADANG KOMPUTER > KABEL VGA,False,EXACT,1.0,1,Elektronik > Aksesori Elektronik > Kabel > Kabel Audio & Video > Kabel VGA,EXACT,1.0,exact-raw,vertical,1,el-7-7-1-3,Elektronik > Aksesori Elektronik > Kabel > Kabel Audio & Video > Kabel VGA,Electronics > Electronics Accessories > Cables > Audio & Video Cables > VGA Cables,4,True,False,12,Jenis konektor kabel audio/video (ujung A) | Jenis konektor kabel audio/video (ujung B) | Bahan rumah kabel | Pelindung kabel | Warna | Pelapisan kontak konektor | Gender konektor | Orientasi konektor | Antarmuka perangkat | Bahan | Pola | Sumber listrik,
1150,PLAYSUIT / JUMPSUIT ANAK PEREMPUAN,4,9,Fashion > FASHION ANAK & BAYI > PAKAIAN ANAK PEREMPUAN > PLAYSUIT / JUMPSUIT ANAK PEREMPUAN,True,UNMAPPED,0.333,4,,UNMAPPED,0.333,,global,4,,,,,,,,,Busana dan Aksesori > Pakaian > Pakaian Bayi & Anak > Pakaian Dalam Bayi & Anak > Pakaian Dalam Anak Perempuan
1210,CELANA CROP WANITA,4,9,Fashion > FASHION WANITA > BAWAHAN WANITA > CELANA CROP WANITA,True,UNMAPPED,0.5,1,,UNMAPPED,0.5,,global,3,,,,,,,,,Busana dan Aksesori > Pakaian > Lingeri > Celana Dalam Wanita
1390,OBAT TETES MATA,5,9,Perawatan Diri & Rumah Tangga > Perawatan Diri > OBAT-OBATAN > PEREDA NYERI & OBAT LUAR > OBAT TETES MATA,False,UNMAPPED,0.5,2,,UNMAPPED,0.5,,global,2,,,,,,,,,Hewan & Perlengkapan Hewan Piaraan > Perlengkapan Hewan Piaraan > Obat Hewan Piaraan > Obat Telinga & Mata
1412,PELEMBUT & PEWANGI PAKAIAN (SOFTENER) KEMASAN BOTOL,5,9,Perawatan Diri & Rumah Tangga > Rumah Tangga > BAHAN LAUNDRY > PELEMBUT & PEWANGI PAKAIAN (SOFTENER) > PELEMBUT & PEWANGI PAKAIAN (SOFTENER) KEMASAN BOTOL,False,UNMAPPED,0.167,2,,UNMAPPED,0.167,,global,2,,,,,,,,,Busana dan Aksesori > Pakaian
1492,CAIRAN PEMBERSIH DAPUR KEMASAN BOTOL / SPRAY,6,9,Perawatan Diri & Rumah Tangga > Rumah Tangga > BAHAN PEMBERSIH RUMAH > PEMBERSIH DAPUR > CAIRAN PEMBERSIH DAPUR > CAIRAN PEMBERSIH DAPUR KEMASAN BOTOL / SPRAY,False,UNMAPPED,0.286,1,,UNMAPPED,0.286,,global,1,,,,,,,,,Kesehatan & Kecantikan > Perawatan Tubuh > Perawatan Rambut > Aksesori Alat Penata Rambut > Botol Spray Rambut
1515,SERAP AIR & PENYERAP BAU KEMASAN REFILL (POUCH),6,9,Perawatan Diri & Rumah Tangga > Rumah Tangga > BAHAN PEMBERSIH RUMAH > PERAWATAN & PEMBERSIH RUMAH TANGGA LAINNYA > SERAP AIR & PENYERAP BAU > SERAP AIR & PENYERAP BAU KEMASAN REFILL (POUCH),False,UNMAPPED,0.143,1,,UNMAPPED,0.143,,global,1,,,,,,,,,"Makanan, Minuman & Tembakau > Minuman > Air"
1520,PEMBERSIH KACA (WIPER),6,9,Perawatan Diri & Rumah Tangga > Rumah Tangga > Peralatan & Perlengkapan Rumah Tangga > PERALATAN RUMAH TANGGA > PERALATAN KEBERSIHAN RUMAH TANGGA > PEMBERSIH KACA (WIPER),False,FUZZY,0.667,1,Rumah & Taman > Perlengkapan Rumah Tangga > Perlengkapan Pembersih Rumah Tangga > Produk Pembersih Rumah Tangga > Pembersih Kaca & Permukaan > Pembersih Kaca,FUZZY,0.667,fuzzy-raw,vertical,1,hg-10-6-11-9-1,Rumah & Taman > Perlengkapan Rumah Tangga > Perlengkapan Pembersih Rumah Tangga > Produk Pembersih Rumah Tangga > Pembersih Kaca & Permukaan > Pembersih Kaca,Home & Garden > Household Supplies > Household Cleaning Supplies > Household Cleaning Products > Glass & Surface Cleaners > Glass Cleaners,5,True,False,16,Jenis wadah kimia | Bentuk produk kimia | Fitur keamanan bahan kimia | Permukaan pembersihan | Warna | Jenis dispenser | Keharuman | Fitur pembersih kaca dan permukaan | Fitur pembersih kaca | Bahan-bahan | Bahan | Tingkat PH | Pola | Bentuk produk | Ruang yang cocok | Jenis penggunaan,
1591,SABUT NILON SAJA,7,9,Perawatan Diri & Rumah Tangga > Rumah Tangga > Peralatan & Perlengkapan Rumah Tangga > PERALATAN RUMAH TANGGA > PERALATAN KEBERSIHAN RUMAH TANGGA > SABUT & SPONS > SABUT NILON SAJA,False,UNMAPPED,0.25,2,,UNMAPPED,0.25,,global,2,,,,,,,,,Hewan & Perlengkapan Hewan Piaraan > Perlengkapan Hewan Piaraan > Perlengkapan Ikan & Akuatik > Perlengkapan Pembersih Akuarium > Sabut Gosok
1611,TISU NAPKIN (KASAR),7,9,Perawatan Diri & Rumah Tangga > Rumah Tangga > Peralatan & Perlengkapan Rumah Tangga > PERALATAN RUMAH TANGGA > PERALATAN KEBERSIHAN RUMAH TANGGA > TISU > TISU NAPKIN (KASAR),False,UNMAPPED,0.25,6,,UNMAPPED,0.25,,global,6,,,,,,,,,Seni & Hiburan > Pesta & Perayaan > Pemberian Hadiah > Bungkus Kado > Kertas Tisu
1641,KOREK API,7,9,Perawatan Diri & Rumah Tangga > Rumah Tangga > Peralatan & Perlengkapan Rumah Tangga > PERALATAN RUMAH TANGGA > PERALATAN DAN PENYIMPANAN DI DAPUR > ALAT DAPUR & AKSESORIS DAPUR > KOREK API,False,UNMAPPED,0.333,6,,UNMAPPED,0.333,,global,6,,,,,,,,,Seni & Hiburan > Hobi & Seni Kreatif > Barang Koleksi > Model Skala > Kereta Api
1654,ROL KUE / GILINGAN ADONAN (ROLLING PIN),7,9,Perawatan Diri & Rumah Tangga > Rumah Tangga > Peralatan & Perlengkapan Rumah Tangga > PERALATAN RUMAH TANGGA > PERALATAN DAN PENYIMPANAN DI DAPUR > ALAT DAPUR & AKSESORIS DAPUR > ROL KUE / GILINGAN ADONAN (ROLLING PIN),False,UNMAPPED,0.167,4,,UNMAPPED,0.167,,global,4,,,,,,,,,Seni & Hiburan > Hobi & Seni Kreatif > Barang Koleksi > Koleksi Olahraga > Aksesori Kipas Olahraga > Pin
1663,TUSUK SATE,7,9,Perawatan Diri & Rumah Tangga > Rumah Tangga > Peralatan & Perlengkapan Rumah Tangga > PERALATAN RUMAH TANGGA > PERALATAN DAN PENYIMPANAN DI DAPUR > ALAT DAPUR & AKSESORIS DAPUR > TUSUK SATE,False,EXACT,1.0,1,Rumah & Taman > Dapur & Ruang Makan > Peralatan & Perlengkapan Dapur > Tusuk Sate & Makanan > Tusuk Sate,EXACT,1.0,exact-raw,vertical,1,hg-11-8-33-1,Rumah & Taman > Dapur & Ruang Makan > Peralatan & Perlengkapan Dapur > Tusuk Sate & Makanan > Tusuk Sate,Home & Garden > Kitchen & Dining > Kitchen Tools & Utensils > Food Sticks & Skewers > Food Skewers,4,True,False,8,Petunjuk pembersihan | Warna | Bahan pegangan | Pola | Bentuk | Jenis ujung tusuk sate | Bahan alat/perkakas | Jenis penggunaan,
1665,ALAT UNTUK BAKAR SATE,7,9,Perawatan Diri & Rumah Tangga > Rumah Tangga > Peralatan & Perlengkapan Rumah Tangga > PERALATAN RUMAH TANGGA > PERALATAN DAN PENYIMPANAN DI DAPUR > ALAT MASAK > ALAT UNTUK BAKAR SATE,False,UNMAPPED,0.25,41,,UNMAPPED,0.25,,global,41,,,,,,,,,Seni & Hiburan > Hobi & Seni Kreatif > Seni & Kerajinan > Alat Seni & Kerajinan > Alat Benang & Benang Rajut > Card & Sikat Serat > Alat Teasing
1690,TONG AIR,7,9,Perawatan Diri & Rumah Tangga > Rumah Tangga > Peralatan & Perlengkapan Rumah Tangga > PERALATAN RUMAH TANGGA > PERALATAN DAN PENYIMPANAN DI DAPUR > TEMPAT PENYIMPANAN LAINNYA > TONG AIR,False,UNMAPPED,0.5,1,,UNMAPPED,0.5,,global,1,,,,,,,,,"Makanan, Minuman & Tembakau > Minuman > Air"
1707,SENDOK PASTA ,8,9,Perawatan Diri & Rumah Tangga > Rumah Tangga > Peralatan & Perlengkapan Rumah Tangga > PERALATAN RUMAH TANGGA > PERALATAN DAN PENYIMPANAN DI DAPUR > ALAT DAPUR & AKSESORIS DAPUR > SENDOK DAPUR > SENDOK PASTA ,False,UNMAPPED,0.5,1,,UNMAPPED,0.5,,global,1,,,,,,,,,Rumah & Taman > Dapur & Ruang Makan > Peralatan Makan > Peralatan Makan > Sendok
1716,PANCI ANTI LENGKET,8,9,Perawatan Diri & Rumah Tangga > Rumah Tangga > Peralatan & Perlengkapan Rumah Tangga > PERALATAN RUMAH TANGGA > PERALATAN DAN PENYIMPANAN DI DAPUR > ALAT MASAK > PANCI > PANCI ANTI LENGKET,False,UNMAPPED,0.333,1,,UNMAPPED,0.333,,global,1,,,,,,,,,Rumah & Taman > Dapur & Ruang Makan > Aksesori Peralatan Dapur > Aksesori Pembuat Yoghurt > Panci
1738,PIRING ANYAMAN,8,9,Perawatan Diri & Rumah Tangga > Rumah Tangga > Peralatan & Perlengkapan Rumah Tangga > PERALATAN RUMAH TANGGA > PERALATAN DAN PENYIMPANAN DI DAPUR > PERALATAN MAKAN > PIRING > PIRING ANYAMAN,False,UNMAPPED,0.5,1,,UNMAPPED,0.5,,global,1,,,,,,,,,Rumah & Taman > Dapur & Ruang Makan > Peralatan Makan > Peralatan Makan > Piring
1864,UNDERPAD,4,9,Perawatan Diri & Rumah Tangga > Perawatan Diri > KEBUTUHAN KHUSUS LANJUT USIA > UNDERPAD,False,UNMAPPED,0.0,0,,UNMAPPED,0.0,,global,0,,,,,,,,,
56,PERHIASAN DEWASA,2,8,Fashion > PERHIASAN DEWASA,True,UNMAPPED,0.5,2,,EXACT,1.0,exact-stripped,vertical,1,aa-6,Busana dan Aksesori > Perhiasan,Apparel & Accessories > Jewelry,1,False,True,12,Kelompok usia | Petunjuk perawatan | Warna | Tingkat warna berlian | Tingkat fluoresensi | Tingkat kejernihan batu permata | Bahan perhiasan | Jenis perhiasan | Pola | Metode pembuatan batu | Batu potong berkualitas tinggi | Jenis kelamin sasaran,
106,TEPUNG,3,8,Makanan dan Minuman > MAKANAN & BAHAN MAKANAN > TEPUNG,False,EXACT,1.0,1,"Makanan, Minuman & Tembakau > Item Makanan > Bahan Memasak & Baking > Tepung",EXACT,1.0,exact-raw,vertical,1,fb-2-5-20,"Makanan, Minuman & Tembakau > Item Makanan > Bahan Memasak & Baking > Tepung","Food, Beverages & Tobacco > Food Items > Cooking & Baking Ingredients > Flour",3,True,False,6,Informasi alergen | Preferensi diet | Tekstur gilingan tepung | Metode pengolahan tepung | Jenis tepung/bulir | Persyaratan penyimpanan,
155,GEGEP,3,8,Perbaikan Rumah > ALAT ALAT PERBAIKAN RUMAH > GEGEP,False,UNMAPPED,0.0,0,,UNMAPPED,0.0,,global,0,,,,,,,,,
157,GERINDA (GRINDER),3,8,Perbaikan Rumah > ALAT ALAT PERBAIKAN RUMAH > GERINDA (GRINDER),False,UNMAPPED,0.5,1,,UNMAPPED,0.5,,global,1,,,,,,,,,Perkakas > Peralatan > Gerinda
207,SUKU CADANG MOTOR,3,8,"Hobi, Ibadah, dan Olahraga > Perawatan & Suku Cadang Motor > SUKU CADANG MOTOR",False,UNMAPPED,0.5,3,,UNMAPPED,0.5,,global,3,,,,,,,,,Peralatan Olahraga > Rekreasi Luar Ruang > Skuter Riding > Komponen Skuter Listrik > Suku Cadang Suspensi
234,PERALATAN & PERLENGKAPAN SEPEDA,3,8,"Hobi, Ibadah, dan Olahraga > OLAHRAGA > PERALATAN & PERLENGKAPAN SEPEDA",False,FUZZY,0.667,1,Peralatan Olahraga > Rekreasi Luar Ruang > Bersepeda > Aksesori Sepeda > Peralatan Sepeda,FUZZY,0.667,fuzzy-raw,vertical,1,sg-4-4-1-22,Peralatan Olahraga > Rekreasi Luar Ruang > Bersepeda > Aksesori Sepeda > Peralatan Sepeda,Sporting Goods > Outdoor Recreation > Cycling > Bicycle Accessories > Bicycle Tools,4,False,True,8,Ukuran baterai | Jenis baterai | Warna | Komponen sepeda yang kompatibel | Tipe sepeda yang kompatibel | Pola | Kondisi berkendara yang sesuai | Fungsi alat meliputi,
246,MEDIA TANAM,3,8,"Hobi, Ibadah, dan Olahraga > BERKEBUN > MEDIA TANAM",False,EXACT,1.0,1,Rumah & Taman > Rumput & Taman > Berkebun > Hidroponik > Media Tanam,EXACT,1.0,exact-raw,global,1,hg-12-1-19-2,Rumah & Taman > Rumput & Taman > Berkebun > Hidroponik > Media Tanam,Home & Garden > Lawn & Garden > Gardening > Hydroponics > Growing Media,4,False,True,7,Warna | Bahan | Tingkat PH | Pola | Sertifikasi & standar produk | Sterilitas produk | Ruang yang cocok,
266,PANCI ELEKTRIK,3,8,Elektronik > ALAT ELEKTRONIK DAPUR > PANCI ELEKTRIK,False,UNMAPPED,0.5,2,,UNMAPPED,0.5,,global,2,,,,,,,,,Rumah & Taman > Dapur & Ruang Makan > Aksesori Peralatan Dapur > Aksesori Pembuat Yoghurt > Panci
293,SETRIKA LISTRIK,3,8,Elektronik > ALAT ELEKTRONIK RUMAH LAINNYA > SETRIKA LISTRIK,False,UNMAPPED,0.5,1,,UNMAPPED,0.5,,global,1,,,,,,,,,Rumah & Taman > Peralatan Rumah Tangga > Peralatan Penatu > Setrika & Sistem Setrika > Setrika
336,ORDNER,3,8,Alat dan Buku Tulis > FILE ORGANIZER > ORDNER,False,UNMAPPED,0.0,0,,UNMAPPED,0.0,,global,0,,,,,,,,,
341,KERTAS KARTON,3,8,Alat dan Buku Tulis > KERTAS > KERTAS KARTON,False,UNMAPPED,0.333,28,,UNMAPPED,0.333,,global,28,,,,,,,,,Seni & Hiburan > Hobi & Seni Kreatif > Seni & Kerajinan > Bahan Seni & Kerajinan > Kertas Seni & Kerajinan > Cardstock & Kertas Kliping > Kertas Kliping
363,LEM KERTAS,3,8,Alat dan Buku Tulis > PERALATAN UMUM > LEM KERTAS,False,UNMAPPED,0.333,38,,UNMAPPED,0.333,,global,38,,,,,,,,,Seni & Hiburan > Hobi & Seni Kreatif > Seni & Kerajinan > Bahan Seni & Kerajinan > Kertas Seni & Kerajinan > Cardstock & Kertas Kliping > Kertas Kliping
386,SAPU TANGAN DEWASA,3,8,Fashion > AKSESORIS FASHION DEWASA > SAPU TANGAN DEWASA,True,FUZZY,0.667,1,Busana dan Aksesori > Aksesori Pakaian > Sapu Tangan,EXACT,1.0,exact-stripped,vertical,1,aa-2-16,Busana dan Aksesori > Aksesori Pakaian > Sapu Tangan,Apparel & Accessories > Clothing Accessories > Handkerchiefs,2,True,True,6,Item aksesori yang disertakan | Kelompok usia | Warna | Kain | Pola | Jenis kelamin sasaran,
461,PEMBERSIH KUKU,3,8,Kosmetik dan Alat Kecantikan > MAKE UP KUKU > PEMBERSIH KUKU,False,UNMAPPED,0.5,1,,UNMAPPED,0.5,,global,1,,,,,,,,,"Peralatan Olahraga > Rekreasi Luar Ruang > Berkuda > Perawatan Kuda > Perawatan Kuda > Sisir, Sikat & Sarung Tangan Perawatan Kuda > Groomer Kuda > Alat Pembersih Kuku Kuda"
501,AIR MINERAL,4,8,Makanan dan Minuman > MINUMAN > MINUMAN DALAM KEMASAN > AIR MINERAL,False,FUZZY,0.667,1,"Makanan, Minuman & Tembakau > Minuman > Air > Air Mineral Biasa",FUZZY,0.667,fuzzy-raw,vertical,1,fb-1-16-3,"Makanan, Minuman & Tembakau > Minuman > Air > Air Mineral Biasa","Food, Beverages & Tobacco > Beverages > Water > Flat Mineral Water",3,True,False,7,Informasi alergen | Bahan wadah | Preferensi diet | Suplemen makanan | Rasa | Jenis kemasan | Bahan kemasan,
579,GULA BATU,4,8,Makanan dan Minuman > MAKANAN & BAHAN MAKANAN > GULA & PEMANIS > GULA BATU,False,UNMAPPED,0.333,32,,UNMAPPED,0.333,,global,32,,,,,,,,,Hewan & Perlengkapan Hewan Piaraan > Perlengkapan Hewan Piaraan > Perlengkapan Ikan & Akuatik > Dekorasi Akuarium > Batu Akuarium
595,SAYURAN BEKU,4,8,Makanan dan Minuman > MAKANAN & BAHAN MAKANAN > MAKANAN BEKU > SAYURAN BEKU,False,UNMAPPED,0.333,6,,UNMAPPED,0.333,,global,6,,,,,,,,,Hewan & Perlengkapan Hewan Piaraan > Perlengkapan Hewan Piaraan > Perlengkapan Ikan & Akuatik > Makanan Ikan > Makanan Beku
599,BAHAN MAKANAN KERING LAINNYA,4,8,Makanan dan Minuman > MAKANAN & BAHAN MAKANAN > MAKANAN DALAM KEMASAN & KALENG > BAHAN MAKANAN KERING LAINNYA,False,UNMAPPED,0.5,3,,UNMAPPED,0.5,,global,3,,,,,,,,,Hewan & Perlengkapan Hewan Piaraan > Perlengkapan Hewan Piaraan > Perlengkapan Ikan & Akuatik > Makanan Ikan > Makanan Ikan Kering
625,MINYAK JAGUNG,4,8,Makanan dan Minuman > MAKANAN & BAHAN MAKANAN > MINYAK > MINYAK JAGUNG,False,EXACT,1.0,1,"Makanan, Minuman & Tembakau > Item Makanan > Bahan Memasak & Baking > Minyak Goreng > Minyak Jagung",EXACT,1.0,exact-raw,vertical,1,fb-2-5-12-3,"Makanan, Minuman & Tembakau > Item Makanan > Bahan Memasak & Baking > Minyak Goreng > Minyak Jagung","Food, Beverages & Tobacco > Food Items > Cooking & Baking Ingredients > Cooking Oils > Corn Oil",4,True,False,4,Informasi alergen | Preferensi diet | Metode pengolahan minyak | Persyaratan penyimpanan,
756,PAPRIKA,4,8,Makanan dan Minuman > FRESH > SAYURAN SEGAR > PAPRIKA,False,EXACT,1.0,1,"Makanan, Minuman & Tembakau > Item Makanan > Buah & Sayur > Sayur Segar & Beku > Paprika",EXACT,1.0,exact-raw,vertical,1,fb-2-10-8-39,"Makanan, Minuman & Tembakau > Item Makanan > Buah & Sayur > Sayur Segar & Beku > Paprika","Food, Beverages & Tobacco > Food Items > Fruits & Vegetables > Fresh & Frozen Vegetables > Peppers",4,True,False,6,Informasi alergen | Metode memasak | Preferensi diet | Bentuk produk makanan | Persyaratan penyimpanan | Gaya pengolahan sayuran,
847,MATRAS BAYI,4,8,Keperluan Anak dan Bayi > PERLENGKAPAN ANAK & BAYI > PERLENGKAPAN ANAK & BAYI LAINNYA  > MATRAS BAYI,True,UNMAPPED,0.333,26,,UNMAPPED,0.5,,global,2,,,,,,,,,Rumah & Taman > Linen & Alas Tidur > Alas Tidur > Matras Kecil
886,KRIM MATA,4,8,Perawatan Diri & Rumah Tangga > Perawatan Diri > PERAWATAN WAJAH > KRIM MATA,False,EXACT,1.0,1,Kesehatan & Kecantikan > Perawatan Tubuh > Kosmetik > Perawatan Wajah > Krim Mata,EXACT,1.0,exact-raw,vertical,1,hb-3-2-9-19,Kesehatan & Kecantikan > Perawatan Tubuh > Kosmetik > Perawatan Wajah > Krim Mata,Health & Beauty > Personal Care > Cosmetics > Skin Care > Eye Creams,4,True,False,16,Bahan aktif | Jenis dispenser | Jenis aplikator perawatan mata | Keharuman | Asal bahan | Warna riasan | Bahan | Jenis pelembap | Jenis kemasan | Sertifikasi & standar produk | Bentuk produk | Efek perawatan kulit | Cocok untuk jenis kulit | Jenis kelamin sasaran | Tekstur | Tingkat perlindungan UVA,
972,BANTAL AKSESORIS,4,8,"Hobi, Ibadah, dan Olahraga > Perawatan & Suku Cadang Mobil > AKSESORIS MOBIL > BANTAL AKSESORIS",False,UNMAPPED,0.5,1,,UNMAPPED,0.5,,global,1,,,,,,,,,Rumah & Taman > Linen & Alas Tidur > Alas Tidur > Bantal
980,SARUNG SETIR,4,8,"Hobi, Ibadah, dan Olahraga > Perawatan & Suku Cadang Mobil > AKSESORIS MOBIL > SARUNG SETIR",False,UNMAPPED,0.333,18,,UNMAPPED,0.333,,global,18,,,,,,,,,Hewan & Perlengkapan Hewan Piaraan > Perlengkapan Hewan Piaraan > Perlengkapan Perawatan Hewan Piaraan > Sisir & Sikat Hewan Piaraan > Sarung Tangan
985,KOMPON MOBIL,4,8,"Hobi, Ibadah, dan Olahraga > Perawatan & Suku Cadang Mobil > PERAWATAN MOBIL > KOMPON MOBIL",False,UNMAPPED,0.5,2,,UNMAPPED,0.5,,global,2,,,,,,,,,Seni & Hiburan > Hobi & Seni Kreatif > Barang Koleksi > Model Skala > Mobil
1039,BOLA BASKET,4,8,"Hobi, Ibadah, dan Olahraga > OLAHRAGA > PERALATAN & PERLENGKAPAN BASKET > BOLA BASKET",False,EXACT,1.0,1,Peralatan Olahraga > Atletik > Basket > Bola Basket,EXACT,1.0,exact-raw,vertical,1,sg-1-3-4,Peralatan Olahraga > Atletik > Basket > Bola Basket,Sporting Goods > Athletics > Basketball > Basketballs,3,True,False,5,Bahan bola | Ukuran bola | Warna | Pola | Sertifikasi badan olahraga,
1089,PENGUAT SINYAL WIFI (WIFI BOOSTER/EXTENDER),4,8,Elektronik > ALAT ELEKTRONIK KANTOR & GADGET > PERLENGKAPAN KOMPUTER > PENGUAT SINYAL WIFI (WIFI BOOSTER/EXTENDER),False,UNMAPPED,0.4,1,,UNMAPPED,0.4,,global,1,,,,,,,,,Elektronik > Aksesori Elektronik > Penguat Sinyal
1241,KNEE SUPPORT (LUTUT),4,8,Fashion > PAKAIAN OLAHRAGA > PAKAIAN PELINDUNG OLAHRAGA > KNEE SUPPORT (LUTUT),False,UNMAPPED,0.25,2,,UNMAPPED,0.25,,global,2,,,,,,,,,Furnitur > Furnitur Luar Ruang > Ottoman Luar Ruang > Bantal Lutut
1284,TAS TANGAN WANITA,4,8,Fashion > TAS & KOPER > TAS WANITA > TAS TANGAN WANITA,True,FUZZY,0.667,1,"Busana dan Aksesori > Tas Tangan, Dompet & Kotak > Tas Tangan",EXACT,1.0,exact-stripped,vertical,1,aa-5-4,"Busana dan Aksesori > Tas Tangan, Dompet & Kotak > Tas Tangan","Apparel & Accessories > Handbags, Wallets & Cases > Handbags",2,False,True,12,Ukuran aksesori | Kelompok usia | Hiasan tas | Penutup tas/kotak | Fitur tas/kotak | Bahan tas/kotak | Fitur penyimpanan tas/kotak | Petunjuk perawatan | Opsi bawa | Warna | Pola | Jenis kelamin sasaran,
1328,GURILEM,5,8,Makanan dan Minuman > MAKANAN KECIL  > KACANG DAN SNACK LAINNYA > JAJANAN TRADISIONAL > GURILEM,False,UNMAPPED,0.0,0,,UNMAPPED,0.0,,global,0,,,,,,,,,
1340,CUKA APEL,5,8,Makanan dan Minuman > MAKANAN & BAHAN MAKANAN > SAUS > CUKA > CUKA APEL,False,UNMAPPED,0.5,2,,UNMAPPED,0.5,,global,2,,,,,,,,,"Makanan, Minuman & Tembakau > Item Makanan > Bahan Memasak & Baking > Cuka"
1343,CUKA MAKAN/DAPUR,5,8,Makanan dan Minuman > MAKANAN & BAHAN MAKANAN > SAUS > CUKA > CUKA MAKAN/DAPUR,False,UNMAPPED,0.5,1,,UNMAPPED,0.5,,global,1,,,,,,,,,Rumah & Taman > Dapur & Ruang Makan
1394,OBAT MINUM UNTUK SAKIT KEPALA,5,8,Perawatan Diri & Rumah Tangga > Perawatan Diri > OBAT-OBATAN > OBAT MINUM > OBAT MINUM UNTUK SAKIT KEPALA,False,UNMAPPED,0.25,1,,UNMAPPED,0.25,,global,1,,,,,,,,,Rumah & Taman > Pencahayaan > Pencahayaan Trek > Aksesori Pencahayaan Trek > Kepala
1483,OBAT DIARE,6,8,Perawatan Diri & Rumah Tangga > Perawatan Diri > OBAT-OBATAN > OBAT MINUM > OBAT MINUM UNTUK PENCERNAAN & MAAG > OBAT DIARE,False,UNMAPPED,0.333,5,,UNMAPPED,0.333,,global,5,,,,,,,,,Hewan & Perlengkapan Hewan Piaraan > Perlengkapan Hewan Piaraan > Perlengkapan Ikan & Akuatik > Makanan Ikan > Makanan Obat
1487,KAMPER / KAPUR BARUS (CAMPHOR/NAPHTALENE BALL) DENGAN GANTUNGAN DAN ISI,6,8,Perawatan Diri & Rumah Tangga > Rumah Tangga > ANTI HAMA & SERANGGA > KAMPER / KAPUR BARUS (CAMPHOR/NAPHTALENE BALL) > KAMPER / KAPUR BARUS (CAMPHOR/NAPHTALENE BALL) DENGAN GANTUNGAN > KAMPER / KAPUR BARUS (CAMPHOR/NAPHTALENE BALL) DENGAN GANTUNGAN DAN ISI,False,UNMAPPED,0.125,3,,UNMAPPED,0.125,,global,3,,,,,,,,,Busana dan Aksesori > Perhiasan > Bandul & Liontin > Gantungan
1580,KEMOCENG BULU SINTETIS,7,8,Perawatan Diri & Rumah Tangga > Rumah Tangga > Peralatan & Perlengkapan Rumah Tangga > PERALATAN RUMAH TANGGA > PERALATAN KEBERSIHAN RUMAH TANGGA > KEMOCENG > KEMOCENG BULU SINTETIS,False,FUZZY,0.667,1,Seni & Hiburan > Hobi & Seni Kreatif > Seni & Kerajinan > Bahan Seni & Kerajinan > Hiasan & Trim > Bulu > Bulu Sintetis,FUZZY,0.667,fuzzy-raw,global,1,ae-2-1-2-8-6-6,Seni & Hiburan > Hobi & Seni Kreatif > Seni & Kerajinan > Bahan Seni & Kerajinan > Hiasan & Trim > Bulu > Bulu Sintetis,Arts & Entertainment > Hobbies & Creative Arts > Arts & Crafts > Art & Crafting Materials > Embellishments & Trims > Feathers > Synthetic Feathers,6,True,False,7,Warna | Jenis proyek kerajinan | Lampiran/format bulu | Jenis pengolahan bulu | Bentuk produk bulu | Pola | Gaya bulu sintetis,
1594,SAPU IJUK,7,8,Perawatan Diri & Rumah Tangga > Rumah Tangga > Peralatan & Perlengkapan Rumah Tangga > PERALATAN RUMAH TANGGA > PERALATAN KEBERSIHAN RUMAH TANGGA > SAPU > SAPU IJUK,False,UNMAPPED,0.5,1,,UNMAPPED,0.5,,global,1,,,,,,,,,Rumah & Taman > Perlengkapan Rumah Tangga > Perlengkapan Pembersih Rumah Tangga > Sapu
1645,PEMBUKA BOTOL,7,8,Perawatan Diri & Rumah Tangga > Rumah Tangga > Peralatan & Perlengkapan Rumah Tangga > PERALATAN RUMAH TANGGA > PERALATAN DAN PENYIMPANAN DI DAPUR > ALAT DAPUR & AKSESORIS DAPUR > PEMBUKA BOTOL,False,EXACT,1.0,1,Rumah & Taman > Dapur & Ruang Makan > Peralatan Bar > Alat & Pengocok Koktail > Pembuka Botol,EXACT,1.0,exact-raw,vertical,1,hg-11-1-10-2,Rumah & Taman > Dapur & Ruang Makan > Peralatan Bar > Alat & Pengocok Koktail > Pembuka Botol,Home & Garden > Kitchen & Dining > Barware > Cocktail Shakers & Tools > Bottle Openers,4,True,False,8,Peralatan bar yang disertakan | Bahan peralatan bar | Petunjuk pembersihan | Warna | Finis | Jenis pemasangan | Pola | Sumber listrik,
1677,GARPU,7,8,Perawatan Diri & Rumah Tangga > Rumah Tangga > Peralatan & Perlengkapan Rumah Tangga > PERALATAN RUMAH TANGGA > PERALATAN DAN PENYIMPANAN DI DAPUR > PERALATAN MAKAN > GARPU,False,EXACT,1.0,1,Rumah & Taman > Dapur & Ruang Makan > Peralatan Makan > Peralatan Makan > Garpu,EXACT,1.0,exact-raw,vertical,1,hg-11-10-6-5,Rumah & Taman > Dapur & Ruang Makan > Peralatan Makan > Peralatan Makan > Garpu,Home & Garden > Kitchen & Dining > Tableware > Flatware > Forks,4,False,True,13,Ukuran aksesori | Petunjuk pembersihan | Warna | Konstruksi | Bahan hiasan/trim | Finis | Bahan peralatan makan | Peralatan makan yang disertakan | Bahan pegangan | Jenis Kayu | Pola | Bahan peralatan makan | Finishing kayu,
1705,PISAU DAGING,8,8,Perawatan Diri & Rumah Tangga > Rumah Tangga > Peralatan & Perlengkapan Rumah Tangga > PERALATAN RUMAH TANGGA > PERALATAN DAN PENYIMPANAN DI DAPUR > ALAT DAPUR & AKSESORIS DAPUR > PISAU > PISAU DAGING,False,AMBIGUOUS,1.0,2,Rumah & Taman > Dapur & Ruang Makan > Peralatan & Perlengkapan Dapur > Pisau Dapur > Pisau Daging,AMBIGUOUS,1.0,exact-raw,vertical,2,,,,,,,,,
1741,PIRING KERTAS,8,8,Perawatan Diri & Rumah Tangga > Rumah Tangga > Peralatan & Perlengkapan Rumah Tangga > PERALATAN RUMAH TANGGA > PERALATAN DAN PENYIMPANAN DI DAPUR > PERALATAN MAKAN > PIRING > PIRING KERTAS,False,UNMAPPED,0.5,1,,UNMAPPED,0.5,,global,1,,,,,,,,,Rumah & Taman > Dapur & Ruang Makan > Peralatan Makan > Peralatan Makan > Piring
1760,MUG ENAMEL,8,8,Perawatan Diri & Rumah Tangga > Rumah Tangga > Peralatan & Perlengkapan Rumah Tangga > PERALATAN RUMAH TANGGA > PERALATAN DAN PENYIMPANAN DI DAPUR > PERALATAN MAKAN > MUG > MUG ENAMEL,False,UNMAPPED,0.5,1,,UNMAPPED,0.5,,global,1,,,,,,,,,Rumah & Taman > Dapur & Ruang Makan > Peralatan Makan > Peralatan Minum > Mug
1762,MUG MELAMIN,8,8,Perawatan Diri & Rumah Tangga > Rumah Tangga > Peralatan & Perlengkapan Rumah Tangga > PERALATAN RUMAH TANGGA > PERALATAN DAN PENYIMPANAN DI DAPUR > PERALATAN MAKAN > MUG > MUG MELAMIN,False,UNMAPPED,0.5,1,,UNMAPPED,0.5,,global,1,,,,,,,,,Rumah & Taman > Dapur & Ruang Makan > Peralatan Makan > Peralatan Minum > Mug
1823,PAKAIAN TIDUR PRIA,3,8,Fashion > FASHION PRIA > PAKAIAN TIDUR PRIA,True,UNMAPPED,0.5,4,,AMBIGUOUS,0.667,fuzzy-stripped,vertical,2,,,,,,,,,
1824,MINUMAN BUBUK,2,8,UNUSED > MINUMAN BUBUK,False,UNMAPPED,0.5,3,,UNMAPPED,0.0,,global,0,,,,,,,,,
1873,ALAT MASAK LAINNYA,7,8,Perawatan Diri & Rumah Tangga > Rumah Tangga > Peralatan & Perlengkapan Rumah Tangga > PERALATAN RUMAH TANGGA > PERALATAN DAN PENYIMPANAN DI DAPUR > ALAT MASAK > ALAT MASAK LAINNYA,False,UNMAPPED,0.5,1,,UNMAPPED,0.5,,global,1,,,,,,,,,Peralatan Olahraga > Rekreasi Luar Ruang > Berkemah & Hiking > Peralatan Masak & Makan Berkemah > Alat Berkemah > Set Alat Masak Berkemah
15,MAKANAN & BAHAN MAKANAN,2,7,Makanan dan Minuman > MAKANAN & BAHAN MAKANAN,False,UNMAPPED,0.333,42,,UNMAPPED,0.333,,global,42,,,,,,,,,Hewan & Perlengkapan Hewan Piaraan > Perlengkapan Hewan Piaraan > Perlengkapan Burung > Makanan Burung
18,PERAWATAN ANAK & BAYI,2,7,Keperluan Anak dan Bayi > PERAWATAN ANAK & BAYI,True,UNMAPPED,0.5,11,,UNMAPPED,0.5,,global,17,,,,,,,,,Busana dan Aksesori > Pakaian > Pakaian Bayi & Anak
63,MAKE UP BIBIR,2,7,Kosmetik dan Alat Kecantikan > MAKE UP BIBIR,False,UNMAPPED,0.25,7,,UNMAPPED,0.25,,global,7,,,,,,,,,Kesehatan & Kecantikan > Perawatan Tubuh > Kosmetik > Makeup > Riasan Bibir
89,PERMEN MARSHMALLOW DAN LAIN LAIN,3,7,Makanan dan Minuman > MAKANAN KECIL  > PERMEN MARSHMALLOW DAN LAIN LAIN,False,UNMAPPED,0.5,3,,UNMAPPED,0.5,,global,3,,,,,,,,,"Makanan, Minuman & Tembakau > Item Makanan > Permen & Cokelat > Permen"
129,PERLENGKAPAN KEBERSIHAN ANAK & BAYI,3,7,Keperluan Anak dan Bayi > PERLENGKAPAN ANAK & BAYI > PERLENGKAPAN KEBERSIHAN ANAK & BAYI,True,UNMAPPED,0.4,11,,UNMAPPED,0.4,,global,11,,,,,,,,,Busana dan Aksesori > Pakaian > Pakaian Bayi & Anak
301,KANVAS,3,7,Alat dan Buku Tulis > ALAT MENGGAMBAR / MELUKIS > KANVAS,False,UNMAPPED,0.5,7,,UNMAPPED,0.5,,global,7,,,,,,,,,Seni & Hiburan > Hobi & Seni Kreatif > Seni & Kerajinan > Bahan Seni & Kerajinan > Tekstil > Kanvas Kerajinan
329,STRING SPRAY,3,7,Alat dan Buku Tulis > DEKORASI & KELENGKAPAN PESTA > STRING SPRAY,False,UNMAPPED,0.333,3,,UNMAPPED,0.333,,global,3,,,,,,,,,Busana dan Aksesori > Pakaian > Lingeri > Celana Dalam Wanita > G-String
343,KERTAS MINYAK,3,7,Alat dan Buku Tulis > KERTAS > KERTAS MINYAK,False,FUZZY,0.667,1,Kesehatan & Kecantikan > Perawatan Tubuh > Kosmetik > Alat Kosmetik > Alat Rias > Kertas Minyak Wajah,FUZZY,0.667,fuzzy-raw,global,1,hb-3-2-5-1-7,Kesehatan & Kecantikan > Perawatan Tubuh > Kosmetik > Alat Kosmetik > Alat Rias > Kertas Minyak Wajah,Health & Beauty > Personal Care > Cosmetics > Cosmetic Tools > Makeup Tools > Facial Blotting Paper,5,True,False,10,Bahan penyusun | Fitur | Keharuman | Bahan | Jenis kemasan | Sertifikasi & standar produk | Bentuk produk | Bentuk | Cocok untuk jenis kulit | Jenis penggunaan,
349,BOOK END (PENYANGGAH BUKU),3,7,Alat dan Buku Tulis > PERALATAN UMUM > BOOK END (PENYANGGAH BUKU),False,UNMAPPED,0.25,1,,UNMAPPED,0.25,,global,1,,,,,,,,,Media > Buku
439,SANDAL GUNUNG WANITA,3,7,Fashion > SEPATU WANITA > SANDAL GUNUNG WANITA,True,UNMAPPED,0.333,1,,UNMAPPED,0.5,,global,1,,,,,,,,,Busana dan Aksesori > Sepatu > Sandal
575,GULA MERAH,4,7,Makanan dan Minuman > MAKANAN & BAHAN MAKANAN > GULA & PEMANIS > GULA MERAH,False,EXACT,1.0,1,"Makanan, Minuman & Tembakau > Item Makanan > Bahan Memasak & Baking > Gula & Pemanis > Gula merah",EXACT,1.0,exact-raw,vertical,1,fb-2-5-30-6,"Makanan, Minuman & Tembakau > Item Makanan > Bahan Memasak & Baking > Gula & Pemanis > Gula merah","Food, Beverages & Tobacco > Food Items > Cooking & Baking Ingredients > Sugar & Sweeteners > Brown Sugar",4,True,False,3,Informasi alergen | Preferensi diet | Persyaratan penyimpanan,
577,GULA TEPUNG,4,7,Makanan dan Minuman > MAKANAN & BAHAN MAKANAN > GULA & PEMANIS > GULA TEPUNG,False,UNMAPPED,0.5,1,,UNMAPPED,0.5,,global,1,,,,,,,,,"Makanan, Minuman & Tembakau > Item Makanan > Bahan Memasak & Baking > Tepung"
594,ROTI CANAI / PRATA BEKU,4,7,Makanan dan Minuman > MAKANAN & BAHAN MAKANAN > MAKANAN BEKU > ROTI CANAI / PRATA BEKU,False,UNMAPPED,0.2,10,,UNMAPPED,0.2,,global,10,,,,,,,,,Hewan & Perlengkapan Hewan Piaraan > Perlengkapan Hewan Piaraan > Perlengkapan Ikan & Akuatik > Makanan Ikan > Makanan Beku
651,MUESLI,4,7,Makanan dan Minuman > MAKANAN & BAHAN MAKANAN > SEREAL & SARAPAN > MUESLI,False,AMBIGUOUS,1.0,2,"Makanan, Minuman & Tembakau > Item Makanan > Bijian, Beras & Sereal > Sereal & Granola > Muesli",AMBIGUOUS,1.0,exact-raw,vertical,2,,,,,,,,,
701,BAWANG MERAH,4,7,Makanan dan Minuman > FRESH > SAYURAN SEGAR > BAWANG MERAH,False,EXACT,1.0,1,"Makanan, Minuman & Tembakau > Item Makanan > Buah & Sayur > Sayur Segar & Beku > Bawang Merah",EXACT,1.0,exact-raw,vertical,1,fb-2-10-8-43,"Makanan, Minuman & Tembakau > Item Makanan > Buah & Sayur > Sayur Segar & Beku > Bawang Merah","Food, Beverages & Tobacco > Food Items > Fruits & Vegetables > Fresh & Frozen Vegetables > Shallots",4,True,False,7,Informasi alergen | Metode memasak | Preferensi diet | Bentuk produk makanan | Varietas bawang merah | Persyaratan penyimpanan | Gaya pengolahan sayuran,
719,JAGUNG,4,7,Makanan dan Minuman > FRESH > SAYURAN SEGAR > JAGUNG,False,EXACT,1.0,1,"Makanan, Minuman & Tembakau > Item Makanan > Buah & Sayur > Sayur Segar & Beku > Jagung",EXACT,1.0,exact-raw,vertical,1,fb-2-10-8-16,"Makanan, Minuman & Tembakau > Item Makanan > Buah & Sayur > Sayur Segar & Beku > Jagung","Food, Beverages & Tobacco > Food Items > Fruits & Vegetables > Fresh & Frozen Vegetables > Corn",4,True,False,8,Informasi alergen | Metode memasak | Presentasi jagung | Varietas jagung | Preferensi diet | Bentuk produk makanan | Persyaratan penyimpanan | Gaya pengolahan sayuran,
863,KANTONG ASI,4,7,Keperluan Anak dan Bayi > PERLENGKAPAN ANAK & BAYI > PERLENGKAPAN MENYUSUI ANAK & BAYI > KANTONG ASI,False,UNMAPPED,0.333,15,,UNMAPPED,0.333,,global,15,,,,,,,,,Bayi & Balita > Perawatan & Pemberian Makan > Pompa ASI
910,PAKET SIKAT GIGI DAN PASTA GIGI DEWASA,4,7,Perawatan Diri & Rumah Tangga > Perawatan Diri > PERAWATAN MULUT & GIGI > PAKET SIKAT GIGI DAN PASTA GIGI DEWASA,True,UNMAPPED,0.4,4,,UNMAPPED,0.5,,global,2,,,,,,,,,Kesehatan & Kecantikan > Perawatan Tubuh > Perawatan Mulut > Sikat Gigi
964,KUNCI RODA,4,7,Perbaikan Rumah > ALAT ALAT PERBAIKAN RUMAH > KUNCI > KUNCI RODA,False,AMBIGUOUS,0.667,2,Peralatan Olahraga > Rekreasi Luar Ruang > Bersepeda > Aksesori Sepeda > Kunci Sepeda > Kunci Roda Sepeda,AMBIGUOUS,0.667,fuzzy-raw,global,2,,,,,,,,,
987,PEMBERSIH KACA MOBIL,4,7,"Hobi, Ibadah, dan Olahraga > Perawatan & Suku Cadang Mobil > PERAWATAN MOBIL > PEMBERSIH KACA MOBIL",False,FUZZY,0.667,1,Rumah & Taman > Perlengkapan Rumah Tangga > Perlengkapan Pembersih Rumah Tangga > Produk Pembersih Rumah Tangga > Pembersih Kaca & Permukaan > Pembersih Kaca,FUZZY,0.667,fuzzy-raw,global,1,hg-10-6-11-9-1,Rumah & Taman > Perlengkapan Rumah Tangga > Perlengkapan Pembersih Rumah Tangga > Produk Pembersih Rumah Tangga > Pembersih Kaca & Permukaan > Pembersih Kaca,Home & Garden > Household Supplies > Household Cleaning Supplies > Household Cleaning Products > Glass & Surface Cleaners > Glass Cleaners,5,True,False,16,Jenis wadah kimia | Bentuk produk kimia | Fitur keamanan bahan kimia | Permukaan pembersihan | Warna | Jenis dispenser | Keharuman | Fitur pembersih kaca dan permukaan | Fitur pembersih kaca | Bahan-bahan | Bahan | Tingkat PH | Pola | Bentuk produk | Ruang yang cocok | Jenis penggunaan,
1003,MINYAK REM,4,7,"Hobi, Ibadah, dan Olahraga > Perawatan & Suku Cadang Motor > PERAWATAN MOTOR > MINYAK REM",False,EXACT,1.0,1,Kendaraan & Suku Cadang > Suku Cadang & Aksesori Kendaraan > Suku Cadang Kendaraan Bermotor > Rem Kendaraan Bermotor > Minyak Rem,EXACT,1.0,exact-raw,vertical,1,vp-1-4-1-4,Kendaraan & Suku Cadang > Suku Cadang & Aksesori Kendaraan > Suku Cadang Kendaraan Bermotor > Rem Kendaraan Bermotor > Minyak Rem,Vehicles & Parts > Vehicle Parts & Accessories > Motor Vehicle Parts > Motor Vehicle Braking > Brake Fluid,4,True,False,5,Spesifikasi DOT cairan rem | Posisi rem | Warna | Sistem servis rem yang kompatibel | Pola,
1068,PERALATAN PERAWATAN ANJING,4,7,"Hobi, Ibadah, dan Olahraga > HEWAN PELIHARAAN > PERAWATAN HEWAN PELIHARAAN > PERALATAN PERAWATAN ANJING",False,UNMAPPED,0.5,1,,UNMAPPED,0.5,,global,1,,,,,,,,,Peralatan Olahraga > Rekreasi Luar Ruang > Skateboard > Peralatan dan Perawatan Skateboard
1231,PIYAMA BAWAHAN WANITA,4,7,Fashion > FASHION WANITA > PAKAIAN TIDUR WANITA > PIYAMA BAWAHAN WANITA,True,UNMAPPED,0.25,2,,UNMAPPED,0.333,,global,2,,,,,,,,,Busana dan Aksesori > Pakaian > Pakaian Tidur & Pakaian Santai > Loungewear > Bawahan Loungewear
1311,KOIN KARAMBOL,4,7,Mainan dan Alat Lainnya > MAINAN DENGAN PAPAN (BOARD GAME) > KARAMBOL > KOIN KARAMBOL,False,UNMAPPED,0.333,9,,UNMAPPED,0.333,,global,9,,,,,,,,,"Busana dan Aksesori > Tas Tangan, Dompet & Kotak > Dompet & Klip Uang > Dompet Koin"
1312,PAPAN KARAMBOL,4,7,Mainan dan Alat Lainnya > MAINAN DENGAN PAPAN (BOARD GAME) > KARAMBOL > PAPAN KARAMBOL,False,UNMAPPED,0.5,1,,UNMAPPED,0.5,,global,1,,,,,,,,,Perkakas > Bahan Bangunan > Panel Dinding > Papan
1324,AIR KELAPA,5,7,Makanan dan Minuman > MINUMAN > MINUMAN DALAM KEMASAN > JUS BUAH & SAYURAN > AIR KELAPA,False,EXACT,1.0,1,"Makanan, Minuman & Tembakau > Minuman > Air > Air Kelapa",EXACT,1.0,exact-raw,vertical,1,fb-1-16-9,"Makanan, Minuman & Tembakau > Minuman > Air > Air Kelapa","Food, Beverages & Tobacco > Beverages > Water > Coconut Water",3,True,False,6,Informasi alergen | Bahan wadah | Preferensi diet | Suplemen makanan | Rasa | Jenis kemasan,
1346,KECAP INGGRIS,5,7,Makanan dan Minuman > MAKANAN & BAHAN MAKANAN > SAUS > KECAP > KECAP INGGRIS,False,EXACT,1.0,1,"Makanan, Minuman & Tembakau > Item Makanan > Kondimen & Saus > Kecap Inggris",EXACT,1.0,exact-raw,vertical,1,fb-2-4-26,"Makanan, Minuman & Tembakau > Item Makanan > Kondimen & Saus > Kecap Inggris","Food, Beverages & Tobacco > Food Items > Condiments & Sauces > Worcestershire Sauce",3,True,False,3,Informasi alergen | Preferensi diet | Persyaratan penyimpanan,
1361,ANTI NYAMUK SPRAY,5,7,Perawatan Diri & Rumah Tangga > Perawatan Diri > PERAWATAN BADAN > ANTI NYAMUK > ANTI NYAMUK SPRAY,False,UNMAPPED,0.4,1,,UNMAPPED,0.4,,global,1,,,,,,,,,Peralatan Olahraga > Rekreasi Luar Ruang > Berkemah & Hiking > Kelambu & Tabir Serangga > Kelambu Kepala Anti Nyamuk
1381,INHALER,5,7,Perawatan Diri & Rumah Tangga > Perawatan Diri > OBAT-OBATAN > PEREDA NYERI & OBAT LUAR > INHALER,False,UNMAPPED,0.5,1,,UNMAPPED,0.5,,global,1,,,,,,,,,Kesehatan & Kecantikan > Perawatan Kesehatan > Perawatan Pernapasan > Inhaler Uap
1383,LOTION GATAL,5,7,Perawatan Diri & Rumah Tangga > Perawatan Diri > OBAT-OBATAN > PEREDA NYERI & OBAT LUAR > LOTION GATAL,False,UNMAPPED,0.0,0,,UNMAPPED,0.0,,global,0,,,,,,,,,
1397,ALKOHOL ,5,7,Perawatan Diri & Rumah Tangga > Perawatan Diri > OBAT-OBATAN > PERTOLONGAN PERTAMA (FIRST AID KIT) > ALKOHOL ,False,UNMAPPED,0.5,1,,UNMAPPED,0.5,,global,1,,,,,,,,,"Seni & Hiburan > Hobi & Seni Kreatif > Seni & Kerajinan > Bahan Seni & Kerajinan > Cat, Tinta & Glasir Kerajinan > Tinta Seni > Tinta Alkohol"
1444,STIK DRUM,5,7,"Hobi, Ibadah, dan Olahraga > OLAHRAGA > ALAT MUSIK > DRUM > STIK DRUM",False,EXACT,1.0,1,Seni & Hiburan > Hobi & Seni Kreatif > Aksesori Alat Musik & Orkestra > Aksesori Perkusi > Stik & Sikat Drum > Stik Drum,EXACT,1.0,exact-raw,vertical,1,ae-2-7-12-7-2,Seni & Hiburan > Hobi & Seni Kreatif > Aksesori Alat Musik & Orkestra > Aksesori Perkusi > Stik & Sikat Drum > Stik Drum,Arts & Entertainment > Hobbies & Creative Arts > Musical Instrument & Orchestra Accessories > Percussion Accessories > Drum Sticks & Brushes > Drum Sticks,5,True,False,4,Bahan perangkat keras drum | Model stik drum | Tekstur pegangan | Bentuk ujung pemukul,
1445,CAPO GITAR,5,7,"Hobi, Ibadah, dan Olahraga > OLAHRAGA > ALAT MUSIK > GITAR > CAPO GITAR",False,UNMAPPED,0.5,2,,UNMAPPED,0.5,,global,2,,,,,,,,,Seni & Hiburan > Hobi & Seni Kreatif > Aksesori Alat Musik & Orkestra > Aksesori Alat Musik Dawai > Aksesori Gitar > Capo
1446,GITAR ,5,7,"Hobi, Ibadah, dan Olahraga > OLAHRAGA > ALAT MUSIK > GITAR > GITAR ",False,EXACT,1.0,1,Seni & Hiburan > Hobi & Seni Kreatif > Alat Musik > Alat Musik Dawai > Gitar,EXACT,1.0,exact-raw,vertical,1,ae-2-8-7-2,Seni & Hiburan > Hobi & Seni Kreatif > Alat Musik > Alat Musik Dawai > Gitar,Arts & Entertainment > Hobbies & Creative Arts > Musical Instruments > String Instruments > Guitars,4,False,True,15,Ukuran baterai | Jenis baterai | Warna papan jari | Bahan papan jari | Pola papan jari | Ukuran gitar | Warna alat musik | Bahan alat musik | Pola alat musik | Warna senar alat musik | Bahan senar alat musik | Pola senar alat musik | Warna leher | Bahan leher | Pola leher,
1480,SABUN CUCI TANGAN FOAMING KEMASAN REFILL (POUCH),6,7,Perawatan Diri & Rumah Tangga > Perawatan Diri > PERAWATAN BADAN > SABUN CUCI TANGAN > SABUN CUCI TANGAN FOAMING > SABUN CUCI TANGAN FOAMING KEMASAN REFILL (POUCH),False,UNMAPPED,0.25,2,,UNMAPPED,0.25,,global,2,,,,,,,,,Kesehatan & Kecantikan > Perawatan Tubuh > Kosmetik > Mandi & Perawatan Tubuh > Sabun Tangan Cair
1493,CAIRAN PEMBERSIH DAPUR KEMASAN REFILL (POUCH),6,7,Perawatan Diri & Rumah Tangga > Rumah Tangga > BAHAN PEMBERSIH RUMAH > PEMBERSIH DAPUR > CAIRAN PEMBERSIH DAPUR > CAIRAN PEMBERSIH DAPUR KEMASAN REFILL (POUCH),False,UNMAPPED,0.25,1,,UNMAPPED,0.25,,global,1,,,,,,,,,Elektronik > Audio > Aksesori Audio > Aksesori Pemutar Piringan > Kit Pembersih Rekaman > Cairan Pembersih Piringan Hitam
1512,SEMIR SEPATU CAIR,6,7,Perawatan Diri & Rumah Tangga > Rumah Tangga > BAHAN PEMBERSIH RUMAH > PERAWATAN & PEMBERSIH RUMAH TANGGA LAINNYA > SEMIR SEPATU > SEMIR SEPATU CAIR,False,AMBIGUOUS,0.667,2,Rumah & Taman > Perlengkapan Rumah Tangga > Alat & Perawatan Sepatu > Semir Sepatu,AMBIGUOUS,0.667,fuzzy-raw,vertical,2,,,,,,,,,
1517,KEMOCENG,6,7,Perawatan Diri & Rumah Tangga > Rumah Tangga > Peralatan & Perlengkapan Rumah Tangga > PERALATAN RUMAH TANGGA > PERALATAN KEBERSIHAN RUMAH TANGGA > KEMOCENG,False,UNMAPPED,0.0,0,,UNMAPPED,0.0,,global,0,,,,,,,,,
1518,KAIN UNTUK LAP & PEL,6,7,Perawatan Diri & Rumah Tangga > Rumah Tangga > Peralatan & Perlengkapan Rumah Tangga > PERALATAN RUMAH TANGGA > PERALATAN KEBERSIHAN RUMAH TANGGA > KAIN UNTUK LAP & PEL,False,UNMAPPED,0.5,1,,UNMAPPED,0.5,,global,1,,,,,,,,,Peralatan Olahraga > Rekreasi Luar Ruang > Berkemah & Hiking > Toilet & Pancuran Portabel > Toilet Portabel & Alat Urinasi > Kain Lap Kencing
1523,SABUT & SPONS,6,7,Perawatan Diri & Rumah Tangga > Rumah Tangga > Peralatan & Perlengkapan Rumah Tangga > PERALATAN RUMAH TANGGA > PERALATAN KEBERSIHAN RUMAH TANGGA > SABUT & SPONS,False,FUZZY,0.667,1,Rumah & Taman > Perlengkapan Rumah Tangga > Perlengkapan Pembersih Rumah Tangga > Spons & Sabut Gosok,FUZZY,0.667,fuzzy-raw,vertical,1,hg-10-6-17,Rumah & Taman > Perlengkapan Rumah Tangga > Perlengkapan Pembersih Rumah Tangga > Spons & Sabut Gosok,Home & Garden > Household Supplies > Household Cleaning Supplies > Sponges & Scouring Pads,3,False,True,9,Bahan abrasif | Permukaan pembersihan | Warna | Bahan | Pola | Daya gosok | Bentuk | Ruang yang cocok | Jenis penggunaan,
1527,SIKAT,6,7,Perawatan Diri & Rumah Tangga > Rumah Tangga > Peralatan & Perlengkapan Rumah Tangga > PERALATAN RUMAH TANGGA > PERALATAN KEBERSIHAN RUMAH TANGGA > SIKAT,False,AMBIGUOUS,1.0,2,Hewan & Perlengkapan Hewan Piaraan > Perlengkapan Hewan Piaraan > Perlengkapan Perawatan Hewan Piaraan > Sisir & Sikat Hewan Piaraan > Sikat,AMBIGUOUS,1.0,exact-raw,global,2,,,,,,,,,
1549,GANTUNGAN / JEMURAN HANDUK,6,7,Perawatan Diri & Rumah Tangga > Rumah Tangga > Peralatan & Perlengkapan Rumah Tangga > PERALATAN RUMAH TANGGA > PERALATAN DAN PENYIMPANAN PAKAIAN DAN CUCIAN > GANTUNGAN / JEMURAN HANDUK,False,FUZZY,0.667,1,Rumah & Taman > Aksesori Kamar Mandi > Rak & Tempat Handuk > Gantungan Handuk,FUZZY,0.667,fuzzy-raw,vertical,1,hg-1-21-3,Rumah & Taman > Aksesori Kamar Mandi > Rak & Tempat Handuk > Gantungan Handuk,Home & Garden > Bathroom Accessories > Towel Racks & Holders > Towel Bars,3,True,False,2,Finis perangkat keras | Jenis pemasangan,
1565,KIMONO HANDUK (BATHROBE),6,7,Perawatan Diri & Rumah Tangga > Rumah Tangga > Peralatan & Perlengkapan Rumah Tangga > PERLENGKAPAN RUMAH TANGGA > PERLENGKAPAN KAMAR & KAMAR MANDI > KIMONO HANDUK (BATHROBE),False,UNMAPPED,0.333,2,,UNMAPPED,0.333,,global,2,,,,,,,,,Busana dan Aksesori > Pakaian > Pakaian Tradisional & Seremonial > Kimono
1581,KEMOCENG KAIN MICROFIBER,7,7,Perawatan Diri & Rumah Tangga > Rumah Tangga > Peralatan & Perlengkapan Rumah Tangga > PERALATAN RUMAH TANGGA > PERALATAN KEBERSIHAN RUMAH TANGGA > KEMOCENG > KEMOCENG KAIN MICROFIBER,False,UNMAPPED,0.333,1,,UNMAPPED,0.333,,global,1,,,,,,,,,Seni & Hiburan > Hobi & Seni Kreatif > Seni & Kerajinan > Bahan Seni & Kerajinan > Tekstil > Kain
1608,TISU DAPUR,7,7,Perawatan Diri & Rumah Tangga > Rumah Tangga > Peralatan & Perlengkapan Rumah Tangga > PERALATAN RUMAH TANGGA > PERALATAN KEBERSIHAN RUMAH TANGGA > TISU > TISU DAPUR,False,AMBIGUOUS,0.667,2,Rumah & Taman > Dapur & Ruang Makan > Peralatan & Perlengkapan Dapur > Penata Dapur > Tempat & Dispenser Tisu Dapur > Dispenser Tisu Dapur,AMBIGUOUS,0.667,fuzzy-raw,vertical,2,,,,,,,,,
1776,SUMPIT PLASTIK,8,7,Perawatan Diri & Rumah Tangga > Rumah Tangga > Peralatan & Perlengkapan Rumah Tangga > PERALATAN RUMAH TANGGA > PERALATAN DAN PENYIMPANAN DI DAPUR > PERALATAN MAKAN > SUMPIT > SUMPIT PLASTIK,False,UNMAPPED,0.5,1,,UNMAPPED,0.5,,global,1,,,,,,,,,Rumah & Taman > Dapur & Ruang Makan > Peralatan Makan > Peralatan Makan > Sumpit
1816,TEPUNG WHIPPED CREAM,4,7,Makanan dan Minuman > MAKANAN & BAHAN MAKANAN > BAHAN KUE > TEPUNG WHIPPED CREAM,False,UNMAPPED,0.333,1,,UNMAPPED,0.333,,global,1,,,,,,,,,"Makanan, Minuman & Tembakau > Item Makanan > Bahan Memasak & Baking > Tepung"
1825,GAME MASTER,3,7,UNUSED > AREA DISPLAY > GAME MASTER,False,UNMAPPED,0.333,2,,UNMAPPED,0.0,,global,0,,,,,,,,,
1856,SAUS CABAI KEMASAN SACHET,6,7,Makanan dan Minuman > MAKANAN & BAHAN MAKANAN > SAUS > SAOS  PEDAS & SAMBAL > SAOS CABAI > SAUS CABAI KEMASAN SACHET,False,UNMAPPED,0.2,15,,UNMAPPED,0.2,,global,15,,,,,,,,,"Makanan, Minuman & Tembakau > Item Makanan > Kondimen & Saus"
1869,CAIRAN PEMBERSIH LANTAI KEMASAN SACHET,6,7,Perawatan Diri & Rumah Tangga > Rumah Tangga > BAHAN PEMBERSIH RUMAH > PEMBERSIH LANTAI > CAIRAN PEMBERSIH LANTAI > CAIRAN PEMBERSIH LANTAI KEMASAN SACHET,False,UNMAPPED,0.4,1,,UNMAPPED,0.4,,global,1,,,,,,,,,Rumah & Taman > Peralatan Rumah Tangga > Pembersih Lantai & Uap > Pembersih Lantai
1875,SARUNG TANGAN PLASTIK,7,7,Perawatan Diri & Rumah Tangga > Rumah Tangga > Peralatan & Perlengkapan Rumah Tangga > PERALATAN RUMAH TANGGA > PERALATAN KEBERSIHAN RUMAH TANGGA > SARUNG TANGAN > SARUNG TANGAN PLASTIK,False,AMBIGUOUS,0.667,3,Hewan & Perlengkapan Hewan Piaraan > Perlengkapan Hewan Piaraan > Perlengkapan Perawatan Hewan Piaraan > Sisir & Sikat Hewan Piaraan > Sarung Tangan,AMBIGUOUS,0.667,fuzzy-raw,global,3,,,,,,,,,
1892,POMPA WC,6,7,Perawatan Diri & Rumah Tangga > Rumah Tangga > Peralatan & Perlengkapan Rumah Tangga > PERALATAN RUMAH TANGGA > PERALATAN KEBERSIHAN RUMAH TANGGA > POMPA WC,False,UNMAPPED,0.333,24,,UNMAPPED,0.333,,global,24,,,,,,,,,Bayi & Balita > Perawatan & Pemberian Makan > Pompa ASI
12,MINUMAN,2,6,Makanan dan Minuman > MINUMAN,False,EXACT,1.0,1,"Makanan, Minuman & Tembakau > Minuman",EXACT,1.0,exact-raw,vertical,1,fb-1,"Makanan, Minuman & Tembakau > Minuman","Food, Beverages & Tobacco > Beverages",1,False,True,7,Batasan usia | Informasi alergen | Preferensi diet | Suplemen makanan | Rasa | Bahan-bahan | Sertifikasi organik,
62,ALAT KECANTIKAN,2,6,Kosmetik dan Alat Kecantikan > ALAT KECANTIKAN,False,UNMAPPED,0.333,38,,UNMAPPED,0.333,,global,38,,,,,,,,,Seni & Hiburan > Hobi & Seni Kreatif > Seni & Kerajinan > Alat Seni & Kerajinan > Alat Benang & Benang Rajut > Card & Sikat Serat > Alat Teasing
64,MAKE UP KUKU,2,6,Kosmetik dan Alat Kecantikan > MAKE UP KUKU,False,UNMAPPED,0.25,11,,UNMAPPED,0.25,,global,11,,,,,,,,,Kesehatan & Kecantikan > Perawatan Tubuh > Kosmetik > Alat Kosmetik > Alat Kuku
95,GULA & PEMANIS,3,6,Makanan dan Minuman > MAKANAN & BAHAN MAKANAN > GULA & PEMANIS,False,EXACT,1.0,1,"Makanan, Minuman & Tembakau > Item Makanan > Bahan Memasak & Baking > Gula & Pemanis",EXACT,1.0,exact-raw,vertical,1,fb-2-5-30,"Makanan, Minuman & Tembakau > Item Makanan > Bahan Memasak & Baking > Gula & Pemanis","Food, Beverages & Tobacco > Food Items > Cooking & Baking Ingredients > Sugar & Sweeteners",3,False,True,3,Informasi alergen | Preferensi diet | Persyaratan penyimpanan,
132,PERLENGKAPAN MANDI ANAK & BAYI,3,6,Keperluan Anak dan Bayi > PERLENGKAPAN ANAK & BAYI > PERLENGKAPAN MANDI ANAK & BAYI,True,UNMAPPED,0.5,1,,UNMAPPED,0.5,,global,2,,,,,,,,,Bayi & Balita > Mandi Bayi
263,KOMPOR LISTRIK,3,6,Elektronik > ALAT ELEKTRONIK DAPUR > KOMPOR LISTRIK,False,UNMAPPED,0.5,1,,UNMAPPED,0.5,,global,1,,,,,,,,,Rumah & Taman > Dapur & Ruang Makan > Peralatan Dapur > Kompor
417,BROS ANAK-ANAK,3,6,Fashion > PERHIASAN ANAK > BROS ANAK-ANAK,True,UNMAPPED,0.5,1,,EXACT,1.0,exact-stripped,vertical,1,aa-6-4-1,Busana dan Aksesori > Perhiasan > Bros & Pin Lapel > Bros,Apparel & Accessories > Jewelry > Brooches & Lapel Pins > Brooches,3,True,False,7,Kelompok usia | Warna | Bahan perhiasan | Jenis perhiasan | Pola | Jenis penopang pin | Jenis kelamin sasaran,
433,SEPATU BOOTS PRIA,3,6,Fashion > SEPATU PRIA > SEPATU BOOTS PRIA,True,UNMAPPED,0.333,1,,UNMAPPED,0.5,,global,1,,,,,,,,,Busana dan Aksesori > Sepatu
462,PERAWATAN KUKU,3,6,Kosmetik dan Alat Kecantikan > MAKE UP KUKU > PERAWATAN KUKU,False,AMBIGUOUS,1.0,2,Kesehatan & Kecantikan > Perawatan Tubuh > Kosmetik > Perawatan Kuku,AMBIGUOUS,1.0,exact-raw,vertical,2,,,,,,,,,
478,HIGHLIGHTER,3,6,Kosmetik dan Alat Kecantikan > MAKE UP WAJAH > HIGHLIGHTER,False,UNMAPPED,0.5,1,,UNMAPPED,0.5,,global,1,,,,,,,,,Kesehatan & Kecantikan > Perawatan Tubuh > Kosmetik > Makeup > Rias Wajah > Highlighter & Luminizer
506,MINUMAN DENGAN CINCAU,4,6,Makanan dan Minuman > MINUMAN > MINUMAN DALAM KEMASAN > MINUMAN DENGAN CINCAU,False,UNMAPPED,0.5,1,,UNMAPPED,0.5,,global,1,,,,,,,,,"Makanan, Minuman & Tembakau > Minuman"
529,TEH KEMASAN GELAS,4,6,"Makanan dan Minuman > COKLAT, KOPI & TEH > TEH INSTAN > TEH KEMASAN GELAS",False,UNMAPPED,0.333,1,,UNMAPPED,0.333,,global,1,,,,,,,,,"Makanan, Minuman & Tembakau > Minuman > Teh & Infusi > Teh"
537,KERIPIK KENTANG PUTIH,4,6,Makanan dan Minuman > MAKANAN KECIL  > KERIPIK > KERIPIK KENTANG PUTIH,False,UNMAPPED,0.333,2,,UNMAPPED,0.333,,global,2,,,,,,,,,"Makanan, Minuman & Tembakau > Item Makanan > Buah & Sayur > Sayur Segar & Beku > Kentang"
562,BERAS HITAM,4,6,Makanan dan Minuman > MAKANAN & BAHAN MAKANAN > BERAS > BERAS HITAM,False,UNMAPPED,0.5,1,,UNMAPPED,0.5,,global,1,,,,,,,,,"Makanan, Minuman & Tembakau > Item Makanan > Bijian, Beras & Sereal > Beras"
606,MUTIARA SAGU / PACAR CINA,4,6,Makanan dan Minuman > MAKANAN & BAHAN MAKANAN > MAKANAN DALAM KEMASAN & KALENG > MUTIARA SAGU / PACAR CINA,False,UNMAPPED,0.25,1,,UNMAPPED,0.25,,global,1,,,,,,,,,Seni & Hiburan > Hobi & Seni Kreatif > Seni & Kerajinan > Bahan Seni & Kerajinan > Hiasan & Trim > Batu Lepas > Mutiara
623,MINYAK BUNGA MATAHARI,4,6,Makanan dan Minuman > MAKANAN & BAHAN MAKANAN > MINYAK > MINYAK BUNGA MATAHARI,False,EXACT,1.0,1,"Makanan, Minuman & Tembakau > Item Makanan > Bahan Memasak & Baking > Minyak Goreng > Minyak Bunga Matahari",EXACT,1.0,exact-raw,vertical,1,fb-2-5-12-9,"Makanan, Minuman & Tembakau > Item Makanan > Bahan Memasak & Baking > Minyak Goreng > Minyak Bunga Matahari","Food, Beverages & Tobacco > Food Items > Cooking & Baking Ingredients > Cooking Oils > Sunflower Oil",4,True,False,5,Informasi alergen | Preferensi diet | Metode pengolahan minyak | Persyaratan penyimpanan | Varietas minyak bunga matahari,
645,SAUS BUMBU MASAK,4,6,Makanan dan Minuman > MAKANAN & BAHAN MAKANAN > SAUS > SAUS BUMBU MASAK,False,UNMAPPED,0.4,1,,UNMAPPED,0.4,,global,1,,,,,,,,,"Makanan, Minuman & Tembakau > Item Makanan > Kondimen & Saus > Bumbu Marinasi & Saus Panggang"
672,KIWI,4,6,Makanan dan Minuman > FRESH > BUAH > KIWI,False,EXACT,1.0,1,"Makanan, Minuman & Tembakau > Item Makanan > Buah & Sayur > Buah Segar & Beku > Kiwi",EXACT,1.0,exact-raw,vertical,1,fb-2-10-7-19,"Makanan, Minuman & Tembakau > Item Makanan > Buah & Sayur > Buah Segar & Beku > Kiwi","Food, Beverages & Tobacco > Food Items > Fruits & Vegetables > Fresh & Frozen Fruits > Kiwis",4,True,False,7,Informasi alergen | Preferensi diet | Bentuk produk makanan | Gaya potongan buah | Varietas buah kiwi | Kelas produk | Persyaratan penyimpanan,
675,LENGKENG,4,6,Makanan dan Minuman > FRESH > BUAH > LENGKENG,False,UNMAPPED,0.0,0,,UNMAPPED,0.0,,global,0,,,,,,,,,
683,PISANG,4,6,Makanan dan Minuman > FRESH > BUAH > PISANG,False,EXACT,1.0,1,"Makanan, Minuman & Tembakau > Item Makanan > Buah & Sayur > Buah Segar & Beku > Pisang",EXACT,1.0,exact-raw,vertical,1,fb-2-10-7-5,"Makanan, Minuman & Tembakau > Item Makanan > Buah & Sayur > Buah Segar & Beku > Pisang","Food, Beverages & Tobacco > Food Items > Fruits & Vegetables > Fresh & Frozen Fruits > Bananas",4,True,False,6,Informasi alergen | Varietas pisang | Preferensi diet | Bentuk produk makanan | Gaya potongan buah | Persyaratan penyimpanan,
708,CAISIM,4,6,Makanan dan Minuman > FRESH > SAYURAN SEGAR > CAISIM,False,EXACT,1.0,1,"Makanan, Minuman & Tembakau > Item Makanan > Buah & Sayur > Sayur Segar & Beku > Sayuran Hijau > Caisim",EXACT,1.0,exact-raw,vertical,1,fb-2-10-8-26-6,"Makanan, Minuman & Tembakau > Item Makanan > Buah & Sayur > Sayur Segar & Beku > Sayuran Hijau > Caisim","Food, Beverages & Tobacco > Food Items > Fruits & Vegetables > Fresh & Frozen Vegetables > Greens > Choy Sum",5,True,False,10,Informasi alergen | Aneka ragam choy sum | Metode memasak | Metode budidaya | Preferensi diet | Bentuk produk makanan | Tahap kematangan sayuran hijau | Kondisi pencucian produk | Persyaratan penyimpanan | Gaya pengolahan sayuran,
720,JAHE ,4,6,Makanan dan Minuman > FRESH > SAYURAN SEGAR > JAHE ,False,UNMAPPED,0.5,1,,UNMAPPED,0.5,,global,1,,,,,,,,,"Makanan, Minuman & Tembakau > Item Makanan > Buah & Sayur > Sayur Segar & Beku > Rimpang Jahe"
728,KANGKUNG,4,6,Makanan dan Minuman > FRESH > SAYURAN SEGAR > KANGKUNG,False,UNMAPPED,0.0,0,,UNMAPPED,0.0,,global,0,,,,,,,,,
779,TERONG,4,6,Makanan dan Minuman > FRESH > SAYURAN SEGAR > TERONG,False,EXACT,1.0,1,"Makanan, Minuman & Tembakau > Item Makanan > Buah & Sayur > Sayur Segar & Beku > Terong",EXACT,1.0,exact-raw,vertical,1,fb-2-10-8-18,"Makanan, Minuman & Tembakau > Item Makanan > Buah & Sayur > Sayur Segar & Beku > Terong","Food, Beverages & Tobacco > Food Items > Fruits & Vegetables > Fresh & Frozen Vegetables > Eggplants",4,True,False,7,Informasi alergen | Metode memasak | Preferensi diet | Varietas terong | Bentuk produk makanan | Persyaratan penyimpanan | Gaya pengolahan sayuran,
783,UBI,4,6,Makanan dan Minuman > FRESH > SAYURAN SEGAR > UBI,False,UNMAPPED,0.5,1,,UNMAPPED,0.5,,global,1,,,,,,,,,"Makanan, Minuman & Tembakau > Item Makanan > Buah & Sayur > Sayur Segar & Beku > Ubi Jalar"
787,TELUR ASIN PACK,4,6,Makanan dan Minuman > FRESH > TELUR > TELUR ASIN PACK,False,UNMAPPED,0.333,1,,UNMAPPED,0.333,,global,1,,,,,,,,,"Makanan, Minuman & Tembakau > Item Makanan > Daging, Makanan Laut & Telur > Telur"
796,KRIM RUAM (RASH) ANAK & BAYI,4,6,Keperluan Anak dan Bayi > PERAWATAN ANAK & BAYI > PERAWATAN KESEHATAN ANAK & BAYI > KRIM RUAM (RASH) ANAK & BAYI,True,UNMAPPED,0.333,12,,UNMAPPED,0.333,,global,12,,,,,,,,,Busana dan Aksesori > Pakaian > Pakaian Bayi & Anak
832,POMPA ASI MANUAL,4,6,Keperluan Anak dan Bayi > PERALATAN UNTUK ANAK & BAYI > PERALATAN MENYUSUI ANAK & BAYI > POMPA ASI MANUAL,False,EXACT,1.0,1,Bayi & Balita > Perawatan & Pemberian Makan > Pompa ASI > Pompa ASI Manual,EXACT,1.0,exact-raw,vertical,1,bt-10-9-3,Bayi & Balita > Perawatan & Pemberian Makan > Pompa ASI > Pompa ASI Manual,Baby & Toddler > Nursing & Feeding > Breast Pumps > Manual Breast Pumps,3,True,False,4,Petunjuk pembersihan | Warna | Pola | Aksesori pompa,
892,PORE PACK,4,6,Perawatan Diri & Rumah Tangga > Perawatan Diri > PERAWATAN WAJAH > PORE PACK,False,UNMAPPED,0.0,0,,UNMAPPED,0.0,,global,0,,,,,,,,,
927,MINUMAN UNTUK DIET,4,6,Perawatan Diri & Rumah Tangga > Perawatan Diri > DIET > MINUMAN UNTUK DIET,False,UNMAPPED,0.5,1,,UNMAPPED,0.5,,global,1,,,,,,,,,"Makanan, Minuman & Tembakau > Minuman"
929,OBAT MINUM,4,6,Perawatan Diri & Rumah Tangga > Perawatan Diri > OBAT-OBATAN > OBAT MINUM,False,UNMAPPED,0.333,8,,UNMAPPED,0.333,,global,8,,,,,,,,,Hewan & Perlengkapan Hewan Piaraan > Perlengkapan Hewan Piaraan > Perlengkapan Ikan & Akuatik > Makanan Ikan > Makanan Obat
981,AIR ACCU MOBIL,4,6,"Hobi, Ibadah, dan Olahraga > Perawatan & Suku Cadang Mobil > SUKU CADANG MOBIL > AIR ACCU MOBIL",False,UNMAPPED,0.333,3,,UNMAPPED,0.333,,global,3,,,,,,,,,Seni & Hiburan > Hobi & Seni Kreatif > Barang Koleksi > Model Skala > Mobil
997,BUSI MOTOR,4,6,"Hobi, Ibadah, dan Olahraga > Perawatan & Suku Cadang Motor > SUKU CADANG MOTOR > BUSI MOTOR",False,UNMAPPED,0.5,1,,UNMAPPED,0.5,,global,1,,,,,,,,,Kendaraan & Suku Cadang > Suku Cadang & Aksesori Kendaraan > Suku Cadang Kendaraan Bermotor > Sistem Daya & Kelistrikan Kendaraan Bermotor > Busi
1052,TIMBANGAN BADAN,4,6,"Hobi, Ibadah, dan Olahraga > OLAHRAGA > PERALATAN & PERLENGKAPAN FITNESS > TIMBANGAN BADAN",False,FUZZY,0.667,1,Kesehatan & Kecantikan > Perawatan Kesehatan > Monitor Biometrik > Timbangan Berat Badan,FUZZY,0.667,fuzzy-raw,global,1,hb-1-4-5,Kesehatan & Kecantikan > Perawatan Kesehatan > Monitor Biometrik > Timbangan Berat Badan,Health & Beauty > Health Care > Biometric Monitors > Body Weight Scales,3,True,False,15,Ukuran baterai | Jenis baterai | Warna | Teknologi konektivitas | Teknologi perangkat | Teknologi tampilan | Peringkat ingress protection (IP) | Bahan | Metode pengukuran | Sertifikasi perangkat medis | Metrik yang didukung | Pola | Sumber listrik | Metrik pelacakan | Satuan berat yang didukung,
1053,BET PING PONG,4,6,"Hobi, Ibadah, dan Olahraga > OLAHRAGA > PERALATAN & PERLENGKAPAN PING PONG > BET PING PONG",False,UNMAPPED,0.25,1,,UNMAPPED,0.25,,global,1,,,,,,,,,Peralatan Olahraga > Rekreasi Luar Ruang > Permainan Luar Ruang > Beer Pong
1080,BLUETOOTH DONGLE,4,6,Elektronik > ALAT ELEKTRONIK KANTOR & GADGET > PERLENGKAPAN KOMPUTER > BLUETOOTH DONGLE,False,UNMAPPED,0.333,3,,UNMAPPED,0.333,,global,3,,,,,,,,,Elektronik > Audio > Aksesori Audio > Aksesori Receiver Audio & Video > Adaptor Bluetooth
1081,CD DVD,4,6,Elektronik > ALAT ELEKTRONIK KANTOR & GADGET > PERLENGKAPAN KOMPUTER > CD DVD,False,UNMAPPED,0.5,2,,UNMAPPED,0.5,,global,2,,,,,,,,,Media > Video > DVD
1083,HARD DISK EXTERNAL,4,6,Elektronik > ALAT ELEKTRONIK KANTOR & GADGET > PERLENGKAPAN KOMPUTER > HARD DISK EXTERNAL,False,UNMAPPED,0.25,4,,UNMAPPED,0.25,,global,4,,,,,,,,,Elektronik > Aksesori Elektronik > Komponen Komputer > Perangkat Penyimpanan > Duplikator Disk
1099,KABEL PRINTER,4,6,Elektronik > ALAT ELEKTRONIK KANTOR & GADGET > SUKU CADANG KOMPUTER > KABEL PRINTER,False,AMBIGUOUS,0.667,2,"Elektronik > Cetak, Salin, Pindai & Faks > Aksesori Printer, Mesin Fotokopi & Faks > Suku Cadang Pengganti Printer, Mesin Fotokopi & Faks > Kabel Pengganti Printer",AMBIGUOUS,0.667,fuzzy-raw,vertical,2,,,,,,,,,
1119,STEMPEL,4,6,Alat dan Buku Tulis > PERALATAN UMUM > CAP/STEMPEL > STEMPEL,False,UNMAPPED,0.5,9,,UNMAPPED,0.5,,global,9,,,,,,,,,Seni & Hiburan > Hobi & Seni Kreatif > Seni & Kerajinan > Aksesori Alat Seni & Kerajinan > Blok Stempel
1184,KAMISOL / KEMBEN WANITA,4,6,Fashion > FASHION WANITA > ATASAN WANITA > KAMISOL / KEMBEN WANITA,True,UNMAPPED,0.333,1,,UNMAPPED,0.5,,global,1,,,,,,,,,Busana dan Aksesori > Pakaian > Lingeri > Kamisol
1208,ROK BATIK WANITA,4,6,Fashion > FASHION WANITA > BATIK WANITA > ROK BATIK WANITA,True,UNMAPPED,0.333,3,,UNMAPPED,0.5,,global,3,,,,,,,,,Busana dan Aksesori > Pakaian > Pakaian Bayi & Anak > Celana Bayi & Anak > Rok
1238,ANKLE SUPPORT (PERGELANGAN KAKI),4,6,Fashion > PAKAIAN OLAHRAGA > PAKAIAN PELINDUNG OLAHRAGA > ANKLE SUPPORT (PERGELANGAN KAKI),False,UNMAPPED,0.4,3,,UNMAPPED,0.4,,global,3,,,,,,,,,Kesehatan & Kecantikan > Perawatan Kesehatan > Sokongan & Penyangga > Sokongan Pergelangan Kaki
1331,SNACK SEBLAK,5,6,Makanan dan Minuman > MAKANAN KECIL  > KACANG DAN SNACK LAINNYA > JAJANAN TRADISIONAL > SNACK SEBLAK,False,UNMAPPED,0.25,1,,UNMAPPED,0.25,,global,1,,,,,,,,,"Makanan, Minuman & Tembakau > Item Makanan > Makanan Ringan > Trail & Snack Mix"
1337,SEBLAK SIAP SAJI,5,6,Makanan dan Minuman > MAKANAN & BAHAN MAKANAN > MAKANAN DALAM KEMASAN & KALENG > MAKANAN SIAP SAJI > SEBLAK SIAP SAJI,False,UNMAPPED,0.5,1,,UNMAPPED,0.5,,global,1,,,,,,,,,"Makanan, Minuman & Tembakau > Item Makanan > Makanan Olahan > Makanan Pembuka & Pendamping Olahan > Salad Siap Saji"
1345,KECAP IKAN,5,6,Makanan dan Minuman > MAKANAN & BAHAN MAKANAN > SAUS > KECAP > KECAP IKAN,False,EXACT,1.0,1,"Makanan, Minuman & Tembakau > Item Makanan > Kondimen & Saus > Kecap Ikan",EXACT,1.0,exact-raw,vertical,1,fb-2-4-4,"Makanan, Minuman & Tembakau > Item Makanan > Kondimen & Saus > Kecap Ikan","Food, Beverages & Tobacco > Food Items > Condiments & Sauces > Fish Sauce",3,True,False,3,Informasi alergen | Preferensi diet | Persyaratan penyimpanan,
1348,KECAP LAINNYA,5,6,Makanan dan Minuman > MAKANAN & BAHAN MAKANAN > SAUS > KECAP > KECAP LAINNYA,False,EXACT,1.0,1,"Makanan, Minuman & Tembakau > Item Makanan > Kondimen & Saus > Kecap",EXACT,1.0,exact-raw,vertical,1,fb-2-4-20,"Makanan, Minuman & Tembakau > Item Makanan > Kondimen & Saus > Kecap","Food, Beverages & Tobacco > Food Items > Condiments & Sauces > Soy Sauce",3,True,False,5,Informasi alergen | Preferensi diet | Metode fermentasi | Variasi kecap | Persyaratan penyimpanan,
1371,DEODORAN STICK,5,6,Perawatan Diri & Rumah Tangga > Perawatan Diri > FRAGRANCE & DEODORAN > DEODORAN > DEODORAN STICK,False,UNMAPPED,0.5,1,,UNMAPPED,0.5,,global,1,,,,,,,,,Kesehatan & Kecantikan > Perawatan Tubuh > Deodoran & Anti-Perspiran > Deodoran
1377,SUPLEMEN MAKANAN DEWASA,5,6,Perawatan Diri & Rumah Tangga > Perawatan Diri > MULTIVITAMIN & SUPLEMEN > SUPLEMEN MAKANAN > SUPLEMEN MAKANAN DEWASA,True,UNMAPPED,0.4,1,,UNMAPPED,0.5,,global,1,,,,,,,,,Rumah & Taman > Rumput & Taman > Berkebun > Hidroponik > Nutrisi & Suplemen > Suplemen
1405,ANTI NYAMUK ELEKTRIK KEMASAN DENGAN ALAT & ISI,5,6,Perawatan Diri & Rumah Tangga > Rumah Tangga > ANTI HAMA & SERANGGA > ANTI NYAMUK ELEKTRIK > ANTI NYAMUK ELEKTRIK KEMASAN DENGAN ALAT & ISI,False,UNMAPPED,0.286,1,,UNMAPPED,0.286,,global,1,,,,,,,,,Kesehatan & Kecantikan > Perawatan Tubuh > Pijat & Relaksasi > Pemijat > Alat Pijat Elektrik
1528,TISU,6,6,Perawatan Diri & Rumah Tangga > Rumah Tangga > Peralatan & Perlengkapan Rumah Tangga > PERALATAN RUMAH TANGGA > PERALATAN KEBERSIHAN RUMAH TANGGA > TISU,False,UNMAPPED,0.5,4,,UNMAPPED,0.5,,global,4,,,,,,,,,Seni & Hiburan > Pesta & Perayaan > Pemberian Hadiah > Bungkus Kado > Kertas Tisu
1655,SCOOP ICE CREAM (ES KRIM),7,6,Perawatan Diri & Rumah Tangga > Rumah Tangga > Peralatan & Perlengkapan Rumah Tangga > PERALATAN RUMAH TANGGA > PERALATAN DAN PENYIMPANAN DI DAPUR > ALAT DAPUR & AKSESORIS DAPUR > SCOOP ICE CREAM (ES KRIM),False,FUZZY,0.6,1,Rumah & Taman > Dapur & Ruang Makan > Peralatan & Perlengkapan Dapur > Scoop > Scoop Es Krim,FUZZY,0.6,fuzzy-raw,vertical,1,hg-11-8-65-1,Rumah & Taman > Dapur & Ruang Makan > Peralatan & Perlengkapan Dapur > Scoop > Scoop Es Krim,Home & Garden > Kitchen & Dining > Kitchen Tools & Utensils > Scoops > Ice Cream Scoops,4,True,False,6,Petunjuk pembersihan | Warna | Bahan pegangan | Pola | Mekanisme pelepas sendok | Bahan alat/perkakas,
1666,ARANG,7,6,Perawatan Diri & Rumah Tangga > Rumah Tangga > Peralatan & Perlengkapan Rumah Tangga > PERALATAN RUMAH TANGGA > PERALATAN DAN PENYIMPANAN DI DAPUR > ALAT MASAK > ARANG,False,UNMAPPED,0.5,15,,UNMAPPED,0.5,,global,15,,,,,,,,,Kesehatan & Kecantikan > Perawatan Tubuh > Perawatan Mulut > Pemutih Gigi > Bubuk Arang
1673,TEMPAT PENYIMPANAN MINUMAN / CAIRAN,7,6,Perawatan Diri & Rumah Tangga > Rumah Tangga > Peralatan & Perlengkapan Rumah Tangga > PERALATAN RUMAH TANGGA > PERALATAN DAN PENYIMPANAN DI DAPUR > TEMPAT PENYIMPANAN MAKANAN & MINUMAN > TEMPAT PENYIMPANAN MINUMAN / CAIRAN,False,UNMAPPED,0.4,1,,UNMAPPED,0.4,,global,1,,,,,,,,,Hewan & Perlengkapan Hewan Piaraan > Perlengkapan Hewan Piaraan > Wadah Makanan Hewan Piaraan > Tempat Penyimpanan Makanan
1689,JERIGEN ,7,6,Perawatan Diri & Rumah Tangga > Rumah Tangga > Peralatan & Perlengkapan Rumah Tangga > PERALATAN RUMAH TANGGA > PERALATAN DAN PENYIMPANAN DI DAPUR > TEMPAT PENYIMPANAN LAINNYA > JERIGEN ,False,UNMAPPED,0.25,1,,UNMAPPED,0.25,,global,1,,,,,,,,,Peralatan Olahraga > Rekreasi Luar Ruang > Aksesori Sistem Hidrasi > Wadah dan Jerigen Penyimpanan Air
1844,SAOS BULGOGI,5,6,Makanan dan Minuman > MAKANAN & BAHAN MAKANAN > SAUS > SAUS BUMBU MASAK > SAOS BULGOGI,False,UNMAPPED,0.0,0,,UNMAPPED,0.0,,global,0,,,,,,,,,
1845,SAUS BLACKPAPPER,5,6,Makanan dan Minuman > MAKANAN & BAHAN MAKANAN > SAUS > SAUS BUMBU MASAK > SAUS BLACKPAPPER,False,UNMAPPED,0.333,15,,UNMAPPED,0.333,,global,15,,,,,,,,,"Makanan, Minuman & Tembakau > Item Makanan > Kondimen & Saus"
98,MAKANAN DALAM KEMASAN & KALENG,3,5,Makanan dan Minuman > MAKANAN & BAHAN MAKANAN > MAKANAN DALAM KEMASAN & KALENG,False,UNMAPPED,0.4,1,,UNMAPPED,0.4,,global,1,,,,,,,,,"Makanan, Minuman & Tembakau > Item Makanan > Daging, Makanan Laut & Telur > Makanan Laut > Makanan Laut Kaleng"
112,TELUR,3,5,Makanan dan Minuman > FRESH > TELUR,False,EXACT,1.0,1,"Makanan, Minuman & Tembakau > Item Makanan > Daging, Makanan Laut & Telur > Telur",EXACT,1.0,exact-raw,vertical,1,fb-2-12-1,"Makanan, Minuman & Tembakau > Item Makanan > Daging, Makanan Laut & Telur > Telur","Food, Beverages & Tobacco > Food Items > Meat, Seafood & Eggs > Eggs",3,False,True,7,Informasi alergen | Preferensi diet | Grade telur | Metode produksi telur | Ukuran telur | Hewan sumber telur | Persyaratan penyimpanan,
185,DUCT KABEL (RUMAH KABEL),3,5,Perbaikan Rumah > PERLENGKAPAN PERBAIKAN RUMAH > DUCT KABEL (RUMAH KABEL),False,UNMAPPED,0.5,1,,UNMAPPED,0.5,,global,1,,,,,,,,,Peralatan Olahraga > Rekreasi Luar Ruang > Bersepeda > Komponen Sepeda > Rumah Kabel Sepeda
265,OVEN KECIL,3,5,Elektronik > ALAT ELEKTRONIK DAPUR > OVEN KECIL,False,UNMAPPED,0.5,1,,UNMAPPED,0.5,,global,1,,,,,,,,,Rumah & Taman > Dapur & Ruang Makan > Peralatan Dapur > Oven
359,KARET GELANG,3,5,Alat dan Buku Tulis > PERALATAN UMUM > KARET GELANG,False,EXACT,1.0,1,Perlengkapan Kantor > Perlengkapan Kantor Umum > Karet Gelang,EXACT,1.0,exact-raw,vertical,1,os-4-10,Perlengkapan Kantor > Perlengkapan Kantor Umum > Karet Gelang,Office Supplies > General Office Supplies > Rubber Bands,2,True,True,3,Kekuatan gelang | Warna | Pola,
456,LIP GLOSS,3,5,Kosmetik dan Alat Kecantikan > MAKE UP BIBIR > LIP GLOSS,False,EXACT,1.0,1,Kesehatan & Kecantikan > Perawatan Tubuh > Kosmetik > Makeup > Riasan Bibir > Lip Gloss,EXACT,1.0,exact-raw,vertical,1,hb-3-2-6-5-2,Kesehatan & Kecantikan > Perawatan Tubuh > Kosmetik > Makeup > Riasan Bibir > Lip Gloss,Health & Beauty > Personal Care > Cosmetics > Makeup > Lip Makeup > Lip Gloss,5,True,False,18,Warna | Bahan penyusun | Finis kosmetik | Tingkat cakupan | Jenis dispenser | Rasa | Keharuman | Jenis aplikator lip gloss | Efek lip gloss | Formulasi lip gloss | Opasitas riasan bibir | Fitur riasan | Bahan | Pola | Sertifikasi & standar produk | Bentuk produk | Tingkat SPF | Cocok untuk jenis kulit,
479,PRIMER,3,5,Kosmetik dan Alat Kecantikan > MAKE UP WAJAH > PRIMER,False,EXACT,1.0,1,Perkakas > Bahan Bangunan Habis Pakai > Bahan Pengecatan Habis Pakai > Primer,EXACT,1.0,exact-raw,global,1,ha-1-6-3,Perkakas > Bahan Bangunan Habis Pakai > Bahan Pengecatan Habis Pakai > Primer,Hardware > Building Consumables > Painting Consumables > Primers,3,True,False,8,Kandungan Alkohol/Pelarut | Warna | Finis | Tujuan pemakaian | Pola | Penggunaan cat dasar | Formulasi produk | Ruang yang cocok,
587,GYOZA / PANGSIT BEKU,4,5,Makanan dan Minuman > MAKANAN & BAHAN MAKANAN > MAKANAN BEKU > GYOZA / PANGSIT BEKU,False,UNMAPPED,0.25,3,,UNMAPPED,0.25,,global,3,,,,,,,,,Hewan & Perlengkapan Hewan Piaraan > Perlengkapan Hewan Piaraan > Perlengkapan Ikan & Akuatik > Makanan Ikan > Makanan Beku
617,KWETIAU KERING,4,5,Makanan dan Minuman > MAKANAN & BAHAN MAKANAN > MIE KERING & PASTA > KWETIAU KERING,False,UNMAPPED,0.333,8,,UNMAPPED,0.333,,global,8,,,,,,,,,"Makanan, Minuman & Tembakau > Item Makanan > Buah & Sayur > Buah Kering"
674,LEMON,4,5,Makanan dan Minuman > FRESH > BUAH > LEMON,False,EXACT,1.0,1,"Makanan, Minuman & Tembakau > Item Makanan > Buah & Sayur > Buah Segar & Beku > Buah Sitrus > Lemon",EXACT,1.0,exact-raw,vertical,1,fb-2-10-7-10-3,"Makanan, Minuman & Tembakau > Item Makanan > Buah & Sayur > Buah Segar & Beku > Buah Sitrus > Lemon","Food, Beverages & Tobacco > Food Items > Fruits & Vegetables > Fresh & Frozen Fruits > Citrus Fruits > Lemons",5,True,False,7,Informasi alergen | Preferensi diet | Bentuk produk makanan | Gaya potongan buah | Varietas lemon | Isi biji | Persyaratan penyimpanan,
706,BUNCIS,4,5,Makanan dan Minuman > FRESH > SAYURAN SEGAR > BUNCIS,False,UNMAPPED,0.0,0,,UNMAPPED,0.0,,global,0,,,,,,,,,
739,KOL,4,5,Makanan dan Minuman > FRESH > SAYURAN SEGAR > KOL,False,EXACT,1.0,1,"Makanan, Minuman & Tembakau > Item Makanan > Buah & Sayur > Sayur Segar & Beku > Kol",EXACT,1.0,exact-raw,vertical,1,fb-2-10-8-9,"Makanan, Minuman & Tembakau > Item Makanan > Buah & Sayur > Sayur Segar & Beku > Kol","Food, Beverages & Tobacco > Food Items > Fruits & Vegetables > Fresh & Frozen Vegetables > Cabbage",4,True,False,7,Informasi alergen | Varietas kubis | Metode memasak | Preferensi diet | Bentuk produk makanan | Persyaratan penyimpanan | Gaya pengolahan sayuran,
745,LADA HITAM,4,5,Makanan dan Minuman > FRESH > SAYURAN SEGAR > LADA HITAM,False,UNMAPPED,0.333,4,,UNMAPPED,0.333,,global,4,,,,,,,,,Busana dan Aksesori > Aksesori Pakaian > Kacamata Hitam
771,SELADA ROMAINE,4,5,Makanan dan Minuman > FRESH > SAYURAN SEGAR > SELADA ROMAINE,False,UNMAPPED,0.5,1,,UNMAPPED,0.5,,global,1,,,,,,,,,"Makanan, Minuman & Tembakau > Item Makanan > Buah & Sayur > Sayur Segar & Beku > Sayuran Hijau > Selada"
781,TIMUN,4,5,Makanan dan Minuman > FRESH > SAYURAN SEGAR > TIMUN,False,UNMAPPED,0.0,0,,UNMAPPED,0.0,,global,0,,,,,,,,,
789,TELUR AYAM KAMPUNG PACK,4,5,Makanan dan Minuman > FRESH > TELUR > TELUR AYAM KAMPUNG PACK,False,UNMAPPED,0.25,2,,UNMAPPED,0.25,,global,2,,,,,,,,,"Makanan, Minuman & Tembakau > Item Makanan > Daging, Makanan Laut & Telur > Telur"
805,SUNBLOCK ANAK & BAYI,4,5,Keperluan Anak dan Bayi > PERAWATAN ANAK & BAYI > PERAWATAN KULIT ANAK & BAYI > SUNBLOCK ANAK & BAYI,True,UNMAPPED,0.5,11,,UNMAPPED,0.5,,global,11,,,,,,,,,Busana dan Aksesori > Pakaian > Pakaian Bayi & Anak
823,STROLLER,4,5,Keperluan Anak dan Bayi > PERALATAN UNTUK ANAK & BAYI > PERALATAN BEPERGIAN ANAK & BAYI > STROLLER,False,UNMAPPED,0.0,0,,UNMAPPED,0.0,,global,0,,,,,,,,,
868,GULING ANAK & BAYI,4,5,Keperluan Anak dan Bayi > PERLENGKAPAN ANAK & BAYI > PERLENGKAPAN TIDUR ANAK & BAYI > GULING ANAK & BAYI,True,UNMAPPED,0.5,11,,UNMAPPED,0.5,,global,11,,,,,,,,,Busana dan Aksesori > Pakaian > Pakaian Bayi & Anak
885,KERTAS MINYAK WAJAH,4,5,Perawatan Diri & Rumah Tangga > Perawatan Diri > PERAWATAN WAJAH > KERTAS MINYAK WAJAH,False,EXACT,1.0,1,Kesehatan & Kecantikan > Perawatan Tubuh > Kosmetik > Alat Kosmetik > Alat Rias > Kertas Minyak Wajah,EXACT,1.0,exact-raw,vertical,1,hb-3-2-5-1-7,Kesehatan & Kecantikan > Perawatan Tubuh > Kosmetik > Alat Kosmetik > Alat Rias > Kertas Minyak Wajah,Health & Beauty > Personal Care > Cosmetics > Cosmetic Tools > Makeup Tools > Facial Blotting Paper,5,True,False,10,Bahan penyusun | Fitur | Keharuman | Bahan | Jenis kemasan | Sertifikasi & standar produk | Bentuk produk | Bentuk | Cocok untuk jenis kulit | Jenis penggunaan,
908,BENANG GIGI (FLOSS) DEWASA,4,5,Perawatan Diri & Rumah Tangga > Perawatan Diri > PERAWATAN MULUT & GIGI > BENANG GIGI (FLOSS) DEWASA,True,UNMAPPED,0.5,2,,UNMAPPED,0.5,,global,2,,,,,,,,,Seni & Hiburan > Hobi & Seni Kreatif > Seni & Kerajinan > Bahan Seni & Kerajinan > Serat Kerajinan > Benang & Floss
913,SPRAY PENYEGAR MULUT,4,5,Perawatan Diri & Rumah Tangga > Perawatan Diri > PERAWATAN MULUT & GIGI > SPRAY PENYEGAR MULUT,False,UNMAPPED,0.25,7,,UNMAPPED,0.25,,global,7,,,,,,,,,Kesehatan & Kecantikan > Perawatan Kesehatan > Pertolongan Pertama > Terapi Panas & Dingin > Spray Dingin
919,KRIM CUKUR,4,5,Perawatan Diri & Rumah Tangga > Perawatan Diri > PENCUKUR & PERONTOK RAMBUT > KRIM CUKUR,False,EXACT,1.0,1,Kesehatan & Kecantikan > Perawatan Tubuh > Mencukur & Merawat > Krim Cukur,EXACT,1.0,exact-raw,vertical,1,hb-3-14-11,Kesehatan & Kecantikan > Perawatan Tubuh > Mencukur & Merawat > Krim Cukur,Health & Beauty > Personal Care > Shaving & Grooming > Shaving Creams,3,True,False,8,Kandungan Alkohol/Pelarut | Manfaat perawatan jenggot | Bahan | Bentuk produk | Aroma | Formulasi krim cukur | Cocok untuk jenis kulit | Jenis kelamin sasaran,
932,ALAT TES KEHAMILAN,4,5,Perawatan Diri & Rumah Tangga > Perawatan Diri > KESEHATAN SEKSUAL > ALAT TES KEHAMILAN,False,FUZZY,0.667,1,Kesehatan & Kecantikan > Perawatan Kesehatan > Tes Medis > Tes Kehamilan,FUZZY,0.667,fuzzy-raw,vertical,1,hb-1-15-5,Kesehatan & Kecantikan > Perawatan Kesehatan > Tes Medis > Tes Kehamilan,Health & Beauty > Health Care > Medical Tests > Pregnancy Tests,3,True,False,5,Sensitivitas tes kehamilan | Tampilan hasil | Format tes | Metode tes | Sampel tes,
957,BOR LISTRIK,4,5,Perbaikan Rumah > ALAT ALAT PERBAIKAN RUMAH > BOR LISTRIK & LAINNYA > BOR LISTRIK,False,FUZZY,0.667,1,Perkakas > Peralatan > Bor > Bor Listrik Genggam,FUZZY,0.667,fuzzy-raw,vertical,1,ha-15-14-3,Perkakas > Peralatan > Bor > Bor Listrik Genggam,Hardware > Tools > Drills > Handheld Power Drills,3,False,True,7,Ukuran baterai | Jenis baterai | Jenis chuck | Warna | Fitur bor | Pola | Sumber listrik,
1005,SABUN CUCI MOTOR,4,5,"Hobi, Ibadah, dan Olahraga > Perawatan & Suku Cadang Motor > PERAWATAN MOTOR > SABUN CUCI MOTOR",False,UNMAPPED,0.4,1,,UNMAPPED,0.4,,global,1,,,,,,,,,Rumah & Taman > Perlengkapan Rumah Tangga > Perlengkapan Pembersih Rumah Tangga > Produk Pembersih Rumah Tangga > Deterjen & Sabun Cuci Piring
1012,GUNTING KAIN,4,5,"Hobi, Ibadah, dan Olahraga > MENJAHIT > GUNTING JAHIT > GUNTING KAIN",False,EXACT,1.0,1,Seni & Hiburan > Hobi & Seni Kreatif > Seni & Kerajinan > Alat Seni & Kerajinan > Alat Potong & Embos Kerajinan > Gunting Kerajinan & Kantor > Gunting Kain,EXACT,1.0,exact-raw,vertical,1,ae-2-1-4-4-1-1,Seni & Hiburan > Hobi & Seni Kreatif > Seni & Kerajinan > Alat Seni & Kerajinan > Alat Potong & Embos Kerajinan > Gunting Kerajinan & Kantor > Gunting Kain,Arts & Entertainment > Hobbies & Creative Arts > Arts & Crafts > Art & Crafting Tools > Craft Cutting & Embossing Tools > Craft & Office Scissors > Fabric Scissors,6,True,False,3,Bahan mata pisau | Bahan pegangan | Jenis pisau gunting,
1029,JIMBE,4,5,"Hobi, Ibadah, dan Olahraga > OLAHRAGA > ALAT MUSIK > JIMBE",False,UNMAPPED,0.0,0,,UNMAPPED,0.0,,global,0,,,,,,,,,
1042,PAPAN RENANG,4,5,"Hobi, Ibadah, dan Olahraga > OLAHRAGA > PERALATAN & PERLENGKAPAN RENANG > PAPAN RENANG",False,EXACT,1.0,1,Peralatan Olahraga > Rekreasi Luar Ruang > Olahraga Air & Berperahu > Renang > Alat Bantu Renang Anak > Papan Renang,EXACT,1.0,exact-raw,vertical,1,sg-4-1-6-1-2,Peralatan Olahraga > Rekreasi Luar Ruang > Olahraga Air & Berperahu > Renang > Alat Bantu Renang Anak > Papan Renang,Sporting Goods > Outdoor Recreation > Boating & Water Sports > Swimming > Child Swimming Aids > Swim Boards,5,True,False,4,Kelompok usia | Warna | Pola | Fitur papan renang,
1057,BOLA FUTSAL,4,5,"Hobi, Ibadah, dan Olahraga > OLAHRAGA > PERALATAN & PERLENGKAPAN SEPAK BOLA > BOLA FUTSAL",False,UNMAPPED,0.333,53,,UNMAPPED,0.333,,global,53,,,,,,,,,Hewan & Perlengkapan Hewan Piaraan > Perlengkapan Hewan Piaraan > Perlengkapan Kucing > Mainan Kucing > Bola & Pengejar
1063,BOLA TENNIS,4,5,"Hobi, Ibadah, dan Olahraga > OLAHRAGA > PERALATAN & PERLENGKAPAN TENNIS > BOLA TENNIS",False,UNMAPPED,0.333,53,,UNMAPPED,0.333,,global,53,,,,,,,,,Hewan & Perlengkapan Hewan Piaraan > Perlengkapan Hewan Piaraan > Perlengkapan Kucing > Mainan Kucing > Bola & Pengejar
1079,ALAT PEMBERSIH KOMPUTER (LCD CLEANER),4,5,Elektronik > ALAT ELEKTRONIK KANTOR & GADGET > PERLENGKAPAN KOMPUTER > ALAT PEMBERSIH KOMPUTER (LCD CLEANER),False,UNMAPPED,0.333,3,,UNMAPPED,0.333,,global,3,,,,,,,,,Kesehatan & Kecantikan > Pembersih & Perawatan Perhiasan > Alat Pembersih Perhiasan
1103,CASING HP,4,5,Elektronik > ALAT ELEKTRONIK KANTOR & GADGET > PERLENGKAPAN & SUKU CADANG GADGET > CASING HP,False,UNMAPPED,0.333,3,,UNMAPPED,0.333,,global,3,,,,,,,,,Elektronik > Aksesori Elektronik > Aksesori Komputer > Aksesori Perangkat Genggam > Aksesori PDA > Casing PDA
1113,SETRIKA LISTRIK UAP,4,5,Elektronik > ALAT ELEKTRONIK RUMAH LAINNYA > LAMPU PERANGKAP NYAMUK > SETRIKA LISTRIK UAP,False,UNMAPPED,0.4,3,,UNMAPPED,0.4,,global,3,,,,,,,,,Rumah & Taman > Aksesori Peralatan Rumah Tangga > Aksesori Peralatan Penatu > Aksesori Uap Pakaian > Sikat Setrika Uap Pakaian
1283,TAS SATCHEL WANITA,4,5,Fashion > TAS & KOPER > TAS WANITA > TAS SATCHEL WANITA,True,FUZZY,0.667,1,"Busana dan Aksesori > Tas Tangan, Dompet & Kotak > Tas Tangan > Tas Satchel",EXACT,1.0,exact-stripped,vertical,1,aa-5-4-16,"Busana dan Aksesori > Tas Tangan, Dompet & Kotak > Tas Tangan > Tas Satchel","Apparel & Accessories > Handbags, Wallets & Cases > Handbags > Satchel Bags",3,True,False,12,Kelompok usia | Hiasan tas | Penutup tas/kotak | Fitur tas/kotak | Bahan tas/kotak | Fitur penyimpanan tas/kotak | Petunjuk perawatan | Opsi bawa | Warna | Jenis kulit | Pola | Jenis kelamin sasaran,
1365,SABUN CUCI TANGAN CAIR,5,5,Perawatan Diri & Rumah Tangga > Perawatan Diri > PERAWATAN BADAN > SABUN CUCI TANGAN > SABUN CUCI TANGAN CAIR,False,FUZZY,0.75,1,Kesehatan & Kecantikan > Perawatan Tubuh > Kosmetik > Mandi & Perawatan Tubuh > Sabun Tangan Cair,FUZZY,0.75,fuzzy-raw,vertical,1,hb-3-2-1-8,Kesehatan & Kecantikan > Perawatan Tubuh > Kosmetik > Mandi & Perawatan Tubuh > Sabun Tangan Cair,Health & Beauty > Personal Care > Cosmetics > Bath & Body > Liquid Hand Soap,4,True,False,17,Kelompok usia | Kandungan Alkohol/Pelarut | Area tubuh | Warna | Bahan penyusun | Jenis agen eksfoliasi | Keharuman | Bahan-bahan | Bahan | Jenis kemasan | Pola | Sertifikasi & standar produk | Bentuk produk | Aroma | Efek perawatan kulit | Cocok untuk jenis kulit | Jenis penggunaan,
1426,PEMBERSIH & SEMIR KAYU UNTUK MEBEL (FURNITURE POLISH),5,5,Perawatan Diri & Rumah Tangga > Rumah Tangga > BAHAN PEMBERSIH RUMAH > PERAWATAN & PEMBERSIH RUMAH TANGGA LAINNYA > PEMBERSIH & SEMIR KAYU UNTUK MEBEL (FURNITURE POLISH),False,UNMAPPED,0.143,53,,UNMAPPED,0.143,,global,53,,,,,,,,,Hewan & Perlengkapan Hewan Piaraan > Perlengkapan Hewan Piaraan > Perlengkapan Ikan & Akuatik > Perlengkapan Pembersih Akuarium > Sikat Pembersih
1431,SERAP AIR & PENYERAP BAU,5,5,Perawatan Diri & Rumah Tangga > Rumah Tangga > BAHAN PEMBERSIH RUMAH > PERAWATAN & PEMBERSIH RUMAH TANGGA LAINNYA > SERAP AIR & PENYERAP BAU,False,UNMAPPED,0.25,1,,UNMAPPED,0.25,,global,1,,,,,,,,,"Makanan, Minuman & Tembakau > Minuman > Air"
1453,KAUS OLAHRAGA PRIA,5,5,Fashion > PAKAIAN OLAHRAGA > PAKAIAN OLAHRAGA PRIA > ATASAN OLAHRAGA PRIA > KAUS OLAHRAGA PRIA,True,UNMAPPED,0.5,1,,UNMAPPED,0.5,,global,1,,,,,,,,,Busana dan Aksesori > Pakaian > Pakaian Dalam Pria > Kaus Dalam Pria
1486,OBAT PENCERNAAN LAINNYA,6,5,Perawatan Diri & Rumah Tangga > Perawatan Diri > OBAT-OBATAN > OBAT MINUM > OBAT MINUM UNTUK PENCERNAAN & MAAG > OBAT PENCERNAAN LAINNYA,False,FUZZY,0.667,1,Kesehatan & Kecantikan > Perawatan Kesehatan > Obat-Obatan & Narkoba > Obat Kesehatan Pencernaan,FUZZY,0.667,fuzzy-raw,vertical,1,hb-1-16-3,Kesehatan & Kecantikan > Perawatan Kesehatan > Obat-Obatan & Narkoba > Obat Kesehatan Pencernaan,Health & Beauty > Health Care > Medicine & Drugs > Digestive Health Medicines,3,True,False,8,Bahan aktif | Kelompok usia | Preferensi diet | Rasa | Bentuk Obat | Status resep | Rute pemberian | Tujuan perawatan,
1495,CAIRAN PENCUCI PIRING KEMASAN JERIGEN,6,5,Perawatan Diri & Rumah Tangga > Rumah Tangga > BAHAN PEMBERSIH RUMAH > PEMBERSIH DAPUR > CAIRAN PENCUCI PIRING > CAIRAN PENCUCI PIRING KEMASAN JERIGEN,False,UNMAPPED,0.286,1,,UNMAPPED,0.286,,global,1,,,,,,,,,Rumah & Taman > Perlengkapan Rumah Tangga > Perlengkapan Pembersih Rumah Tangga > Produk Pembersih Rumah Tangga > Pembersih Mesin Pencuci Piring
1502,PENGHARUM FLUSH KLOSET CAIR,6,5,Perawatan Diri & Rumah Tangga > Rumah Tangga > BAHAN PEMBERSIH RUMAH > PEMBERSIH KAMAR MANDI > PENGHARUM FLUSH KLOSET > PENGHARUM FLUSH KLOSET CAIR,False,UNMAPPED,0.2,8,,UNMAPPED,0.2,,global,8,,,,,,,,,Hewan & Perlengkapan Hewan Piaraan > Perlengkapan Hewan Piaraan > Perlengkapan Ikan & Akuatik > Pupuk Tanaman Akuatik > Pupuk Cair
1513,SEMIR SEPATU NON CAIR,6,5,Perawatan Diri & Rumah Tangga > Rumah Tangga > BAHAN PEMBERSIH RUMAH > PERAWATAN & PEMBERSIH RUMAH TANGGA LAINNYA > SEMIR SEPATU > SEMIR SEPATU NON CAIR,False,UNMAPPED,0.5,2,,UNMAPPED,0.5,,global,2,,,,,,,,,Rumah & Taman > Perlengkapan Rumah Tangga > Alat & Perawatan Sepatu > Semir Sepatu
1584,KAIN LAP,7,5,Perawatan Diri & Rumah Tangga > Rumah Tangga > Peralatan & Perlengkapan Rumah Tangga > PERALATAN RUMAH TANGGA > PERALATAN KEBERSIHAN RUMAH TANGGA > KAIN UNTUK LAP & PEL > KAIN LAP,False,FUZZY,0.667,1,Peralatan Olahraga > Rekreasi Luar Ruang > Berkemah & Hiking > Toilet & Pancuran Portabel > Toilet Portabel & Alat Urinasi > Kain Lap Kencing,FUZZY,0.667,fuzzy-raw,global,1,sg-4-2-11-2-6,Peralatan Olahraga > Rekreasi Luar Ruang > Berkemah & Hiking > Toilet & Pancuran Portabel > Toilet Portabel & Alat Urinasi > Kain Lap Kencing,Sporting Goods > Outdoor Recreation > Camping & Hiking > Portable Toilets & Showers > Portable Toilets & Urination Devices > Pee Cloths,5,True,False,2,Warna | Pola,
1620,ALAT PEMBUAT KOPI,7,5,Perawatan Diri & Rumah Tangga > Rumah Tangga > Peralatan & Perlengkapan Rumah Tangga > PERALATAN RUMAH TANGGA > PERALATAN DAN PENYIMPANAN DI DAPUR > ALAT DAPUR & AKSESORIS DAPUR > ALAT PEMBUAT KOPI,False,FUZZY,0.75,1,Rumah & Taman > Dapur & Ruang Makan > Peralatan Dapur > Mesin Penyeduh Kopi & Espresso > Alat Pembuat Kopi Tuang,FUZZY,0.75,fuzzy-raw,vertical,1,hg-11-7-4-8,Rumah & Taman > Dapur & Ruang Makan > Peralatan Dapur > Mesin Penyeduh Kopi & Espresso > Alat Pembuat Kopi Tuang,Home & Garden > Kitchen & Dining > Kitchen Appliances > Coffee Makers & Espresso Machines > Pour Over Coffee Makers,4,True,False,4,Jenis input kopi | Kelas efisiensi energi | Bahan | Sumber listrik,
1651,POMPA AIR GALON NON-ELEKTRIK,7,5,Perawatan Diri & Rumah Tangga > Rumah Tangga > Peralatan & Perlengkapan Rumah Tangga > PERALATAN RUMAH TANGGA > PERALATAN DAN PENYIMPANAN DI DAPUR > ALAT DAPUR & AKSESORIS DAPUR > POMPA AIR GALON NON-ELEKTRIK,False,UNMAPPED,0.4,1,,UNMAPPED,0.4,,global,1,,,,,,,,,Kendaraan & Suku Cadang > Suku Cadang & Aksesori Kendaraan > Suku Cadang Kendaraan Bermotor > Sistem Pendinginan Kendaraan Bermotor > Pompa Air
1687,TUTUP GELAS,7,5,Perawatan Diri & Rumah Tangga > Rumah Tangga > Peralatan & Perlengkapan Rumah Tangga > PERALATAN RUMAH TANGGA > PERALATAN DAN PENYIMPANAN DI DAPUR > PERALATAN MAKAN > TUTUP GELAS,False,EXACT,1.0,1,Rumah & Taman > Dapur & Ruang Makan > Aksesori Peralatan Dapur > Aksesori Wajan Pipih & Wok Listrik > Tutup Gelas,EXACT,1.0,exact-raw,vertical,1,hg-11-6-8-1,Rumah & Taman > Dapur & Ruang Makan > Aksesori Peralatan Dapur > Aksesori Wajan Pipih & Wok Listrik > Tutup Gelas,Home & Garden > Kitchen & Dining > Kitchen Appliance Accessories > Electric Skillet & Wok Accessories > Glass Lids,4,True,False,7,Petunjuk pembersihan | Warna | Model penutup peralatan masak | Fitur peralatan masak/panggang | Fitur tutup | Bahan | Bentuk,
1775,SUMPIT KAYU,8,5,Perawatan Diri & Rumah Tangga > Rumah Tangga > Peralatan & Perlengkapan Rumah Tangga > PERALATAN RUMAH TANGGA > PERALATAN DAN PENYIMPANAN DI DAPUR > PERALATAN MAKAN > SUMPIT > SUMPIT KAYU,False,UNMAPPED,0.5,1,,UNMAPPED,0.5,,global,1,,,,,,,,,Rumah & Taman > Dapur & Ruang Makan > Peralatan Makan > Peralatan Makan > Sumpit
1818,SAOS TOMAT,5,5,Makanan dan Minuman > MAKANAN & BAHAN MAKANAN > SAUS > SAOS  PEDAS & SAMBAL > SAOS TOMAT,False,UNMAPPED,0.5,1,,UNMAPPED,0.5,,global,1,,,,,,,,,"Makanan, Minuman & Tembakau > Item Makanan > Buah & Sayur > Sayur Segar & Beku > Tomat"
1822,SAOS TOMAT KEMASAN SACHET,6,5,Makanan dan Minuman > MAKANAN & BAHAN MAKANAN > SAUS > SAOS  PEDAS & SAMBAL > SAOS TOMAT > SAOS TOMAT KEMASAN SACHET,False,UNMAPPED,0.25,1,,UNMAPPED,0.25,,global,1,,,,,,,,,"Makanan, Minuman & Tembakau > Item Makanan > Buah & Sayur > Sayur Segar & Beku > Tomat"
1829,Rumah Tangga,2,5,Perawatan Diri & Rumah Tangga > Rumah Tangga,False,AMBIGUOUS,0.667,4,Rumah & Taman > Peralatan Rumah Tangga,AMBIGUOUS,0.667,fuzzy-raw,vertical,4,,,,,,,,,
1836,BERAS PORANG,4,5,Makanan dan Minuman > MAKANAN & BAHAN MAKANAN > BERAS > BERAS PORANG,False,UNMAPPED,0.5,1,,UNMAPPED,0.5,,global,1,,,,,,,,,"Makanan, Minuman & Tembakau > Item Makanan > Bijian, Beras & Sereal > Beras"
1882,LEM TEMBAK,3,5,Perbaikan Rumah > ALAT ALAT PERBAIKAN RUMAH > LEM TEMBAK,False,EXACT,1.0,1,Seni & Hiburan > Hobi & Seni Kreatif > Seni & Kerajinan > Alat Seni & Kerajinan > Lem Tembak,EXACT,1.0,exact-raw,global,1,ae-2-1-4-11,Seni & Hiburan > Hobi & Seni Kreatif > Seni & Kerajinan > Alat Seni & Kerajinan > Lem Tembak,Arts & Entertainment > Hobbies & Creative Arts > Arts & Crafts > Art & Crafting Tools > Glue Guns,4,True,False,7,Ukuran aksesori | Fitur lem tembak | Gaya nozel pistol lem | Pengoperasian lem tembak | Teknologi lem tembak | Sumber listrik | Suhu,
84,COKLAT & COCOA BUBUK,3,4,"Makanan dan Minuman > COKLAT, KOPI & TEH > COKLAT & COCOA BUBUK",False,UNMAPPED,0.25,8,,UNMAPPED,0.25,,global,8,,,,,,,,,Hewan & Perlengkapan Hewan Piaraan > Perlengkapan Hewan Piaraan > Perlengkapan Ikan & Akuatik > Pupuk Tanaman Akuatik > Pupuk Bubuk
128,PERLENGKAPAN BEPERGIAN ANAK & BAYI,3,4,Keperluan Anak dan Bayi > PERLENGKAPAN ANAK & BAYI > PERLENGKAPAN BEPERGIAN ANAK & BAYI,True,UNMAPPED,0.4,11,,UNMAPPED,0.4,,global,11,,,,,,,,,Busana dan Aksesori > Pakaian > Pakaian Bayi & Anak
137,PERAWATAN BADAN,3,4,Perawatan Diri & Rumah Tangga > Perawatan Diri > PERAWATAN BADAN,False,UNMAPPED,0.333,28,,UNMAPPED,0.333,,global,28,,,,,,,,,Hewan & Perlengkapan Hewan Piaraan > Perlengkapan Hewan Piaraan > Kontrol Pinjal & Caplak Hewan Piaraan > Perawatan Spot
146,KEBUTUHAN KHUSUS LANJUT USIA,3,4,Perawatan Diri & Rumah Tangga > Perawatan Diri > KEBUTUHAN KHUSUS LANJUT USIA,False,UNMAPPED,0.2,2,,UNMAPPED,0.2,,global,2,,,,,,,,,Seni & Hiburan > Pesta & Perayaan > Efek Khusus
159,KIKIR,3,4,Perbaikan Rumah > ALAT ALAT PERBAIKAN RUMAH > KIKIR,False,UNMAPPED,0.5,2,,UNMAPPED,0.5,,global,2,,,,,,,,,Perkakas > Peralatan > Kikir Alat
212,GUNTING JAHIT,3,4,"Hobi, Ibadah, dan Olahraga > MENJAHIT > GUNTING JAHIT",False,UNMAPPED,0.333,22,,UNMAPPED,0.333,,global,22,,,,,,,,,Hewan & Perlengkapan Hewan Piaraan > Perlengkapan Hewan Piaraan > Perlengkapan Perawatan Hewan Piaraan > Clipper & Trimmer Bulu Hewan Piaraan > Gunting Besar & Gunting
215,KAPUR JAHIT,3,4,"Hobi, Ibadah, dan Olahraga > MENJAHIT > KAPUR JAHIT",False,UNMAPPED,0.5,1,,UNMAPPED,0.5,,global,1,,,,,,,,,Perlengkapan Kantor > Peralatan Kantor > Alat Tulis & Gambar > Kapur
216,MATA PLASTIK UNTUK PRAKARYA,3,4,"Hobi, Ibadah, dan Olahraga > MENJAHIT > MATA PLASTIK UNTUK PRAKARYA",False,UNMAPPED,0.25,18,,UNMAPPED,0.25,,global,18,,,,,,,,,Hewan & Perlengkapan Hewan Piaraan > Perlengkapan Hewan Piaraan > Pelumas & Tetes Mata Hewan Piaraan > Pembersih Mata
223,VETERBAN,3,4,"Hobi, Ibadah, dan Olahraga > MENJAHIT > VETERBAN",False,UNMAPPED,0.0,0,,UNMAPPED,0.0,,global,0,,,,,,,,,
224,ALAT PANCING (REEL PANCINGAN),3,4,"Hobi, Ibadah, dan Olahraga > MEMANCING > ALAT PANCING (REEL PANCINGAN)",False,UNMAPPED,0.5,1,,UNMAPPED,0.5,,global,1,,,,,,,,,Peralatan Olahraga > Rekreasi Luar Ruang > Memancing > Reel Pancing
352,CUTTER & REFILL,3,4,Alat dan Buku Tulis > PERALATAN UMUM > CUTTER & REFILL,False,UNMAPPED,0.0,0,,UNMAPPED,0.0,,global,0,,,,,,,,,
496,SLEEPING BAG,3,4,Mainan dan Alat Lainnya > ALAT LAINNYA > SLEEPING BAG,False,UNMAPPED,0.25,3,,UNMAPPED,0.25,,global,3,,,,,,,,,Furnitur > Kursi > Kursi Bean Bag
507,MINUMAN DENGAN LIDAH BUAYA,4,4,Makanan dan Minuman > MINUMAN > MINUMAN DALAM KEMASAN > MINUMAN DENGAN LIDAH BUAYA,False,UNMAPPED,0.333,1,,UNMAPPED,0.333,,global,1,,,,,,,,,"Makanan, Minuman & Tembakau > Minuman"
580,GULA CAIR,4,4,Makanan dan Minuman > MAKANAN & BAHAN MAKANAN > GULA & PEMANIS > GULA CAIR,False,UNMAPPED,0.333,15,,UNMAPPED,0.333,,global,15,,,,,,,,,Hewan & Perlengkapan Hewan Piaraan > Perlengkapan Hewan Piaraan > Perlengkapan Ikan & Akuatik > Pupuk Tanaman Akuatik > Pupuk Cair
622,UDON KERING,4,4,Makanan dan Minuman > MAKANAN & BAHAN MAKANAN > MIE KERING & PASTA > UDON KERING,False,UNMAPPED,0.333,8,,UNMAPPED,0.333,,global,8,,,,,,,,,"Makanan, Minuman & Tembakau > Item Makanan > Buah & Sayur > Buah Kering"
655,TEPUNG BERAS,4,4,Makanan dan Minuman > MAKANAN & BAHAN MAKANAN > TEPUNG > TEPUNG BERAS,False,UNMAPPED,0.5,2,,UNMAPPED,0.5,,global,2,,,,,,,,,"Makanan, Minuman & Tembakau > Item Makanan > Bahan Memasak & Baking > Tepung"
676,MANGGA,4,4,Makanan dan Minuman > FRESH > BUAH > MANGGA,False,EXACT,1.0,1,"Makanan, Minuman & Tembakau > Item Makanan > Buah & Sayur > Buah Segar & Beku > Stone Fruit > Mangga",EXACT,1.0,exact-raw,vertical,1,fb-2-10-7-41-3,"Makanan, Minuman & Tembakau > Item Makanan > Buah & Sayur > Buah Segar & Beku > Stone Fruit > Mangga","Food, Beverages & Tobacco > Food Items > Fruits & Vegetables > Fresh & Frozen Fruits > Stone Fruits > Mangoes",5,True,False,5,Informasi alergen | Preferensi diet | Bentuk produk makanan | Gaya potongan buah | Persyaratan penyimpanan,
678,MELON,4,4,Makanan dan Minuman > FRESH > BUAH > MELON,False,EXACT,1.0,1,"Makanan, Minuman & Tembakau > Item Makanan > Buah & Sayur > Buah Segar & Beku > Melon",EXACT,1.0,exact-raw,vertical,1,fb-2-10-7-26,"Makanan, Minuman & Tembakau > Item Makanan > Buah & Sayur > Buah Segar & Beku > Melon","Food, Beverages & Tobacco > Food Items > Fruits & Vegetables > Fresh & Frozen Fruits > Melons",4,True,False,7,Informasi alergen | Preferensi diet | Warna daging buah | Bentuk produk makanan | Gaya potongan buah | Varietas melon | Persyaratan penyimpanan,
692,IKAN SALMON SEGAR,4,4,Makanan dan Minuman > FRESH > IKAN & SEAFOOD SEGAR > IKAN SALMON SEGAR,False,UNMAPPED,0.25,8,,UNMAPPED,0.25,,global,8,,,,,,,,,Hewan & Perlengkapan Hewan Piaraan > Perlengkapan Hewan Piaraan > Perlengkapan Ikan & Akuatik > Makanan Ikan
702,BAWANG PUTIH,4,4,Makanan dan Minuman > FRESH > SAYURAN SEGAR > BAWANG PUTIH,False,EXACT,1.0,1,"Makanan, Minuman & Tembakau > Item Makanan > Buah & Sayur > Sayur Segar & Beku > Bawang Putih",EXACT,1.0,exact-raw,vertical,1,fb-2-10-8-23,"Makanan, Minuman & Tembakau > Item Makanan > Buah & Sayur > Sayur Segar & Beku > Bawang Putih","Food, Beverages & Tobacco > Food Items > Fruits & Vegetables > Fresh & Frozen Vegetables > Garlic",4,True,False,8,Informasi alergen | Metode memasak | Preferensi diet | Bentuk produk makanan | Gaya pengolahan bawang putih | Varietas bawang putih | Persyaratan penyimpanan | Gaya pengolahan sayuran,
746,LENGKUAS,4,4,Makanan dan Minuman > FRESH > SAYURAN SEGAR > LENGKUAS,False,UNMAPPED,0.0,0,,UNMAPPED,0.0,,global,0,,,,,,,,,
776,TAOGE,4,4,Makanan dan Minuman > FRESH > SAYURAN SEGAR > TAOGE,False,UNMAPPED,0.0,0,,UNMAPPED,0.0,,global,0,,,,,,,,,
784,WORTEL,4,4,Makanan dan Minuman > FRESH > SAYURAN SEGAR > WORTEL,False,EXACT,1.0,1,"Makanan, Minuman & Tembakau > Item Makanan > Buah & Sayur > Sayur Segar & Beku > Wortel",EXACT,1.0,exact-raw,vertical,1,fb-2-10-8-12,"Makanan, Minuman & Tembakau > Item Makanan > Buah & Sayur > Sayur Segar & Beku > Wortel","Food, Beverages & Tobacco > Food Items > Fruits & Vegetables > Fresh & Frozen Vegetables > Carrots",4,True,False,8,Informasi alergen | Ukuran wortel | Varietas wortel | Metode memasak | Preferensi diet | Bentuk produk makanan | Persyaratan penyimpanan | Gaya pengolahan sayuran,
804,SABUN ANAK & BAYI,4,4,Keperluan Anak dan Bayi > PERAWATAN ANAK & BAYI > PERAWATAN KULIT ANAK & BAYI > SABUN ANAK & BAYI,True,UNMAPPED,0.5,11,,UNMAPPED,0.5,,global,14,,,,,,,,,Busana dan Aksesori > Pakaian > Pakaian Bayi & Anak
852,BOTOL FEEDER ANAK & BAYI,4,4,Keperluan Anak dan Bayi > PERLENGKAPAN ANAK & BAYI > PERLENGKAPAN MAKAN ANAK & BAYI  > BOTOL FEEDER ANAK & BAYI,True,UNMAPPED,0.5,1,,UNMAPPED,0.5,,global,1,,,,,,,,,Bayi & Balita > Perawatan & Pemberian Makan > Kebutuhan Pokok Pemberian Makan > Botol Bayi
897,BEDAK,4,4,Perawatan Diri & Rumah Tangga > Perawatan Diri > PERAWATAN BADAN > BEDAK,False,UNMAPPED,0.5,3,,UNMAPPED,0.5,,global,3,,,,,,,,,Kesehatan & Kecantikan > Perawatan Tubuh > Kosmetik > Makeup > Rias Wajah > Bedak Wajah
904,SABUN BADAN,4,4,Perawatan Diri & Rumah Tangga > Perawatan Diri > PERAWATAN BADAN > SABUN BADAN,False,UNMAPPED,0.333,9,,UNMAPPED,0.333,,global,9,,,,,,,,,Kesehatan & Kecantikan > Perawatan Tubuh > Kosmetik > Mandi & Perawatan Tubuh > Sabun Batang
905,SABUN CUCI TANGAN,4,4,Perawatan Diri & Rumah Tangga > Perawatan Diri > PERAWATAN BADAN > SABUN CUCI TANGAN,False,UNMAPPED,0.5,2,,UNMAPPED,0.5,,global,2,,,,,,,,,Kesehatan & Kecantikan > Perawatan Tubuh > Kosmetik > Mandi & Perawatan Tubuh > Sabun Tangan Cair
934,PELUMAS,4,4,Perawatan Diri & Rumah Tangga > Perawatan Diri > KESEHATAN SEKSUAL > PELUMAS,False,EXACT,1.0,1,Perkakas > Bahan Bangunan Habis Pakai > Pelumas,EXACT,1.0,exact-raw,global,1,ha-1-4,Perkakas > Bahan Bangunan Habis Pakai > Pelumas,Hardware > Building Consumables > Lubricants,2,False,True,5,Warna | Fitur daya tahan | Jenis dispenser pelumas | Pola | Cocok untuk jenis bahan,
940,KAPUR ANTI HAMA,4,4,Perawatan Diri & Rumah Tangga > Rumah Tangga > ANTI HAMA & SERANGGA > KAPUR ANTI HAMA,False,UNMAPPED,0.5,1,,UNMAPPED,0.5,,global,1,,,,,,,,,Rumah & Taman > Aksesori Peralatan Rumah Tangga > Aksesori Peralatan Penatu > Aksesori Setrika > Kartrid Anti-Kapur
975,DUDUKAN PLAT NOMOR MOBIL,4,4,"Hobi, Ibadah, dan Olahraga > Perawatan & Suku Cadang Mobil > AKSESORIS MOBIL > DUDUKAN PLAT NOMOR MOBIL",False,UNMAPPED,0.4,1,,UNMAPPED,0.4,,global,1,,,,,,,,,Elektronik > Komunikasi > Teleponi > Aksesori Ponsel & Ponsel Pintar > Dudukan Mobil untuk Ponsel
989,SEMIR BAN MOBIL,4,4,"Hobi, Ibadah, dan Olahraga > Perawatan & Suku Cadang Mobil > PERAWATAN MOBIL > SEMIR BAN MOBIL",False,UNMAPPED,0.333,2,,UNMAPPED,0.333,,global,2,,,,,,,,,Seni & Hiburan > Hobi & Seni Kreatif > Barang Koleksi > Model Skala > Mobil
1006,SEMIR BAN MOTOR,4,4,"Hobi, Ibadah, dan Olahraga > Perawatan & Suku Cadang Motor > PERAWATAN MOTOR > SEMIR BAN MOTOR",False,UNMAPPED,0.5,1,,UNMAPPED,0.5,,global,1,,,,,,,,,Kendaraan & Suku Cadang > Suku Cadang & Aksesori Kendaraan > Suku Cadang Kendaraan Bermotor > Sistem Roda Kendaraan Bermotor > Ban Kendaraan Bermotor > Ban Sepeda Motor
1008,BENANG KASUR,4,4,"Hobi, Ibadah, dan Olahraga > MENJAHIT > BENANG > BENANG KASUR",False,UNMAPPED,0.5,1,,UNMAPPED,0.5,,global,1,,,,,,,,,Furnitur > Tempat Tidur & Aksesori > Kasur
1032,TAMBOURINE,4,4,"Hobi, Ibadah, dan Olahraga > OLAHRAGA > ALAT MUSIK > TAMBOURINE",False,UNMAPPED,0.0,0,,UNMAPPED,0.0,,global,0,,,,,,,,,
1040,KACAMATA MENYELAM & SNORKEL,4,4,"Hobi, Ibadah, dan Olahraga > OLAHRAGA > PERALATAN & PERLENGKAPAN RENANG > KACAMATA MENYELAM & SNORKEL",False,UNMAPPED,0.333,2,,UNMAPPED,0.333,,global,2,,,,,,,,,Kesehatan & Kecantikan > Perawatan Tubuh > Perawatan Penglihatan > Kacamata
1048,CONE / MANGKOK PLASTIK OLAHRAGA,4,4,"Hobi, Ibadah, dan Olahraga > OLAHRAGA > PERALATAN & PERLENGKAPAN FITNESS > CONE / MANGKOK PLASTIK OLAHRAGA",False,UNMAPPED,0.2,16,,UNMAPPED,0.2,,global,16,,,,,,,,,Busana dan Aksesori > Pakaian > Pakaian Aktif > Bra Olahraga
1058,HELM SEPEDA,4,4,"Hobi, Ibadah, dan Olahraga > OLAHRAGA > PERALATAN & PERLENGKAPAN SEPEDA > HELM SEPEDA",False,EXACT,1.0,1,Peralatan Olahraga > Rekreasi Luar Ruang > Bersepeda > Pakaian & Aksesori Bersepeda > Helm Sepeda,EXACT,1.0,exact-raw,vertical,1,sg-4-4-4-5,Peralatan Olahraga > Rekreasi Luar Ruang > Bersepeda > Pakaian & Aksesori Bersepeda > Helm Sepeda,Sporting Goods > Outdoor Recreation > Cycling > Cycling Apparel & Accessories > Bicycle Helmets,4,True,False,8,Ukuran aksesori | Kelompok usia | Ukuran baterai | Jenis baterai | Warna | Pola | Peringkat perlindungan matahari (UPF) | Fitur visibilitas,
1064,BOLA VOLLEY,4,4,"Hobi, Ibadah, dan Olahraga > OLAHRAGA > PERALATAN & PERLENGKAPAN VOLLEY > BOLA VOLLEY",False,UNMAPPED,0.333,53,,UNMAPPED,0.333,,global,53,,,,,,,,,Hewan & Perlengkapan Hewan Piaraan > Perlengkapan Hewan Piaraan > Perlengkapan Kucing > Mainan Kucing > Bola & Pengejar
1084,HEADPHONE,4,4,Elektronik > ALAT ELEKTRONIK KANTOR & GADGET > PERLENGKAPAN KOMPUTER > HEADPHONE,False,EXACT,1.0,1,Elektronik > Audio > Komponen Audio > Headphone & Headset > Headphone,EXACT,1.0,exact-raw,vertical,1,el-2-2-7-1,Elektronik > Audio > Komponen Audio > Headphone & Headset > Headphone,Electronics > Audio > Audio Components > Headphones & Headsets > Headphones,4,False,True,18,Faktor bentuk komponen audio | Konektivitas audio | Ukuran baterai | Jenis baterai | Jenis antarmuka pengisian daya | Warna | Teknologi konektivitas | Antarmuka perangkat | Fitur earphone | Teknologi driver headphone | Gaya headphone | Peringkat ingress protection (IP) | Bahan | Kedalaman bit maksimum | Jenis mikrofon | Teknologi peredam kebisingan | Pola | Sumber listrik,
1090,ROUTER WIFI,4,4,Elektronik > ALAT ELEKTRONIK KANTOR & GADGET > PERLENGKAPAN KOMPUTER > ROUTER WIFI,False,UNMAPPED,0.333,2,,UNMAPPED,0.333,,global,2,,,,,,,,,Elektronik > Jaringan > Bridge & Ruter > Router Seluler
1204,CELANA BATIK WANITA,4,4,Fashion > FASHION WANITA > BATIK WANITA > CELANA BATIK WANITA,True,UNMAPPED,0.5,1,,UNMAPPED,0.5,,global,3,,,,,,,,,Busana dan Aksesori > Pakaian > Lingeri > Celana Dalam Wanita
1292,TONGKAT PRAMUKA,4,4,Fashion > SERAGAM & ATRIBUT SEKOLAH > ATRIBUT SEKOLAH & KELENGKAPAN LAINNYA > TONGKAT PRAMUKA,False,UNMAPPED,0.5,1,,UNMAPPED,0.5,,global,1,,,,,,,,,Hewan & Perlengkapan Hewan Piaraan > Perlengkapan Hewan Piaraan > Perlengkapan Kucing > Mainan Kucing > Tongkat
1301,KUAS MASKER,4,4,Kosmetik dan Alat Kecantikan > ALAT KECANTIKAN > KUAS & APLIKATOR MAKE UP > KUAS MASKER,False,UNMAPPED,0.333,16,,UNMAPPED,0.333,,global,16,,,,,,,,,Seni & Hiburan > Hobi & Seni Kreatif > Seni & Kerajinan > Alat Seni & Kerajinan > Alat Ukur & Penanda Kerajinan > Kuas Seni
1375,MINYAK IKAN,5,4,Perawatan Diri & Rumah Tangga > Perawatan Diri > MULTIVITAMIN & SUPLEMEN > SUPLEMEN MAKANAN > MINYAK IKAN,False,EXACT,1.0,1,Hewan & Perlengkapan Hewan Piaraan > Perlengkapan Hewan Piaraan > Vitamin & Suplemen Hewan Piaraan > Minyak Ikan,EXACT,1.0,exact-raw,global,1,ap-2-42-4,Hewan & Perlengkapan Hewan Piaraan > Perlengkapan Hewan Piaraan > Vitamin & Suplemen Hewan Piaraan > Minyak Ikan,Animals & Pet Supplies > Pet Supplies > Pet Vitamins & Supplements > Fish Oil,3,True,False,3,Preferensi diet hewan peliharaan | Rasa makanan hewan peliharaan | Formulir produk perlengkapan hewan peliharaan,
1386,MINYAK TAWON,5,4,Perawatan Diri & Rumah Tangga > Perawatan Diri > OBAT-OBATAN > PEREDA NYERI & OBAT LUAR > MINYAK TAWON,False,UNMAPPED,0.333,31,,UNMAPPED,0.333,,global,31,,,,,,,,,Hewan & Perlengkapan Hewan Piaraan > Perlengkapan Hewan Piaraan > Vitamin & Suplemen Hewan Piaraan > Minyak Ikan
1391,OBAT MINUM UNTUK BATUK & PILEK,5,4,Perawatan Diri & Rumah Tangga > Perawatan Diri > OBAT-OBATAN > OBAT MINUM > OBAT MINUM UNTUK BATUK & PILEK,False,FUZZY,0.6,1,"Kesehatan & Kecantikan > Perawatan Kesehatan > Obat-Obatan & Narkoba > Obat Batuk, Pilek dan Flu",FUZZY,0.6,fuzzy-raw,vertical,1,hb-1-16-2,"Kesehatan & Kecantikan > Perawatan Kesehatan > Obat-Obatan & Narkoba > Obat Batuk, Pilek dan Flu","Health & Beauty > Health Care > Medicine & Drugs > Cough, Cold & Flu Medicines",3,True,False,8,Bahan aktif | Kelompok usia | Preferensi diet | Rasa | Bentuk Obat | Status resep | Rute pemberian | Tujuan perawatan,
1419,CAIRAN PENCUCI PIRING,5,4,Perawatan Diri & Rumah Tangga > Rumah Tangga > BAHAN PEMBERSIH RUMAH > PEMBERSIH DAPUR > CAIRAN PENCUCI PIRING,False,UNMAPPED,0.4,1,,UNMAPPED,0.4,,global,1,,,,,,,,,Rumah & Taman > Perlengkapan Rumah Tangga > Perlengkapan Pembersih Rumah Tangga > Produk Pembersih Rumah Tangga > Pembersih Mesin Pencuci Piring
1447,SARUNG GITAR (CASE),5,4,"Hobi, Ibadah, dan Olahraga > OLAHRAGA > ALAT MUSIK > GITAR > SARUNG GITAR (CASE)",False,UNMAPPED,0.333,1,,UNMAPPED,0.333,,global,1,,,,,,,,,Seni & Hiburan > Hobi & Seni Kreatif > Alat Musik > Alat Musik Dawai > Gitar
1449,UKULELE,5,4,"Hobi, Ibadah, dan Olahraga > OLAHRAGA > ALAT MUSIK > GITAR > UKULELE",False,EXACT,1.0,1,Seni & Hiburan > Hobi & Seni Kreatif > Alat Musik > Alat Musik Dawai > Ukulele,EXACT,1.0,exact-raw,vertical,1,ae-2-8-7-9,Seni & Hiburan > Hobi & Seni Kreatif > Alat Musik > Alat Musik Dawai > Ukulele,Arts & Entertainment > Hobbies & Creative Arts > Musical Instruments > String Instruments > Ukuleles,4,False,True,10,Warna alat musik | Bahan alat musik | Pola alat musik | Warna senar alat musik | Bahan senar alat musik | Pola senar alat musik | Bentuk badan ukulele | Konfigurasi elektronik ukulele | Penyetelan senar ukulele re-entrant | Jenis penyetel ukulele,
1525,SARUNG TANGAN,6,4,Perawatan Diri & Rumah Tangga > Rumah Tangga > Peralatan & Perlengkapan Rumah Tangga > PERALATAN RUMAH TANGGA > PERALATAN KEBERSIHAN RUMAH TANGGA > SARUNG TANGAN,False,AMBIGUOUS,1.0,3,Hewan & Perlengkapan Hewan Piaraan > Perlengkapan Hewan Piaraan > Perlengkapan Perawatan Hewan Piaraan > Sisir & Sikat Hewan Piaraan > Sarung Tangan,AMBIGUOUS,0.667,fuzzy-raw,vertical,4,,,,,,,,,
1566,MATRAS LIPAT,6,4,Perawatan Diri & Rumah Tangga > Rumah Tangga > Peralatan & Perlengkapan Rumah Tangga > PERLENGKAPAN RUMAH TANGGA > PERLENGKAPAN KAMAR & KAMAR MANDI > MATRAS LIPAT,False,UNMAPPED,0.333,19,,UNMAPPED,0.333,,global,19,,,,,,,,,"Busana dan Aksesori > Tas Tangan, Dompet & Kotak > Tas Tangan > Clutch Lipat"
1575,FLOOR MOP UNTUK MENYAPU,7,4,Perawatan Diri & Rumah Tangga > Rumah Tangga > Peralatan & Perlengkapan Rumah Tangga > PERALATAN RUMAH TANGGA > PERALATAN KEBERSIHAN RUMAH TANGGA > FLOOR MOP > FLOOR MOP UNTUK MENYAPU,False,UNMAPPED,0.167,1,,UNMAPPED,0.167,,global,1,,,,,,,,,Seni & Hiburan > Hobi & Seni Kreatif > Alat Musik > Perkusi > Kit Drum > Kit Drum Floor Tom
1652,RAK PENGERING GELAS ,7,4,Perawatan Diri & Rumah Tangga > Rumah Tangga > Peralatan & Perlengkapan Rumah Tangga > PERALATAN RUMAH TANGGA > PERALATAN DAN PENYIMPANAN DI DAPUR > ALAT DAPUR & AKSESORIS DAPUR > RAK PENGERING GELAS ,False,FUZZY,0.667,1,Bisnis & Industri > Hotel & Perhotelan > Perlengkapan Perhotelan > Peralatan Bawah Bar > Rak Gelas,FUZZY,0.667,fuzzy-raw,global,1,bi-12-1-2-2,Bisnis & Industri > Hotel & Perhotelan > Perlengkapan Perhotelan > Peralatan Bawah Bar > Rak Gelas,Business & Industrial > Hotel & Hospitality > Hospitality Supplies > Underbar Equipment > Glass Racks,4,True,False,3,Warna | Pola | Desain rak,
1685,SUMPIT,7,4,Perawatan Diri & Rumah Tangga > Rumah Tangga > Peralatan & Perlengkapan Rumah Tangga > PERALATAN RUMAH TANGGA > PERALATAN DAN PENYIMPANAN DI DAPUR > PERALATAN MAKAN > SUMPIT,False,EXACT,1.0,1,Rumah & Taman > Dapur & Ruang Makan > Peralatan Makan > Peralatan Makan > Sumpit,EXACT,1.0,exact-raw,vertical,1,hg-11-10-6-3,Rumah & Taman > Dapur & Ruang Makan > Peralatan Makan > Peralatan Makan > Sumpit,Home & Garden > Kitchen & Dining > Tableware > Flatware > Chopsticks,4,True,False,12,Gaya sumpit | Petunjuk pembersihan | Warna | Finis | Bahan peralatan makan | Peralatan makan yang disertakan | Bahan pegangan | Jenis Kayu | Pola | Bahan peralatan makan | Jenis penggunaan | Finishing kayu,
1722,RANTANG STAINLESS,8,4,Perawatan Diri & Rumah Tangga > Rumah Tangga > Peralatan & Perlengkapan Rumah Tangga > PERALATAN RUMAH TANGGA > PERALATAN DAN PENYIMPANAN DI DAPUR > TEMPAT PENYIMPANAN MAKANAN & MINUMAN > TEMPAT PENYIMPANAN MAKANAN > RANTANG STAINLESS,False,UNMAPPED,0.0,0,,UNMAPPED,0.0,,global,0,,,,,,,,,
1730,BESEK ANYAMAN,8,4,Perawatan Diri & Rumah Tangga > Rumah Tangga > Peralatan & Perlengkapan Rumah Tangga > PERALATAN RUMAH TANGGA > PERALATAN DAN PENYIMPANAN DI DAPUR > KERANJANG & TEMPAT SAMPAH > KERANJANG DAPUR > BESEK ANYAMAN,False,UNMAPPED,0.0,0,,UNMAPPED,0.0,,global,0,,,,,,,,,
1732,KERANJANG TELUR BESI,8,4,Perawatan Diri & Rumah Tangga > Rumah Tangga > Peralatan & Perlengkapan Rumah Tangga > PERALATAN RUMAH TANGGA > PERALATAN DAN PENYIMPANAN DI DAPUR > KERANJANG & TEMPAT SAMPAH > KERANJANG DAPUR > KERANJANG TELUR BESI,False,UNMAPPED,0.333,4,,UNMAPPED,0.333,,global,4,,,,,,,,,Hewan & Perlengkapan Hewan Piaraan > Perlengkapan Hewan Piaraan > Tempat Tidur Hewan Piaraan > Keranjang
1771,CANGKIR STAINLESS STEEL,8,4,Perawatan Diri & Rumah Tangga > Rumah Tangga > Peralatan & Perlengkapan Rumah Tangga > PERALATAN RUMAH TANGGA > PERALATAN DAN PENYIMPANAN DI DAPUR > PERALATAN MAKAN > CANGKIR > CANGKIR STAINLESS STEEL,False,UNMAPPED,0.25,9,,UNMAPPED,0.25,,global,9,,,,,,,,,Seni & Hiburan > Hobi & Seni Kreatif > Aksesori Alat Musik & Orkestra > Aksesori Alat Musik Tiup Logam > Peredam Alat Musik Tiup Logam > Peredam Cangkir
1777,SUMPIT STAINLESS STEEL,8,4,Perawatan Diri & Rumah Tangga > Rumah Tangga > Peralatan & Perlengkapan Rumah Tangga > PERALATAN RUMAH TANGGA > PERALATAN DAN PENYIMPANAN DI DAPUR > PERALATAN MAKAN > SUMPIT > SUMPIT STAINLESS STEEL,False,UNMAPPED,0.333,1,,UNMAPPED,0.333,,global,1,,,,,,,,,Rumah & Taman > Dapur & Ruang Makan > Peralatan Makan > Peralatan Makan > Sumpit
1780,SEDOTAN STAINLESS STEEL,8,4,Perawatan Diri & Rumah Tangga > Rumah Tangga > Peralatan & Perlengkapan Rumah Tangga > PERALATAN RUMAH TANGGA > PERALATAN DAN PENYIMPANAN DI DAPUR > PERALATAN MAKAN > SEDOTAN > SEDOTAN STAINLESS STEEL,False,UNMAPPED,0.25,2,,UNMAPPED,0.25,,global,2,,,,,,,,,Rumah & Taman > Dapur & Ruang Makan > Peralatan & Perlengkapan Dapur > Penata Dapur > Tempat & Dispenser Sedotan > Dispenser Sedotan
1810,COTTON OBRAL,5,4,UNUSED > AREA DISPLAY > CARDINAL > CARDINAL OBRAL > COTTON OBRAL,False,UNMAPPED,0.2,1,,UNMAPPED,0.0,,global,0,,,,,,,,,
1819,SAOS CABAI,5,4,Makanan dan Minuman > MAKANAN & BAHAN MAKANAN > SAUS > SAOS  PEDAS & SAMBAL > SAOS CABAI,False,UNMAPPED,0.0,0,,UNMAPPED,0.0,,global,0,,,,,,,,,
1847,SAUS LAINNYA,4,4,Makanan dan Minuman > MAKANAN & BAHAN MAKANAN > SAUS > SAUS LAINNYA,False,UNMAPPED,0.5,15,,UNMAPPED,0.5,,global,15,,,,,,,,,"Makanan, Minuman & Tembakau > Item Makanan > Kondimen & Saus"
1849,SAMBAL KEMASAN POUCH,6,4,Makanan dan Minuman > MAKANAN & BAHAN MAKANAN > SAUS > SAOS  PEDAS & SAMBAL > SAOS SAMBAL > SAMBAL KEMASAN POUCH,False,UNMAPPED,0.25,2,,UNMAPPED,0.25,,global,2,,,,,,,,,"Busana dan Aksesori > Tas Tangan, Dompet & Kotak > Dompet & Klip Uang > Pouch Leher"
1888,RING KARET,3,4,Perbaikan Rumah > PERLENGKAPAN PERBAIKAN RUMAH > RING KARET,False,UNMAPPED,0.333,11,,UNMAPPED,0.333,,global,11,,,,,,,,,Elektronik > Komunikasi > Teleponi > Aksesori Ponsel & Ponsel Pintar > Aksesori Kamera Ponsel > Ring Light
13,"COKLAT, KOPI & TEH",2,3,"Makanan dan Minuman > COKLAT, KOPI & TEH",False,UNMAPPED,0.5,3,,UNMAPPED,0.5,,global,3,,,,,,,,,Rumah & Taman > Dapur & Ruang Makan > Peralatan Makan > Set Kopi & Teh
33,BERIBADAH,2,3,"Hobi, Ibadah, dan Olahraga > BERIBADAH",False,UNMAPPED,0.0,0,,UNMAPPED,0.0,,global,0,,,,,,,,,
105,SEREAL & SARAPAN,3,3,Makanan dan Minuman > MAKANAN & BAHAN MAKANAN > SEREAL & SARAPAN,False,FUZZY,0.667,1,"Makanan, Minuman & Tembakau > Item Makanan > Bijian, Beras & Sereal > Sereal & Granola > Sereal Sarapan Dingin",FUZZY,0.667,fuzzy-raw,vertical,1,fb-2-11-4-1,"Makanan, Minuman & Tembakau > Item Makanan > Bijian, Beras & Sereal > Sereal & Granola > Sereal Sarapan Dingin","Food, Beverages & Tobacco > Food Items > Grains, Rice & Cereal > Cereal & Granola > Cold Breakfast Cereals",4,True,False,5,Informasi alergen | Jenis sereal | Preferensi diet | Rasa | Persyaratan penyimpanan,
122,PERAWATAN RAMBUT ANAK & BAYI,3,3,Keperluan Anak dan Bayi > PERAWATAN ANAK & BAYI > PERAWATAN RAMBUT ANAK & BAYI,True,UNMAPPED,0.5,2,,AMBIGUOUS,1.0,exact-stripped,vertical,2,,,,,,,,,
123,PERALATAN KEBERSIHAN ANAK & BAYI,3,3,Keperluan Anak dan Bayi > PERALATAN UNTUK ANAK & BAYI > PERALATAN KEBERSIHAN ANAK & BAYI,True,UNMAPPED,0.4,11,,UNMAPPED,0.4,,global,11,,,,,,,,,Busana dan Aksesori > Pakaian > Pakaian Bayi & Anak
142,MULTIVITAMIN & SUPLEMEN,3,3,Perawatan Diri & Rumah Tangga > Perawatan Diri > MULTIVITAMIN & SUPLEMEN,False,EXACT,1.0,1,Kesehatan & Kecantikan > Perawatan Kesehatan > Kebugaran & Nutrisi > Vitamin & Suplemen > Suplemen Multivitamin,EXACT,1.0,exact-raw,vertical,1,hb-1-9-6-7,Kesehatan & Kecantikan > Perawatan Kesehatan > Kebugaran & Nutrisi > Vitamin & Suplemen > Suplemen Multivitamin,Health & Beauty > Health Care > Fitness & Nutrition > Vitamins & Supplements > Multivitamin Supplements,4,True,False,13,Kelompok usia | Informasi alergen | Bahan terperinci | Preferensi diet | Suplemen makanan | Penggunaan makanan | Rasa | Bentuk suplemen makanan | Sertifikasi & standar produk | Mekanisme pelepasan | Rute pemberian | Fokus kesehatan suplemen | Jenis kelamin sasaran,
153,BOR LISTRIK & LAINNYA,3,3,Perbaikan Rumah > ALAT ALAT PERBAIKAN RUMAH > BOR LISTRIK & LAINNYA,False,FUZZY,0.667,1,Perkakas > Peralatan > Bor > Bor Listrik Genggam,FUZZY,0.667,fuzzy-raw,vertical,1,ha-15-14-3,Perkakas > Peralatan > Bor > Bor Listrik Genggam,Hardware > Tools > Drills > Handheld Power Drills,3,False,True,7,Ukuran baterai | Jenis baterai | Jenis chuck | Warna | Fitur bor | Pola | Sumber listrik,
166,ROSKAM,3,3,Perbaikan Rumah > ALAT ALAT PERBAIKAN RUMAH > ROSKAM,False,UNMAPPED,0.0,0,,UNMAPPED,0.0,,global,0,,,,,,,,,
182,THINNER,3,3,Perbaikan Rumah > MATERIAL PERBAIKAN RUMAH > THINNER,False,UNMAPPED,0.0,0,,UNMAPPED,0.0,,global,0,,,,,,,,,
189,HELM KESELAMATAN / HELM PROYEK (SAFETY),3,3,Perbaikan Rumah > PERLENGKAPAN PERBAIKAN RUMAH > HELM KESELAMATAN / HELM PROYEK (SAFETY),False,UNMAPPED,0.2,15,,UNMAPPED,0.2,,global,15,,,,,,,,,Bisnis & Industri > Perlengkapan Pelindung Keselamatan Kerja > Kacamata Pelindung > Kacamata Keselamatan
201,TANGGA,3,3,Perbaikan Rumah > PERLENGKAPAN PERBAIKAN RUMAH > TANGGA,False,AMBIGUOUS,1.0,2,Perkakas > Bahan Bangunan > Tangga,AMBIGUOUS,1.0,exact-raw,vertical,2,,,,,,,,,
218,PENDEDEL,3,3,"Hobi, Ibadah, dan Olahraga > MENJAHIT > PENDEDEL",False,UNMAPPED,0.5,1,,UNMAPPED,0.5,,global,1,,,,,,,,,Seni & Hiburan > Hobi & Seni Kreatif > Seni & Kerajinan > Alat Seni & Kerajinan > Alat Potong & Embos Kerajinan > Pendedel Jahitan
241,FLORAL FOAM,3,3,"Hobi, Ibadah, dan Olahraga > BERKEBUN > FLORAL FOAM",False,UNMAPPED,0.25,1,,UNMAPPED,0.25,,global,1,,,,,,,,,Peralatan Olahraga > Atletik > Gimnastik > Alat Bantu Pelatihan Gimnastik > Foam Pit Gimnastik
245,INSEKTISIDA,3,3,"Hobi, Ibadah, dan Olahraga > BERKEBUN > INSEKTISIDA",False,UNMAPPED,0.5,1,,UNMAPPED,0.5,,global,1,,,,,,,,,Rumah & Taman > Perlengkapan Rumah Tangga > Pengendalian Hama > Pestisida > Insektisida Taman
330,TEROMPET,3,3,Alat dan Buku Tulis > DEKORASI & KELENGKAPAN PESTA > TEROMPET,False,UNMAPPED,0.0,0,,UNMAPPED,0.0,,global,0,,,,,,,,,
339,KERTAS FOLIO,3,3,Alat dan Buku Tulis > KERTAS > KERTAS FOLIO,False,UNMAPPED,0.333,27,,UNMAPPED,0.333,,global,27,,,,,,,,,Seni & Hiburan > Hobi & Seni Kreatif > Seni & Kerajinan > Bahan Seni & Kerajinan > Kertas Seni & Kerajinan > Cardstock & Kertas Kliping > Kertas Kliping
413,PAKAIAN OLAHRAGA PRIA,3,3,Fashion > PAKAIAN OLAHRAGA > PAKAIAN OLAHRAGA PRIA,True,UNMAPPED,0.5,2,,UNMAPPED,0.5,,global,3,,,,,,,,,Busana dan Aksesori > Pakaian
427,LIONTIN DEWASA,3,3,Fashion > PERHIASAN DEWASA > LIONTIN DEWASA,True,UNMAPPED,0.5,2,,EXACT,1.0,exact-stripped,vertical,1,aa-6-5-1,Busana dan Aksesori > Perhiasan > Bandul & Liontin > Liontin,Apparel & Accessories > Jewelry > Charms & Pendants > Pendants,3,True,False,7,Kelompok usia | Warna | Bahan perhiasan | Jenis perhiasan | Pola | Jenis pengaturan batu | Jenis kelamin sasaran,
484,MONOPOLI,3,3,Mainan dan Alat Lainnya > MAINAN DENGAN PAPAN (BOARD GAME) > MONOPOLI,False,UNMAPPED,0.0,0,,UNMAPPED,0.0,,global,0,,,,,,,,,
490,KARTU REMI,3,3,Mainan dan Alat Lainnya > PERMAINAN KARTU > KARTU REMI,False,UNMAPPED,0.333,23,,UNMAPPED,0.333,,global,23,,,,,,,,,"Busana dan Aksesori > Tas Tangan, Dompet & Kotak > Dompet & Klip Uang > Dompet Kartu"
498,TERPAL,3,3,Mainan dan Alat Lainnya > ALAT LAINNYA > TERPAL,False,EXACT,1.0,1,Perkakas > Aksesori Perkakas > Terpal,EXACT,1.0,exact-raw,vertical,1,ha-6-23,Perkakas > Aksesori Perkakas > Terpal,Hardware > Hardware Accessories > Tarps,2,True,True,3,Warna | Bahan | Pola,
502,SUSU,4,3,Makanan dan Minuman > MINUMAN > MINUMAN DALAM KEMASAN > SUSU,False,AMBIGUOUS,1.0,2,"Makanan, Minuman & Tembakau > Minuman > Susu",AMBIGUOUS,1.0,exact-raw,vertical,2,,,,,,,,,
611,KWETIAU INSTAN BUNGKUS,4,3,"Makanan dan Minuman > MAKANAN & BAHAN MAKANAN > MIE, BIHUN, KWETIAU INSTAN > KWETIAU INSTAN BUNGKUS",False,UNMAPPED,0.25,6,,UNMAPPED,0.25,,global,6,,,,,,,,,Seni & Hiburan > Pesta & Perayaan > Pemberian Hadiah > Bungkus Kado
656,TEPUNG KETAN,4,3,Makanan dan Minuman > MAKANAN & BAHAN MAKANAN > TEPUNG > TEPUNG KETAN,False,UNMAPPED,0.5,1,,UNMAPPED,0.5,,global,1,,,,,,,,,"Makanan, Minuman & Tembakau > Item Makanan > Bahan Memasak & Baking > Tepung"
662,ALPUKAT,4,3,Makanan dan Minuman > FRESH > BUAH > ALPUKAT,False,EXACT,1.0,1,"Makanan, Minuman & Tembakau > Item Makanan > Buah & Sayur > Buah Segar & Beku > Alpukat",EXACT,1.0,exact-raw,vertical,1,fb-2-10-7-3,"Makanan, Minuman & Tembakau > Item Makanan > Buah & Sayur > Buah Segar & Beku > Alpukat","Food, Beverages & Tobacco > Food Items > Fruits & Vegetables > Fresh & Frozen Fruits > Avocados",4,True,False,6,Informasi alergen | Varietas alpukat | Preferensi diet | Bentuk produk makanan | Gaya potongan buah | Persyaratan penyimpanan,
669,JAMBU,4,3,Makanan dan Minuman > FRESH > BUAH > JAMBU,False,UNMAPPED,0.5,1,,UNMAPPED,0.5,,global,1,,,,,,,,,"Makanan, Minuman & Tembakau > Item Makanan > Buah & Sayur > Buah Segar & Beku > Jambu Biji"
680,NANAS,4,3,Makanan dan Minuman > FRESH > BUAH > NANAS,False,EXACT,1.0,1,"Makanan, Minuman & Tembakau > Item Makanan > Buah & Sayur > Buah Segar & Beku > Nanas",EXACT,1.0,exact-raw,vertical,1,fb-2-10-7-32,"Makanan, Minuman & Tembakau > Item Makanan > Buah & Sayur > Buah Segar & Beku > Nanas","Food, Beverages & Tobacco > Food Items > Fruits & Vegetables > Fresh & Frozen Fruits > Pineapples",4,True,False,5,Informasi alergen | Preferensi diet | Bentuk produk makanan | Gaya potongan buah | Persyaratan penyimpanan,
687,SEMANGKA,4,3,Makanan dan Minuman > FRESH > BUAH > SEMANGKA,False,UNMAPPED,0.0,0,,UNMAPPED,0.0,,global,0,,,,,,,,,
693,IKAN DORY SEGAR,4,3,Makanan dan Minuman > FRESH > IKAN & SEAFOOD SEGAR > IKAN DORY SEGAR,False,UNMAPPED,0.25,8,,UNMAPPED,0.25,,global,8,,,,,,,,,Hewan & Perlengkapan Hewan Piaraan > Perlengkapan Hewan Piaraan > Perlengkapan Ikan & Akuatik > Makanan Ikan
698,ASAM JAWA,4,3,Makanan dan Minuman > FRESH > SAYURAN SEGAR > ASAM JAWA,False,EXACT,1.0,1,"Makanan, Minuman & Tembakau > Item Makanan > Buah & Sayur > Buah Segar & Beku > Asam Jawa",EXACT,1.0,exact-raw,vertical,1,fb-2-10-7-43,"Makanan, Minuman & Tembakau > Item Makanan > Buah & Sayur > Buah Segar & Beku > Asam Jawa","Food, Beverages & Tobacco > Food Items > Fruits & Vegetables > Fresh & Frozen Fruits > Tamarindo",4,True,False,6,Informasi alergen | Preferensi diet | Bentuk produk makanan | Gaya potongan buah | Persyaratan penyimpanan | Varietas asam jawa,
705,BROKOLI,4,3,Makanan dan Minuman > FRESH > SAYURAN SEGAR > BROKOLI,False,AMBIGUOUS,1.0,2,"Makanan, Minuman & Tembakau > Item Makanan > Buah & Sayur > Sayur Segar & Beku > Brokoli",AMBIGUOUS,1.0,exact-raw,vertical,2,,,,,,,,,
710,DAUN BAWANG,4,3,Makanan dan Minuman > FRESH > SAYURAN SEGAR > DAUN BAWANG,False,UNMAPPED,0.333,8,,UNMAPPED,0.333,,global,8,,,,,,,,,"Makanan, Minuman & Tembakau > Item Makanan > Buah & Sayur > Sayur Segar & Beku > Daun Kaktus"
723,KACANG MERAH,4,3,Makanan dan Minuman > FRESH > SAYURAN SEGAR > KACANG MERAH,False,UNMAPPED,0.5,1,,UNMAPPED,0.5,,global,1,,,,,,,,,"Makanan, Minuman & Tembakau > Item Makanan > Buah & Sayur > Sayur Segar & Beku > Kacang"
735,KEMIRI,4,3,Makanan dan Minuman > FRESH > SAYURAN SEGAR > KEMIRI,False,UNMAPPED,0.0,0,,UNMAPPED,0.0,,global,0,,,,,,,,,
741,KUNYIT,4,3,Makanan dan Minuman > FRESH > SAYURAN SEGAR > KUNYIT,False,UNMAPPED,0.0,0,,UNMAPPED,0.0,,global,0,,,,,,,,,
763,SAWI PUTIH,4,3,Makanan dan Minuman > FRESH > SAYURAN SEGAR > SAWI PUTIH,False,UNMAPPED,0.333,9,,UNMAPPED,0.333,,global,9,,,,,,,,,Busana dan Aksesori > Pakaian > Seragam & Pakaian Kerja > Jas Putih
772,SELEDRI,4,3,Makanan dan Minuman > FRESH > SAYURAN SEGAR > SELEDRI,False,EXACT,1.0,1,"Makanan, Minuman & Tembakau > Item Makanan > Buah & Sayur > Sayur Segar & Beku > Seledri",EXACT,1.0,exact-raw,vertical,1,fb-2-10-8-14,"Makanan, Minuman & Tembakau > Item Makanan > Buah & Sayur > Sayur Segar & Beku > Seledri","Food, Beverages & Tobacco > Food Items > Fruits & Vegetables > Fresh & Frozen Vegetables > Celery",4,True,False,8,Informasi alergen | Bentuk seledri | Varietas seledri | Metode memasak | Preferensi diet | Bentuk produk makanan | Persyaratan penyimpanan | Gaya pengolahan sayuran,
773,SEREH,4,3,Makanan dan Minuman > FRESH > SAYURAN SEGAR > SEREH,False,UNMAPPED,0.0,0,,UNMAPPED,0.0,,global,0,,,,,,,,,
775,TAHU JEPANG,4,3,Makanan dan Minuman > FRESH > SAYURAN SEGAR > TAHU JEPANG,False,UNMAPPED,0.5,1,,UNMAPPED,0.5,,global,1,,,,,,,,,"Makanan, Minuman & Tembakau > Item Makanan > Tahu, Produk Kedelai & Vegetarian > Tahu"
785,ZUKINI,4,3,Makanan dan Minuman > FRESH > SAYURAN SEGAR > ZUKINI,False,UNMAPPED,0.0,0,,UNMAPPED,0.0,,global,0,,,,,,,,,
822,BABY WALKER,4,3,Keperluan Anak dan Bayi > PERALATAN UNTUK ANAK & BAYI > PERALATAN BEPERGIAN ANAK & BAYI > BABY WALKER,False,UNMAPPED,0.5,1,,UNMAPPED,0.5,,global,1,,,,,,,,,Kesehatan & Kecantikan > Perawatan Kesehatan > Mobilitas & Aksesibilitas > Alat Bantu Jalan > Walker
861,BOTOL ASI,4,3,Keperluan Anak dan Bayi > PERLENGKAPAN ANAK & BAYI > PERLENGKAPAN MENYUSUI ANAK & BAYI > BOTOL ASI,False,UNMAPPED,0.5,1,,UNMAPPED,0.5,,global,1,,,,,,,,,Rumah & Taman > Dapur & Ruang Makan > Aksesori Peralatan Dapur > Aksesori Alat Pembuat Soda > Botol
865,POWDER MILK CONTAINER/DISPENSER,4,3,Keperluan Anak dan Bayi > PERLENGKAPAN ANAK & BAYI > PERLENGKAPAN MENYUSUI ANAK & BAYI > POWDER MILK CONTAINER/DISPENSER,False,UNMAPPED,0.2,16,,UNMAPPED,0.2,,global,16,,,,,,,,,"Hewan & Perlengkapan Hewan Piaraan > Perlengkapan Hewan Piaraan > Mangkuk, Pemberi Makan & Minum Hewan Piaraan > Dispenser Air"
893,SABUN ANTI JERAWAT,4,3,Perawatan Diri & Rumah Tangga > Perawatan Diri > PERAWATAN WAJAH > SABUN ANTI JERAWAT,False,UNMAPPED,0.25,5,,UNMAPPED,0.25,,global,5,,,,,,,,,Kesehatan & Kecantikan > Perawatan Tubuh > Kosmetik > Mandi & Perawatan Tubuh > Sabun Batang
947,PEMBERSIH DAPUR,4,3,Perawatan Diri & Rumah Tangga > Rumah Tangga > BAHAN PEMBERSIH RUMAH > PEMBERSIH DAPUR,False,UNMAPPED,0.333,49,,UNMAPPED,0.333,,global,49,,,,,,,,,Hewan & Perlengkapan Hewan Piaraan > Perlengkapan Hewan Piaraan > Perlengkapan Ikan & Akuatik > Perlengkapan Pembersih Akuarium > Sikat Pembersih
978,KUNCI GANDA UNTUK MOBIL,4,3,"Hobi, Ibadah, dan Olahraga > Perawatan & Suku Cadang Mobil > AKSESORIS MOBIL > KUNCI GANDA UNTUK MOBIL",False,UNMAPPED,0.333,3,,UNMAPPED,0.333,,global,3,,,,,,,,,Seni & Hiburan > Hobi & Seni Kreatif > Barang Koleksi > Model Skala > Mobil
994,KARET / GRIP STANG MOTOR,4,3,"Hobi, Ibadah, dan Olahraga > Perawatan & Suku Cadang Motor > AKSESORIS MOTOR > KARET / GRIP STANG MOTOR",False,UNMAPPED,0.25,1,,UNMAPPED,0.25,,global,1,,,,,,,,,Perkakas > Peralatan > Grip
1016,JARUM JAHIT,4,3,"Hobi, Ibadah, dan Olahraga > MENJAHIT > JARUM > JARUM JAHIT",False,AMBIGUOUS,0.667,3,Seni & Hiburan > Hobi & Seni Kreatif > Seni & Kerajinan > Alat Seni & Kerajinan > Jarum & Kait > Jarum Jahit Tangan,AMBIGUOUS,0.667,fuzzy-raw,vertical,3,,,,,,,,,
1031,SERULING / RECORDER,4,3,"Hobi, Ibadah, dan Olahraga > OLAHRAGA > ALAT MUSIK > SERULING / RECORDER",False,UNMAPPED,0.0,0,,UNMAPPED,0.0,,global,0,,,,,,,,,
1045,TOPI RENANG,4,3,"Hobi, Ibadah, dan Olahraga > OLAHRAGA > PERALATAN & PERLENGKAPAN RENANG > TOPI RENANG",False,EXACT,1.0,1,Peralatan Olahraga > Rekreasi Luar Ruang > Olahraga Air & Berperahu > Renang > Topi Renang,EXACT,1.0,exact-raw,vertical,1,sg-4-1-6-6,Peralatan Olahraga > Rekreasi Luar Ruang > Olahraga Air & Berperahu > Renang > Topi Renang,Sporting Goods > Outdoor Recreation > Boating & Water Sports > Swimming > Swim Caps,4,True,False,5,Kelompok usia | Warna | Bahan | Pola | Gaya topi renang,
1066,STOPWATCH,4,3,"Hobi, Ibadah, dan Olahraga > OLAHRAGA > PERALATAN & PERLENGKAPAN WASIT > STOPWATCH",False,EXACT,1.0,1,Peralatan Olahraga > Peralatan Latihan Umum & Kebugaran > Stopwatch,EXACT,1.0,exact-raw,vertical,1,sg-2-21,Peralatan Olahraga > Peralatan Latihan Umum & Kebugaran > Stopwatch,Sporting Goods > Fitness & General Exercise Equipment > Stopwatches,2,True,True,3,Warna | Pola | Fitur stopwatch,
1075,MAKANAN HAMSTER,4,3,"Hobi, Ibadah, dan Olahraga > HEWAN PELIHARAAN > MAKANAN HEWAN PELIHARAAN > MAKANAN HAMSTER",False,UNMAPPED,0.333,34,,UNMAPPED,0.333,,global,34,,,,,,,,,Hewan & Perlengkapan Hewan Piaraan > Perlengkapan Hewan Piaraan > Perlengkapan Burung > Makanan Burung
1167,KARDIGAN PRIA,4,3,Fashion > FASHION PRIA > BAJU LUARAN PRIA > KARDIGAN PRIA,True,UNMAPPED,0.5,3,,AMBIGUOUS,1.0,exact-stripped,vertical,3,,,,,,,,,
1217,ROK MINI WANITA,4,3,Fashion > FASHION WANITA > BAWAHAN WANITA > ROK MINI WANITA,True,UNMAPPED,0.333,3,,UNMAPPED,0.5,,global,3,,,,,,,,,Busana dan Aksesori > Pakaian > Pakaian Bayi & Anak > Celana Bayi & Anak > Rok
1277,TAS ANYAMAN,4,3,Fashion > TAS & KOPER > TAS WANITA > TAS ANYAMAN,False,UNMAPPED,0.333,56,,UNMAPPED,0.333,,global,56,,,,,,,,,Hewan & Perlengkapan Hewan Piaraan > Perlengkapan Hewan Piaraan > Peralatan & Sistem Pembuangan Kotoran Hewan Piaraan > Tas Anjing
1305,KACA & RAUTAN PENSIL ,4,3,Kosmetik dan Alat Kecantikan > ALAT KECANTIKAN > AKSESORIS ALAT KECANTIKAN > KACA & RAUTAN PENSIL ,False,FUZZY,0.667,1,Perlengkapan Kantor > Peralatan Kantor > Rautan Pensil,FUZZY,0.667,fuzzy-raw,global,1,os-11-6,Perlengkapan Kantor > Peralatan Kantor > Rautan Pensil,Office Supplies > Office Instruments > Pencil Sharpeners,2,False,True,3,Warna | Bahan peralatan kantor | Pola,
1342,CUKA LAINNYA,5,3,Makanan dan Minuman > MAKANAN & BAHAN MAKANAN > SAUS > CUKA > CUKA LAINNYA,False,EXACT,1.0,1,"Makanan, Minuman & Tembakau > Item Makanan > Bahan Memasak & Baking > Cuka",EXACT,1.0,exact-raw,vertical,1,fb-2-5-34,"Makanan, Minuman & Tembakau > Item Makanan > Bahan Memasak & Baking > Cuka","Food, Beverages & Tobacco > Food Items > Cooking & Baking Ingredients > Vinegar",3,True,False,5,Informasi alergen | Preferensi diet | Filtrasi dan status induk | Persyaratan penyimpanan | Varietas cuka,
1368,DEODORAN POWDER,5,3,Perawatan Diri & Rumah Tangga > Perawatan Diri > FRAGRANCE & DEODORAN > DEODORAN > DEODORAN POWDER,False,UNMAPPED,0.5,1,,UNMAPPED,0.5,,global,1,,,,,,,,,Kesehatan & Kecantikan > Perawatan Tubuh > Deodoran & Anti-Perspiran > Deodoran
1401,SALEP ANTISEPTIC,5,3,Perawatan Diri & Rumah Tangga > Perawatan Diri > OBAT-OBATAN > PERTOLONGAN PERTAMA (FIRST AID KIT) > SALEP ANTISEPTIC,False,UNMAPPED,0.25,1,,UNMAPPED,0.25,,global,1,,,,,,,,,Bayi & Balita > Penggantian Popok > Pengobatan Ruam Popok > Salep Ruam Popok
1408,KAMPER / KAPUR BARUS (CAMPHOR/NAPHTALENE BALL) TANPA GANTUNGAN,5,3,Perawatan Diri & Rumah Tangga > Rumah Tangga > ANTI HAMA & SERANGGA > KAMPER / KAPUR BARUS (CAMPHOR/NAPHTALENE BALL) > KAMPER / KAPUR BARUS (CAMPHOR/NAPHTALENE BALL) TANPA GANTUNGAN,False,UNMAPPED,0.125,3,,UNMAPPED,0.125,,global,3,,,,,,,,,Busana dan Aksesori > Perhiasan > Bandul & Liontin > Gantungan
1427,PEMBERSIH MULTIFUNGSI,5,3,Perawatan Diri & Rumah Tangga > Rumah Tangga > BAHAN PEMBERSIH RUMAH > PERAWATAN & PEMBERSIH RUMAH TANGGA LAINNYA > PEMBERSIH MULTIFUNGSI,False,UNMAPPED,0.333,36,,UNMAPPED,0.333,,global,36,,,,,,,,,Hewan & Perlengkapan Hewan Piaraan > Perlengkapan Hewan Piaraan > Perlengkapan Ikan & Akuatik > Perlengkapan Pembersih Akuarium > Sikat Pembersih
1454,JAKET OLAHRAGA PRIA,5,3,Fashion > PAKAIAN OLAHRAGA > PAKAIAN OLAHRAGA PRIA > ATASAN OLAHRAGA PRIA > JAKET OLAHRAGA PRIA,True,AMBIGUOUS,0.667,2,Busana dan Aksesori > Pakaian > Pakaian Luar > Mantel & Jaket > Jaket Olahraga,AMBIGUOUS,1.0,exact-stripped,vertical,2,,,,,,,,,
1463,BANTAL TRAVEL,5,3,Fashion > TAS & KOPER > TAS TRAVEL & KOPER > AKSESORIS TRAVEL & KOPER > BANTAL TRAVEL,False,UNMAPPED,0.5,1,,UNMAPPED,0.5,,global,1,,,,,,,,,Rumah & Taman > Linen & Alas Tidur > Alas Tidur > Bantal
1479,SABUN CUCI TANGAN FOAMING KEMASAN BOTOL,6,3,Perawatan Diri & Rumah Tangga > Perawatan Diri > PERAWATAN BADAN > SABUN CUCI TANGAN > SABUN CUCI TANGAN FOAMING > SABUN CUCI TANGAN FOAMING KEMASAN BOTOL,False,UNMAPPED,0.333,1,,UNMAPPED,0.333,,global,1,,,,,,,,,Bisnis & Industri > Sains & Laboratorium > Perlengkapan Laboratorium > Botol Cuci
1509,PEMBERSIH MULTIFUNGSI BUBUK,6,3,Perawatan Diri & Rumah Tangga > Rumah Tangga > BAHAN PEMBERSIH RUMAH > PERAWATAN & PEMBERSIH RUMAH TANGGA LAINNYA > PEMBERSIH MULTIFUNGSI > PEMBERSIH MULTIFUNGSI BUBUK,False,UNMAPPED,0.333,1,,UNMAPPED,0.333,,global,1,,,,,,,,,Kesehatan & Kecantikan > Perawatan Tubuh > Perawatan Mulut > Pembersih Gigi Palsu > Tablet dan Bubuk Pembersih Gigi Palsu
1604,SIKAT SEMIR SEPATU,7,3,Perawatan Diri & Rumah Tangga > Rumah Tangga > Peralatan & Perlengkapan Rumah Tangga > PERALATAN RUMAH TANGGA > PERALATAN KEBERSIHAN RUMAH TANGGA > SIKAT > SIKAT SEMIR SEPATU,False,AMBIGUOUS,0.667,3,Rumah & Taman > Perlengkapan Rumah Tangga > Alat & Perawatan Sepatu > Sikat Sepatu,AMBIGUOUS,0.667,fuzzy-raw,vertical,3,,,,,,,,,
1658,SPIRITUS,7,3,Perawatan Diri & Rumah Tangga > Rumah Tangga > Peralatan & Perlengkapan Rumah Tangga > PERALATAN RUMAH TANGGA > PERALATAN DAN PENYIMPANAN DI DAPUR > ALAT DAPUR & AKSESORIS DAPUR > SPIRITUS,False,UNMAPPED,0.0,0,,UNMAPPED,0.0,,global,0,,,,,,,,,
1702,NAMPAN KAYU,8,3,Perawatan Diri & Rumah Tangga > Rumah Tangga > Peralatan & Perlengkapan Rumah Tangga > PERALATAN RUMAH TANGGA > PERALATAN DAN PENYIMPANAN DI DAPUR > ALAT DAPUR & AKSESORIS DAPUR > NAMPAN > NAMPAN KAYU,False,UNMAPPED,0.333,17,,UNMAPPED,0.333,,global,17,,,,,,,,,Bisnis & Industri > Kehutanan & Pembalakan > Alat Kehutanan & Pembalakan > Kait Kayu
1713,RODA UNTUK TABUNG GAS,8,3,Perawatan Diri & Rumah Tangga > Rumah Tangga > Peralatan & Perlengkapan Rumah Tangga > PERALATAN RUMAH TANGGA > PERALATAN DAN PENYIMPANAN DI DAPUR > ALAT MASAK > KOMPOR GAS > RODA UNTUK TABUNG GAS,False,UNMAPPED,0.333,1,,UNMAPPED,0.333,,global,1,,,,,,,,,Perkakas > Aksesori Perkakas > Roda
1739,PIRING ENAMEL,8,3,Perawatan Diri & Rumah Tangga > Rumah Tangga > Peralatan & Perlengkapan Rumah Tangga > PERALATAN RUMAH TANGGA > PERALATAN DAN PENYIMPANAN DI DAPUR > PERALATAN MAKAN > PIRING > PIRING ENAMEL,False,UNMAPPED,0.5,1,,UNMAPPED,0.5,,global,1,,,,,,,,,Rumah & Taman > Dapur & Ruang Makan > Peralatan Makan > Peralatan Makan > Piring
1774,SUMPIT BAMBU,8,3,Perawatan Diri & Rumah Tangga > Rumah Tangga > Peralatan & Perlengkapan Rumah Tangga > PERALATAN RUMAH TANGGA > PERALATAN DAN PENYIMPANAN DI DAPUR > PERALATAN MAKAN > SUMPIT > SUMPIT BAMBU,False,UNMAPPED,0.5,1,,UNMAPPED,0.5,,global,1,,,,,,,,,Rumah & Taman > Dapur & Ruang Makan > Peralatan Makan > Peralatan Makan > Sumpit
1782,TUTUP GELAS STAINLESS STEEL,8,3,Perawatan Diri & Rumah Tangga > Rumah Tangga > Peralatan & Perlengkapan Rumah Tangga > PERALATAN RUMAH TANGGA > PERALATAN DAN PENYIMPANAN DI DAPUR > PERALATAN MAKAN > TUTUP GELAS > TUTUP GELAS STAINLESS STEEL,False,UNMAPPED,0.5,1,,UNMAPPED,0.5,,global,1,,,,,,,,,Rumah & Taman > Dapur & Ruang Makan > Aksesori Peralatan Dapur > Aksesori Wajan Pipih & Wok Listrik > Tutup Gelas
1868,PEMUTIH DAN PENGHILANG NODA KEMASAN SACHET,5,3,Perawatan Diri & Rumah Tangga > Rumah Tangga > BAHAN LAUNDRY > PEMUTIH DAN PENGHILANG NODA > PEMUTIH DAN PENGHILANG NODA KEMASAN SACHET,False,UNMAPPED,0.4,1,,UNMAPPED,0.4,,global,1,,,,,,,,,"Kendaraan & Suku Cadang > Suku Cadang & Aksesori Kendaraan > Pemeliharaan, Perawatan & Dekorasi Kendaraan > Pembersihan Kendaraan > Pembersih Karpet & Jok Kendaraan > Penghilang Noda"
1886,LINGGIS,3,3,Perbaikan Rumah > ALAT ALAT PERBAIKAN RUMAH > LINGGIS,False,UNMAPPED,0.0,0,,UNMAPPED,0.0,,global,0,,,,,,,,,
1,Makanan dan Minuman,1,2,Makanan dan Minuman,False,AMBIGUOUS,0.667,5,"Makanan, Minuman & Tembakau",AMBIGUOUS,0.667,fuzzy-raw,vertical,4,,,,,,,,,
32,BERKEBUN,2,2,"Hobi, Ibadah, dan Olahraga > BERKEBUN",False,EXACT,1.0,1,Rumah & Taman > Rumput & Taman > Berkebun,EXACT,1.0,exact-raw,global,1,hg-12-1,Rumah & Taman > Rumput & Taman > Berkebun,Home & Garden > Lawn & Garden > Gardening,2,False,True,4,Warna | Bahan | Pola | Ruang yang cocok,
35,ALAT ELEKTRONIK DAPUR,2,2,Elektronik > ALAT ELEKTRONIK DAPUR,False,UNMAPPED,0.5,1,,UNMAPPED,0.5,,global,1,,,,,,,,,Seni & Hiburan > Hobi & Seni Kreatif > Alat Musik > Alat Musik Elektronik
65,MAKE UP MATA,2,2,Kosmetik dan Alat Kecantikan > MAKE UP MATA,False,UNMAPPED,0.25,16,,UNMAPPED,0.25,,global,16,,,,,,,,,Hewan & Perlengkapan Hewan Piaraan > Perlengkapan Hewan Piaraan > Pelumas & Tetes Mata Hewan Piaraan > Pembersih Mata
66,MAKE UP WAJAH,2,2,Kosmetik dan Alat Kecantikan > MAKE UP WAJAH,False,UNMAPPED,0.25,12,,UNMAPPED,0.25,,global,12,,,,,,,,,Bisnis & Industri > Perlengkapan Pelindung Keselamatan Kerja > Kacamata Pelindung > Pelindung Wajah
101,MINYAK,3,2,Makanan dan Minuman > MAKANAN & BAHAN MAKANAN > MINYAK,False,UNMAPPED,0.5,31,,UNMAPPED,0.5,,global,31,,,,,,,,,Hewan & Perlengkapan Hewan Piaraan > Perlengkapan Hewan Piaraan > Vitamin & Suplemen Hewan Piaraan > Minyak Ikan
133,PERLENGKAPAN MENYUSUI ANAK & BAYI,3,2,Keperluan Anak dan Bayi > PERLENGKAPAN ANAK & BAYI > PERLENGKAPAN MENYUSUI ANAK & BAYI,True,UNMAPPED,0.4,11,,UNMAPPED,0.4,,global,11,,,,,,,,,Busana dan Aksesori > Pakaian > Pakaian Bayi & Anak
138,PERAWATAN MULUT & GIGI,3,2,Perawatan Diri & Rumah Tangga > Perawatan Diri > PERAWATAN MULUT & GIGI,False,FUZZY,0.667,1,Kesehatan & Kecantikan > Perawatan Tubuh > Perawatan Mulut,FUZZY,0.667,fuzzy-raw,vertical,1,hb-3-12,Kesehatan & Kecantikan > Perawatan Tubuh > Perawatan Mulut,Health & Beauty > Personal Care > Oral Care,2,False,True,3,Bahan | Fungsi perawatan mulut | Bentuk produk,
154,CATOK MEJA (RAGUM),3,2,Perbaikan Rumah > ALAT ALAT PERBAIKAN RUMAH > CATOK MEJA (RAGUM),False,UNMAPPED,0.333,2,,UNMAPPED,0.333,,global,2,,,,,,,,,Furnitur > Furnitur Kantor > Meja
213,JARUM,3,2,"Hobi, Ibadah, dan Olahraga > MENJAHIT > JARUM",False,UNMAPPED,0.5,17,,UNMAPPED,0.5,,global,17,,,,,,,,,Seni & Hiburan > Hobi & Seni Kreatif > Seni & Kerajinan > Alat Seni & Kerajinan > Jarum & Kait
217,NEEDLE THREADER (MATA NENEK),3,2,"Hobi, Ibadah, dan Olahraga > MENJAHIT > NEEDLE THREADER (MATA NENEK)",False,UNMAPPED,0.2,16,,UNMAPPED,0.2,,global,16,,,,,,,,,Hewan & Perlengkapan Hewan Piaraan > Perlengkapan Hewan Piaraan > Pelumas & Tetes Mata Hewan Piaraan > Pembersih Mata
225,MATA KAIL,3,2,"Hobi, Ibadah, dan Olahraga > MEMANCING > MATA KAIL",False,UNMAPPED,0.333,17,,UNMAPPED,0.333,,global,17,,,,,,,,,Hewan & Perlengkapan Hewan Piaraan > Perlengkapan Hewan Piaraan > Pelumas & Tetes Mata Hewan Piaraan > Pembersih Mata
267,PEMANGGANG ROTI,3,2,Elektronik > ALAT ELEKTRONIK DAPUR > PEMANGGANG ROTI,False,FUZZY,0.667,1,Rumah & Taman > Dapur & Ruang Makan > Aksesori Peralatan Dapur > Aksesori Toaster > Kantong Pemanggang Roti,FUZZY,0.667,fuzzy-raw,vertical,1,hg-11-6-27-6,Rumah & Taman > Dapur & Ruang Makan > Aksesori Peralatan Dapur > Aksesori Toaster > Kantong Pemanggang Roti,Home & Garden > Kitchen & Dining > Kitchen Appliance Accessories > Toaster Accessories > Toaster Bags,4,True,False,2,Petunjuk pembersihan | Bahan,
275,AMPEREMETER,3,2,Elektronik > ALAT ELEKTRONIK RUMAH LAINNYA > AMPEREMETER,False,UNMAPPED,0.0,0,,UNMAPPED,0.0,,global,0,,,,,,,,,
283,HAIR CURLING ,3,2,Elektronik > ALAT ELEKTRONIK RUMAH LAINNYA > HAIR CURLING ,False,UNMAPPED,0.5,1,,UNMAPPED,0.5,,global,1,,,,,,,,,Peralatan Olahraga > Atletik > Curling
296,VACUUM CLEANER,3,2,Elektronik > ALAT ELEKTRONIK RUMAH LAINNYA > VACUUM CLEANER,False,UNMAPPED,0.0,0,,UNMAPPED,0.0,,global,0,,,,,,,,,
326,LILIN,3,2,Alat dan Buku Tulis > DEKORASI & KELENGKAPAN PESTA > LILIN,False,EXACT,1.0,1,Rumah & Taman > Dekorasi > Pengharum Rumah > Lilin,EXACT,1.0,exact-raw,global,1,hg-3-40-2,Rumah & Taman > Dekorasi > Pengharum Rumah > Lilin,Home & Garden > Decor > Home Fragrances > Candles,3,True,False,10,Kandungan Alkohol/Pelarut | Bahan wadah lilin | Bahan lilin | Jenis lilin | Warna | Bahan dekorasi | Tingkat keharuman | Pola | Aroma | Jenis penggunaan,
353,CUTTING MAT,3,2,Alat dan Buku Tulis > PERALATAN UMUM > CUTTING MAT,False,UNMAPPED,0.333,1,,UNMAPPED,0.333,,global,1,,,,,,,,,Seni & Hiburan > Hobi & Seni Kreatif > Seni & Kerajinan > Alat Seni & Kerajinan > Blocking Mat
405,PAKAIAN HAMIL & MENYUSUI WANITA,3,2,Fashion > FASHION WANITA > PAKAIAN HAMIL & MENYUSUI WANITA,True,UNMAPPED,0.5,1,,FUZZY,0.667,fuzzy-stripped,vertical,1,aa-1-7,Busana dan Aksesori > Pakaian > Pakaian Hamil,Apparel & Accessories > Clothing > Maternity Clothing,2,False,True,8,Gaya panel perut | Warna | Kain | Jenis akses keperawatan | Pola | Kesesuaian tahap kehamilan | Jenis ukuran | Jenis kelamin sasaran,
416,ANTING ANAK-ANAK,3,2,Fashion > PERHIASAN ANAK > ANTING ANAK-ANAK,True,UNMAPPED,0.5,1,,EXACT,1.0,exact-stripped,vertical,1,aa-6-6,Busana dan Aksesori > Perhiasan > Anting,Apparel & Accessories > Jewelry > Earrings,2,True,True,9,Kelompok usia | Warna | Jenis penutup anting | Desain anting | Bahan perhiasan | Jenis perhiasan | Kemurnian logam | Pola | Jenis kelamin sasaran,
470,PALET MATA & SET,3,2,Kosmetik dan Alat Kecantikan > MAKE UP MATA > PALET MATA & SET,False,UNMAPPED,0.333,1,,UNMAPPED,0.333,,global,1,,,,,,,,,Seni & Hiburan > Hobi & Seni Kreatif > Seni & Kerajinan > Alat Seni & Kerajinan > Alat Pencampur Warna > Palet
482,KARAMBOL,3,2,Mainan dan Alat Lainnya > MAINAN DENGAN PAPAN (BOARD GAME) > KARAMBOL,False,UNMAPPED,0.0,0,,UNMAPPED,0.0,,global,0,,,,,,,,,
485,KARPET PUZZLE,3,2,Mainan dan Alat Lainnya > MAINAN OLAHRAGA DAN AKTIVITAS > KARPET PUZZLE,False,UNMAPPED,0.5,1,,UNMAPPED,0.5,,global,1,,,,,,,,,Rumah & Taman > Dekorasi > Karpet
489,KARTU DOMINO,3,2,Mainan dan Alat Lainnya > PERMAINAN KARTU > KARTU DOMINO,False,UNMAPPED,0.333,23,,UNMAPPED,0.333,,global,23,,,,,,,,,"Busana dan Aksesori > Tas Tangan, Dompet & Kotak > Dompet & Klip Uang > Dompet Kartu"
495,SENDAL KESEHATAN,3,2,Mainan dan Alat Lainnya > ALAT LAINNYA > SENDAL KESEHATAN,False,UNMAPPED,0.333,8,,UNMAPPED,0.333,,global,8,,,,,,,,,Hewan & Perlengkapan Hewan Piaraan > Perlengkapan Hewan Piaraan > Vitamin & Suplemen Hewan Piaraan > Kesehatan Gigi
504,MINUMAN BERPROTEIN,4,2,Makanan dan Minuman > MINUMAN > MINUMAN DALAM KEMASAN > MINUMAN BERPROTEIN,False,UNMAPPED,0.5,1,,UNMAPPED,0.5,,global,1,,,,,,,,,"Makanan, Minuman & Tembakau > Minuman"
530,TEH KEMASAN KALENG,4,2,"Makanan dan Minuman > COKLAT, KOPI & TEH > TEH INSTAN > TEH KEMASAN KALENG",False,UNMAPPED,0.333,1,,UNMAPPED,0.333,,global,1,,,,,,,,,"Makanan, Minuman & Tembakau > Minuman > Teh & Infusi > Teh"
561,BERAS COKLAT,4,2,Makanan dan Minuman > MAKANAN & BAHAN MAKANAN > BERAS > BERAS COKLAT,False,UNMAPPED,0.5,1,,UNMAPPED,0.5,,global,1,,,,,,,,,"Makanan, Minuman & Tembakau > Item Makanan > Bijian, Beras & Sereal > Beras"
627,MINYAK KEDELAI,4,2,Makanan dan Minuman > MAKANAN & BAHAN MAKANAN > MINYAK > MINYAK KEDELAI,False,EXACT,1.0,1,"Makanan, Minuman & Tembakau > Item Makanan > Bahan Memasak & Baking > Minyak Goreng > Minyak Kedelai",EXACT,1.0,exact-raw,vertical,1,fb-2-5-12-8,"Makanan, Minuman & Tembakau > Item Makanan > Bahan Memasak & Baking > Minyak Goreng > Minyak Kedelai","Food, Beverages & Tobacco > Food Items > Cooking & Baking Ingredients > Cooking Oils > Soybean Oil",4,True,False,4,Informasi alergen | Preferensi diet | Metode pengolahan minyak | Persyaratan penyimpanan,
659,TEPUNG SAGU,4,2,Makanan dan Minuman > MAKANAN & BAHAN MAKANAN > TEPUNG > TEPUNG SAGU,False,UNMAPPED,0.5,1,,UNMAPPED,0.5,,global,1,,,,,,,,,"Makanan, Minuman & Tembakau > Item Makanan > Bahan Memasak & Baking > Tepung"
668,DURIAN,4,2,Makanan dan Minuman > FRESH > BUAH > DURIAN,False,EXACT,1.0,1,"Makanan, Minuman & Tembakau > Item Makanan > Buah & Sayur > Buah Segar & Beku > Durian",EXACT,1.0,exact-raw,vertical,1,fb-2-10-7-46,"Makanan, Minuman & Tembakau > Item Makanan > Buah & Sayur > Buah Segar & Beku > Durian","Food, Beverages & Tobacco > Food Items > Fruits & Vegetables > Fresh & Frozen Fruits > Durians",4,True,False,7,Informasi alergen | Preferensi diet | Bentuk produk makanan | Kultivar atau varietas buah | Gaya potongan buah | Tahap kematangan | Persyaratan penyimpanan,
694,IKAN SEGAR LAINNYA,4,2,Makanan dan Minuman > FRESH > IKAN & SEAFOOD SEGAR > IKAN SEGAR LAINNYA,False,UNMAPPED,0.333,8,,UNMAPPED,0.333,,global,8,,,,,,,,,Hewan & Perlengkapan Hewan Piaraan > Perlengkapan Hewan Piaraan > Perlengkapan Ikan & Akuatik > Makanan Ikan
700,BAWANG BOMBAY,4,2,Makanan dan Minuman > FRESH > SAYURAN SEGAR > BAWANG BOMBAY,False,UNMAPPED,0.333,4,,UNMAPPED,0.333,,global,4,,,,,,,,,"Makanan, Minuman & Tembakau > Item Makanan > Buah & Sayur > Sayur Segar & Beku > Bawang Putih"
704,BIT/BEETROOT,4,2,Makanan dan Minuman > FRESH > SAYURAN SEGAR > BIT/BEETROOT,False,UNMAPPED,0.5,1,,UNMAPPED,0.5,,global,1,,,,,,,,,"Makanan, Minuman & Tembakau > Item Makanan > Buah & Sayur > Sayur Segar & Beku > Bit"
709,CENGKEH,4,2,Makanan dan Minuman > FRESH > SAYURAN SEGAR > CENGKEH,False,UNMAPPED,0.0,0,,UNMAPPED,0.0,,global,0,,,,,,,,,
712,DAUN JERUK,4,2,Makanan dan Minuman > FRESH > SAYURAN SEGAR > DAUN JERUK,False,UNMAPPED,0.5,1,,UNMAPPED,0.5,,global,1,,,,,,,,,"Makanan, Minuman & Tembakau > Item Makanan > Buah & Sayur > Buah Segar & Beku > Buah Sitrus > Jeruk"
718,HORENZO,4,2,Makanan dan Minuman > FRESH > SAYURAN SEGAR > HORENZO,False,UNMAPPED,0.0,0,,UNMAPPED,0.0,,global,0,,,,,,,,,
722,JINTEN,4,2,Makanan dan Minuman > FRESH > SAYURAN SEGAR > JINTEN,False,UNMAPPED,0.0,0,,UNMAPPED,0.0,,global,0,,,,,,,,,
727,KALE,4,2,Makanan dan Minuman > FRESH > SAYURAN SEGAR > KALE,False,EXACT,1.0,1,"Makanan, Minuman & Tembakau > Item Makanan > Buah & Sayur > Sayur Segar & Beku > Sayuran Hijau > Kale",EXACT,1.0,exact-raw,vertical,1,fb-2-10-8-26-7,"Makanan, Minuman & Tembakau > Item Makanan > Buah & Sayur > Sayur Segar & Beku > Sayuran Hijau > Kale","Food, Beverages & Tobacco > Food Items > Fruits & Vegetables > Fresh & Frozen Vegetables > Greens > Kale",5,True,False,10,Informasi alergen | Metode memasak | Metode budidaya | Preferensi diet | Bentuk produk makanan | Tahap kematangan sayuran hijau | Varietas kale | Kondisi pencucian produk | Persyaratan penyimpanan | Gaya pengolahan sayuran,
743,LABU SIAM,4,2,Makanan dan Minuman > FRESH > SAYURAN SEGAR > LABU SIAM,False,UNMAPPED,0.333,2,,UNMAPPED,0.333,,global,2,,,,,,,,,Bisnis & Industri > Sains & Laboratorium > Perlengkapan Laboratorium > Labu Laboratorium
744,LABU/PUMPKIN,4,2,Makanan dan Minuman > FRESH > SAYURAN SEGAR > LABU/PUMPKIN,False,UNMAPPED,0.333,2,,UNMAPPED,0.333,,global,2,,,,,,,,,Bisnis & Industri > Sains & Laboratorium > Perlengkapan Laboratorium > Labu Laboratorium
752,OYONG,4,2,Makanan dan Minuman > FRESH > SAYURAN SEGAR > OYONG,False,UNMAPPED,0.0,0,,UNMAPPED,0.0,,global,0,,,,,,,,,
753,PAGODA,4,2,Makanan dan Minuman > FRESH > SAYURAN SEGAR > PAGODA,False,UNMAPPED,0.0,0,,UNMAPPED,0.0,,global,0,,,,,,,,,
757,PARIA,4,2,Makanan dan Minuman > FRESH > SAYURAN SEGAR > PARIA,False,UNMAPPED,0.0,0,,UNMAPPED,0.0,,global,0,,,,,,,,,
791,TELUR PUYUH PACK,4,2,Makanan dan Minuman > FRESH > TELUR > TELUR PUYUH PACK,False,UNMAPPED,0.333,1,,UNMAPPED,0.333,,global,1,,,,,,,,,"Makanan, Minuman & Tembakau > Item Makanan > Daging, Makanan Laut & Telur > Telur"
809,HAIR DETANGLER ANAK & BAYI,4,2,Keperluan Anak dan Bayi > PERAWATAN ANAK & BAYI > PERAWATAN RAMBUT ANAK & BAYI > HAIR DETANGLER ANAK & BAYI,True,UNMAPPED,0.4,11,,UNMAPPED,0.4,,global,11,,,,,,,,,Busana dan Aksesori > Pakaian > Pakaian Bayi & Anak
820,TERMOMETER,4,2,Keperluan Anak dan Bayi > PERALATAN UNTUK ANAK & BAYI > PERALATAN KEBERSIHAN ANAK & BAYI > TERMOMETER,False,UNMAPPED,0.5,12,,UNMAPPED,0.5,,global,12,,,,,,,,,Perkakas > Peralatan > Alat Ukur & Sensor > Termometer Inframerah
824,BOOSTER SEAT,4,2,Keperluan Anak dan Bayi > PERALATAN UNTUK ANAK & BAYI > PERALATAN MAKAN ANAK & BAYI > BOOSTER SEAT,False,UNMAPPED,0.333,3,,UNMAPPED,0.333,,global,3,,,,,,,,,Bayi & Balita > Transportasi Bayi > Kursi Mobil Bayi & Balita > Kursi Booster
828,PISPOT (POTTY),4,2,Keperluan Anak dan Bayi > PERALATAN UNTUK ANAK & BAYI > PERALATAN MANDI ANAK & BAYI > PISPOT (POTTY),False,UNMAPPED,0.5,2,,UNMAPPED,0.5,,global,2,,,,,,,,,Bayi & Balita > Pelatihan Toilet > Pispot
840,CAIRAN PEMBERSIH PERALATAN DAN PERLENGKAPAN ANAK & BAYI,4,2,Keperluan Anak dan Bayi > PERLENGKAPAN ANAK & BAYI > PERLENGKAPAN KEBERSIHAN ANAK & BAYI > CAIRAN PEMBERSIH PERALATAN DAN PERLENGKAPAN ANAK & BAYI,True,UNMAPPED,0.286,19,,UNMAPPED,0.286,,global,19,,,,,,,,,Hewan & Perlengkapan Hewan Piaraan > Perlengkapan Hewan Piaraan > Perlengkapan Ikan & Akuatik > Perlengkapan Pembersih Akuarium
916,DEODORAN,4,2,Perawatan Diri & Rumah Tangga > Perawatan Diri > FRAGRANCE & DEODORAN > DEODORAN,False,EXACT,1.0,1,Kesehatan & Kecantikan > Perawatan Tubuh > Deodoran & Anti-Perspiran > Deodoran,EXACT,1.0,exact-raw,vertical,1,hb-3-5-2,Kesehatan & Kecantikan > Perawatan Tubuh > Deodoran & Anti-Perspiran > Deodoran,Health & Beauty > Personal Care > Deodorants & Anti-Perspirant > Deodorants,3,True,False,10,Bahan aktif | Kandungan Alkohol/Pelarut | Jenis dispenser | Bahan | Sertifikasi & standar produk | Bentuk produk | Aroma | Cocok untuk jenis kulit | Jenis kelamin sasaran | Jenis penggunaan,
917,PARFUM (EAU DE TOILETTE),4,2,Perawatan Diri & Rumah Tangga > Perawatan Diri > FRAGRANCE & DEODORAN > PARFUM (EAU DE TOILETTE),False,AMBIGUOUS,0.75,2,Kesehatan & Kecantikan > Perawatan Tubuh > Kosmetik > Parfum & Cologne > Eau de Toilette,AMBIGUOUS,0.75,fuzzy-raw,vertical,2,,,,,,,,,
926,MAKANAN UNTUK DIET,4,2,Perawatan Diri & Rumah Tangga > Perawatan Diri > DIET > MAKANAN UNTUK DIET,False,UNMAPPED,0.333,34,,UNMAPPED,0.333,,global,34,,,,,,,,,Hewan & Perlengkapan Hewan Piaraan > Perlengkapan Hewan Piaraan > Perlengkapan Burung > Makanan Burung
928,PEREDA NYERI & OBAT LUAR,4,2,Perawatan Diri & Rumah Tangga > Perawatan Diri > OBAT-OBATAN > PEREDA NYERI & OBAT LUAR,False,UNMAPPED,0.5,1,,UNMAPPED,0.5,,global,1,,,,,,,,,Hewan & Perlengkapan Hewan Piaraan > Perlengkapan Hewan Piaraan > Obat Hewan Piaraan > Pereda Nyeri
943,DETERJEN PAKAIAN,4,2,Perawatan Diri & Rumah Tangga > Rumah Tangga > BAHAN LAUNDRY > DETERJEN PAKAIAN,False,UNMAPPED,0.5,2,,UNMAPPED,0.5,,global,2,,,,,,,,,Busana dan Aksesori > Pakaian
971,ANTENA MOBIL,4,2,"Hobi, Ibadah, dan Olahraga > Perawatan & Suku Cadang Mobil > AKSESORIS MOBIL > ANTENA MOBIL",False,UNMAPPED,0.5,3,,UNMAPPED,0.5,,global,3,,,,,,,,,Seni & Hiburan > Hobi & Seni Kreatif > Barang Koleksi > Model Skala > Mobil
1002,KOMPON MOTOR,4,2,"Hobi, Ibadah, dan Olahraga > Perawatan & Suku Cadang Motor > PERAWATAN MOTOR > KOMPON MOTOR",False,UNMAPPED,0.333,20,,UNMAPPED,0.333,,global,20,,,,,,,,,Seni & Hiburan > Hobi & Seni Kreatif > Barang Koleksi > Model Skala > Sepeda Motor
1014,GUNTING BENANG,4,2,"Hobi, Ibadah, dan Olahraga > MENJAHIT > GUNTING JAHIT > GUNTING BENANG",False,UNMAPPED,0.333,26,,UNMAPPED,0.333,,global,26,,,,,,,,,Hewan & Perlengkapan Hewan Piaraan > Perlengkapan Hewan Piaraan > Perlengkapan Perawatan Hewan Piaraan > Clipper & Trimmer Bulu Hewan Piaraan > Gunting Besar & Gunting
1050,SARUNG TANGAN OLAHRAGA,4,2,"Hobi, Ibadah, dan Olahraga > OLAHRAGA > PERALATAN & PERLENGKAPAN FITNESS > SARUNG TANGAN OLAHRAGA",False,AMBIGUOUS,0.667,3,Seni & Hiburan > Hobi & Seni Kreatif > Barang Koleksi > Koleksi Olahraga > Aksesori Kipas Olahraga > Sarung Tangan,AMBIGUOUS,0.667,fuzzy-raw,vertical,3,,,,,,,,,
1061,LAMPU UNTUK SEPEDA,4,2,"Hobi, Ibadah, dan Olahraga > OLAHRAGA > PERALATAN & PERLENGKAPAN SEPEDA > LAMPU UNTUK SEPEDA",False,EXACT,1.0,1,Peralatan Olahraga > Rekreasi Luar Ruang > Bersepeda > Aksesori Sepeda > Lampu Sepeda,EXACT,1.0,exact-raw,vertical,1,sg-4-4-1-30,Peralatan Olahraga > Rekreasi Luar Ruang > Bersepeda > Aksesori Sepeda > Lampu Sepeda,Sporting Goods > Outdoor Recreation > Cycling > Bicycle Accessories > Bicycle Lights,4,True,False,5,Ukuran baterai | Jenis baterai | Warna | Tipe sepeda yang kompatibel | Pola,
1065,PELUIT,4,2,"Hobi, Ibadah, dan Olahraga > OLAHRAGA > PERALATAN & PERLENGKAPAN WASIT > PELUIT",False,EXACT,1.0,1,Seni & Hiburan > Pesta & Perayaan > Perlengkapan Pesta > Pembuat Kebisingan & Peniup Pesta > Peluit,EXACT,1.0,exact-raw,vertical,1,ae-3-2-17-5,Seni & Hiburan > Pesta & Perayaan > Perlengkapan Pesta > Pembuat Kebisingan & Peniup Pesta > Peluit,Arts & Entertainment > Party & Celebration > Party Supplies > Noisemakers & Party Blowers > Whistles,4,True,False,7,Ukuran baterai | Jenis baterai | Warna | Bahan | Pola | Fitur lampu peluit | Gaya suara siulan,
1069,PERALATAN PERAWATAN BURUNG,4,2,"Hobi, Ibadah, dan Olahraga > HEWAN PELIHARAAN > PERAWATAN HEWAN PELIHARAAN > PERALATAN PERAWATAN BURUNG",False,UNMAPPED,0.5,1,,UNMAPPED,0.5,,global,1,,,,,,,,,Peralatan Olahraga > Rekreasi Luar Ruang > Skateboard > Peralatan dan Perawatan Skateboard
1101,POWER SUPPLY UNIT (PSU),4,2,Elektronik > ALAT ELEKTRONIK KANTOR & GADGET > SUKU CADANG KOMPUTER > POWER SUPPLY UNIT (PSU),False,UNMAPPED,0.2,7,,UNMAPPED,0.2,,global,7,,,,,,,,,Elektronik > Komunikasi > Aksesori Interkom > Unit Mikrofon
1118,BAK STEMPEL,4,2,Alat dan Buku Tulis > PERALATAN UMUM > CAP/STEMPEL > BAK STEMPEL,False,UNMAPPED,0.333,13,,UNMAPPED,0.333,,global,13,,,,,,,,,Seni & Hiburan > Hobi & Seni Kreatif > Seni & Kerajinan > Aksesori Alat Seni & Kerajinan > Blok Stempel
1200,LUARAN MUSLIM WANITA,4,2,Fashion > FASHION WANITA > BAJU MUSLIM WANITA > LUARAN MUSLIM WANITA,True,UNMAPPED,0.2,3,,UNMAPPED,0.2,,global,3,,,,,,,,,Busana dan Aksesori > Pakaian > Lingeri > Celana Dalam Wanita
1209,SYAL BATIK WANITA,4,2,Fashion > FASHION WANITA > BATIK WANITA > SYAL BATIK WANITA,True,UNMAPPED,0.333,1,,UNMAPPED,0.5,,global,1,,,,,,,,,Seni & Hiburan > Hobi & Seni Kreatif > Barang Koleksi > Koleksi Olahraga > Aksesori Kipas Olahraga > Syal
1219,GAUN KASUAL,4,2,Fashion > FASHION WANITA > GAUN > GAUN KASUAL,False,UNMAPPED,0.333,7,,UNMAPPED,0.333,,global,7,,,,,,,,,"Busana dan Aksesori > Pakaian > Pakaian Aktif > Dress Tari, Rok & Kostum > Gaun Tari"
1222,GAUN PESTA,4,2,Fashion > FASHION WANITA > GAUN > GAUN PESTA,False,FUZZY,0.667,1,Busana dan Aksesori > Pakaian > Gaun Pengantin & Pesta Pernikahan > Gaun Pesta Pernikahan,FUZZY,0.667,fuzzy-raw,vertical,1,aa-1-22-1,Busana dan Aksesori > Pakaian > Gaun Pengantin & Pesta Pernikahan > Gaun Pesta Pernikahan,Apparel & Accessories > Clothing > Wedding & Bridal Party Dresses > Bridal Party Dresses,3,False,True,15,Kelompok usia | Fitur pakaian | Warna | Hiasan gaun | Acara dress | Gaya dress | Jenis ekor gaun | Kain | Garis leher | Pola | Ukuran | Jenis ukuran | Jenis panjang rok/gaun | Jenis panjang lengan | Jenis kelamin sasaran,
1235,ATASAN OLAHRAGA WANITA,4,2,Fashion > PAKAIAN OLAHRAGA > PAKAIAN OLAHRAGA WANITA > ATASAN OLAHRAGA WANITA,True,UNMAPPED,0.25,25,,UNMAPPED,0.333,,global,18,,,,,,,,,Busana dan Aksesori > Pakaian > Pakaian Aktif > Atasan Aktif
1300,KUAS BIBIR,4,2,Kosmetik dan Alat Kecantikan > ALAT KECANTIKAN > KUAS & APLIKATOR MAKE UP > KUAS BIBIR,False,UNMAPPED,0.333,11,,UNMAPPED,0.333,,global,11,,,,,,,,,Seni & Hiburan > Hobi & Seni Kreatif > Seni & Kerajinan > Alat Seni & Kerajinan > Alat Ukur & Penanda Kerajinan > Kuas Seni
1335,NASI SIAP SAJI,5,2,Makanan dan Minuman > MAKANAN & BAHAN MAKANAN > MAKANAN DALAM KEMASAN & KALENG > MAKANAN SIAP SAJI > NASI SIAP SAJI,False,UNMAPPED,0.5,1,,UNMAPPED,0.5,,global,1,,,,,,,,,"Makanan, Minuman & Tembakau > Item Makanan > Makanan Olahan > Makanan Pembuka & Pendamping Olahan > Salad Siap Saji"
1347,KECAP MANIS,5,2,Makanan dan Minuman > MAKANAN & BAHAN MAKANAN > SAUS > KECAP > KECAP MANIS,False,UNMAPPED,0.5,1,,UNMAPPED,0.5,,global,1,,,,,,,,,"Makanan, Minuman & Tembakau > Item Makanan > Kondimen & Saus > Kecap"
1421,ANTI SUMBAT,5,2,Perawatan Diri & Rumah Tangga > Rumah Tangga > BAHAN PEMBERSIH RUMAH > PEMBERSIH KAMAR MANDI > ANTI SUMBAT,False,UNMAPPED,0.5,1,,UNMAPPED,0.5,,global,1,,,,,,,,,Perkakas > Perpipaan > Fitting & Pendukung Perpipaan > Tutup & Sumbat Pipa > Sumbat
1425,KARBOL,5,2,Perawatan Diri & Rumah Tangga > Rumah Tangga > BAHAN PEMBERSIH RUMAH > PEMBERSIH LANTAI > KARBOL,False,UNMAPPED,0.0,0,,UNMAPPED,0.0,,global,0,,,,,,,,,
1451,SELANG PIANIKA,5,2,"Hobi, Ibadah, dan Olahraga > OLAHRAGA > ALAT MUSIK > PIANIKA > SELANG PIANIKA",False,UNMAPPED,0.333,15,,UNMAPPED,0.333,,global,15,,,,,,,,,Perkakas > Aksesori Perkakas > Selang Gas
1485,OBAT PENCAHAR,6,2,Perawatan Diri & Rumah Tangga > Perawatan Diri > OBAT-OBATAN > OBAT MINUM > OBAT MINUM UNTUK PENCERNAAN & MAAG > OBAT PENCAHAR,False,UNMAPPED,0.333,5,,UNMAPPED,0.333,,global,5,,,,,,,,,Hewan & Perlengkapan Hewan Piaraan > Perlengkapan Hewan Piaraan > Perlengkapan Ikan & Akuatik > Makanan Ikan > Makanan Obat
1488,KAMPER / KAPUR BARUS (CAMPHOR/NAPHTALENE BALL) DENGAN GANTUNGAN REFILL SAJA,6,2,Perawatan Diri & Rumah Tangga > Rumah Tangga > ANTI HAMA & SERANGGA > KAMPER / KAPUR BARUS (CAMPHOR/NAPHTALENE BALL) > KAMPER / KAPUR BARUS (CAMPHOR/NAPHTALENE BALL) DENGAN GANTUNGAN > KAMPER / KAPUR BARUS (CAMPHOR/NAPHTALENE BALL) DENGAN GANTUNGAN REFILL SAJA,False,UNMAPPED,0.111,3,,UNMAPPED,0.111,,global,3,,,,,,,,,Busana dan Aksesori > Perhiasan > Bandul & Liontin > Gantungan
1498,CAIRAN PEMBERSIH KACA KEMASAN JERIGEN,6,2,Perawatan Diri & Rumah Tangga > Rumah Tangga > BAHAN PEMBERSIH RUMAH > PEMBERSIH KACA > CAIRAN PEMBERSIH KACA > CAIRAN PEMBERSIH KACA KEMASAN JERIGEN,False,UNMAPPED,0.4,1,,UNMAPPED,0.4,,global,1,,,,,,,,,Rumah & Taman > Perlengkapan Rumah Tangga > Perlengkapan Pembersih Rumah Tangga > Produk Pembersih Rumah Tangga > Pembersih Kaca & Permukaan > Pembersih Kaca
1511,PEMBERSIH MULTIFUNGSI KRIM,6,2,Perawatan Diri & Rumah Tangga > Rumah Tangga > BAHAN PEMBERSIH RUMAH > PERAWATAN & PEMBERSIH RUMAH TANGGA LAINNYA > PEMBERSIH MULTIFUNGSI > PEMBERSIH MULTIFUNGSI KRIM,False,UNMAPPED,0.333,1,,UNMAPPED,0.333,,global,1,,,,,,,,,"Makanan, Minuman & Tembakau > Item Makanan > Produk Susu > Krim"
1534,HOLDER SIKAT GIGI,6,2,Perawatan Diri & Rumah Tangga > Rumah Tangga > Peralatan & Perlengkapan Rumah Tangga > PERALATAN RUMAH TANGGA > PERALATAN DAN PENYIMPANAN DI KAMAR MANDI > HOLDER SIKAT GIGI,False,AMBIGUOUS,0.667,2,Hewan & Perlengkapan Hewan Piaraan > Perlengkapan Hewan Piaraan > Perlengkapan Perawatan Mulut Hewan Piaraan > Sikat Gigi,FUZZY,0.667,fuzzy-raw,vertical,1,hb-3-12-17,Kesehatan & Kecantikan > Perawatan Tubuh > Perawatan Mulut > Sikat Gigi,Health & Beauty > Personal Care > Oral Care > Toothbrushes,3,False,True,16,Kelompok usia | Ukuran baterai | Jenis baterai | Bahan bulu sikat | Bentuk bulu sikat | Warna | Kekerasan | Bahan pegangan | Jenis Kayu | Bahan | Fungsi perawatan mulut | Pola | Bentuk produk | Ukuran kepala sikat gigi | Jenis penggunaan | Finishing kayu,
1538,TEMPAT SABUN BATANG,6,2,Perawatan Diri & Rumah Tangga > Rumah Tangga > Peralatan & Perlengkapan Rumah Tangga > PERALATAN RUMAH TANGGA > PERALATAN DAN PENYIMPANAN DI KAMAR MANDI > TEMPAT SABUN BATANG,False,FUZZY,0.667,1,Kesehatan & Kecantikan > Perawatan Tubuh > Kosmetik > Mandi & Perawatan Tubuh > Sabun Batang,FUZZY,0.667,fuzzy-raw,vertical,1,hb-3-2-1-1,Kesehatan & Kecantikan > Perawatan Tubuh > Kosmetik > Mandi & Perawatan Tubuh > Sabun Batang,Health & Beauty > Personal Care > Cosmetics > Bath & Body > Bar Soap,4,True,False,18,Kelompok usia | Kandungan Alkohol/Pelarut | Area tubuh | Warna | Bahan penyusun | Jenis agen eksfoliasi | Keharuman | Bahan-bahan | Bahan | Jenis kemasan | Pola | Sertifikasi & standar produk | Bentuk produk | Aroma | Bentuk | Efek perawatan kulit | Metode pembuatan sabun | Cocok untuk jenis kulit,
1555,PAPAN CUCIAN (PENGGILESAN),6,2,Perawatan Diri & Rumah Tangga > Rumah Tangga > Peralatan & Perlengkapan Rumah Tangga > PERALATAN RUMAH TANGGA > PERALATAN DAN PENYIMPANAN PAKAIAN DAN CUCIAN > PAPAN CUCIAN (PENGGILESAN),False,UNMAPPED,0.333,1,,UNMAPPED,0.333,,global,1,,,,,,,,,Perkakas > Bahan Bangunan > Panel Dinding > Papan
1579,KEMOCENG BULU AYAM,7,2,Perawatan Diri & Rumah Tangga > Rumah Tangga > Peralatan & Perlengkapan Rumah Tangga > PERALATAN RUMAH TANGGA > PERALATAN KEBERSIHAN RUMAH TANGGA > KEMOCENG > KEMOCENG BULU AYAM,False,UNMAPPED,0.5,1,,UNMAPPED,0.5,,global,1,,,,,,,,,Seni & Hiburan > Hobi & Seni Kreatif > Seni & Kerajinan > Bahan Seni & Kerajinan > Hiasan & Trim > Bulu > Bulu Ayam Jantan
1600,SIKAT BAJU,7,2,Perawatan Diri & Rumah Tangga > Rumah Tangga > Peralatan & Perlengkapan Rumah Tangga > PERALATAN RUMAH TANGGA > PERALATAN KEBERSIHAN RUMAH TANGGA > SIKAT > SIKAT BAJU,False,UNMAPPED,0.5,2,,UNMAPPED,0.5,,global,2,,,,,,,,,Hewan & Perlengkapan Hewan Piaraan > Perlengkapan Hewan Piaraan > Perlengkapan Perawatan Hewan Piaraan > Sisir & Sikat Hewan Piaraan > Sikat
1605,SIKAT TANGAN,7,2,Perawatan Diri & Rumah Tangga > Rumah Tangga > Peralatan & Perlengkapan Rumah Tangga > PERALATAN RUMAH TANGGA > PERALATAN KEBERSIHAN RUMAH TANGGA > SIKAT > SIKAT TANGAN,False,UNMAPPED,0.5,2,,UNMAPPED,0.5,,global,2,,,,,,,,,Hewan & Perlengkapan Hewan Piaraan > Perlengkapan Hewan Piaraan > Perlengkapan Perawatan Hewan Piaraan > Sisir & Sikat Hewan Piaraan > Sikat
1615,HOLDER SIKAT GIGI DEWASA,7,2,Perawatan Diri & Rumah Tangga > Rumah Tangga > Peralatan & Perlengkapan Rumah Tangga > PERALATAN RUMAH TANGGA > PERALATAN DAN PENYIMPANAN DI KAMAR MANDI > HOLDER SIKAT GIGI > HOLDER SIKAT GIGI DEWASA,True,UNMAPPED,0.5,2,,FUZZY,0.667,fuzzy-stripped,vertical,1,hb-3-12-17,Kesehatan & Kecantikan > Perawatan Tubuh > Perawatan Mulut > Sikat Gigi,Health & Beauty > Personal Care > Oral Care > Toothbrushes,3,False,True,16,Kelompok usia | Ukuran baterai | Jenis baterai | Bahan bulu sikat | Bentuk bulu sikat | Warna | Kekerasan | Bahan pegangan | Jenis Kayu | Bahan | Fungsi perawatan mulut | Pola | Bentuk produk | Ukuran kepala sikat gigi | Jenis penggunaan | Finishing kayu,
1631,COFFEE PLUNGER (ALAT PENYEDUH BUBUK KOPI),7,2,Perawatan Diri & Rumah Tangga > Rumah Tangga > Peralatan & Perlengkapan Rumah Tangga > PERALATAN RUMAH TANGGA > PERALATAN DAN PENYIMPANAN DI DAPUR > ALAT DAPUR & AKSESORIS DAPUR > COFFEE PLUNGER (ALAT PENYEDUH BUBUK KOPI),False,UNMAPPED,0.286,3,,UNMAPPED,0.286,,global,3,,,,,,,,,"Makanan, Minuman & Tembakau > Minuman > Kopi > Biji Kopi & Kopi Bubuk"
1657,SHAKER STAINLESS STEEL,7,2,Perawatan Diri & Rumah Tangga > Rumah Tangga > Peralatan & Perlengkapan Rumah Tangga > PERALATAN RUMAH TANGGA > PERALATAN DAN PENYIMPANAN DI DAPUR > ALAT DAPUR & AKSESORIS DAPUR > SHAKER STAINLESS STEEL,False,UNMAPPED,0.25,3,,UNMAPPED,0.25,,global,3,,,,,,,,,Seni & Hiburan > Hobi & Seni Kreatif > Alat Musik > Perkusi > Perkusi Tangan > Shaker Musik
1668,KUKUSAN DARI ANYAMAN,7,2,Perawatan Diri & Rumah Tangga > Rumah Tangga > Peralatan & Perlengkapan Rumah Tangga > PERALATAN RUMAH TANGGA > PERALATAN DAN PENYIMPANAN DI DAPUR > ALAT MASAK > KUKUSAN DARI ANYAMAN,False,UNMAPPED,0.0,0,,UNMAPPED,0.0,,global,0,,,,,,,,,
1684,PISAU MAKAN,7,2,Perawatan Diri & Rumah Tangga > Rumah Tangga > Peralatan & Perlengkapan Rumah Tangga > PERALATAN RUMAH TANGGA > PERALATAN DAN PENYIMPANAN DI DAPUR > PERALATAN MAKAN > PISAU MAKAN,False,EXACT,1.0,1,Rumah & Taman > Dapur & Ruang Makan > Peralatan Makan > Peralatan Makan > Pisau Makan,EXACT,1.0,exact-raw,vertical,1,hg-11-10-6-7,Rumah & Taman > Dapur & Ruang Makan > Peralatan Makan > Peralatan Makan > Pisau Makan,Home & Garden > Kitchen & Dining > Tableware > Flatware > Table Knives,4,True,False,11,Ukuran aksesori | Bahan mata pisau | Petunjuk pembersihan | Jenis tepi | Finis | Bahan peralatan makan | Peralatan makan yang disertakan | Warna pegangan | Bahan pegangan | Pola pegangan | Bahan peralatan makan,
1718,PANCI PANGGANGAN,8,2,Perawatan Diri & Rumah Tangga > Rumah Tangga > Peralatan & Perlengkapan Rumah Tangga > PERALATAN RUMAH TANGGA > PERALATAN DAN PENYIMPANAN DI DAPUR > ALAT MASAK > PANCI > PANCI PANGGANGAN,False,UNMAPPED,0.5,1,,UNMAPPED,0.5,,global,1,,,,,,,,,Rumah & Taman > Dapur & Ruang Makan > Aksesori Peralatan Dapur > Aksesori Pembuat Yoghurt > Panci
1758,GELAS / CUP PORSELEN,8,2,Perawatan Diri & Rumah Tangga > Rumah Tangga > Peralatan & Perlengkapan Rumah Tangga > PERALATAN RUMAH TANGGA > PERALATAN DAN PENYIMPANAN DI DAPUR > PERALATAN MAKAN > GELAS/CUP > GELAS / CUP PORSELEN,False,UNMAPPED,0.25,18,,UNMAPPED,0.25,,global,18,,,,,,,,,Bayi & Balita > Perawatan & Pemberian Makan > Kebutuhan Pokok Pemberian Makan > Gelas Sippy
1764,MUG PORSELEN,8,2,Perawatan Diri & Rumah Tangga > Rumah Tangga > Peralatan & Perlengkapan Rumah Tangga > PERALATAN RUMAH TANGGA > PERALATAN DAN PENYIMPANAN DI DAPUR > PERALATAN MAKAN > MUG > MUG PORSELEN,False,UNMAPPED,0.5,1,,UNMAPPED,0.5,,global,1,,,,,,,,,Rumah & Taman > Dapur & Ruang Makan > Peralatan Makan > Peralatan Minum > Mug
1768,CANGKIR MELAMIN,8,2,Perawatan Diri & Rumah Tangga > Rumah Tangga > Peralatan & Perlengkapan Rumah Tangga > PERALATAN RUMAH TANGGA > PERALATAN DAN PENYIMPANAN DI DAPUR > PERALATAN MAKAN > CANGKIR > CANGKIR MELAMIN,False,UNMAPPED,0.333,9,,UNMAPPED,0.333,,global,9,,,,,,,,,Seni & Hiburan > Hobi & Seni Kreatif > Aksesori Alat Musik & Orkestra > Aksesori Alat Musik Tiup Logam > Peredam Alat Musik Tiup Logam > Peredam Cangkir
1772,PISAU MAKAN PLASTIK,8,2,Perawatan Diri & Rumah Tangga > Rumah Tangga > Peralatan & Perlengkapan Rumah Tangga > PERALATAN RUMAH TANGGA > PERALATAN DAN PENYIMPANAN DI DAPUR > PERALATAN MAKAN > PISAU MAKAN > PISAU MAKAN PLASTIK,False,FUZZY,0.667,1,Rumah & Taman > Dapur & Ruang Makan > Peralatan Makan > Peralatan Makan > Pisau Makan,FUZZY,0.667,fuzzy-raw,vertical,1,hg-11-10-6-7,Rumah & Taman > Dapur & Ruang Makan > Peralatan Makan > Peralatan Makan > Pisau Makan,Home & Garden > Kitchen & Dining > Tableware > Flatware > Table Knives,4,True,False,11,Ukuran aksesori | Bahan mata pisau | Petunjuk pembersihan | Jenis tepi | Finis | Bahan peralatan makan | Peralatan makan yang disertakan | Warna pegangan | Bahan pegangan | Pola pegangan | Bahan peralatan makan,
1783,SENDOK ES KRIM KAYU,8,2,Perawatan Diri & Rumah Tangga > Rumah Tangga > Peralatan & Perlengkapan Rumah Tangga > PERALATAN RUMAH TANGGA > PERALATAN DAN PENYIMPANAN DI DAPUR > PERALATAN MAKAN > STIK KAYU UNTUK ESKRIM > SENDOK ES KRIM KAYU,False,UNMAPPED,0.5,2,,UNMAPPED,0.5,,global,2,,,,,,,,,"Makanan, Minuman & Tembakau > Item Makanan > Hidangan Pencuci Mulut Beku & Kebaruan > Es Krim & Yoghurt Beku > Es Krim"
1853,SAOS CABAI KEMASAN JERIGEN,6,2,Makanan dan Minuman > MAKANAN & BAHAN MAKANAN > SAUS > SAOS  PEDAS & SAMBAL > SAOS CABAI > SAOS CABAI KEMASAN JERIGEN,False,UNMAPPED,0.167,1,,UNMAPPED,0.167,,global,1,,,,,,,,,Kesehatan & Kecantikan > Perawatan Tubuh > Kosmetik > Alat Kosmetik > Kemasan dan Wadah Kosmetik
1855,SAOS TOMAT KEMASAN JERIGEN,6,2,Makanan dan Minuman > MAKANAN & BAHAN MAKANAN > SAUS > SAOS  PEDAS & SAMBAL > SAOS TOMAT > SAOS TOMAT KEMASAN JERIGEN,False,UNMAPPED,0.25,1,,UNMAPPED,0.25,,global,1,,,,,,,,,"Makanan, Minuman & Tembakau > Item Makanan > Buah & Sayur > Sayur Segar & Beku > Tomat"
1871,KARBOL KEMASAN SACHET,6,2,Perawatan Diri & Rumah Tangga > Rumah Tangga > BAHAN PEMBERSIH RUMAH > PEMBERSIH LANTAI > KARBOL > KARBOL KEMASAN SACHET,False,UNMAPPED,0.2,1,,UNMAPPED,0.2,,global,1,,,,,,,,,Kesehatan & Kecantikan > Perawatan Tubuh > Kosmetik > Alat Kosmetik > Kemasan dan Wadah Kosmetik
4,Perbaikan Rumah,1,1,Perbaikan Rumah,False,FUZZY,0.667,1,Layanan > Layanan Perbaikan Rumah,FUZZY,0.667,fuzzy-raw,global,1,se-5,Layanan > Layanan Perbaikan Rumah,Services > Home Improvement Services,1,False,True,0,,
102,PRODUK SUSU,3,1,Makanan dan Minuman > MAKANAN & BAHAN MAKANAN > PRODUK SUSU,False,EXACT,1.0,1,"Makanan, Minuman & Tembakau > Item Makanan > Produk Susu",EXACT,1.0,exact-raw,vertical,1,fb-2-6,"Makanan, Minuman & Tembakau > Item Makanan > Produk Susu","Food, Beverages & Tobacco > Food Items > Dairy Products",2,False,True,5,Informasi alergen | Varian beta-kasein | Preferensi diet | Hewan penghasil susu | Persyaratan penyimpanan,
124,PERALATAN BEPERGIAN ANAK & BAYI,3,1,Keperluan Anak dan Bayi > PERALATAN UNTUK ANAK & BAYI > PERALATAN BEPERGIAN ANAK & BAYI,True,UNMAPPED,0.4,11,,UNMAPPED,0.4,,global,11,,,,,,,,,Busana dan Aksesori > Pakaian > Pakaian Bayi & Anak
127,PERALATAN MENYUSUI ANAK & BAYI,3,1,Keperluan Anak dan Bayi > PERALATAN UNTUK ANAK & BAYI > PERALATAN MENYUSUI ANAK & BAYI,True,UNMAPPED,0.4,11,,UNMAPPED,0.4,,global,11,,,,,,,,,Busana dan Aksesori > Pakaian > Pakaian Bayi & Anak
131,PERLENGKAPAN MAKAN ANAK & BAYI ,3,1,Keperluan Anak dan Bayi > PERLENGKAPAN ANAK & BAYI > PERLENGKAPAN MAKAN ANAK & BAYI ,True,UNMAPPED,0.429,1,,UNMAPPED,0.429,,global,1,,,,,,,,,Furnitur > Furnitur Bayi & Balita > Kursi Tinggi & Booster > Perlengkapan Kursi Makan Bayi dan Bayi Baru Lahir
150,BAHAN PEMBERSIH RUMAH,3,1,Perawatan Diri & Rumah Tangga > Rumah Tangga > BAHAN PEMBERSIH RUMAH,False,FUZZY,0.667,1,Rumah & Taman > Rumput & Taman > Aksesori Peralatan Listrik Luar Ruang > Aksesori Pencuci Bertekanan > Bahan Pembersih,FUZZY,0.667,fuzzy-raw,vertical,1,hg-12-4-8-4,Rumah & Taman > Rumput & Taman > Aksesori Peralatan Listrik Luar Ruang > Aksesori Pencuci Bertekanan > Bahan Pembersih,Home & Garden > Lawn & Garden > Outdoor Power Equipment Accessories > Pressure Washer Accessories > Cleaning Agents,4,True,False,7,Bentuk produk kimia | Permukaan pembersihan | Warna | Keharuman | Jenis pabrikan | Tingkat PH | Sertifikasi & standar produk,
175,FOAM BUTIRAN,3,1,Perbaikan Rumah > MATERIAL PERBAIKAN RUMAH > FOAM BUTIRAN,False,UNMAPPED,0.25,1,,UNMAPPED,0.25,,global,1,,,,,,,,,Peralatan Olahraga > Atletik > Gimnastik > Alat Bantu Pelatihan Gimnastik > Foam Pit Gimnastik
231,PERALATAN & PERLENGKAPAN FITNESS,3,1,"Hobi, Ibadah, dan Olahraga > OLAHRAGA > PERALATAN & PERLENGKAPAN FITNESS",False,UNMAPPED,0.5,6,,UNMAPPED,0.5,,global,6,,,,,,,,,Kamera & Optik > Fotografi > Kamar Gelap > Peralatan Pengembangan & Pemrosesan Foto > Peralatan & Perlengkapan Retouching
235,PERALATAN & PERLENGKAPAN TENNIS,3,1,"Hobi, Ibadah, dan Olahraga > OLAHRAGA > PERALATAN & PERLENGKAPAN TENNIS",False,UNMAPPED,0.5,6,,UNMAPPED,0.5,,global,6,,,,,,,,,Kamera & Optik > Fotografi > Kamar Gelap > Peralatan Pengembangan & Pemrosesan Foto > Peralatan & Perlengkapan Retouching
242,GACOK,3,1,"Hobi, Ibadah, dan Olahraga > BERKEBUN > GACOK",False,UNMAPPED,0.0,0,,UNMAPPED,0.0,,global,0,,,,,,,,,
274,ALAT PRESS PLASTIK (IMPULSE SEALER),3,1,Elektronik > ALAT ELEKTRONIK RUMAH LAINNYA > ALAT PRESS PLASTIK (IMPULSE SEALER),False,UNMAPPED,0.4,1,,UNMAPPED,0.4,,global,1,,,,,,,,,Perlengkapan Kantor > Impulse Sealer
288,LAMPU PERANGKAP NYAMUK,3,1,Elektronik > ALAT ELEKTRONIK RUMAH LAINNYA > LAMPU PERANGKAP NYAMUK,False,UNMAPPED,0.333,1,,UNMAPPED,0.333,,global,1,,,,,,,,,Rumah & Taman > Pencahayaan > Lampu
295,TELEPON,3,1,Elektronik > ALAT ELEKTRONIK RUMAH LAINNYA > TELEPON,False,UNMAPPED,0.5,10,,UNMAPPED,0.5,,global,10,,,,,,,,,Elektronik > Komunikasi > Teleponi > Telepon Konferensi
323,CAPING TOPI PETANI,3,1,Alat dan Buku Tulis > DEKORASI & KELENGKAPAN PESTA > CAPING TOPI PETANI,False,UNMAPPED,0.333,3,,UNMAPPED,0.333,,global,3,,,,,,,,,Busana dan Aksesori > Aksesori Pakaian > Topi
327,PELUIT LIDAH,3,1,Alat dan Buku Tulis > DEKORASI & KELENGKAPAN PESTA > PELUIT LIDAH,False,UNMAPPED,0.5,1,,UNMAPPED,0.5,,global,1,,,,,,,,,Seni & Hiburan > Pesta & Perayaan > Perlengkapan Pesta > Pembuat Kebisingan & Peniup Pesta > Peluit
331,TOPENG PESTA,3,1,Alat dan Buku Tulis > DEKORASI & KELENGKAPAN PESTA > TOPENG PESTA,False,UNMAPPED,0.5,1,,UNMAPPED,0.5,,global,1,,,,,,,,,Busana dan Aksesori > Kostum & Aksesori > Topeng
364,MESIN PENEMPEL LABEL,3,1,Alat dan Buku Tulis > PERALATAN UMUM > MESIN PENEMPEL LABEL,False,UNMAPPED,0.25,61,,UNMAPPED,0.25,,global,61,,,,,,,,,Seni & Hiburan > Hobi & Seni Kreatif > Seni & Kerajinan > Bahan Seni & Kerajinan > Hiasan & Trim > Label Jahit
369,STAPLER & REFILL,3,1,Alat dan Buku Tulis > PERALATAN UMUM > STAPLER & REFILL,False,UNMAPPED,0.0,0,,UNMAPPED,0.0,,global,0,,,,,,,,,
381,JEPIT DASI ,3,1,Fashion > AKSESORIS FASHION DEWASA > JEPIT DASI ,False,UNMAPPED,0.5,1,,UNMAPPED,0.5,,global,1,,,,,,,,,Busana dan Aksesori > Aksesori Pakaian > Dasi
414,PAKAIAN OLAHRAGA WANITA,3,1,Fashion > PAKAIAN OLAHRAGA > PAKAIAN OLAHRAGA WANITA,True,UNMAPPED,0.4,2,,UNMAPPED,0.5,,global,1,,,,,,,,,Busana dan Aksesori > Pakaian
457,LIP LINER,3,1,Kosmetik dan Alat Kecantikan > MAKE UP BIBIR > LIP LINER,False,UNMAPPED,0.333,5,,UNMAPPED,0.333,,global,5,,,,,,,,,Kesehatan & Kecantikan > Perawatan Tubuh > Kosmetik > Makeup > Riasan Bibir > Lip Gloss
481,DART,3,1,Mainan dan Alat Lainnya > MAINAN DENGAN PAPAN (BOARD GAME) > DART,False,UNMAPPED,0.0,0,,UNMAPPED,0.0,,global,0,,,,,,,,,
492,BUBBLE WRAP ,3,1,Mainan dan Alat Lainnya > ALAT LAINNYA > BUBBLE WRAP ,False,UNMAPPED,0.333,3,,UNMAPPED,0.333,,global,3,,,,,,,,,Busana dan Aksesori > Pakaian > Pakaian Bayi & Anak > Pakaian Luar Bayi & Anak > Mantel & Jaket Bayi & Anak > Mantel Wrap
493,KOMPAS,3,1,Mainan dan Alat Lainnya > ALAT LAINNYA > KOMPAS,False,UNMAPPED,0.5,2,,UNMAPPED,0.5,,global,2,,,,,,,,,Seni & Hiburan > Hobi & Seni Kreatif > Seni & Kerajinan > Alat Seni & Kerajinan > Alat Ukur & Penanda Kerajinan > Kompas Drafting
503,JUS BUAH & SAYURAN,4,1,Makanan dan Minuman > MINUMAN > MINUMAN DALAM KEMASAN > JUS BUAH & SAYURAN,False,FUZZY,0.667,1,"Makanan, Minuman & Tembakau > Minuman > Minuman Berperisa Buah > Jus Buah",FUZZY,0.667,fuzzy-raw,vertical,1,fb-1-5-1,"Makanan, Minuman & Tembakau > Minuman > Minuman Berperisa Buah > Jus Buah","Food, Beverages & Tobacco > Beverages > Fruit Flavored Drinks > Fruit Punch",3,True,False,6,Informasi alergen | Preferensi diet | Suplemen makanan | Rasa | Jenis kemasan | Inklusi tekstur,
592,PANCAKE BEKU,4,1,Makanan dan Minuman > MAKANAN & BAHAN MAKANAN > MAKANAN BEKU > PANCAKE BEKU,False,UNMAPPED,0.333,2,,UNMAPPED,0.333,,global,2,,,,,,,,,Hewan & Perlengkapan Hewan Piaraan > Perlengkapan Hewan Piaraan > Perlengkapan Ikan & Akuatik > Makanan Ikan > Makanan Beku
593,PIZZA BEKU,4,1,Makanan dan Minuman > MAKANAN & BAHAN MAKANAN > MAKANAN BEKU > PIZZA BEKU,False,UNMAPPED,0.333,6,,UNMAPPED,0.333,,global,6,,,,,,,,,Hewan & Perlengkapan Hewan Piaraan > Perlengkapan Hewan Piaraan > Perlengkapan Ikan & Akuatik > Makanan Ikan > Makanan Beku
629,MINYAK UNTUK SALAD,4,1,Makanan dan Minuman > MAKANAN & BAHAN MAKANAN > MINYAK > MINYAK UNTUK SALAD,False,UNMAPPED,0.333,36,,UNMAPPED,0.333,,global,36,,,,,,,,,Hewan & Perlengkapan Hewan Piaraan > Perlengkapan Hewan Piaraan > Vitamin & Suplemen Hewan Piaraan > Minyak Ikan
632,MINYAK LAINNYA,4,1,Makanan dan Minuman > MAKANAN & BAHAN MAKANAN > MINYAK > MINYAK LAINNYA,False,UNMAPPED,0.5,31,,UNMAPPED,0.5,,global,31,,,,,,,,,Hewan & Perlengkapan Hewan Piaraan > Perlengkapan Hewan Piaraan > Vitamin & Suplemen Hewan Piaraan > Minyak Ikan
636,KRIM ,4,1,Makanan dan Minuman > MAKANAN & BAHAN MAKANAN > PRODUK SUSU > KRIM ,False,EXACT,1.0,1,"Makanan, Minuman & Tembakau > Item Makanan > Produk Susu > Krim",EXACT,1.0,exact-raw,vertical,1,fb-2-6-5,"Makanan, Minuman & Tembakau > Item Makanan > Produk Susu > Krim","Food, Beverages & Tobacco > Food Items > Dairy Products > Cream",3,False,True,7,Informasi alergen | Varian beta-kasein | Bahan dasar krim | Ragam krim | Preferensi diet | Kandungan lemak | Persyaratan penyimpanan,
639,KECAP,4,1,Makanan dan Minuman > MAKANAN & BAHAN MAKANAN > SAUS > KECAP,False,EXACT,1.0,1,"Makanan, Minuman & Tembakau > Item Makanan > Kondimen & Saus > Kecap",EXACT,1.0,exact-raw,vertical,1,fb-2-4-20,"Makanan, Minuman & Tembakau > Item Makanan > Kondimen & Saus > Kecap","Food, Beverages & Tobacco > Food Items > Condiments & Sauces > Soy Sauce",3,True,False,5,Informasi alergen | Preferensi diet | Metode fermentasi | Variasi kecap | Persyaratan penyimpanan,
666,BENGKUANG,4,1,Makanan dan Minuman > FRESH > BUAH > BENGKUANG,False,EXACT,1.0,1,"Makanan, Minuman & Tembakau > Item Makanan > Buah & Sayur > Sayur Segar & Beku > Bengkuang",EXACT,1.0,exact-raw,vertical,1,fb-2-10-8-28,"Makanan, Minuman & Tembakau > Item Makanan > Buah & Sayur > Sayur Segar & Beku > Bengkuang","Food, Beverages & Tobacco > Food Items > Fruits & Vegetables > Fresh & Frozen Vegetables > Jicama",4,True,False,6,Informasi alergen | Metode memasak | Preferensi diet | Bentuk produk makanan | Persyaratan penyimpanan | Gaya pengolahan sayuran,
671,JERUK BALI,4,1,Makanan dan Minuman > FRESH > BUAH > JERUK BALI,False,EXACT,1.0,1,"Makanan, Minuman & Tembakau > Item Makanan > Buah & Sayur > Buah Segar & Beku > Buah Sitrus > Jeruk Bali",EXACT,1.0,exact-raw,vertical,1,fb-2-10-7-10-11,"Makanan, Minuman & Tembakau > Item Makanan > Buah & Sayur > Buah Segar & Beku > Buah Sitrus > Jeruk Bali","Food, Beverages & Tobacco > Food Items > Fruits & Vegetables > Fresh & Frozen Fruits > Citrus Fruits > Pomelos",5,True,False,6,Informasi alergen | Preferensi diet | Bentuk produk makanan | Gaya potongan buah | Isi biji | Persyaratan penyimpanan,
677,MANGGIS,4,1,Makanan dan Minuman > FRESH > BUAH > MANGGIS,False,EXACT,1.0,1,"Makanan, Minuman & Tembakau > Item Makanan > Buah & Sayur > Buah Segar & Beku > Manggis",EXACT,1.0,exact-raw,vertical,1,fb-2-10-7-25,"Makanan, Minuman & Tembakau > Item Makanan > Buah & Sayur > Buah Segar & Beku > Manggis","Food, Beverages & Tobacco > Food Items > Fruits & Vegetables > Fresh & Frozen Fruits > Mangosteens",4,True,False,6,Informasi alergen | Preferensi diet | Bentuk produk makanan | Gaya potongan buah | Varietas manggis | Persyaratan penyimpanan,
679,NAGA,4,1,Makanan dan Minuman > FRESH > BUAH > NAGA,False,UNMAPPED,0.5,1,,UNMAPPED,0.5,,global,1,,,,,,,,,"Makanan, Minuman & Tembakau > Item Makanan > Buah & Sayur > Buah Segar & Beku > Buah Naga"
684,PLUM,4,1,Makanan dan Minuman > FRESH > BUAH > PLUM,False,UNMAPPED,0.0,0,,UNMAPPED,0.0,,global,0,,,,,,,,,
688,SIRSAK,4,1,Makanan dan Minuman > FRESH > BUAH > SIRSAK,False,EXACT,1.0,1,"Makanan, Minuman & Tembakau > Item Makanan > Buah & Sayur > Buah Segar & Beku > Sirsak",EXACT,1.0,exact-raw,vertical,1,fb-2-10-7-39,"Makanan, Minuman & Tembakau > Item Makanan > Buah & Sayur > Buah Segar & Beku > Sirsak","Food, Beverages & Tobacco > Food Items > Fruits & Vegetables > Fresh & Frozen Fruits > Soursops",4,True,False,5,Informasi alergen | Preferensi diet | Bentuk produk makanan | Gaya potongan buah | Persyaratan penyimpanan,
695,SEAFOOD SEGAR LAINNYA,4,1,Makanan dan Minuman > FRESH > IKAN & SEAFOOD SEGAR > SEAFOOD SEGAR LAINNYA,False,UNMAPPED,0.333,2,,UNMAPPED,0.333,,global,2,,,,,,,,,"Makanan, Minuman & Tembakau > Item Makanan > Produk Susu > Krim > Krim Segar"
711,DAUN GINSENG,4,1,Makanan dan Minuman > FRESH > SAYURAN SEGAR > DAUN GINSENG,False,UNMAPPED,0.333,4,,UNMAPPED,0.333,,global,4,,,,,,,,,"Makanan, Minuman & Tembakau > Item Makanan > Buah & Sayur > Sayur Segar & Beku > Daun Kaktus"
726,KAILAN,4,1,Makanan dan Minuman > FRESH > SAYURAN SEGAR > KAILAN,False,EXACT,1.0,1,"Makanan, Minuman & Tembakau > Item Makanan > Buah & Sayur > Sayur Segar & Beku > Kailan",EXACT,1.0,exact-raw,vertical,1,fb-2-10-8-22,"Makanan, Minuman & Tembakau > Item Makanan > Buah & Sayur > Sayur Segar & Beku > Kailan","Food, Beverages & Tobacco > Food Items > Fruits & Vegetables > Fresh & Frozen Vegetables > Gai Lan",4,True,False,6,Informasi alergen | Metode memasak | Preferensi diet | Bentuk produk makanan | Persyaratan penyimpanan | Gaya pengolahan sayuran,
729,KAPULAGA,4,1,Makanan dan Minuman > FRESH > SAYURAN SEGAR > KAPULAGA,False,UNMAPPED,0.0,0,,UNMAPPED,0.0,,global,0,,,,,,,,,
734,KEMBANG KOL,4,1,Makanan dan Minuman > FRESH > SAYURAN SEGAR > KEMBANG KOL,False,EXACT,1.0,1,"Makanan, Minuman & Tembakau > Item Makanan > Buah & Sayur > Sayur Segar & Beku > Kembang Kol",EXACT,1.0,exact-raw,vertical,1,fb-2-10-8-13,"Makanan, Minuman & Tembakau > Item Makanan > Buah & Sayur > Sayur Segar & Beku > Kembang Kol","Food, Beverages & Tobacco > Food Items > Fruits & Vegetables > Fresh & Frozen Vegetables > Cauliflower",4,True,False,7,Informasi alergen | Varietas kembang kol | Metode memasak | Preferensi diet | Bentuk produk makanan | Persyaratan penyimpanan | Gaya pengolahan sayuran,
737,KENTANG MERAH,4,1,Makanan dan Minuman > FRESH > SAYURAN SEGAR > KENTANG MERAH,False,UNMAPPED,0.5,1,,UNMAPPED,0.5,,global,1,,,,,,,,,"Makanan, Minuman & Tembakau > Item Makanan > Buah & Sayur > Sayur Segar & Beku > Kentang"
740,KUCAI,4,1,Makanan dan Minuman > FRESH > SAYURAN SEGAR > KUCAI,False,UNMAPPED,0.0,0,,UNMAPPED,0.0,,global,0,,,,,,,,,
749,LOBAK (RADISH),4,1,Makanan dan Minuman > FRESH > SAYURAN SEGAR > LOBAK (RADISH),False,UNMAPPED,0.5,2,,UNMAPPED,0.5,,global,2,,,,,,,,,"Makanan, Minuman & Tembakau > Item Makanan > Buah & Sayur > Sayur Segar & Beku > Lobak"
765,SELADA AIR,4,1,Makanan dan Minuman > FRESH > SAYURAN SEGAR > SELADA AIR,False,EXACT,1.0,1,"Makanan, Minuman & Tembakau > Item Makanan > Buah & Sayur > Sayur Segar & Beku > Selada Air",EXACT,1.0,exact-raw,vertical,1,fb-2-10-8-55,"Makanan, Minuman & Tembakau > Item Makanan > Buah & Sayur > Sayur Segar & Beku > Selada Air","Food, Beverages & Tobacco > Food Items > Fruits & Vegetables > Fresh & Frozen Vegetables > Watercress",4,True,False,8,Informasi alergen | Metode memasak | Preferensi diet | Bentuk produk makanan | Tahap pertumbuhan produk | Persyaratan penyimpanan | Gaya pengolahan sayuran | Varietas selada air,
786,TELUR ASIN CURAH,4,1,Makanan dan Minuman > FRESH > TELUR > TELUR ASIN CURAH,False,UNMAPPED,0.333,1,,UNMAPPED,0.333,,global,1,,,,,,,,,"Makanan, Minuman & Tembakau > Item Makanan > Daging, Makanan Laut & Telur > Telur"
788,TELUR AYAM CURAH,4,1,Makanan dan Minuman > FRESH > TELUR > TELUR AYAM CURAH,False,UNMAPPED,0.333,2,,UNMAPPED,0.333,,global,2,,,,,,,,,"Makanan, Minuman & Tembakau > Item Makanan > Daging, Makanan Laut & Telur > Telur"
792,OBAT KUMUR (MOUTHWASH) ANAK ,4,1,Keperluan Anak dan Bayi > PERAWATAN ANAK & BAYI > PERAWATAN MULUT & GIGI ANAK & BAYI > OBAT KUMUR (MOUTHWASH) ANAK ,True,UNMAPPED,0.5,2,,FUZZY,0.667,fuzzy-stripped,vertical,1,hb-3-12-11,Kesehatan & Kecantikan > Perawatan Tubuh > Perawatan Mulut > Obat Kumur,Health & Beauty > Personal Care > Oral Care > Mouthwash,3,True,False,8,Bahan aktif | Kelompok usia | Kandungan Alkohol/Pelarut | Rasa | Kandungan fluorida | Bahan | Fungsi perawatan mulut | Bentuk produk,
808,CONDITIONER ANAK & BAYI,4,1,Keperluan Anak dan Bayi > PERAWATAN ANAK & BAYI > PERAWATAN RAMBUT ANAK & BAYI > CONDITIONER ANAK & BAYI,True,UNMAPPED,0.5,11,,UNMAPPED,0.5,,global,11,,,,,,,,,Busana dan Aksesori > Pakaian > Pakaian Bayi & Anak
811,MINYAK RAMBUT ANAK & BAYI,4,1,Keperluan Anak dan Bayi > PERAWATAN ANAK & BAYI > PERAWATAN RAMBUT ANAK & BAYI > MINYAK RAMBUT ANAK & BAYI,True,UNMAPPED,0.5,1,,EXACT,1.0,exact-stripped,vertical,1,hb-3-10-14-2,Kesehatan & Kecantikan > Perawatan Tubuh > Perawatan Rambut > Perawatan Rambut > Minyak Rambut,Health & Beauty > Personal Care > Hair Care > Hair Treatments > Hair Oils,4,True,False,14,Jenis pemakaian | Minyak dasar | Warna rambut yang kompatibel | Efek kondisioner | Bahan penyusun | Keharuman | Penggunaan minyak rambut | Efek minyak rambut | Bahan | Jenis kemasan | Sertifikasi & standar produk | Bentuk produk | Cocok untuk jenis rambut | Jenis kelamin sasaran,
815,PEMBERSIH HIDUNG,4,1,Keperluan Anak dan Bayi > PERALATAN UNTUK ANAK & BAYI > PERALATAN KEBERSIHAN ANAK & BAYI > PEMBERSIH HIDUNG,False,UNMAPPED,0.333,40,,UNMAPPED,0.333,,global,40,,,,,,,,,Hewan & Perlengkapan Hewan Piaraan > Perlengkapan Hewan Piaraan > Perlengkapan Ikan & Akuatik > Perlengkapan Pembersih Akuarium > Sikat Pembersih
819,STERILIZER,4,1,Keperluan Anak dan Bayi > PERALATAN UNTUK ANAK & BAYI > PERALATAN KEBERSIHAN ANAK & BAYI > STERILIZER,False,UNMAPPED,0.0,0,,UNMAPPED,0.0,,global,0,,,,,,,,,
825,KURSI MAKAN (HIGH CHAIR),4,1,Keperluan Anak dan Bayi > PERALATAN UNTUK ANAK & BAYI > PERALATAN MAKAN ANAK & BAYI > KURSI MAKAN (HIGH CHAIR),False,UNMAPPED,0.5,1,,UNMAPPED,0.5,,global,1,,,,,,,,,Furnitur > Kursi > Kursi Dapur & Ruang Makan > Kursi Makan
833,POMPA ASI ELEKTRIK,4,1,Keperluan Anak dan Bayi > PERALATAN UNTUK ANAK & BAYI > PERALATAN MENYUSUI ANAK & BAYI > POMPA ASI ELEKTRIK,False,EXACT,1.0,1,Bayi & Balita > Perawatan & Pemberian Makan > Pompa ASI > Pompa ASI Elektrik,EXACT,1.0,exact-raw,vertical,1,bt-10-9-2,Bayi & Balita > Perawatan & Pemberian Makan > Pompa ASI > Pompa ASI Elektrik,Baby & Toddler > Nursing & Feeding > Breast Pumps > Electric Breast Pumps,3,True,False,10,Ukuran baterai | Jenis baterai | Petunjuk pembersihan | Warna | Pola | Portabilitas | Sumber listrik | Aksesori pompa | Pengaturan kecepatan pompa | Tingkat hisapan,
839,TAS PENGHANGAT BOTOL SUSU,4,1,Keperluan Anak dan Bayi > PERLENGKAPAN ANAK & BAYI > PERLENGKAPAN BEPERGIAN ANAK & BAYI > TAS PENGHANGAT BOTOL SUSU,False,UNMAPPED,0.25,3,,UNMAPPED,0.25,,global,3,,,,,,,,,"Makanan, Minuman & Tembakau > Minuman > Susu"
853,KOTAK MAKAN ANAK & BAYI,4,1,Keperluan Anak dan Bayi > PERLENGKAPAN ANAK & BAYI > PERLENGKAPAN MAKAN ANAK & BAYI  > KOTAK MAKAN ANAK & BAYI,True,UNMAPPED,0.4,13,,AMBIGUOUS,0.667,fuzzy-stripped,global,2,,,,,,,,,
854,TATAKAN MAKAN (PLACEMAT) ANAK & BAYI,4,1,Keperluan Anak dan Bayi > PERLENGKAPAN ANAK & BAYI > PERLENGKAPAN MAKAN ANAK & BAYI  > TATAKAN MAKAN (PLACEMAT) ANAK & BAYI,True,UNMAPPED,0.333,11,,UNMAPPED,0.333,,global,11,,,,,,,,,Busana dan Aksesori > Pakaian > Pakaian Bayi & Anak
856,MAINAN MANDI ANAK & BAYI,4,1,Keperluan Anak dan Bayi > PERLENGKAPAN ANAK & BAYI > PERLENGKAPAN MANDI ANAK & BAYI > MAINAN MANDI ANAK & BAYI,True,UNMAPPED,0.5,2,,UNMAPPED,0.5,,global,2,,,,,,,,,Bayi & Balita > Mandi Bayi
872,HAIR MOISTURIZER,4,1,Perawatan Diri & Rumah Tangga > Perawatan Diri > PERAWATAN RAMBUT > HAIR MOISTURIZER,False,UNMAPPED,0.0,0,,UNMAPPED,0.0,,global,0,,,,,,,,,
896,ANTI NYAMUK,4,1,Perawatan Diri & Rumah Tangga > Perawatan Diri > PERAWATAN BADAN > ANTI NYAMUK,False,UNMAPPED,0.5,1,,UNMAPPED,0.5,,global,1,,,,,,,,,Peralatan Olahraga > Rekreasi Luar Ruang > Berkemah & Hiking > Kelambu & Tabir Serangga > Kelambu Kepala Anti Nyamuk
920,KRIM PERONTOK RAMBUT,4,1,Perawatan Diri & Rumah Tangga > Perawatan Diri > PENCUKUR & PERONTOK RAMBUT > KRIM PERONTOK RAMBUT,False,UNMAPPED,0.5,1,,UNMAPPED,0.5,,global,1,,,,,,,,,Kesehatan & Kecantikan > Perawatan Tubuh > Perawatan Rambut > Produk Penataan Rambut > Krim dan Losion Rambut
930,PERTOLONGAN PERTAMA (FIRST AID KIT),4,1,Perawatan Diri & Rumah Tangga > Perawatan Diri > OBAT-OBATAN > PERTOLONGAN PERTAMA (FIRST AID KIT),False,FUZZY,0.6,1,Kesehatan & Kecantikan > Perawatan Kesehatan > Pertolongan Pertama > Kit Pertolongan Pertama,FUZZY,0.6,fuzzy-raw,vertical,1,hb-1-8-4,Kesehatan & Kecantikan > Perawatan Kesehatan > Pertolongan Pertama > Kit Pertolongan Pertama,Health & Beauty > Health Care > First Aid > First Aid Kits,3,False,True,11,Fitur ramah alergi | Fitur tas/kotak | Bahan tas/kotak | Area tubuh | Warna casing | Pola casing | Jenis wadah kotak P3K | Standar kepatuhan kit P3K | Penggunaan kit pertolongan pertama | Sertifikasi & standar produk | Jenis penggunaan,
935,POPOK (DIAPERS) DEWASA,4,1,Perawatan Diri & Rumah Tangga > Perawatan Diri > KEBUTUHAN KHUSUS LANJUT USIA > POPOK (DIAPERS) DEWASA,True,FUZZY,0.667,1,Kesehatan & Kecantikan > Perawatan Kesehatan > Alat Bantu Inkontinensia > Popok Dewasa,FUZZY,0.667,fuzzy-raw,vertical,1,hb-1-11-6,Kesehatan & Kecantikan > Perawatan Kesehatan > Alat Bantu Inkontinensia > Popok Dewasa,Health & Beauty > Health Care > Incontinence Aids > Adult Diapers,3,True,False,8,Tingkat penyerapan | Fitur produk higiene absorben | Ukuran aksesori | Jenis penutupan | Bahan | Ukuran | Jenis kelamin sasaran | Jenis penggunaan,
945,PELICIN PAKAIAN ,4,1,Perawatan Diri & Rumah Tangga > Rumah Tangga > BAHAN LAUNDRY > PELICIN PAKAIAN ,False,UNMAPPED,0.5,1,,UNMAPPED,0.5,,global,1,,,,,,,,,Busana dan Aksesori > Pakaian
946,PEMUTIH DAN PENGHILANG NODA,4,1,Perawatan Diri & Rumah Tangga > Rumah Tangga > BAHAN LAUNDRY > PEMUTIH DAN PENGHILANG NODA,False,FUZZY,0.667,1,"Kendaraan & Suku Cadang > Suku Cadang & Aksesori Kendaraan > Pemeliharaan, Perawatan & Dekorasi Kendaraan > Pembersihan Kendaraan > Pembersih Karpet & Jok Kendaraan > Penghilang Noda",FUZZY,0.667,fuzzy-raw,global,1,vp-1-5-2-3-2,"Kendaraan & Suku Cadang > Suku Cadang & Aksesori Kendaraan > Pemeliharaan, Perawatan & Dekorasi Kendaraan > Pembersihan Kendaraan > Pembersih Karpet & Jok Kendaraan > Penghilang Noda","Vehicles & Parts > Vehicle Parts & Accessories > Vehicle Maintenance, Care & Decor > Vehicle Cleaning > Vehicle Carpet & Upholstery Cleaners > Stain Removers",5,True,False,7,Warna | Bahas interior yang kompatibel | Jenis kemasan | Pola | Format penghilang noda | Area aplikasi kendaraan | Jenis kendaraan,
949,PEMBERSIH KAMAR MANDI,4,1,Perawatan Diri & Rumah Tangga > Rumah Tangga > BAHAN PEMBERSIH RUMAH > PEMBERSIH KAMAR MANDI,False,UNMAPPED,0.5,6,,UNMAPPED,0.5,,global,6,,,,,,,,,Bisnis & Industri > Medis > Peralatan Medis > Lift Pasien > Lift Kamar Mandi
950,PEMBERSIH LANTAI,4,1,Perawatan Diri & Rumah Tangga > Rumah Tangga > BAHAN PEMBERSIH RUMAH > PEMBERSIH LANTAI,False,EXACT,1.0,1,Rumah & Taman > Peralatan Rumah Tangga > Pembersih Lantai & Uap > Pembersih Lantai,EXACT,1.0,exact-raw,vertical,1,hg-9-3-3,Rumah & Taman > Peralatan Rumah Tangga > Pembersih Lantai & Uap > Pembersih Lantai,Home & Garden > Household Appliances > Floor & Steam Cleaners > Floor Cleaners,3,True,False,8,Ukuran baterai | Jenis baterai | Permukaan pembersihan | Warna | Jenis wadah debu | Kelas efisiensi energi | Pola | Sumber listrik,
952,PENGHARUM RUANGAN ELEKTRIK,4,1,Perawatan Diri & Rumah Tangga > Rumah Tangga > PENGHARUM RUANGAN > PENGHARUM RUANGAN ELEKTRIK,False,UNMAPPED,0.333,1,,UNMAPPED,0.333,,global,1,,,,,,,,,Rumah & Taman > Perlengkapan Rumah Tangga > Aksesori Pemadat Sampah > Pengharum Ruangan untuk Mesin Pemadatan Sampah
976,KABEL JUMPER ACCU MOBIL,4,1,"Hobi, Ibadah, dan Olahraga > Perawatan & Suku Cadang Mobil > AKSESORIS MOBIL > KABEL JUMPER ACCU MOBIL",False,UNMAPPED,0.5,1,,UNMAPPED,0.5,,global,1,,,,,,,,,Elektronik > Papan & Komponen Sirkuit > Aksesori Papan Sirkuit > Kabel Jumper
1001,KAMPAS REM MOTOR,4,1,"Hobi, Ibadah, dan Olahraga > Perawatan & Suku Cadang Motor > PERAWATAN MOTOR > KAMPAS REM MOTOR",False,UNMAPPED,0.5,1,,UNMAPPED,0.5,,global,1,,,,,,,,,Peralatan Olahraga > Rekreasi Luar Ruang > Bersepeda > Komponen Sepeda > Komponen Rem Sepeda > Kampas Rem Sepeda
1015,GUNTING BORDIR,4,1,"Hobi, Ibadah, dan Olahraga > MENJAHIT > GUNTING JAHIT > GUNTING BORDIR",False,UNMAPPED,0.333,18,,UNMAPPED,0.333,,global,18,,,,,,,,,Hewan & Perlengkapan Hewan Piaraan > Perlengkapan Hewan Piaraan > Perlengkapan Perawatan Hewan Piaraan > Clipper & Trimmer Bulu Hewan Piaraan > Gunting Besar & Gunting
1021,PITA KERTAS,4,1,"Hobi, Ibadah, dan Olahraga > MENJAHIT > PITA > PITA KERTAS",False,UNMAPPED,0.333,54,,UNMAPPED,0.333,,global,54,,,,,,,,,Seni & Hiburan > Hobi & Seni Kreatif > Seni & Kerajinan > Bahan Seni & Kerajinan > Kertas Seni & Kerajinan > Cardstock & Kertas Kliping > Kertas Kliping
1044,PENUTUP KUPING RENANG,4,1,"Hobi, Ibadah, dan Olahraga > OLAHRAGA > PERALATAN & PERLENGKAPAN RENANG > PENUTUP KUPING RENANG",False,UNMAPPED,0.5,1,,UNMAPPED,0.5,,global,1,,,,,,,,,Rumah & Taman > Kolam Renang & Spa > Aksesori Kolam Renang & Spa > Penutup Kolam Renang & Selimut Tanah > Penutup Kolam Renang
1055,NET PINGPONG,4,1,"Hobi, Ibadah, dan Olahraga > OLAHRAGA > PERALATAN & PERLENGKAPAN PING PONG > NET PINGPONG",False,UNMAPPED,0.333,1,,UNMAPPED,0.333,,global,1,,,,,,,,,Peralatan Olahraga > Permainan Dalam Ruang > Tenis Meja > Robot Pingpong
1155,KAIN ALAS,4,1,Fashion > FASHION ANAK & BAYI > PAKAIAN BAYI > KAIN ALAS,False,UNMAPPED,0.5,1,,UNMAPPED,0.5,,global,1,,,,,,,,,Seni & Hiburan > Hobi & Seni Kreatif > Seni & Kerajinan > Bahan Seni & Kerajinan > Tekstil > Kain
1248,SEPATU BOOTS ANAK LAKI-LAKI,4,1,Fashion > SEPATU ANAK & BAYI > SEPATU ANAK & BAYI LAKI-LAKI > SEPATU BOOTS ANAK LAKI-LAKI,True,UNMAPPED,0.4,1,,UNMAPPED,0.5,,global,1,,,,,,,,,Busana dan Aksesori > Sepatu
1254,SANDAL GUNUNG ANAK PEREMPUAN,4,1,Fashion > SEPATU ANAK & BAYI > SEPATU ANAK & BAYI PEREMPUAN > SANDAL GUNUNG ANAK PEREMPUAN,True,UNMAPPED,0.333,4,,UNMAPPED,0.5,,global,1,,,,,,,,,Busana dan Aksesori > Sepatu > Sandal
1268,TAS MESSENGER PRIA,4,1,Fashion > TAS & KOPER > TAS PRIA > TAS MESSENGER PRIA,True,UNMAPPED,0.25,56,,UNMAPPED,0.333,,global,26,,,,,,,,,Busana dan Aksesori > Aksesori Tas Tangan & Dompet > Gantungan Tas
1279,TAS CLUTCHES WANITA,4,1,Fashion > TAS & KOPER > TAS WANITA > TAS CLUTCHES WANITA,True,UNMAPPED,0.25,56,,UNMAPPED,0.333,,global,26,,,,,,,,,Busana dan Aksesori > Aksesori Tas Tangan & Dompet > Gantungan Tas
1302,KUAS MATA,4,1,Kosmetik dan Alat Kecantikan > ALAT KECANTIKAN > KUAS & APLIKATOR MAKE UP > KUAS MATA,False,UNMAPPED,0.4,1,,UNMAPPED,0.4,,global,1,,,,,,,,,Kesehatan & Kecantikan > Perawatan Tubuh > Kosmetik > Alat Kosmetik > Alat Rias > Aksesori Bulu Mata Palsu > Kuas dan Wand Bulu Mata Palsu
1341,CUKA BALSAMIC,5,1,Makanan dan Minuman > MAKANAN & BAHAN MAKANAN > SAUS > CUKA > CUKA BALSAMIC,False,UNMAPPED,0.5,1,,UNMAPPED,0.5,,global,1,,,,,,,,,"Makanan, Minuman & Tembakau > Item Makanan > Bahan Memasak & Baking > Cuka"
1353,BAWANG PUTIH TUNGGAL,5,1,Makanan dan Minuman > FRESH > SAYURAN SEGAR > BAWANG PUTIH > BAWANG PUTIH TUNGGAL,False,FUZZY,0.667,1,"Makanan, Minuman & Tembakau > Item Makanan > Buah & Sayur > Sayur Segar & Beku > Bawang Putih",FUZZY,0.667,fuzzy-raw,vertical,1,fb-2-10-8-23,"Makanan, Minuman & Tembakau > Item Makanan > Buah & Sayur > Sayur Segar & Beku > Bawang Putih","Food, Beverages & Tobacco > Food Items > Fruits & Vegetables > Fresh & Frozen Vegetables > Garlic",4,True,False,8,Informasi alergen | Metode memasak | Preferensi diet | Bentuk produk makanan | Gaya pengolahan bawang putih | Varietas bawang putih | Persyaratan penyimpanan | Gaya pengolahan sayuran,
1388,MINYAK KESEHATAN LAINNYA,5,1,Perawatan Diri & Rumah Tangga > Perawatan Diri > OBAT-OBATAN > PEREDA NYERI & OBAT LUAR > MINYAK KESEHATAN LAINNYA,False,UNMAPPED,0.333,39,,UNMAPPED,0.333,,global,39,,,,,,,,,Hewan & Perlengkapan Hewan Piaraan > Perlengkapan Hewan Piaraan > Vitamin & Suplemen Hewan Piaraan > Kesehatan Gigi
1395,OBAT MINUM UNTUK SULIT TIDUR,5,1,Perawatan Diri & Rumah Tangga > Perawatan Diri > OBAT-OBATAN > OBAT MINUM > OBAT MINUM UNTUK SULIT TIDUR,False,UNMAPPED,0.2,16,,UNMAPPED,0.2,,global,16,,,,,,,,,Hewan & Perlengkapan Hewan Piaraan > Perlengkapan Hewan Piaraan > Perlengkapan Ikan & Akuatik > Makanan Ikan > Makanan Obat
1399,KASA/PERBAN,5,1,Perawatan Diri & Rumah Tangga > Perawatan Diri > OBAT-OBATAN > PERTOLONGAN PERTAMA (FIRST AID KIT) > KASA/PERBAN,False,FUZZY,0.667,1,Kesehatan & Kecantikan > Perawatan Kesehatan > Pertolongan Pertama > Plester & Perban Medis > Kasa dan Perban Luka,FUZZY,0.667,fuzzy-raw,vertical,1,hb-1-8-6-4,Kesehatan & Kecantikan > Perawatan Kesehatan > Pertolongan Pertama > Plester & Perban Medis > Kasa dan Perban Luka,Health & Beauty > Health Care > First Aid > Medical Tape & Bandages > Gauze & Wound Dressings,4,True,False,11,Jenis perekat | Fitur ramah alergi | Bentuk perban | Warna | Tingkat kompresi | Fitur daya tahan | Bahan plester medis | Pola | Sertifikasi & standar produk | Sterilitas produk | Jenis penggunaan,
1418,CAIRAN PEMBERSIH DAPUR,5,1,Perawatan Diri & Rumah Tangga > Rumah Tangga > BAHAN PEMBERSIH RUMAH > PEMBERSIH DAPUR > CAIRAN PEMBERSIH DAPUR,False,UNMAPPED,0.4,1,,UNMAPPED,0.4,,global,1,,,,,,,,,Elektronik > Audio > Aksesori Audio > Aksesori Pemutar Piringan > Kit Pembersih Rekaman > Cairan Pembersih Piringan Hitam
1422,CAIRAN PEMBERSIH KAMAR MANDI & KLOSET (PORSTEX),5,1,Perawatan Diri & Rumah Tangga > Rumah Tangga > BAHAN PEMBERSIH RUMAH > PEMBERSIH KAMAR MANDI > CAIRAN PEMBERSIH KAMAR MANDI & KLOSET (PORSTEX),False,UNMAPPED,0.286,6,,UNMAPPED,0.286,,global,6,,,,,,,,,Bisnis & Industri > Medis > Peralatan Medis > Lift Pasien > Lift Kamar Mandi
1423,PENGHARUM FLUSH KLOSET,5,1,Perawatan Diri & Rumah Tangga > Rumah Tangga > BAHAN PEMBERSIH RUMAH > PEMBERSIH KAMAR MANDI > PENGHARUM FLUSH KLOSET,False,UNMAPPED,0.25,5,,UNMAPPED,0.25,,global,5,,,,,,,,,Furnitur > Lemari & Penyimpanan > Lemari Kloset
1434,PERALATAN KEBERSIHAN RUMAH TANGGA,5,1,Perawatan Diri & Rumah Tangga > Rumah Tangga > Peralatan & Perlengkapan Rumah Tangga > PERALATAN RUMAH TANGGA > PERALATAN KEBERSIHAN RUMAH TANGGA,False,FUZZY,0.75,1,Rumah & Taman > Peralatan Rumah Tangga,FUZZY,0.75,fuzzy-raw,vertical,1,hg-9,Rumah & Taman > Peralatan Rumah Tangga,Home & Garden > Household Appliances,1,False,True,5,Perlu dirakit | Warna | Kelas efisiensi energi | Pola | Sertifikasi keselamatan,
1437,PERALATAN DAN PENYIMPANAN PAKAIAN DAN CUCIAN,5,1,Perawatan Diri & Rumah Tangga > Rumah Tangga > Peralatan & Perlengkapan Rumah Tangga > PERALATAN RUMAH TANGGA > PERALATAN DAN PENYIMPANAN PAKAIAN DAN CUCIAN,False,UNMAPPED,0.4,2,,UNMAPPED,0.4,,global,2,,,,,,,,,Rumah & Taman > Perlengkapan Rumah Tangga > Penyimpanan & Penataan > Penyimpanan Pakaian & Lemari
1441,SOFA,5,1,Perawatan Diri & Rumah Tangga > Rumah Tangga > Peralatan & Perlengkapan Rumah Tangga > PERLENGKAPAN RUMAH TANGGA > SOFA,False,EXACT,1.0,1,Furnitur > Sofa,EXACT,1.0,exact-raw,vertical,1,fr-22,Furnitur > Sofa,Furniture > Sofas,1,False,True,17,Perlu dirakit | Warna pelapis sandaran | Bahan pelapis sandaran | Pola pelapis sandaran | Petunjuk perawatan | Orientasi kursi panjang atau modular | Warna | Kekerasan | Bahan | Pola | Mekanisme sandaran | Sertifikasi keselamatan | Jenis tempat duduk | Warna pelapis tempat duduk | Bahan pelapis tempat duduk | Pola pelapis tempat duduk | Fitur sofa,
1459,CELANA OLAHRAGA PENDEK WANITA,5,1,Fashion > PAKAIAN OLAHRAGA > PAKAIAN OLAHRAGA WANITA > BAWAHAN OLAHRAGA WANITA > CELANA OLAHRAGA PENDEK WANITA,True,UNMAPPED,0.5,5,,AMBIGUOUS,0.667,fuzzy-stripped,vertical,5,,,,,,,,,
1460,LEGGING OLAHRAGA WANITA,5,1,Fashion > PAKAIAN OLAHRAGA > PAKAIAN OLAHRAGA WANITA > BAWAHAN OLAHRAGA WANITA > LEGGING OLAHRAGA WANITA,True,UNMAPPED,0.333,5,,UNMAPPED,0.5,,global,5,,,,,,,,,Busana dan Aksesori > Pakaian > Pakaian Aktif > Celana Aktif > Legging
1464,GEMBOK & TALI PENGIKAT KOPER,5,1,Fashion > TAS & KOPER > TAS TRAVEL & KOPER > AKSESORIS TRAVEL & KOPER > GEMBOK & TALI PENGIKAT KOPER,False,UNMAPPED,0.5,1,,UNMAPPED,0.5,,global,1,,,,,,,,,Peralatan Olahraga > Rekreasi Luar Ruang > Berkuda > Abah-Abah Kuda > Cinch > Tali pengikat
1490,DETERJEN CAIR UNTUK PAKAIAN BATIK,6,1,Perawatan Diri & Rumah Tangga > Rumah Tangga > BAHAN LAUNDRY > DETERJEN PAKAIAN > DETERJEN CAIR > DETERJEN CAIR UNTUK PAKAIAN BATIK,False,UNMAPPED,0.25,2,,UNMAPPED,0.25,,global,2,,,,,,,,,Busana dan Aksesori > Pakaian
1554,MEJA SETRIKA,6,1,Perawatan Diri & Rumah Tangga > Rumah Tangga > Peralatan & Perlengkapan Rumah Tangga > PERALATAN RUMAH TANGGA > PERALATAN DAN PENYIMPANAN PAKAIAN DAN CUCIAN > MEJA SETRIKA,False,UNMAPPED,0.5,3,,UNMAPPED,0.5,,global,3,,,,,,,,,Furnitur > Furnitur Kantor > Meja
1556,MEJA BESAR,6,1,Perawatan Diri & Rumah Tangga > Rumah Tangga > Peralatan & Perlengkapan Rumah Tangga > PERLENGKAPAN RUMAH TANGGA > MEJA  > MEJA BESAR,False,UNMAPPED,0.5,2,,UNMAPPED,0.5,,global,2,,,,,,,,,Furnitur > Furnitur Kantor > Meja
1570,PEMUKUL ROTAN,6,1,Perawatan Diri & Rumah Tangga > Rumah Tangga > Peralatan & Perlengkapan Rumah Tangga > PERLENGKAPAN RUMAH TANGGA > PERLENGKAPAN KAMAR & KAMAR MANDI > PEMUKUL ROTAN,False,UNMAPPED,0.333,3,,UNMAPPED,0.333,,global,3,,,,,,,,,Rumah & Taman > Perlengkapan Rumah Tangga > Pengendalian Hama > Pemukul Lalat
1578,REFILL UNTUK FLOOR MOP SAPU,7,1,Perawatan Diri & Rumah Tangga > Rumah Tangga > Peralatan & Perlengkapan Rumah Tangga > PERALATAN RUMAH TANGGA > PERALATAN KEBERSIHAN RUMAH TANGGA > FLOOR MOP > REFILL UNTUK FLOOR MOP SAPU,False,UNMAPPED,0.25,1,,UNMAPPED,0.25,,global,1,,,,,,,,,Rumah & Taman > Perlengkapan Rumah Tangga > Perlengkapan Pembersih Rumah Tangga > Sapu
1618,TEMPAT TISSUE DINDING,7,1,Perawatan Diri & Rumah Tangga > Rumah Tangga > Peralatan & Perlengkapan Rumah Tangga > PERALATAN RUMAH TANGGA > PERALATAN DAN PENYIMPANAN DI KAMAR MANDI > TEMPAT TISSUE > TEMPAT TISSUE DINDING,False,UNMAPPED,0.4,1,,UNMAPPED,0.4,,global,1,,,,,,,,,Furnitur > Tempat Tidur & Aksesori > Tempat Tidur & Rangka > Tempat Tidur & Rangka Dinding
1633,DISPENSER AIR NON-ELEKTRIK,7,1,Perawatan Diri & Rumah Tangga > Rumah Tangga > Peralatan & Perlengkapan Rumah Tangga > PERALATAN RUMAH TANGGA > PERALATAN DAN PENYIMPANAN DI DAPUR > ALAT DAPUR & AKSESORIS DAPUR > DISPENSER AIR NON-ELEKTRIK,False,UNMAPPED,0.5,2,,UNMAPPED,0.5,,global,2,,,,,,,,,"Hewan & Perlengkapan Hewan Piaraan > Perlengkapan Hewan Piaraan > Mangkuk, Pemberi Makan & Minum Hewan Piaraan > Dispenser Air"
1646,PEMUKUL DAGING,7,1,Perawatan Diri & Rumah Tangga > Rumah Tangga > Peralatan & Perlengkapan Rumah Tangga > PERALATAN RUMAH TANGGA > PERALATAN DAN PENYIMPANAN DI DAPUR > ALAT DAPUR & AKSESORIS DAPUR > PEMUKUL DAGING,False,UNMAPPED,0.5,1,,UNMAPPED,0.5,,global,1,,,,,,,,,"Makanan, Minuman & Tembakau > Item Makanan > Daging, Makanan Laut & Telur > Daging"
1661,TIMER DAPUR,7,1,Perawatan Diri & Rumah Tangga > Rumah Tangga > Peralatan & Perlengkapan Rumah Tangga > PERALATAN RUMAH TANGGA > PERALATAN DAN PENYIMPANAN DI DAPUR > ALAT DAPUR & AKSESORIS DAPUR > TIMER DAPUR,False,UNMAPPED,0.333,14,,UNMAPPED,0.333,,global,14,,,,,,,,,Furnitur > Lemari & Penyimpanan > Lemari Porselen & Hutch > Hutch Dapur
1692,PAPAN CUCIAN (PENGGILESAN) PLASTIK,7,1,Perawatan Diri & Rumah Tangga > Rumah Tangga > Peralatan & Perlengkapan Rumah Tangga > PERALATAN RUMAH TANGGA > PERALATAN DAN PENYIMPANAN PAKAIAN DAN CUCIAN > PAPAN CUCIAN (PENGGILESAN) > PAPAN CUCIAN (PENGGILESAN) PLASTIK,False,UNMAPPED,0.25,1,,UNMAPPED,0.25,,global,1,,,,,,,,,Perkakas > Bahan Bangunan > Panel Dinding > Papan
1709,KARET TABUNG GAS,8,1,Perawatan Diri & Rumah Tangga > Rumah Tangga > Peralatan & Perlengkapan Rumah Tangga > PERALATAN RUMAH TANGGA > PERALATAN DAN PENYIMPANAN DI DAPUR > ALAT MASAK > KOMPOR GAS > KARET TABUNG GAS,False,UNMAPPED,0.25,19,,UNMAPPED,0.25,,global,19,,,,,,,,,Bisnis & Industri > Sains & Laboratorium > Perlengkapan Laboratorium > Tabung Reaksi
1715,SUMBU KOMPOR,8,1,Perawatan Diri & Rumah Tangga > Rumah Tangga > Peralatan & Perlengkapan Rumah Tangga > PERALATAN RUMAH TANGGA > PERALATAN DAN PENYIMPANAN DI DAPUR > ALAT MASAK > KOMPOR GAS > SUMBU KOMPOR,False,UNMAPPED,0.5,2,,UNMAPPED,0.5,,global,2,,,,,,,,,Seni & Hiburan > Hobi & Seni Kreatif > Seni & Kerajinan > Bahan Seni & Kerajinan > Bahan Seni Olfaktori > Bahan Pembuatan Lilin > Sumbu
1745,PIRING STAINLESS STEEL,8,1,Perawatan Diri & Rumah Tangga > Rumah Tangga > Peralatan & Perlengkapan Rumah Tangga > PERALATAN RUMAH TANGGA > PERALATAN DAN PENYIMPANAN DI DAPUR > PERALATAN MAKAN > PIRING > PIRING STAINLESS STEEL,False,UNMAPPED,0.333,1,,UNMAPPED,0.333,,global,1,,,,,,,,,Rumah & Taman > Dapur & Ruang Makan > Peralatan Makan > Peralatan Makan > Piring
1759,GELAS / CUP STAINLESS STEEL,8,1,Perawatan Diri & Rumah Tangga > Rumah Tangga > Peralatan & Perlengkapan Rumah Tangga > PERALATAN RUMAH TANGGA > PERALATAN DAN PENYIMPANAN DI DAPUR > PERALATAN MAKAN > GELAS/CUP > GELAS / CUP STAINLESS STEEL,False,UNMAPPED,0.2,17,,UNMAPPED,0.2,,global,17,,,,,,,,,Bayi & Balita > Perawatan & Pemberian Makan > Kebutuhan Pokok Pemberian Makan > Gelas Sippy
1770,CANGKIR PORSELEN,8,1,Perawatan Diri & Rumah Tangga > Rumah Tangga > Peralatan & Perlengkapan Rumah Tangga > PERALATAN RUMAH TANGGA > PERALATAN DAN PENYIMPANAN DI DAPUR > PERALATAN MAKAN > CANGKIR > CANGKIR PORSELEN,False,UNMAPPED,0.333,10,,UNMAPPED,0.333,,global,10,,,,,,,,,Seni & Hiburan > Hobi & Seni Kreatif > Aksesori Alat Musik & Orkestra > Aksesori Alat Musik Tiup Logam > Peredam Alat Musik Tiup Logam > Peredam Cangkir
1773,PISAU MAKAN STAINLESS STEEL,8,1,Perawatan Diri & Rumah Tangga > Rumah Tangga > Peralatan & Perlengkapan Rumah Tangga > PERALATAN RUMAH TANGGA > PERALATAN DAN PENYIMPANAN DI DAPUR > PERALATAN MAKAN > PISAU MAKAN > PISAU MAKAN STAINLESS STEEL,False,UNMAPPED,0.5,1,,UNMAPPED,0.5,,global,1,,,,,,,,,Rumah & Taman > Dapur & Ruang Makan > Peralatan Makan > Peralatan Makan > Pisau Makan
1778,SEDOTAN KERTAS,8,1,Perawatan Diri & Rumah Tangga > Rumah Tangga > Peralatan & Perlengkapan Rumah Tangga > PERALATAN RUMAH TANGGA > PERALATAN DAN PENYIMPANAN DI DAPUR > PERALATAN MAKAN > SEDOTAN > SEDOTAN KERTAS,False,UNMAPPED,0.333,29,,UNMAPPED,0.333,,global,29,,,,,,,,,Seni & Hiburan > Hobi & Seni Kreatif > Seni & Kerajinan > Bahan Seni & Kerajinan > Kertas Seni & Kerajinan > Cardstock & Kertas Kliping > Kertas Kliping
1789,MATERAI,3,1,Alat dan Buku Tulis > PERALATAN UMUM > MATERAI,False,UNMAPPED,0.0,0,,UNMAPPED,0.0,,global,0,,,,,,,,,
1798,CASUAL,5,1,UNUSED > AREA DISPLAY > CARDINAL > CARDINAL NORMAL > CASUAL,False,UNMAPPED,0.0,0,,UNMAPPED,0.0,,global,0,,,,,,,,,
1830,ANTI NYAMUK BAKAR,5,1,Perawatan Diri & Rumah Tangga > Rumah Tangga > ANTI HAMA & SERANGGA > ANTI NYAMUK BAKAR > ANTI NYAMUK BAKAR,False,UNMAPPED,0.4,1,,UNMAPPED,0.4,,global,1,,,,,,,,,Peralatan Olahraga > Rekreasi Luar Ruang > Berkemah & Hiking > Kelambu & Tabir Serangga > Kelambu Kepala Anti Nyamuk
1832,Perawatan & Suku Cadang Motor,2,1,"Hobi, Ibadah, dan Olahraga > Perawatan & Suku Cadang Motor",False,UNMAPPED,0.5,1,,UNMAPPED,0.5,,global,1,,,,,,,,,Rumah & Taman > Dekorasi > Aksesori Perawatan Jendela > Suku Cadang Pengganti Perawatan Jendela
1863,PEMBERSIH LIDAH,4,1,Perawatan Diri & Rumah Tangga > Perawatan Diri > PERAWATAN MULUT & GIGI > PEMBERSIH LIDAH,False,EXACT,1.0,1,Kesehatan & Kecantikan > Perawatan Tubuh > Perawatan Mulut > Pembersih Lidah,EXACT,1.0,exact-raw,vertical,1,hb-3-12-15,Kesehatan & Kecantikan > Perawatan Tubuh > Perawatan Mulut > Pembersih Lidah,Health & Beauty > Personal Care > Oral Care > Tongue Scrapers,3,True,False,7,Kelompok usia | Warna | Bahan | Fungsi perawatan mulut | Pola | Bentuk produk | Jenis penggunaan,
