id,name,name_en,path,depth,numchild,full_code,is_public,products,products_active,cum_products
1162,KAUS PRIA,,0008000400030003,4,0,A008-04-01-02,true,1467,1423,1467
1224,CELANA DALAM WANITA,,0008000500070002,4,0,A008-05-07-02,true,1427,1406,2894
1788,BARANG OBRAL,,000E0001,2,0,Z002-01,true,1382,1272,4276
68,MAINAN ANAK LAKI-LAKI,,000A0002,2,0,A010-02,true,1319,1277,5595
1568,SPREI,,000B000A000700020003000B,6,0,A003-02-05-02-03-11,true,1186,1166,6781
955,PERALATAN RUMAH TANGGA,,000B000A00070001,4,4,A003-02-05-01,true,1143,1113,7924
440,SANDAL WANITA,,0008000D0003,3,0,A008-13-03,true,1086,1074,9010
10,Mainan dan Alat Lainnya,Toys and Tools,000A,1,8,A010,true,1048,1040,10058
1223,BRA WANITA,,0008000500070001,4,0,A008-05-07-01,true,1022,984,11080
1163,KEMEJA PRIA,,0008000400030004,4,0,A008-04-01-03,true,937,931,12017
1183,BLOUSE WANITA,,0008000500010001,4,0,A008-05-01-01,true,913,909,12930
1176,CELANA PANJANG PRIA,,0008000400070001,4,0,A008-04-05-01,true,885,879,13815
1814,ARTEMEDIA,,000F00070002,3,0,Z003-B001-06,true,830,772,14645
533,COOKIES & BISKUIT,,0001000500020002,4,0,A001-04-02-02,true,827,542,15472
1211,CELANA PANJANG WANITA,,0008000500050002,4,0,A008-05-05-02,true,827,802,16299
450,TAS WANITA,,0008000E0004,3,10,A008-14-04,true,784,742,17083
432,SANDAL PRIA,,0008000C0003,3,0,A008-12-03,true,782,762,17865
1139,ATASAN ANAK LAKI-LAKI,,0008000300010001,4,0,A008-03-01-01,true,734,701,18599
879,SHAMPOO,,000B000800010008,4,0,A003-01-01-08,true,719,431,19318
72,MAINAN OLAHRAGA DAN AKTIVITAS,,000A0006,2,4,A010-06,true,683,669,20001
1271,TAS RANSEL PRIA,,0008000E00020008,4,0,A008-14-02-08,true,661,624,20662
53,KACAMATA,,00080007,2,3,A008-07,true,642,636,21304
1262,TAS RANSEL / PUNGGUNG ANAK,,0008000E00010002,4,0,A008-14-01-02,true,638,613,21942
49,FASHION ANAK & BAYI,,00080003,2,3,A008-03,true,596,590,22538
1180,CELANA DALAM PRIA,,0008000400080002,4,0,A008-04-06-02,true,589,589,23127
1141,BAWAHAN ANAK LAKI-LAKI,,0008000300010003,4,0,A008-03-01-03,true,584,579,23711
1727,BOTOL MINUM PLASTIK,,000B000A000700010003000300020002,8,0,A003-02-05-01-03-03-02-02,true,583,524,24294
377,AKSESORIS FASHION DEWASA LAINNYA,,000800020001,3,0,A008-02-01,true,569,492,24863
1144,SET PAKAIAN ANAK LAKI-LAKI,,0008000300010006,4,0,A008-03-01-06,true,569,562,25432
58,SEPATU PRIA,,0008000C,2,8,A008-12,true,558,555,25990
1145,ATASAN ANAK PEREMPUAN,,0008000300020001,4,0,A008-03-02-01,true,541,538,26531
398,ATASAN WANITA,,000800050001,3,6,A008-05-01,true,523,523,27054
1147,BAWAHAN ANAK PEREMPUAN,,0008000300020003,4,0,A008-03-02-03,true,521,498,27575
67,BONEKA ,,000A0001,2,0,A010-01,true,518,460,28093
1282,TAS RANSEL WANITA,,0008000E00040007,4,0,A008-14-04-07,true,513,494,28606
69,MAINAN ANAK PEREMPUAN,,000A0003,2,0,A010-03,true,496,480,29102
1151,SET PAKAIAN ANAK PEREMPUAN,,0008000300020007,4,0,A008-03-02-07,true,485,484,29587
458,LIPSTICK,,000900020004,3,0,A009-02-04,true,482,331,30069
59,SEPATU WANITA,,0008000D,2,9,A008-13,true,481,472,30550
1721,KOTAK MAKAN PLASTIK,,000B000A000700010003000300010001,8,0,A003-02-05-01-03-03-01-01,true,467,409,31017
60,TAS & KOPER,,0008000E,2,4,A008-14,true,456,417,31473
1161,KAUS POLO PRIA,,0008000400030002,4,0,A008-04-01-01,true,432,430,31905
1318,SUSU CAIR & UHT,,00010003000200020003,5,0,A001-02-01-02-03,true,427,290,32332
547,SNACK LAINNYA,,0001000500020005,4,0,A001-04-02-99,true,420,257,32752
891,PEMBERSIH WAJAH (FACE WASH),,000B000800020009,4,0,A003-01-02-09,true,412,273,33164
1476,SABUN BADAN CAIR KEMASAN REFILL,,000B00080003000900020002,6,0,A003-01-03-09-02-02,true,402,274,33566
48,AKSESORIS FASHION DEWASA,,00080002,2,12,A008-02,true,385,366,33951
1229,DASTER WANITA,,0008000500090001,4,0,A008-05-09-01,true,380,370,34331
57,SEPATU ANAK & BAYI,,0008000B,2,2,A008-11,true,379,374,34710
42,DEKORASI & KELENGKAPAN PESTA,,00070005,2,12,A007-05,true,378,338,35088
1723,TOPLES,,000B000A000700010003000300010003,8,0,A003-02-05-01-03-03-01-03,true,377,309,35465
1152,TERUSAN ANAK PEREMPUAN,,0008000300020008,4,0,A008-03-02-08,true,376,371,35841
549,PERMEN,,0001000500050002,4,0,A001-04-05-02,true,375,234,36216
1177,CELANA PENDEK PRIA,,0008000400070002,4,0,A008-04-05-02,true,368,356,36584
1541,ALAT DAPUR & AKSESORIS DAPUR,,000B000A0007000100030001,6,47,A003-02-05-01-03-01,true,361,307,36945
1135,JEPIT RAMBUT DEWASA,,0008000200020003,4,0,A008-02-02-03,true,358,306,37303
1796,CARDINAL OBRAL,,000F000700030001,4,8,Z003-B001-05-02,true,353,353,37656
85,COKLAT MAKANAN KECIL,,000100050001,3,0,A001-04-01,true,348,213,38004
1187,KEMEJA WANITA,,0008000500010005,4,0,A008-05-01-05,true,347,342,38351
1455,CELANA OLAHRAGA PRIA,,00080008000100020001,5,0,A008-08-01-02-01,true,342,342,38693
1159,SETELAN BAYI,,0008000300030007,4,0,A008-03-03-07,true,340,318,39033
1567,SELIMUT (BEDCOVER),,000B000A000700020003000A,6,0,A003-02-05-02-03-10,true,335,332,39368
1253,SANDAL ANAK PEREMPUAN,,0008000B00020002,4,0,A008-11-02-02,true,334,318,39702
1373,PARFUM WANITA,,000B0008000500030002,5,0,A003-01-05-03-02,true,327,223,40029
278,BOHLAM,,000600030005,3,0,A006-03-05,true,323,242,40352
899,BODY LOTION,,000B000800030004,4,0,A003-01-03-04,true,320,201,40672
1276,DOMPET WANITA,,0008000E00040001,4,0,A008-14-04-01,true,320,302,40992
612,MIE INSTAN BUNGKUS,,0001000600090003,4,0,A001-05-09-03,true,318,220,41310
1199,KERUDUNG WANITA,,0008000500030006,4,0,A008-05-03-06,true,314,302,41624
1317,SUSU BUBUK,,00010003000200020002,5,0,A001-02-01-02-02,true,310,187,41934
1473,POPOK (DIAPERS) ANAK & BAYI SEKALI PAKAI (DISPOSABLE) MODEL CELANA,,000200030002000500020001,6,0,A002-03-02-05-02-01,true,306,154,42240
404,PAKAIAN DALAM WANITA,,000800050007,3,4,A008-05-07,true,299,288,42539
1246,SANDAL ANAK LAKI-LAKI,,0008000B00010002,4,0,A008-11-01-02,true,298,290,42837
1134,IKAT RAMBUT DEWASA,,0008000200020002,4,0,A008-02-02-02,true,297,234,43134
1294,SERAGAM SD,,0008000F00020001,4,0,A008-15-02-01,true,296,283,43430
380,IKAT PINGGANG,,000800020004,3,0,A008-02-04,true,294,283,43724
1143,PAKAIAN MUSLIM ANAK LAKI-LAKI,,0008000300010005,4,0,A008-03-01-05,true,293,257,44017
1136,SISIR DEWASA,,0008000200020004,4,0,A008-02-02-04,true,292,287,44309
411,KACAMATA BACA,,000800070002,3,0,A008-07-02,true,290,250,44599
535,WAFER,,0001000500020004,4,0,A001-04-02-04,true,288,186,44887
515,YOGHURT,,000100030002000F,4,0,A001-02-01-15,true,287,176,45174
1215,ROK MAXI WANITA,,0008000500050006,4,0,A008-05-05-06,true,280,276,45454
391,PAKAIAN BAYI,,000800030003,3,8,A008-03-03,true,277,277,45731
1197,GAUN MUSLIM WANITA,,0008000500030004,4,0,A008-05-03-04,true,270,270,46001
1362,SABUN BADAN BATANG,,000B0008000300090001,5,0,A003-01-03-09-01,true,270,192,46271
565,BUMBU MASAK INSTAN,,0001000600030001,4,0,A001-05-03-01,true,269,196,46540
1186,KAUS WANITA,,0008000500010004,4,0,A008-05-01-04,true,268,249,46808
311,BUKU ANAK-ANAK,,000700030001,3,0,A007-03-01,true,267,238,47075
305,PEN,,000700020001,3,0,A007-02-01,true,266,228,47341
1791,OLYMPIC,,000F00070006,3,0,Z003-B001-02,true,264,264,47605
472,BEDAK WAJAH,,000900050002,3,0,A009-05-02,true,255,186,47860
40,BUKU BACAAN,,00070003,2,4,A007-03,true,252,249,48112
51,FASHION WANITA,,00080005,2,9,A008-05,true,252,249,48364
170,STOP KONTAK,,00040001000I,3,0,A004-01-18,true,244,219,48608
430,KAUS KAKI PRIA,,0008000C0001,3,0,A008-12-01,true,244,232,48852
1148,PAKAIAN DALAM ANAK PEREMPUAN,,0008000300020004,4,0,A008-03-02-04,true,243,237,49095
7,Alat dan Buku Tulis,Stationary and Books,0007,1,9,A007,true,241,209,49336
240,BUNGA & TANAMAN ARTIFISIAL (BUATAN),,000500050002,3,0,A005-06-02,true,241,226,49577
912,SIKAT GIGI DEWASA,,000B000800040005,4,0,A003-01-04-05,true,240,184,49817
388,TOPI DEWASA,,00080002000D,3,0,A008-02-12,true,237,225,50054
437,SEPATU SNEAKERS PRIA,,0008000C0008,3,0,A008-12-08,true,236,236,50290
438,KAUS KAKI WANITA,,0008000D0001,3,0,A008-13-01,true,236,228,50526
573,ES KRIM,,0001000600040002,4,0,A001-05-04-02,true,233,221,50759
1149,PAKAIAN MUSLIM ANAK PEREMPUAN,,0008000300020005,4,0,A008-03-02-05,true,232,207,50991
256,PERAWATAN HEWAN PELIHARAAN,,000500070001,3,5,A005-08-01,true,230,179,51221
180,PYLOX,,000400020009,3,0,A004-02-09,true,227,163,51448
29,MENJAHIT,,00050002,2,15,A005-03,true,225,178,51673
409,JAM TANGAN WANITA,,000800060003,3,0,A008-06-03,true,224,179,51897
111,SAYURAN SEGAR,,000100070005,3,90,A001-06-05,true,222,192,52119
1559,CERMIN,,000B000A0007000200030002,6,0,A003-02-05-02-03-02,true,222,207,52341
358,KANTONG WARNA WARNI,,00070008000D,3,0,A007-08-13,true,221,198,52562
922,PEMBALUT,,000B000800070002,4,0,A003-01-07-02,true,221,159,52783
14,MAKANAN KECIL ,,00010005,2,7,A001-04,true,220,40,53003
41,BUKU TULIS,,00070004,2,7,A007-04,true,219,172,53222
1410,DETERJEN CAIR,,000B000A000200010002,5,3,A003-02-02-01-02,true,218,147,53440
322,BALON,,000700050001,3,0,A007-05-01,true,214,191,53654
361,KOTAK PENSIL (PENCIL CASE),,00070008000G,3,0,A007-08-16,true,214,189,53868
1475,SABUN BADAN CAIR KEMASAN BOTOL,,000B00080003000900020001,6,0,A003-01-03-09-02-01,true,213,92,54081
889,MASKER KECANTIKAN,,000B000800020007,4,0,A003-01-02-07,true,212,64,54293
1813,JAS HUJAN,,0008000200080003,4,0,A008-02-08-03,true,206,155,54499
188,GEMBOK RUMAH,,000400030006,3,0,A004-03-06,true,203,180,54702
1245,KAUS KAKI ANAK & BAYI LAKI-LAKI,,0008000B00010001,4,0,A008-11-01-01,true,203,198,54905
911,PASTA GIGI DEWASA,,000B000800040004,4,0,A003-01-04-04,true,202,149,55107
1214,LEGGING WANITA,,0008000500050005,4,0,A008-05-05-05,true,202,201,55309
877,PEWARNA RAMBUT,,000B000800010006,4,0,A003-01-01-06,true,201,123,55510
1172,PECI,,0008000400050003,4,0,A008-04-03-03,true,201,180,55711
1627,CETAKAN / LOYANG KUE,,000B000A00070001000300010008,7,0,A003-02-05-01-03-01-08,true,201,177,55912
449,TAS TRAVEL & KOPER,,0008000E0003,3,3,A008-14-03,true,199,197,56111
173,BAUT/SEKRUP,,000400020002,3,0,A004-02-02,true,197,186,56308
1295,SERAGAM SMP,,0008000F00020002,4,0,A008-15-02-02,true,195,182,56503
510,MINUMAN KESEHATAN,,000100030002000A,4,0,A001-02-01-10,true,193,143,56696
312,BUKU FIKSI,,000700030002,3,0,A007-03-02,true,190,115,56886
1519,MASKER ANTI DEBU,,000B000A0007000100010004,6,0,A003-02-05-01-01-04,true,188,97,57074
1409,DETERJEN BUBUK,,000B000A000200010001,5,0,A003-02-02-01-01,true,186,136,57260
1165,JAKET PRIA,,0008000400040002,4,0,A008-04-02-02,true,182,182,57442
307,PENSIL,,000700020003,3,0,A007-02-03,true,181,152,57623
77,SUSU FORMULA BAYI,,000100010004,3,0,A001-01-03,true,174,120,57797
44,KERTAS,,00070007,2,9,A007-07,true,173,153,57970
1127,BANDO & BANDANA ANAK,,0008000100010001,4,0,A008-01-01-01,true,173,145,58143
1133,BANDO & BANDANA DEWASA,,0008000200020001,4,0,A008-02-02-01,true,173,155,58316
1173,SARUNG,,0008000400050004,4,0,A008-04-03-04,true,172,162,58488
1191,KARDIGAN WANITA,,0008000500020003,4,0,A008-05-02-03,true,171,170,58659
2,Keperluan Anak dan Bayi,Baby and Kids,0002,1,4,A002,true,170,167,58829
1546,TEMPAT PENYIMPANAN LAINNYA,,000B000A0007000100030006,6,4,A003-02-05-01-03-06,true,169,155,58998
428,SEPATU ANAK & BAYI LAKI-LAKI,,0008000B0001,3,7,A008-11-01,true,168,161,59166
1129,JEPIT RAMBUT ANAK,,0008000100010003,4,0,A008-01-01-03,true,167,155,59333
519,KOPI BUBUK INSTAN KEMASAN BUNGKUS/SACHET,,00010004000100020001,5,0,A001-03-01-02-01,true,166,110,59499
542,"KACANG, BIJI BIJAN, DAN BUAH KERING",,0001000500040002,4,0,A001-04-04-02,true,166,127,59665
1795,CARDINAL NORMAL,,000F000700030002,4,8,Z003-B001-05-01,true,166,166,59831
1281,TAS POUCH WANITA,,0008000E00040006,4,0,A008-14-04-06,true,165,165,59996
915,BODY MIST & COLOGNE DEWASA,,000B000800050001,4,0,A003-01-05-01,true,163,107,60159
1413,PELEMBUT & PEWANGI PAKAIAN (SOFTENER) KEMASAN REFILL (POUCH),,000B000A000200020002,5,0,A003-02-02-02-02,true,162,104,60321
979,PEWANGI MOBIL,,0005000100010009,4,0,A005-01-01-09,true,161,105,60482
1077,MAKANAN KUCING,,0005000700030004,4,0,A005-08-03-04,true,160,113,60642
287,KIPAS ANGIN,,00060003000E,3,0,A006-03-14,true,158,144,60800
1188,TANK TOP WANITA,,0008000500010006,4,0,A008-05-01-06,true,158,150,60958
1369,DEODORAN ROLL-ON,,000B0008000500020003,5,0,A003-01-05-02-03,true,157,124,61115
650,KUE,,00010006000F0002,4,0,A001-05-15-02,true,156,101,61271
1154,BAWAHAN BAYI,,0008000300030002,4,0,A008-03-03-02,true,156,154,61427
1561,HANDUK,,000B000A0007000200030004,6,0,A003-02-05-02-03-04,true,156,141,61583
1304,SPONGE / BLENDER / APLIKATOR MAKE UP,,0009000100010006,4,0,A009-01-01-06,true,154,133,61737
1728,TERMOS AIR PANAS,,000B000A000700010003000300020003,8,0,A003-02-05-01-03-03-02-03,true,154,134,61891
335,CLEAR FOLDER,,000700060002,3,0,A007-06-02,true,151,130,62042
1007,BENANG JAHIT,,0005000200010001,4,0,A005-03-01-01,true,151,82,62193
1889,SPATULA,,000B000A000700010003000200010001,8,0,A003-02-05-01-03-02-01-08,true,151,131,62344
1146,BAJU LUARAN ANAK PEREMPUAN,,0008000300020002,4,0,A008-03-02-02,true,150,149,62494
1153,ATASAN BAYI,,0008000300030001,4,0,A008-03-03-01,true,150,150,62644
76,SNACK BAYI,,000100010002,3,0,A001-01-02,true,149,83,62793
93,BUMBU DAPUR,,000100060003,3,9,A001-05-03,true,148,59,62941
1307,MAKEUP & TRAVEL CASE,,0009000100020003,4,0,A009-01-02-03,true,148,139,63089
1548,GANTUNGAN / JEMURAN BAJU,,000B000A0007000100040002,6,0,A003-02-05-01-04-02,true,148,139,63237
1201,MUKENA WANITA,,0008000500030008,4,0,A008-05-03-08,true,146,144,63383
1232,PIYAMA SET WANITA,,0008000500090004,4,0,A008-05-09-04,true,145,145,63528
247,POT BUNGA,,000500050009,3,0,A005-06-09,true,144,136,63672
1858,BOX PENYIMPANAN MAKANAN,,000B000A000700010003000300010006,8,0,A003-02-05-01-03-03-01-08,true,144,125,63816
992,HELM,,0005000800010001,4,0,A005-02-01-01,true,143,131,63959
448,TAS PRIA,,0008000E0002,3,9,A008-14-02,true,142,133,64101
887,KRIM WAJAH,,000B000800020005,4,0,A003-01-02-05,true,140,68,64241
340,KERTAS KADO,,000700070004,3,0,A007-07-04,true,137,116,64378
351,CELENGAN,,000700080006,3,0,A007-08-06,true,137,120,64515
836,GENDONGAN,,0002000300010003,4,0,A002-03-01-03,true,137,135,64652
26,PERLENGKAPAN PERBAIKAN RUMAH,,00040003,2,24,A004-03,true,136,127,64788
107,BUAH,,000100070001,3,30,A001-06-01,true,136,119,64924
873,KONDISIONER RAMBUT (HAIR CONDITIONER),,000B000800010002,4,0,A003-01-01-02,true,136,66,65060
1671,WAJAN,,000B000A00070001000300020007,7,0,A003-02-05-01-03-02-07,true,136,125,65196
151,PENGHARUM RUANGAN,,000B000A0004,3,3,A003-02-04,true,135,107,65331
1171,BAJU KOKO LENGAN PENDEK PRIA,,0008000400050002,4,0,A008-04-03-02,true,135,128,65466
536,KERIPIK KENTANG,,0001000500030001,4,0,A001-04-03-01,true,134,96,65600
838,TAS BAYI,,0002000300010005,4,0,A002-03-01-05,true,133,129,65733
1649,PISAU,,000B000A0007000100030001000U,7,3,A003-02-05-01-03-01-30,true,133,124,65866
1372,PARFUM LAKI-LAKI,,000B0008000500030001,5,0,A003-01-05-03-01,true,132,76,65998
78,MINUMAN DALAM KEMASAN,,000100030002,3,16,A001-02-01,true,131,83,66129
308,SPIDOL,,000700020004,3,0,A007-02-04,true,129,91,66258
1272,TAS SELEMPANG PRIA,,0008000E00020009,4,0,A008-14-02-09,true,129,128,66387
1251,SEPATU SNEAKERS ANAK LAKI-LAKI,,0008000B00010007,4,0,A008-11-01-07,true,128,128,66515
568,BUMBU REMPAH,,0001000600030004,4,0,A001-05-03-04,true,127,116,66642
591,NUGGET BEKU,,000100060007000A,4,0,A001-05-07-10,true,127,91,66769
1726,ANEKA BOTOL KOSONG,,000B000A000700010003000300020001,8,0,A003-02-05-01-03-03-02-01,true,127,114,66896
534,CRACKERS,,0001000500020003,4,0,A001-04-02-03,true,126,84,67022
1024,PITA SATIN,,00050002000C0006,4,0,A005-03-12-06,true,126,123,67148
390,PAKAIAN ANAK PEREMPUAN,,000800030002,3,8,A008-03-02,true,124,124,67272
557,BUBUK PUDDING/JELLY/AGAR-AGAR DAN VLA,,0001000600010004,4,0,A001-05-01-04,true,124,90,67396
1609,TISU FACIAL (HALUS),,000B000A000700010001000D0003,7,0,A003-02-05-01-01-13-03,true,124,94,67520
75,MAKANAN & MINUMAN BAYI,,000100010001,3,0,A001-01-01,true,123,81,67643
303,PEN WARNA WARNI,,000700010007,3,0,A007-01-07,true,123,98,67766
395,BATIK PRIA,,000800040006,3,2,A008-04-04,true,123,123,67889
1676,TEMPAT SAMPAH,,000B000A00070001000300040003,7,0,A003-02-05-01-03-04-03,true,123,109,68012
1261,TAS SELEMPANG ANAK,,0008000E00010001,4,0,A008-14-01-01,true,122,66,68134
596,SOSIS BEKU,,000100060007000F,4,0,A001-05-07-15,true,121,83,68255
1115,LILIN ULANG TAHUN,,0007000500050002,4,0,A007-05-05-02,true,121,92,68376
1142,PAKAIAN DALAM ANAK LAKI-LAKI,,0008000300010004,4,0,A008-03-01-04,true,121,118,68497
96,MADU,,000100060006,3,0,A001-05-06,true,120,74,68617
1182,KAOS SINGLET PRIA,,0008000400080004,4,0,A008-04-06-04,true,120,120,68737
607,IKAN DALAM KEMASAN KALENG,,000100060008000A,4,0,A001-05-08-10,true,119,77,68856
1174,BATIK LENGAN PANJANG PRIA,,0008000400060001,4,0,A008-04-04-01,true,119,117,68975
452,SERAGAM SEKOLAH,,0008000F0002,3,5,A008-15-02,true,118,107,69093
1128,IKAT RAMBUT ANAK,,0008000100010002,4,0,A008-01-01-02,true,118,106,69211
423,BROS DEWASA,,0008000A0002,3,0,A008-10-02,true,117,95,69328
1296,SERAGAM SMA,,0008000F00020003,4,0,A008-15-02-03,true,116,112,69444
1743,PIRING PLASTIK,,000B000A000700010003000500030006,8,0,A003-02-05-01-03-05-03-06,true,116,113,69560
814,GUNTING KUKU,,0002000200010001,4,0,A002-02-01-01,true,115,98,69675
1140,BAJU LUARAN ANAK LAKI-LAKI,,0008000300010002,4,0,A008-03-01-02,true,115,115,69790
1438,KURSI,,000B000A000700020001,5,0,A003-02-05-02-01,true,114,108,69904
321,BUKU TULIS,,000700040007,3,0,A007-04-07,true,113,93,70017
924,VITAMIN & MULTIVITAMIN,,000B000800080001,4,0,A003-01-08-01,true,113,84,70130
1009,BENANG RAJUT,,0005000200010003,4,0,A005-03-01-03,true,113,113,70243
875,PENATA RAMBUT (WAX/GEL/POMADE/FOAM),,000B000800010004,4,0,A003-01-01-04,true,112,84,70355
1623,BASKOM SAYUR,,000B000A00070001000300010004,7,0,A003-02-05-01-03-01-04,true,112,101,70467
1742,PIRING MELAMIN,,000B000A000700010003000500030005,8,0,A003-02-05-01-03-05-03-05,true,112,98,70579
317,BUKU GAMBAR,,000700040003,3,0,A007-04-03,true,111,88,70690
566,BUMBU PENYEDAP,,0001000600030002,4,0,A001-05-03-02,true,111,91,70801
544,PUDDING & JELLY,,000100050007,3,0,A001-04-07,true,110,56,70911
545,RUMPUT LAUT,,0001000500040005,4,0,A001-04-04-05,true,110,72,71021
1190,JAKET WANITA,,0008000500020002,4,0,A008-05-02-02,true,110,110,71131
1573,TAPLAK MEJA,,000B000A0007000200050003,6,0,A003-02-05-02-05-03,true,110,97,71241
402,BAWAHAN WANITA,,000800050005,3,9,A008-05-05,true,109,108,71350
883,FACE MOISTURIZER,,000B000800020001,4,0,A003-01-02-01,true,109,83,71459
1496,CAIRAN PENCUCI PIRING KEMASAN REFILL (POUCH),,000B000A0003000100020003,6,0,A003-02-03-01-02-03,true,109,67,71568
371,STICKY NOTES,,00070008000Q,3,0,A007-08-26,true,108,77,71676
37,ALAT ELEKTRONIK RUMAH LAINNYA,,00060003,2,23,A006-03,true,107,102,71783
477,FOUNDATION (DASAR MAKE UP),,000900050007,3,0,A009-05-07,true,107,68,71890
524,TEH CELUP,,0001000400050001,4,0,A001-03-04-01,true,107,89,71997
842,COTTON BUD ,,0002000300020003,4,0,A002-03-02-03,true,107,100,72104
1170,BAJU KOKO LENGAN PANJANG PRIA,,0008000400050001,4,0,A008-04-03-01,true,107,100,72211
1442,PERLENGKAPAN LAINNYA,,000B000A000700020005,5,4,A003-02-05-02-05,true,107,98,72318
306,PENGHAPUS,,000700020002,3,0,A007-02-02,true,106,91,72424
1192,ROMPI WANITA,,0008000500020004,4,0,A008-05-02-04,true,106,105,72530
1506,CAIRAN PEMBERSIH LANTAI KEMASAN REFILL (POUCH),,000B000A0003000400010003,6,0,A003-02-03-04-01-03,true,106,84,72636
50,FASHION PRIA,,00080004,2,7,A008-04,true,105,105,72741
633,KEJU,,00010006000C0001,4,0,A001-05-12-01,true,105,68,72846
654,SEREAL,,00010006000F0006,4,0,A001-05-15-06,true,105,74,72951
270,PERLENGKAPAN KOMPUTER,,000600020001,3,14,A006-02-01,true,104,84,73055
429,SEPATU ANAK & BAYI PEREMPUAN,,0008000B0002,3,9,A008-11-02,true,104,98,73159
511,MINUMAN RASA BUAH,,000100030002000B,4,0,A001-02-01-11,true,104,77,73263
553,PERMEN PENYEGAR NAFAS,,0001000500050006,4,0,A001-04-05-06,true,104,86,73367
845,TISU BASAH (BABY WIPES),,0002000300020006,4,0,A002-03-02-06,true,104,63,73471
890,MICELLAR WATER,,000B000800020008,4,0,A003-01-02-08,true,104,74,73575
1264,DOMPET PRIA,,0008000E00020001,4,0,A008-14-02-01,true,104,103,73679
1269,TAS PINGGANG PRIA,,0008000E00020006,4,0,A008-14-02-06,true,104,104,73783
1750,MANGKUK PLASTIK,,000B000A000700010003000500040005,8,0,A003-02-05-01-03-05-04-05,true,104,101,73887
310,TIPPEX,,000700020006,3,0,A007-02-06,true,103,64,73990
812,SHAMPOO ANAK & BAYI,,0002000100050005,4,0,A002-01-05-05,true,103,81,74093
907,HAND SANITIZER,,000B00080003000C,4,0,A003-01-03-12,true,103,18,74196
333,AKSESORIS ULANG TAHUN LAINNYA,,00070005000C,3,0,A007-05-12,true,102,89,74298
1674,KERANJANG DAPUR,,000B000A00070001000300040001,7,4,A003-02-05-01-03-04-01,true,102,100,74400
1696,JAM DINDING,,000B000A00070002000300050002,7,0,A003-02-05-02-03-05-02,true,102,99,74502
1132,TOPI ANAK,,0008000100010006,4,0,A008-01-01-06,true,101,98,74603
1574,TIKAR,,000B000A0007000200050004,6,0,A003-02-05-02-05-04,true,101,97,74704
294,STEKER,,00060003000L,3,0,A006-03-21,true,100,96,74804
942,SEMPROTAN PEMBASMI HAMA,,000B000A00010006,4,0,A003-02-01-06,true,100,84,74904
1275,KOPER BAGASI,,0008000E00030003,4,2,A008-14-03-03,true,100,91,75004
1551,KERANJANG LAUNDRY,,000B000A0007000100040005,6,0,A003-02-05-01-04-05,true,100,95,75104
894,SERUM WAJAH,,000B00080002000C,4,0,A003-01-02-12,true,99,41,75203
1583,KAIN KESET,,000B000A00070001000100030002,7,0,A003-02-05-01-01-03-02,true,99,97,75302
45,PERALATAN UMUM,,00070008,2,30,A007-08,true,98,84,75400
46,KARTU UCAPAN,,00070009,2,0,A007-09,true,97,95,75497
939,KAMPER / KAPUR BARUS (CAMPHOR/NAPHTALENE BALL),,000B000A00010003,4,2,A003-02-01-03,true,97,81,75594
1529,BASKOM AIR,,000B000A0007000100020001,6,0,A003-02-05-01-02-01,true,97,93,75691
268,RICE COOKER,,00060001000A,3,0,A006-01-10,true,96,66,75787
406,PAKAIAN TIDUR WANITA,,000800050009,3,4,A008-05-09,true,96,96,75883
969,KERAN AIR KAMAR MANDI,,0004000300080002,4,0,A004-03-08-02,true,96,88,75979
70,MAINAN BAYI & BALITA,,000A0004,2,0,A010-04,true,95,84,76074
88,KACANG DAN SNACK LAINNYA,,000100050004,3,5,A001-04-04,true,94,41,76168
160,KUAS CAT,,000400010008,3,0,A004-01-08,true,94,82,76262
198,TALI PLASTIK TWIST TIE (CABLE TIE NYLON),,00040003000G,3,0,A004-03-16,true,94,83,76356
653,ROTI,,00010006000F0005,4,2,A001-05-15-05,true,94,66,76450
1107,KABEL DATA,,0006000200030005,4,0,A006-02-03-05,true,94,82,76544
1325,JUS BUAH,,00010003000200030002,5,0,A001-02-01-03-02,true,94,64,76638
360,KOTAK KADO,,00070008000F,3,0,A007-08-15,true,93,79,76731
117,ROKOK,,000100080005,3,0,A001-07-05,true,92,66,76823
171,TANG,,00040001000J,3,0,A004-01-19,true,92,80,76915
176,LEM MATERIAL,,000400020005,3,0,A004-02-05,true,92,86,77007
906,SUN BLOCK / SUN SCREEN,,000B0008000E,3,0,A003-01-14,true,92,71,77099
532,BISKUIT SEASONAL ,,0001000500020001,4,0,A001-04-02-01,true,90,65,77189
799,BEDAK ANAK & BAYI,,0002000100030002,4,0,A002-01-03-02,true,90,33,77279
801,COLOGNE ANAK & BAYI,,0002000100030004,4,0,A002-01-03-04,true,90,79,77369
1175,BATIK LENGAN PENDEK PRIA,,0008000400060002,4,0,A008-04-04-02,true,90,89,77459
1178,JEANS PRIA,,0008000400070003,4,0,A008-04-05-03,true,90,90,77549
1087,MOUSE,,0006000200010009,4,0,A006-02-01-09,true,88,61,77637
1672,TEMPAT PENYIMPANAN MAKANAN,,000B000A00070001000300030001,7,7,A003-02-05-01-03-03-01,true,88,82,77725
357,KALKULATOR,,00070008000C,3,0,A007-08-12,true,87,75,77812
624,MINYAK GORENG,,00010006000B0002,4,0,A001-05-11-02,true,86,44,77898
408,JAM TANGAN PRIA,,000800060002,3,0,A008-06-02,true,85,81,77983
1890,CETAKAN MAKANAN,,000B000A0007000100030001001B,7,0,A003-02-05-01-03-01-047,true,85,46,78068
277,BATERAI,,000600030004,3,0,A006-03-04,true,84,81,78152
463,PEWARNA KUKU,,000900030004,3,0,A009-03-04,true,84,71,78236
551,PERMEN JELLY,,0001000500050004,4,0,A001-04-05-04,true,84,63,78320
597,MAKANAN BEKU LAINNYA,,000100060007000G,4,0,A001-05-07-99,true,84,71,78404
309,STABILO,,000700020005,3,0,A007-02-05,true,83,65,78487
403,GAUN,,000800050006,3,4,A008-05-06,true,83,83,78570
1350,ROTI LAINNYA,,00010006000F00050002,5,0,A001-05-15-05-99,true,83,80,78653
445,SEPATU SNEAKERS WANITA,,0008000D0008,3,0,A008-13-08,true,82,82,78735
1298,SERAGAM PRAMUKA,,0008000F00020005,4,0,A008-15-02-05,true,82,64,78817
1322,SUSU KESEHATAN,,00010003000200020007,5,0,A001-02-01-02-07,true,82,59,78899
528,TEH KEMASAN BOTOL,,0001000400070002,4,0,A001-03-05-02,true,81,62,78980
882,VITAMIN RAMBUT,,000B00080001000B,4,0,A003-01-01-11,true,81,64,79061
918,ALAT CUKUR,,000B000800060001,4,0,A003-01-06-01,true,81,64,79142
1004,OLI MOTOR,,0005000800030004,4,0,A005-02-03-04,true,81,69,79223
1194,ATASAN MUSLIM WANITA,,0008000500030001,4,0,A008-05-03-01,true,81,77,79304
1461,PAKAIAN RENANG WANITA,,00080008000200030001,5,0,A008-08-02-03-01,true,81,81,79385
1613,EMBER TANPA TUTUP,,000B000A00070001000200030002,7,0,A003-02-05-01-02-03-02,true,81,76,79466
1786,FOOD COURT,,000F00070007,3,0,Z003-B001-01,true,81,80,79547
1403,POPOK (DIAPERS) DEWASA SEKALI PAKAI (DISPOSABLE) MODEL CELANA,,000B0008000C00010001,5,0,A003-01-12-01-01,true,80,56,79627
222,RESLETING / SELETING / RITSLETING,,00050002000E,3,0,A005-03-14,true,79,54,79706
539,KERIPIK SINGKONG,,0001000500030004,4,0,A001-04-03-04,true,79,61,79785
620,PASTA KERING,,00010006000A0005,4,0,A001-05-10-05,true,79,47,79864
830,DOT & EMPENG (PACIFIER),,0002000200050002,4,0,A002-02-05-02,true,79,72,79943
895,TONER,,000B00080002000D,4,0,A003-01-02-13,true,79,43,80022
1563,KAPSTOK,,000B000A0007000200030006,6,0,A003-02-05-02-03-06,true,79,71,80101
292,SENTER,,00060003000J,3,0,A006-03-19,true,78,68,80179
1072,PERALATAN PERAWATAN KUCING,,0005000700010005,4,0,A005-08-01-05,true,78,71,80257
1785,INVENTORY KANTOR,,000D,1,0,Z001,false,78,76,80335
39,ALAT TULIS,,00070002,2,8,A007-02,true,77,69,80412
80,KOPI INSTAN (RTD),,000100040003,3,2,A001-03-02,true,77,40,80489
514,SIRUP,,000100030002000E,4,0,A001-02-01-14,true,77,62,80566
923,PEMBERSIH KEWANITAAN,,000B000800070003,4,0,A003-01-07-03,true,77,52,80643
1249,SEPATU OLAHRAGA ANAK LAKI-LAKI,,0008000B00010005,4,0,A008-11-01-05,true,77,77,80720
74,ALAT LAINNYA,,000A0008,2,10,A010-08,true,76,76,80796
564,BERAS PUTIH,,0001000600020005,4,0,A001-05-02-05,true,76,43,80872
286,KABEL GULUNG,,00060003000D,3,0,A006-03-13,true,75,67,80947
378,AKSESORIS RAMBUT DEWASA,,000800020002,3,4,A008-02-02,true,75,64,81022
394,BAJU MUSLIM PRIA,,000800040005,3,4,A008-04-03,true,75,75,81097
407,JAM TANGAN ANAK,,000800060001,3,0,A008-06-01,true,75,70,81172
829,BOTOL SUSU,,0002000200050001,4,0,A002-02-05-01,true,75,73,81247
1160,TOPI BAYI,,0008000300030008,4,0,A008-03-03-08,true,75,73,81322
835,COOLER BAG,,0002000300010002,4,0,A002-03-01-02,true,74,69,81396
1638,KANTONG PLASTIK KRESEK,,000B000A0007000100030001000J,7,0,A003-02-05-01-03-01-19,true,74,61,81470
1691,KONTAINER,,000B000A00070001000300060003,7,0,A003-02-05-01-03-06-03,true,74,64,81544
362,LAKBAN,,00070008000H,3,0,A007-08-17,true,73,68,81617
647,OLESAN,,00010006000E0001,4,0,A001-05-14-01,true,73,54,81690
903,LULUR ,,000B000800030008,4,0,A003-01-03-08,true,73,60,81763
1085,HEADSET,,0006000200010007,4,0,A006-02-01-07,true,73,61,81836
298,CAT UNTUK MENGGAMBAR / MELUKIS,,000700010002,3,0,A007-01-02,true,72,56,81908
1313,AIR MINERAL KEMASAN BOTOL,,00010003000200010001,5,0,A001-02-01-01-01,true,72,63,81980
1384,MINYAK ANGIN,,000B0008000A00010007,5,0,A003-01-10-01-07,true,72,63,82052
1557,MEJA LIPAT,,000B000A0007000200020002,6,0,A003-02-05-02-02-02,true,72,70,82124
1749,MANGKUK MELAMIN,,000B000A000700010003000500040004,8,0,A003-02-05-01-03-05-04-04,true,72,64,82196
488,SEPEDA ANAK,,000A00060004,3,0,A010-06-04,true,71,69,82267
649,GRANOLA,,00010006000F0001,4,0,A001-05-15-01,true,71,36,82338
909,OBAT KUMUR (MOUTHWASH) DEWASA,,000B000800040002,4,0,A003-01-04-02,true,71,53,82409
956,PERLENGKAPAN RUMAH TANGGA,,000B000A00070002,4,5,A003-02-05-02,true,71,70,82480
1203,ATASAN BATIK WANITA,,0008000500040001,4,0,A008-05-04-01,true,71,56,82551
1647,PENYARING (STRAINER),,000B000A0007000100030001000S,7,0,A003-02-05-01-03-01-28,true,71,61,82622
190,KERAN AIR,,000400030008,3,3,A004-03-08,true,70,63,82692
194,PIPA,,00040003000C,3,0,A004-03-12,true,70,66,82762
392,ATASAN PRIA,,000800040003,3,3,A008-04-01,true,70,70,82832
874,MASKER RAMBUT (HAIR MASK),,000B000800010003,4,0,A003-01-01-03,true,70,46,82902
1071,PERALATAN PERAWATAN IKAN,,0005000700010004,4,0,A005-08-01-04,true,70,66,82972
1225,KORSET WANITA,,0008000500070003,4,0,A008-05-07-03,true,70,65,83042
993,JAS HUJAN/PONCO,,0005000800010002,4,0,A005-02-01-02,true,69,49,83111
52,JAM TANGAN,,00080006,2,3,A008-06,true,68,51,83179
1131,SISIR ANAK,,0008000100010005,4,0,A008-01-01-05,true,68,65,83247
1169,SWEATER PRIA,,0008000400040006,4,0,A008-04-02-06,true,68,68,83315
313,BUKU NON FIKSI,,000700030003,3,0,A007-03-03,true,67,22,83382
451,ATRIBUT SEKOLAH & KELENGKAPAN LAINNYA,,0008000F0001,3,8,A008-15-01,true,67,67,83449
1137,PAYUNG,,0008000200080001,4,0,A008-02-08-01,true,67,64,83516
304,PENSIL WARNA WARNI,,000700010008,3,0,A007-01-08,true,66,46,83582
412,KACAMATA HITAM,,000800070003,3,0,A008-07-03,true,66,65,83648
541,GRANOLA BAR & NUTRISI BAR,,0001000500040001,4,0,A001-04-04-01,true,66,48,83714
797,MINYAK TELON,,0002000100020002,4,0,A002-01-02-02,true,66,46,83780
1334,KERUPUK SIAP MAKAN,,00010006000800060002,5,0,A001-05-08-06-02,true,66,53,83846
1757,GELAS / CUP PLASTIK,,000B000A000700010003000500050005,8,0,A003-02-05-01-03-05-05-05,true,66,61,83912
174,CAT,,000400020003,3,0,A004-02-03,true,65,48,83977
202,WALLPAPER DINDING (STIKER DINDING) & POSTER,,00040003000K,3,0,A004-03-20,true,65,48,84042
355,GUNTING KERTAS,,00070008000A,3,0,A007-08-10,true,65,55,84107
508,MINUMAN DENGAN NATA DE COCO (KELAPA),,0001000300020008,4,0,A001-02-01-08,true,65,47,84172
1193,SWEATER WANITA,,0008000500020005,4,0,A008-05-02-05,true,65,65,84237
1333,KERUPUK MENTAH DALAM KEMASAN,,00010006000800060001,5,0,A001-05-08-06-01,true,65,40,84302
1448,SENAR GITAR,,00050004000100020004,5,0,A005-05-01-02-04,true,65,57,84367
1274,KOPER KABIN,,0008000E00030002,4,2,A008-14-03-02,true,64,64,84431
1471,SABUN ANAK & BAYI CAIR KEMASAN BOTOL,,000200010003000700020001,6,0,A002-01-03-07-02-01,true,64,49,84495
1482,OBAT BATUK & PILEK DEWASA,,000B0008000A000200010002,6,0,A003-01-10-02-01-02,true,64,55,84559
1542,ALAT MASAK,,000B000A0007000100030002,6,8,A003-02-05-01-03-02,true,64,62,84623
851,BOTOL AIR MINUM ANAK & BAYI,,0002000300040002,4,0,A002-03-04-02,true,63,61,84686
1138,PAYUNG LIPAT,,0008000200080002,4,0,A008-02-08-02,true,63,53,84749
1212,CELANA PENDEK WANITA,,0008000500050003,4,0,A008-05-05-03,true,63,62,84812
442,SEPATU FLAT DAN SEPATU BALET WANITA,,0008000D0005,3,0,A008-13-05,true,62,60,84874
571,BUMBU DAPUR LAINNYA,,0001000600030007,4,0,A001-05-03-99,true,62,32,84936
1321,SUSU KENTAL MANIS,,00010003000200020006,5,0,A001-02-01-02-06,true,62,46,84998
1332,JAJANAN TRADISIONAL LAINNYA,,00010005000400060006,5,0,A001-04-04-06-99,true,62,54,85060
1478,SABUN CUCI TANGAN CAIR KEMASAN REFILL (POUCH),,000B00080003000A00020002,6,0,A003-01-03-10-02-02,true,62,39,85122
125,PERALATAN MAKAN ANAK & BAYI,,000200020003,3,3,A002-02-03,true,61,61,85183
206,AKSESORIS MOTOR,,000500080001,3,4,A005-02-01,true,61,52,85244
512,MINUMAN RINGAN (SODA),,000100030002000C,4,0,A001-02-01-12,true,61,53,85305
525,TEH BUBUK,,0001000400050002,4,0,A001-03-04-02,true,61,47,85366
921,PANTY LINER,,000B000800070001,4,0,A003-01-07-01,true,61,39,85427
1404,POPOK (DIAPERS) DEWASA SEKALI PAKAI (DISPOSABLE) DENGAN PEREKAT,,000B0008000C00010002,5,0,A003-01-12-01-02,true,61,39,85488
613,MIE INSTAN DALAM KEMASAN CUP,,0001000600090004,4,0,A001-05-09-04,true,60,51,85548
795,SIKAT GIGI ANAK & BAYI,,0002000100010004,4,0,A002-01-01-04,true,60,55,85608
1252,KAUS KAKI ANAK & BAYI PEREMPUAN,,0008000B00020001,4,0,A008-11-02-01,true,60,58,85668
1637,JEPITAN (TONGS),,000B000A0007000100030001000I,7,0,A003-02-05-01-03-01-18,true,60,49,85728
1852,SAOS CABAI KEMASAN BOTOL,,00010006000D000600030002,6,0,A001-05-13-06-03-02,true,60,52,85788
424,CINCIN DEWASA,,0008000A0003,3,0,A008-10-03,true,59,39,85847
444,SEPATU SLIP ON WANITA,,0008000D0007,3,0,A008-13-07,true,59,59,85906
966,OBENG BIASA,,00040001000B0001,4,0,A004-01-11-01,true,59,55,85965
1207,KEBAYA WANITA,,0008000500040005,4,0,A008-05-04-05,true,59,59,86024
1396,OBAT MINUM LAINNYA,,000B0008000A00020006,5,0,A003-01-10-02-99,true,59,47,86083
1532,GAYUNG,,000B000A0007000100020004,6,0,A003-02-05-01-02-04,true,59,57,86142
1543,TEMPAT PENYIMPANAN MAKANAN & MINUMAN,,000B000A0007000100030003,6,2,A003-02-05-01-03-03,true,59,52,86201
254,SAJADAH,,000500060001,3,0,A005-07-01,true,58,54,86259
527,TEH INSTAN SERBUK BERPERISA,,0001000400070001,4,0,A001-03-05-01,true,58,41,86317
548,MARSHMALLOW,,0001000500050001,4,0,A001-04-05-01,true,58,37,86375
555,BAHAN PEWARNA DAN PERISA KUE,,0001000600010002,4,0,A001-05-01-02,true,58,35,86433
584,BAKSO BEKU,,0001000600070003,4,0,A001-05-07-03,true,58,39,86491
328,STIKER,,000700050007,3,0,A007-05-07,true,57,52,86548
1198,JILBAB WANITA,,0008000500030005,4,0,A008-05-03-05,true,57,55,86605
1319,SUSU IBU HAMIL,,00010003000200020004,5,0,A001-02-01-02-04,true,57,31,86662
1576,FLOOR MOP UNTUK PEL,,000B000A00070001000100010002,7,0,A003-02-05-01-01-01-02,true,57,56,86719
1619,TEMPAT TISSUE MEJA,,000B000A000700010002000B0002,7,0,A003-02-05-01-02-11-02,true,57,44,86776
1878,SAKLAR,,00040001000L,3,0,A004-01-A21,true,57,54,86833
54,PAKAIAN OLAHRAGA,,00080008,2,3,A008-08,true,56,56,86889
344,KERTAS PRINTER,,000700070008,3,0,A007-07-08,true,56,46,86945
585,DAGING AYAM BEKU,,0001000600070004,4,0,A001-05-07-04,true,56,43,87001
1285,TAS TOTE WANITA,,0008000E0004000A,4,0,A008-14-04-10,true,56,54,87057
1597,SARUNG TANGAN KAIN,,000B000A000700010001000A0001,7,0,A003-02-05-01-01-10-01,true,56,53,87113
1804,JEANS,,000F0007000300020001,5,0,Z003-B001-05-01-01,true,56,56,87169
1840,SERUTAN,,000700020008,3,0,A007-02-07,true,56,44,87225
431,SANDAL GUNUNG PRIA,,0008000C0002,3,0,A008-12-02,true,55,54,87280
900,BODY SCRUB,,000B000800030005,4,0,A003-01-03-05,true,55,37,87335
1196,CIPUT WANITA,,0008000500030003,4,0,A008-05-03-03,true,55,55,87390
61,SERAGAM & ATRIBUT SEKOLAH,,0008000F,2,2,A008-15,true,54,48,87444
464,BULU MATA PALSU,,000900040001,3,0,A009-04-01,true,54,54,87498
466,EYEBROW,,000900040003,3,0,A009-04-03,true,54,37,87552
609,SOSIS SIAP MAKAN,,000100060008000C,4,0,A001-05-08-12,true,54,46,87606
1831,Peralatan & Perlengkapan Rumah Tangga,,000B000A0007,3,2,A003-02-05,true,54,52,87660
1837,TEPUNG BUMBU INSTAN,,0001000600030008,4,0,A001-05-03-07,true,54,41,87714
366,PENGGARIS,,00070008000L,3,0,A007-08-21,true,53,49,87767
447,TAS ANAK,,0008000E0001,3,3,A008-14-01,true,53,48,87820
764,SAYURAN CAMPUR DALAM KEMASAN,,000100070005001X,4,0,A001-06-05-70,true,53,53,87873
1562,JAM,,000B000A0007000200030005,6,2,A003-02-05-02-03-05,true,53,51,87926
1607,TISU BASAH NON BABY,,000B000A000700010001000D0001,7,0,A003-02-05-01-01-13-01,true,53,22,87979
104,SELAI & OLESAN,,00010006000E,3,2,A001-05-14,true,52,0,88031
1104,CHARGER HP,,0006000200030002,4,0,A006-02-03-02,true,52,49,88083
1540,SPONS MANDI (SHOWER NET),,000B000A000700010002000C,6,0,A003-02-05-01-02-12,true,52,41,88135
27,Perawatan & Suku Cadang Mobil,,00050001,2,3,A005-01,true,51,34,88186
888,LOTION SCRUB WAJAH,,000B000800020006,4,0,A003-01-02-06,true,51,37,88237
1096,KABEL HDMI,,0006000200020004,4,0,A006-02-02-04,true,51,43,88288
1114,LILIN LAINNYA,,0007000500050001,4,0,A007-05-05-01,true,51,44,88339
1370,DEODORAN SPRAY,,000B0008000500020004,5,0,A003-01-05-02-04,true,51,32,88390
1589,LAP KANEBO,,000B000A00070001000100030008,7,0,A003-02-05-01-01-03-08,true,51,49,88441
598,ABON,,0001000600080001,4,0,A001-05-08-01,true,50,38,88491
652,OAT & HAVERMOUT,,00010006000F0004,4,0,A001-05-15-04,true,50,34,88541
1606,SIKAT TOILET / WC,,000B000A000700010001000C0007,7,0,A003-02-05-01-01-12-07,true,50,44,88591
1857,TALENAN,,000B000A0007000100030001001A,7,0,A003-02-05-01-03-01-46,true,50,39,88641
47,AKSESORIS FASHION ANAK,,00080001,2,2,A008-01,true,49,48,88690
165,PALU/MARTIL,,00040001000D,3,0,A004-01-13,true,49,36,88739
178,PAKU,,000400020007,3,0,A004-02-07,true,49,45,88788
299,CRAYON,,000700010003,3,0,A007-01-03,true,49,36,88837
334,BOX FILE,,000700060001,3,0,A007-06-01,true,49,36,88886
422,ANTING DEWASA,,0008000A0001,3,0,A008-10-01,true,49,40,88935
473,BLUSH ON (PERONA PIPI),,000900050003,3,0,A009-05-03,true,49,33,88984
794,PASTA GIGI ANAK & BAYI,,0002000100010003,4,0,A002-01-01-03,true,49,41,89033
806,2IN1 WASH ANAK & BAYI,,0002000100040001,4,0,A002-01-04-01,true,49,41,89082
871,SELIMUT ANAK & BAYI,,0002000300070005,4,0,A002-03-07-05,true,49,49,89131
1074,MAKANAN ANJING,,0005000700030001,4,0,A005-08-03-01,true,49,22,89180
1091,SPEAKER,,000600020001000D,4,0,A006-02-01-13,true,49,31,89229
1278,TAS BAHU WANITA,,0008000E00040003,4,0,A008-14-04-03,true,49,42,89278
1664,WADAH AIR / TEKO AIR MINUM (JUG),,000B000A00070001000300010019,7,0,A003-02-05-01-03-01-45,true,49,47,89327
259,BLENDER,,000600010001,3,0,A006-01-01,true,48,45,89375
384,UNTUK HUJAN,,000800020008,3,3,A008-02-08,true,48,47,89423
389,PAKAIAN ANAK LAKI-LAKI,,000800030001,3,6,A008-03-01,true,48,47,89471
491,ALAT REFLEKSI,,000A00080001,3,0,A010-08-01,true,48,44,89519
860,BANTAL MENYUSUI,,0002000300060002,4,0,A002-03-06-02,true,48,47,89567
1102,USB EXTENSION ,,000600020002000A,4,0,A006-02-02-10,true,48,37,89615
509,MINUMAN ENERGI,,0001000300020009,4,0,A001-02-01-09,true,47,33,89662
1092,TINTA PRINTER,,000600020001000E,4,0,A006-02-01-14,true,47,37,89709
1189,BLAZER WANITA,,0008000500020001,4,0,A008-05-02-01,true,47,46,89756
1286,ATRIBUT LAINNYA,,0008000F00010001,4,0,A008-15-01-01,true,47,47,89803
1310,PINSET & PERALATAN ALIS,,0009000100020006,4,0,A009-01-02-06,true,47,47,89850
1681,GELAS/CUP,,000B000A00070001000300050005,7,7,A003-02-05-01-03-05-05,true,47,46,89897
1698,CENTONG NASI,,000B000A000700010003000100070002,8,0,A003-02-05-01-03-01-07-02,true,47,43,89944
1754,GELAS / CUP KERAMIK,,000B000A000700010003000500050002,8,0,A003-02-05-01-03-05-05-02,true,47,45,89991
1866,PELEMBUT & PEWANGI PAKAIAN (SOFTENER) KEMASAN SACHET,,000B000A000200020003,5,0,A003-02-02-02-03,true,47,35,90038
162,METERAN,,00040001000A,3,0,A004-01-10,true,46,42,90084
455,LIP BALM,,000900020001,3,0,A009-02-01,true,46,33,90130
540,KERIPIK LAINNYA,,0001000500030005,4,0,A001-04-03-99,true,46,35,90176
1263,DOMPET ANAK,,0008000E00010003,4,0,A008-14-01-03,true,46,34,90222
31,OLAHRAGA,,00050004,2,12,A005-05,true,45,42,90267
346,AMPLOP,,000700080001,3,2,A007-08-01,true,45,45,90312
995,SARUNG TANGAN UNTUK MOTOR,,0005000800010004,4,0,A005-02-01-04,true,45,39,90357
1094,KABEL AUDIO,,0006000200020002,4,0,A006-02-02-02,true,45,37,90402
1259,SEPATU SNEAKERS ANAK PEREMPUAN,,0008000B00020008,4,0,A008-11-02-08,true,45,45,90447
1387,MINYAK PIJAT / OBAT GOSOK,,000B0008000A0001000A,5,0,A003-01-10-01-10,true,45,31,90492
1697,CENTONG KUAH (SOUP LADLE),,000B000A000700010003000100070001,8,0,A003-02-05-01-03-01-07-01,true,45,35,90537
1729,TEMPAT KECAP,,000B000A000700010003000300020004,8,0,A003-02-05-01-03-03-02-04,true,45,44,90582
1769,CANGKIR PLASTIK,,000B000A000700010003000500070004,8,0,A003-02-05-01-03-05-07-04,true,45,41,90627
179,PEREKAT,,000400020008,3,0,A004-02-08,true,44,41,90671
373,USB,,00070008000S,3,0,A007-08-28,true,44,22,90715
960,KUNCI KOMBINASI,,0004000100090002,4,0,A004-01-09-02,true,44,40,90759
1474,POPOK (DIAPERS) ANAK & BAYI SEKALI PAKAI (DISPOSABLE) DENGAN PEREKAT,,000200030002000500020002,6,0,A002-03-02-05-02-02,true,44,18,90803
1874,TEMPAT BUMBU,,000B000A000700010003000300010007,8,0,A003-02-05-01-03-03-01-09,true,44,38,90847
6,Elektronik,Electronics,0006,1,3,A006,true,43,37,90890
9,Kosmetik dan Alat Kecantikan,Cosmetics and Beauty,0009,1,5,A009,true,43,27,90933
25,MATERIAL PERBAIKAN RUMAH,,00040002,2,12,A004-02,true,43,41,90976
43,FILE ORGANIZER,,00070006,2,3,A007-06,true,43,29,91019
250,SELANG AIR,,00050005000C,3,0,A005-06-12,true,43,41,91062
631,MINYAK ZAITUN,,00010006000B0009,4,0,A001-05-11-09,true,43,35,91105
884,KAPAS KECANTIKAN,,000B000800020002,4,0,A003-01-02-02,true,43,36,91148
1293,TOPI SEKOLAH,,0008000F00010008,4,0,A008-15-01-08,true,43,43,91191
1500,CAIRAN PEMBERSIH KAMAR MANDI & KLOSET (PORSTEX) KEMASAN BOTOL,,000B000A0003000300020001,6,0,A003-02-03-03-02-01,true,43,31,91234
1508,KARBOL KEMASAN REFILL (POUCH),,000B000A0003000400020002,6,0,A003-02-03-04-02-02,true,43,30,91277
1569,TIRAI,,000B000A000700020003000C,6,0,A003-02-05-02-03-12,true,43,39,91320
1799,KEMEJA,,000F0007000300020006,5,0,Z003-B001-05-01-06,true,43,43,91363
642,SAUS SALAD,,00010006000D0005,4,0,A001-05-13-05,true,42,31,91405
1213,JEANS WANITA,,0008000500050004,4,0,A008-05-05-04,true,42,40,91447
1433,PENGHARUM RUANGAN ELEKTRIK REFILL SAJA,,000B000A000400010002,5,0,A003-02-04-01-02,true,42,29,91489
1477,SABUN CUCI TANGAN CAIR KEMASAN BOTOL,,000B00080003000A00020001,6,0,A003-01-03-10-02-01,true,42,20,91531
20,PERLENGKAPAN ANAK & BAYI,,00020003,2,7,A002-03,true,41,40,91572
367,SAMPUL BUKU,,00070008000M,3,0,A007-08-22,true,41,38,91613
426,KALUNG DEWASA,,0008000A0005,3,0,A008-10-05,true,41,27,91654
963,KUNCI RING,,0004000100090005,4,0,A004-01-09-05,true,41,32,91695
1086,KEYBOARD,,0006000200010008,4,0,A006-02-01-08,true,41,32,91736
1270,TAS RANSEL LAPTOP PRIA,,0008000E00020007,4,0,A008-14-02-07,true,41,41,91777
24,ALAT ALAT PERBAIKAN RUMAH,,00040001,2,25,A004-01,true,40,39,91817
167,SCRAPPER (KAPE),,00040001000F,3,0,A004-01-15,true,40,37,91857
382,KIPAS TANGAN LIPAT,,000800020006,3,0,A008-02-06,true,40,37,91897
410,KACAMATA ANAK,,000800070001,3,0,A008-07-01,true,40,39,91937
588,IKAN & SEAFOOD BEKU,,0001000600070007,4,0,A001-05-07-07,true,40,20,91977
640,MAYONES,,00010006000D0003,4,0,A001-05-13-03,true,40,21,92017
953,PENGHARUM RUANGAN GANTUNG,,000B000A00040002,4,0,A003-02-04-02,true,40,38,92057
1097,KABEL LAN,,0006000200020005,4,0,A006-02-02-05,true,40,30,92097
1414,PELICIN PAKAIAN KEMASAN REFILL (POUCH),,000B000A000200030001,5,0,A003-02-02-03-01,true,40,30,92137
1504,CAIRAN PEMBERSIH LANTAI KEMASAN BOTOL,,000B000A0003000400010001,6,0,A003-02-03-04-01-01,true,40,26,92177
130,PERLENGKAPAN ANAK & BAYI LAINNYA ,,000200030003,3,4,A002-03-03,true,39,37,92216
148,ANTI HAMA & SERANGGA,,000B000A0001,3,6,A003-02-01,true,39,1,92255
205,PERAWATAN MOBIL,,000500010003,3,9,A005-01-03,true,39,37,92294
368,SELOTIP,,00070008000N,3,0,A007-08-23,true,39,39,92333
425,GELANG DEWASA,,0008000A0004,3,0,A008-10-04,true,39,19,92372
543,POPCORN,,0001000500040003,4,0,A001-04-04-03,true,39,28,92411
867,BANTAL ANAK & BAYI,,0002000300070001,4,0,A002-03-07-01,true,39,37,92450
1218,STOCKING WANITA,,0008000500050009,4,0,A008-05-05-09,true,39,34,92489
1653,RAK PENGERING PIRING,,000B000A0007000100030001000Y,7,0,A003-02-05-01-03-01-34,true,39,37,92528
1678,SENDOK,,000B000A00070001000300050002,7,2,A003-02-05-01-03-05-02,true,39,38,92567
1699,KOREK API GAS,,000B000A0007000100030001000M0001,8,0,A003-02-05-01-03-01-22-01,true,39,37,92606
1701,NAMPAN PLASTIK,,000B000A0007000100030001000O0001,8,0,A003-02-05-01-03-01-24-01,true,39,34,92645
1719,PANCI SAYUR,,000B000A000700010003000200050004,8,0,A003-02-05-01-03-02-05-04,true,39,32,92684
214,KAIN FELT,,000500020006,3,0,A005-03-06,true,38,33,92722
324,FRAME FOTO,,000700050003,3,0,A007-05-03,true,38,27,92760
520,KOPI RTD KEMASAN BOTOL/ PACK,,0001000400030002,4,0,A001-03-02-01,true,38,25,92798
648,SELAI,,00010006000E0002,4,0,A001-05-14-02,true,38,22,92836
673,KURMA,,000100070001000C,4,0,A001-06-01-12,true,38,17,92874
1385,MINYAK KAYU PUTIH,,000B0008000A00010008,5,0,A003-01-10-01-08,true,38,32,92912
1470,KECAP MANIS KEMASAN REFILL (POUCH),,00010006000D000200040002,6,0,A001-05-13-02-04-02,true,38,28,92950
1596,SAPU NILON,,000B000A00070001000100090003,7,0,A003-02-05-01-01-09-03,true,38,37,92988
1601,SIKAT CUCI BAJU,,000B000A000700010001000C0002,7,0,A003-02-05-01-01-12-02,true,38,38,93026
1610,TISU GULUNG,,000B000A000700010001000D0004,7,0,A003-02-05-01-01-13-04,true,38,31,93064
1667,KOMPOR GAS,,000B000A00070001000300020003,7,8,A003-02-05-01-03-02-03,true,38,35,93102
1731,KERANJANG ANYAMAN,,000B000A000700010003000400010002,8,0,A003-02-05-01-03-04-01-02,true,38,31,93140
1767,CANGKIR KERAMIK,,000B000A000700010003000500070002,8,0,A003-02-05-01-03-05-07-02,true,38,34,93178
1803,FORMAL,,000F0007000300020002,5,0,Z003-B001-05-01-02,true,38,38,93216
1850,SAMBAL KEMASAN JAR,,00010006000D000600010003,6,0,A001-05-13-06-01-03,true,38,24,93254
8,Fashion,Fashion,0008,1,16,A008,true,37,36,93291
156,GERGAJI,,000400010004,3,0,A004-01-04,true,37,31,93328
604,KORNET,,0001000600080007,4,0,A001-05-08-07,true,37,27,93365
1121,ALAT CUTTER,,0007000800070001,4,0,A007-08-07-01,true,37,30,93402
1553,LEMARI PENYIMPANAN SUSUN,,000B000A0007000100040007,6,0,A003-02-05-01-04-07,true,37,37,93439
1720,PANCI SUSU,,000B000A000700010003000200050005,8,0,A003-02-05-01-03-02-05-05,true,37,36,93476
1724,ZIPPER BAG,,000B000A000700010003000300010004,8,0,A003-02-05-01-03-03-01-04,true,37,35,93513
1841,CLIPBOARD,,000700020009,3,0,A007-02-08,true,37,32,93550
219,PENITI,,00050002000B,3,0,A005-03-11,true,36,35,93586
314,BUKU ROHANI,,000700030004,3,0,A007-03-04,true,36,32,93622
554,TEPUNG KUE INSTANT,,0001000600010001,4,0,A001-05-01-01,true,36,27,93658
818,SIKAT BOTOL SUSU & DOT,,0002000200010005,4,0,A002-02-01-05,true,36,33,93694
1179,CELANA BOXER,,0008000400080001,4,0,A008-04-06-01,true,36,36,93730
1185,KAUS POLO WANITA,,0008000500010003,4,0,A008-05-01-03,true,36,36,93766
1297,SERAGAM PANGSI,,0008000F00020004,4,0,A008-15-02-04,true,36,36,93802
1586,KAIN MICROFIBER,,000B000A00070001000100030005,7,0,A003-02-05-01-01-03-05,true,36,31,93838
1737,SENDOK STAINLESS ,,000B000A000700010003000500020002,8,0,A003-02-05-01-03-05-02-02,true,36,32,93874
181,SEAL TAPE,,00040002000A,3,0,A004-02-10,true,35,31,93909
220,PITA,,00050002000C,3,7,A005-03-12,true,35,31,93944
276,ANTENA TV,,000600030003,3,0,A006-03-03,true,35,33,93979
379,DASI DEWASA,,000800020003,3,0,A008-02-03,true,35,32,94014
385,ROLL (GULUNGAN) RAMBUT DEWASA,,00080002000A,3,0,A008-02-09,true,35,28,94049
497,TENDA,,000A00080007,3,0,A010-08-07,true,35,32,94084
523,KOPI KEMASAN PACK,,00010004000100020003,5,0,A001-03-01-02-03,true,35,32,94119
858,WASLAP MANDI ANAK & BAYI,,0002000300050004,4,0,A002-03-05-04,true,35,35,94154
1256,SEPATU FLAT DAN SEPATU BALET ANAK PEREMPUAN,,0008000B00020005,4,0,A008-11-02-05,true,35,35,94189
1329,MAKARONI,,00010005000400060003,5,0,A001-04-04-06-03,true,35,26,94224
1380,GEL/KRIM PEREDA NYERI,,000B0008000A00010003,5,0,A003-01-10-01-03,true,35,27,94259
1547,ALAS SETRIKAAN,,000B000A0007000100040001,6,0,A003-02-05-01-04-01,true,35,33,94294
1669,PANCI,,000B000A00070001000300020005,7,5,A003-02-05-01-03-02-05,true,35,33,94329
203,AKSESORIS MOBIL,,000500010001,3,10,A005-01-01,true,34,34,94363
605,MAKANAN SIAP SAJI,,0001000600080008,4,5,A001-05-08-08,true,34,23,94397
961,KUNCI L,,0004000100090003,4,0,A004-01-09-03,true,34,32,94431
1041,KACAMATA RENANG,,0005000400040002,4,0,A005-05-04-02,true,34,31,94465
1577,REFILL UNTUK FLOOR MOP PEL,,000B000A00070001000100010003,7,0,A003-02-05-01-01-01-03,true,34,31,94499
1588,KAIN SERBET,,000B000A00070001000100030007,7,0,A003-02-05-01-01-03-07,true,34,33,94533
1603,SIKAT PEMBERSIH PERALATAN DAPUR,,000B000A000700010001000C0004,7,0,A003-02-05-01-01-12-04,true,34,30,94567
1621,ASBAK,,000B000A00070001000300010002,7,0,A003-02-05-01-03-01-02,true,34,33,94601
1747,MANGKUK KERAMIK,,000B000A000700010003000500040002,8,0,A003-02-05-01-03-05-04-02,true,34,27,94635
1859,BODY SERUM,,000B00080003000D,4,0,A003-01-03-11,true,34,27,94669
19,PERALATAN UNTUK ANAK & BAYI,,00020002,2,5,A002-02,true,33,27,94702
1111,SANDARAN HP UNTUK DI MOBIL / MOTOR,,0006000200030009,4,0,A006-02-03-09,true,33,26,94735
1472,SABUN ANAK & BAYI CAIR KEMASAN REFILL (POUCH),,000200010003000700020002,6,0,A002-01-03-07-02-02,true,33,24,94768
1599,SARUNG TANGAN LATEX,,000B000A000700010001000A0003,7,0,A003-02-05-01-01-10-03,true,33,32,94801
1659,TEMPAT PENYIMPAN ALAT MAKAN,,000B000A00070001000300010014,7,0,A003-02-05-01-03-01-40,true,33,28,94834
1740,PIRING KERAMIK,,000B000A000700010003000500030003,8,0,A003-02-05-01-03-05-03-03,true,33,20,94867
1839,PENGGARIS,,000F00010001,3,0,Z003-01-07,false,33,28,94900
38,ALAT MENGGAMBAR / MELUKIS,,00070001,2,8,A007-01,true,32,24,94932
144,OBAT-OBATAN,,000B0008000A,3,3,A003-01-10,true,32,5,94964
230,PERALATAN & PERLENGKAPAN RENANG,,000500040004,3,6,A005-05-04,true,32,30,94996
641,SAUS PASTA,,00010006000D0004,4,0,A001-05-13-04,true,32,23,95028
958,MATA BOR LISTRIK,,0004000100010002,4,0,A004-01-01-02,true,32,29,95060
1406,ANTI NYAMUK ELEKTRIK KEMASAN REFILL SAJA,,000B000A000100020002,5,0,A003-02-01-02-02,true,32,26,95092
1411,DETERJEN KRIM (SABUN COLEK / SABUN KRIM),,000B000A000200010003,5,0,A003-02-02-01-03,true,32,30,95124
1537,SHOWER KLOSET,,000B000A0007000100020009,6,0,A003-02-05-01-02-09,true,32,28,95156
1642,KUAS DAPUR,,000B000A0007000100030001000N,7,0,A003-02-05-01-03-01-23,true,32,23,95188
1662,TUDUNG SAJI,,000B000A00070001000300010017,7,0,A003-02-05-01-03-01-43,true,32,32,95220
1675,PLASTIK SAMPAH,,000B000A00070001000300040002,7,0,A003-02-05-01-03-04-02,true,32,32,95252
87,KERIPIK,,000100050003,3,5,A001-04-03,true,31,12,95283
161,KUNCI,,000400010009,3,9,A004-01-09,true,31,30,95314
196,SELANG SHOWER,,00040003000E,3,0,A004-03-14,true,31,30,95345
302,KUAS CAT UNTUK MENGGAMBAR / MELUKIS,,000700010006,3,0,A007-01-06,true,31,25,95376
454,AKSESORIS ALAT KECANTIKAN,,000900010002,3,6,A009-01-02,true,31,30,95407
471,BB & CC CREAM,,000900050001,3,0,A009-05-01,true,31,18,95438
546,JAJANAN TRADISIONAL,,0001000500040006,4,6,A001-04-04-06,true,31,8,95469
567,GARAM,,0001000600030003,4,0,A001-05-03-03,true,31,22,95500
721,JAMUR,,000100070005000Q,4,0,A001-06-05-27,true,31,27,95531
941,LEM/PERANGKAP/JEBAKAN HAMA,,000B000A00010005,4,0,A003-02-01-05,true,31,29,95562
951,PERAWATAN & PEMBERSIH RUMAH TANGGA LAINNYA,,000B000A00030005,4,7,A003-02-03-05,true,31,0,95593
1124,LEM KERTAS STIK,,00070008000I0002,4,0,A007-08-18-02,true,31,25,95624
1643,NAMPAN,,000B000A0007000100030001000O,7,2,A003-02-05-01-03-01-24,true,31,29,95655
1656,SENDOK DAPUR,,000B000A00070001000300010011,7,3,A003-02-05-01-03-01-37,true,31,29,95686
1670,TEKO,,000B000A00070001000300020006,7,0,A003-02-05-01-03-02-06,true,31,29,95717
1680,MANGKUK,,000B000A00070001000300050004,7,7,A003-02-05-01-03-05-04,true,31,30,95748
255,TASBIH,,000500060002,3,0,A005-07-02,true,30,21,95778
260,DISPENSER,,000600010002,3,0,A006-01-02,true,30,25,95808
315,BUKU AGENDA / JURNAL,,000700040001,3,0,A007-04-01,true,30,20,95838
576,GULA AREN,,0001000600050003,4,0,A001-05-05-03,true,30,18,95868
663,ANGGUR,,0001000700010002,4,0,A001-06-01-02,true,30,30,95898
664,APEL ,,0001000700010003,4,0,A001-06-01-03,true,30,28,95928
1236,BAWAHAN OLAHRAGA WANITA,,0008000800020002,4,2,A008-08-02-02,true,30,30,95958
1407,KAMPER / KAPUR BARUS (CAMPHOR/NAPHTALENE BALL) DENGAN GANTUNGAN,,000B000A000100030001,5,2,A003-02-01-03-01,true,30,25,95988
1522,PENGKI,,000B000A0007000100010007,6,0,A003-02-05-01-01-07,true,30,30,96018
1640,KOCOKAN TELUR (EGG BEATER),,000B000A0007000100030001000L,7,0,A003-02-05-01-03-01-21,true,30,25,96048
1885,GRENDEL PINTU,,00040003000M,3,0,A004-03-025,true,30,27,96078
136,PERAWATAN WAJAH,,000B00080002,3,14,A003-01-02,true,29,19,96107
345,KERTAS STIKER,,000700070009,3,0,A007-07-09,true,29,26,96136
826,PERALATAN MAKAN ANAK & BAYI ,,0002000200030003,4,0,A002-02-03-03,true,29,22,96165
881,TONIK RAMBUT (HAIR TONIC),,000B00080001000A,4,0,A003-01-01-10,true,29,18,96194
1112,SETRIKA LISTRIK BIASA,,00060003000F0001,4,0,A006-03-15-01,true,29,28,96223
1416,PEMUTIH DAN PENGHILANG NODA KEMASAN BOTOL,,000B000A000200040001,5,0,A003-02-02-04-01,true,29,18,96252
1469,KECAP MANIS KEMASAN BOTOL,,00010006000D000200040001,6,0,A001-05-13-02-04-01,true,29,22,96281
1533,"HOLDER / RAK PLASTIK DI KAMAR MANDI
",,000B000A0007000100020005,6,0,A003-02-05-01-02-05,true,29,28,96310
1624,CELEMEK,,000B000A00070001000300010005,7,0,A003-02-05-01-03-01-05,true,29,28,96339
1761,MUG KERAMIK,,000B000A000700010003000500060002,8,0,A003-02-05-01-03-05-06-02,true,29,27,96368
1802,COTTON,,000F0007000300020003,5,0,Z003-B001-05-01-03,true,29,29,96397
208,PERAWATAN MOTOR,,000500080003,3,6,A005-02-03,true,28,28,96425
348,BINDER CLIP,,000700080003,3,0,A007-08-03,true,28,25,96453
600,BUAH DALAM KEMASAN,,0001000600080003,4,0,A001-05-08-03,true,28,16,96481
644,SAUS TIRAM,,00010006000D0007,4,0,A001-05-13-07,true,28,22,96509
1309,PERALATAN MANICURE & PEDICURE,,0009000100020005,4,0,A009-01-02-05,true,28,24,96537
1320,SUSU KACANG (SOY MILK),,00010003000200020005,5,0,A001-02-01-02-05,true,28,18,96565
1625,CEMPAL,,000B000A00070001000300010006,7,0,A003-02-05-01-03-01-06,true,28,26,96593
1695,JAM BEKER,,000B000A00070002000300050001,7,0,A003-02-05-02-03-05-01,true,28,23,96621
1703,PISAU BIASA,,000B000A0007000100030001000U0001,8,0,A003-02-05-01-03-01-30-01,true,28,26,96649
552,PERMEN KARET,,0001000500050005,4,0,A001-04-05-05,true,27,15,96676
589,KENTANG BEKU,,0001000600070008,4,0,A001-05-07-08,true,27,25,96703
602,IKAN DALAM KEMASAN PACK,,0001000600080005,4,0,A001-05-08-05,true,27,22,96730
933,KONDOM,,000B0008000B0003,4,0,A003-01-11-03,true,27,19,96757
983,CAIRAN COOLANT (RADIATOR) MOBIL,,0005000100030001,4,0,A005-01-03-01,true,27,26,96784
1011,BENANG LAINNYA,,0005000200010005,4,0,A005-03-01-05,true,27,24,96811
1035,RAKET BADMINTON,,0005000400020002,4,0,A005-05-02-02,true,27,20,96838
1481,OBAT BATUK & PILEK ANAK,,000B0008000A000200010001,6,0,A003-01-10-02-01-01,true,27,22,96865
1628,CETAKAN AGAR/PUDDING,,000B000A00070001000300010009,7,0,A003-02-05-01-03-01-09,true,27,23,96892
1748,MANGKUK KERTAS,,000B000A000700010003000500040003,8,0,A003-02-05-01-03-05-04-03,true,27,27,96919
16,FRESH,,00010007,2,6,A001-06,true,26,25,96945
163,OBENG,,00040001000B,3,2,A004-01-11,true,26,24,96971
434,SEPATU FORMAL PRIA,,0008000C0005,3,0,A008-12-05,true,26,26,96997
469,MASKARA,,000900040006,3,0,A009-04-06,true,26,20,97023
954,SEMPROTAN PENGHARUM RUANGAN,,000B000A00040003,4,0,A003-02-04-03,true,26,24,97049
1228,PAKAIAN DALAM HAMIL & MENYUSUI WANITA,,0008000500080002,4,0,A008-05-08-02,true,26,26,97075
1287,BADGE (BET) ,,0008000F00010002,4,0,A008-15-01-02,true,26,26,97101
1514,SERAP AIR & PENYERAP BAU KEMASAN BIASA,,000B000A0003000500060001,6,0,A003-02-03-05-06-01,true,26,25,97127
1572,RAK SIKU,,000B000A0007000200050002,6,0,A003-02-05-02-05-02,true,26,25,97153
1634,GELAS UKUR,,000B000A0007000100030001000F,7,0,A003-02-05-01-03-01-15,true,26,24,97179
1644,PARUTAN,,000B000A0007000100030001000P,7,0,A003-02-05-01-03-01-25,true,26,21,97205
1704,PISAU BUAH,,000B000A0007000100030001000U0002,8,0,A003-02-05-01-03-01-30-02,true,26,24,97231
1744,PIRING PORSELEN,,000B000A000700010003000500030007,8,0,A003-02-05-01-03-05-03-07,true,26,20,97257
186,ENGSEL SIKU DINDING,,000400030004,3,0,A004-03-04,true,25,23,97282
191,KLEM KABEL,,000400030009,3,0,A004-03-09,true,25,24,97307
365,PAPER CLIP,,00070008000K,3,0,A007-08-20,true,25,17,97332
387,SYAL DEWASA,,00080002000C,3,0,A008-02-11,true,25,25,97357
505,MINUMAN DENGAN AGAR/ JELLY,,0001000300020005,4,0,A001-02-01-05,true,25,22,97382
574,GULA PASIR,,0001000600050001,4,0,A001-05-05-01,true,25,22,97407
681,PEAR,,000100070001000K,4,0,A001-06-01-20,true,25,25,97432
800,BODY LOTION ANAK & BAYI,,0002000100030003,4,0,A002-01-03-03,true,25,22,97457
1110,POWER BANK,,0006000200030008,4,0,A006-02-03-08,true,25,22,97482
1166,JAS PRIA,,0008000400040003,4,0,A008-04-02-03,true,25,25,97507
1216,ROK MIDI WANITA,,0008000500050007,4,0,A008-05-05-07,true,25,24,97532
1273,AKSESORIS TRAVEL & KOPER,,0008000E00030001,4,2,A008-14-03-01,true,25,19,97557
1314,AIR MINERAL KEMASAN GALON,,00010003000200010002,5,0,A001-02-01-01-02,true,25,25,97582
1316,SUSU ALMOND,,00010003000200020001,5,0,A001-02-01-02-01,true,25,17,97607
1400,PLESTER ANTISEPTIC,,000B0008000A00030004,5,0,A003-01-10-03-04,true,25,17,97632
1456,CELANA RENANG PRIA,,00080008000100020002,5,0,A008-08-01-02-02,true,25,25,97657
1536,SHOWER HEAD UNTUK MANDI,,000B000A0007000100020008,6,0,A003-02-05-01-02-08,true,25,20,97682
1717,PANCI KUKUSAN,,000B000A000700010003000200050002,8,0,A003-02-05-01-03-02-05-02,true,25,21,97707
1833,COKLAT COMPOUND,COKLAT COMPOUND,0001000400080001,4,0,A001-03-06-01,true,25,14,97732
34,HEWAN PELIHARAAN,,00050007,2,2,A005-08,true,24,24,97756
290,POMPA GALON ELEKTRIK,,00060003000H,3,0,A006-03-17,true,24,22,97780
325,KEMBANG API,,000700050004,3,0,A007-05-04,true,24,24,97804
399,BAJU LUARAN WANITA,,000800050002,3,5,A008-05-02,true,24,22,97828
443,SEPATU HAK TINGGI WANITA,,0008000D0006,3,0,A008-13-06,true,24,24,97852
586,DAGING SAPI BEKU,,0001000600070005,4,0,A001-05-07-05,true,24,15,97876
610,BIHUN INSTAN BUNGKUS,,0001000600090001,4,0,A001-05-09-01,true,24,18,97900
959,KUNCI INGGRIS,,0004000100090001,4,0,A004-01-09-01,true,24,24,97924
968,KERAN AIR DAPUR,,0004000300080001,4,0,A004-03-08-01,true,24,21,97948
1018,JARUM RAJUT / SULAM (HAKPEN),,0005000200050003,4,0,A005-03-05-03,true,24,22,97972
1019,PITA GROSS GRAIN,,00050002000C0001,4,0,A005-03-12-01,true,24,18,97996
1082,GAMING PAD (STICK UNTUK MAIN GAME),,0006000200010004,4,0,A006-02-01-04,true,24,16,98020
1392,OBAT MINUM UNTUK DEMAM,,000B0008000A00020002,5,0,A003-01-10-02-02,true,24,17,98044
1564,KASUR,,000B000A0007000200030007,6,0,A003-02-05-02-03-07,true,24,24,98068
1598,SARUNG TANGAN KARET,,000B000A000700010001000A0002,7,0,A003-02-05-01-01-10-02,true,24,23,98092
1629,CETAKAN ES BATU,,000B000A0007000100030001000A,7,0,A003-02-05-01-03-01-10,true,24,23,98116
1751,MANGKUK PORSELEN,,000B000A000700010003000500040006,8,0,A003-02-05-01-03-05-04-06,true,24,17,98140
23,Perawatan Diri & Rumah Tangga,Personal Care and Household Needs,000B,1,2,A003,true,23,9,98163
81,KRIMER,,000100040004,3,0,A001-03-03,true,23,16,98186
468,EYESHADOW,,000900040005,3,0,A009-04-05,true,23,17,98209
516,MINUMAN LAINNYA,,000100030002000G,4,0,A001-02-01-99,true,23,16,98232
643,SAOS  PEDAS & SAMBAL,,00010006000D0006,4,4,A001-05-13-06,true,23,3,98255
670,JERUK,,0001000700010009,4,0,A001-06-01-09,true,23,23,98278
1095,KABEL CONVERTER,,0006000200020003,4,0,A006-02-02-03,true,23,19,98301
1125,ALAT STAPLER,,00070008000O0001,4,0,A007-08-24-01,true,23,21,98324
1157,SARUNG KAKI BAYI,,0008000300030005,4,0,A008-03-03-05,true,23,23,98347
1354,SABUN ANAK & BAYI BATANG,,00020001000300070001,5,0,A002-01-03-07-01,true,23,18,98370
1531,EMBER,,000B000A0007000100020003,6,2,A003-02-05-01-02-03,true,23,23,98393
1602,SIKAT LANTAI DENGAN GAGANG,,000B000A000700010001000C0003,7,0,A003-02-05-01-01-12-03,true,23,22,98416
1616,TEMPAT SABUN BATANG PLASTIK,,000B000A000700010002000A0001,7,0,A003-02-05-01-02-10-01,true,23,22,98439
1650,PLASTIK BENING CLING WRAP,,000B000A0007000100030001000V,7,0,A003-02-05-01-03-01-31,true,23,21,98462
1660,TIMBANGAN MAKANAN,,000B000A00070001000300010015,7,0,A003-02-05-01-03-01-41,true,23,18,98485
1712,KOMPOR GAS RUMAH,,000B000A000700010003000200030004,8,0,A003-02-05-01-03-02-03-04,true,23,23,98508
1756,GELAS / CUP MELAMIN,,000B000A000700010003000500050004,8,0,A003-02-05-01-03-05-05-04,true,23,21,98531
108,DAGING AYAM SEGAR,,000100070002,3,0,A001-06-02,true,22,22,98553
200,TALI TAMBANG,,00040003000I,3,0,A004-03-18,true,22,21,98575
239,ALAT SEMPROT TANAMAN,,000500050001,3,0,A005-06-01,true,22,21,98597
400,BAJU MUSLIM WANITA,,000800050003,3,9,A008-05-03,true,22,22,98619
480,CATUR,,000A00050001,3,0,A010-05-01,true,22,22,98641
634,MARGARIN,,00010006000C0002,4,0,A001-05-12-02,true,22,17,98663
635,MENTEGA (BUTTER),,00010006000C0003,4,0,A001-05-12-03,true,22,15,98685
802,CREAM ANAK & BAYI,,0002000100030005,4,0,A002-01-03-05,true,22,21,98707
810,HAIR LOTION ANAK & BAYI,,0002000100050003,4,0,A002-01-05-03,true,22,19,98729
850,BIB/SLABER BAYI,,0002000300040001,4,0,A002-03-04-01,true,22,22,98751
936,ESSENTIAL OIL,,000B0008000D0001,4,0,A003-01-13-01,true,22,12,98773
962,KUNCI PAS,,0004000100090004,4,0,A004-01-09-04,true,22,20,98795
965,KUNCI SOCKET,,0004000100090007,4,0,A004-01-09-07,true,22,21,98817
1062,POMPA BAN SEPEDA,,0005000400080005,4,0,A005-05-08-05,true,22,20,98839
1088,MOUSE MAT,,000600020001000A,4,0,A006-02-01-10,true,22,15,98861
1117,AMPLOP SURAT,,0007000800010002,4,0,A007-08-01-02,true,22,21,98883
1266,TAS DUFFLE PRIA,,0008000E00020003,4,0,A008-14-02-03,true,22,21,98905
1439,MEJA ,,000B000A000700020002,5,2,A003-02-05-02-02,true,22,21,98927
1590,SABUT & SPONS DUA SISI UNTUK DAPUR,,000B000A00070001000100080001,7,0,A003-02-05-01-01-08-01,true,22,20,98949
1593,SPON / BUSA SAJA,,000B000A00070001000100080004,7,0,A003-02-05-01-01-08-04,true,22,18,98971
1626,CENTONG,,000B000A00070001000300010007,7,2,A003-02-05-01-03-01-07,true,22,21,98993
1630,COBEK/COWET/ULEKAN,,000B000A0007000100030001000B,7,0,A003-02-05-01-03-01-11,true,22,22,99015
1679,PIRING,,000B000A00070001000300050003,7,8,A003-02-05-01-03-05-03,true,22,21,99037
1765,MUG STAINLESS STEEL,,000B000A000700010003000500060006,8,0,A003-02-05-01-03-05-06-06,true,22,21,99059
73,PERMAINAN KARTU,,000A0007,2,2,A010-07,true,21,20,99080
83,TEH INSTAN,,000100040007,3,5,A001-03-05,true,21,2,99101
110,IKAN & SEAFOOD SEGAR,,000100070004,3,4,A001-06-04,true,21,18,99122
332,TOPI PESTA/TOPI ULANG TAHUN,,00070005000B,3,0,A007-05-11,true,21,18,99143
401,BATIK WANITA,,000800050004,3,7,A008-05-04,true,21,21,99164
467,EYELINER,,000900040004,3,0,A009-04-04,true,21,18,99185
570,SANTAN,,0001000600030006,4,0,A001-05-03-06,true,21,16,99206
608,SAYUR DALAM KEMASAN,,000100060008000B,4,0,A001-05-08-11,true,21,16,99227
619,MIE TELOR KERING,,00010006000A0004,4,0,A001-05-10-04,true,21,20,99248
982,WIPER MOBIL,,0005000100020002,4,0,A005-01-02-02,true,21,21,99269
1168,ROMPI PRIA,,0008000400040005,4,0,A008-04-02-05,true,21,21,99290
1226,SET BRA WANITA,,0008000500070004,4,0,A008-05-07-04,true,21,21,99311
1299,BRUSH SET,,0009000100010001,4,0,A009-01-01-01,true,21,17,99332
1360,ANTI NYAMUK LOTION,,000B0008000300010001,5,0,A003-01-03-01-01,true,21,16,99353
1374,JAMU/OBAT HERBAL,,000B0008000800020001,5,0,A003-01-08-02-01,true,21,5,99374
1389,OBAT LUAR LAINNYA,,000B0008000A0001000C,5,0,A003-01-10-01-12,true,21,16,99395
1510,PEMBERSIH MULTIFUNGSI CAIR,,000B000A0003000500020002,6,0,A003-02-03-05-02-02,true,21,7,99416
1524,SAPU,,000B000A0007000100010009,6,3,A003-02-05-01-01-09,true,21,21,99437
1544,KERANJANG & TEMPAT SAMPAH,,000B000A0007000100030004,6,4,A003-02-05-01-03-04,true,21,21,99458
1585,KAIN LAP TANGAN,,000B000A00070001000100030004,7,0,A003-02-05-01-01-03-04,true,21,19,99479
1595,SAPU LIDI,,000B000A00070001000100090002,7,0,A003-02-05-01-01-09-02,true,21,21,99500
1838,CABAI BUBUK,,0001000600030009,4,0,A001-05-03-08,true,21,14,99521
1851,SAOS CABAI KEMASAN POUCH,,00010006000D000600030001,6,0,A001-05-13-06-03-01,true,21,18,99542
1876,TESPEN,,00040001000K,3,0,A004-01-019,true,21,21,99563
1880,KUNCI Y,,0004000100090008,4,0,A004-01-09-08,true,21,19,99584
169,SIKAT KAWAT (WIRE BRUSH),,00040001000H,3,0,A004-01-17,true,20,18,99604
197,SEPATU BOOT SAFETY,,00040003000F,3,0,A004-03-15,true,20,20,99624
262,KETEL AIR LISTRIK,,000600010004,3,0,A006-01-04,true,20,19,99644
320,BUKU NOTA,,000700040006,3,0,A007-04-06,true,20,15,99664
646,TAUCHO,,00010006000D0009,4,0,A001-05-13-09,true,20,4,99684
880,SPRAY RAMBUT,,000B000800010009,4,0,A003-01-01-09,true,20,13,99704
937,ANTI NYAMUK BAKAR,,000B000A00010001,4,1,A003-02-01-01,true,20,9,99724
999,SPION MOTOR,,0005000800020004,4,0,A005-02-02-04,true,20,19,99744
1022,PITA ORGANZA,,00050002000C0004,4,0,A005-03-12-04,true,20,3,99764
1043,PELAMPUNG RENANG,,0005000400040004,4,0,A005-05-04-04,true,20,19,99784
1047,BARBEL / DUMBELL,,0005000400050002,4,0,A005-05-05-02,true,20,20,99804
1105,CHARGER HP UNTUK MOBIL,,0006000200030003,4,0,A006-02-03-03,true,20,19,99824
1123,LEM KERTAS CAIR,,00070008000I0001,4,0,A007-08-18-01,true,20,15,99844
1130,KUPLUK ANAK,,0008000100010004,4,0,A008-01-01-04,true,20,20,99864
1202,PASHMINA WANITA,,0008000500030009,4,0,A008-05-03-09,true,20,17,99884
1367,DEODORAN LOTION,,000B0008000500020001,5,0,A003-01-05-02-01,true,20,17,99904
1436,PERALATAN DAN PENYIMPANAN DI DAPUR,,000B000A000700010003,5,6,A003-02-05-01-03,true,20,20,99924
1558,BANTAL DEWASA,,000B000A0007000200030001,6,0,A003-02-05-02-03-01,true,20,20,99944
1711,KOMPOR GAS PORTABLE,,000B000A000700010003000200030003,8,0,A003-02-05-01-03-02-03-03,true,20,20,99964
1854,SAOS PEDAS LAINNYA,,00010006000D00060004,5,0,A001-05-13-06-04,true,20,13,99984
5,"Hobi, Ibadah, dan Olahraga","Hobby, Sports, and Religion",0005,1,8,A005,true,19,19,100003
172,AMPLAS (SAND PAPER),,000400020001,3,0,A004-02-01,true,19,19,100022
192,KOTAK PERKAKAS (TOOL BOX),,00040003000A,3,0,A004-03-10,true,19,18,100041
272,PERLENGKAPAN & SUKU CADANG GADGET,,000600020003,3,9,A006-02-03,true,19,15,100060
273,GADGET LAINNYA,,000600020004,3,0,A006-02-04,true,19,19,100079
383,KUPLUK DEWASA,,000800020007,3,0,A008-02-07,true,19,19,100098
531,TEH KEMASAN PACK,,0001000400070005,4,0,A001-03-05-05,true,19,18,100117
538,KERIPIK PISANG,,0001000500030003,4,0,A001-04-03-03,true,19,9,100136
628,MINYAK KELAPA,,00010006000B0006,4,0,A001-05-11-06,true,19,17,100155
661,TEPUNG TERIGU,,00010006000G0007,4,0,A001-05-16-07,true,19,14,100174
1037,SHUTTLECOCK / KOK BADMINTON,,0005000400020004,4,0,A005-05-02-04,true,19,19,100193
1289,DASI,,0008000F00010004,4,0,A008-15-01-04,true,19,19,100212
1339,MAKANAN SIAP SAJI LAINNYA,,00010006000800080005,5,0,A001-05-08-08-99,true,19,9,100231
1344,KECAP ASIN,,00010006000D00020001,5,0,A001-05-13-02-01,true,19,18,100250
1379,BEDAK GATAL,,000B0008000A00010002,5,0,A003-01-10-01-02,true,19,18,100269
1571,BENDERA MERAH PUTIH,,000B000A0007000200050001,6,0,A003-02-05-02-05-01,true,19,19,100288
1725,KOTAK MAKAN KERTAS UNTUK CATERING,,000B000A000700010003000300010005,8,0,A003-02-05-01-03-03-01-05,true,19,17,100307
1735,GARPU STAINLESS,,000B000A000700010003000500010002,8,0,A003-02-05-01-03-05-01-02,true,19,17,100326
1787,BELUM DISORTIR,,000E,1,1,Z002,false,19,6,100345
1820,SAOS TOMAT KEMASAN BOTOL,,00010006000D000600020001,6,0,A001-05-13-06-02-01,true,19,17,100364
1877,SARINGAN WASTAFEL,,00040003000L,3,0,A004-03-020,true,19,16,100383
86,"COOKIES, BISKUIT DAN LAIN LAIN",,000100050002,3,5,A001-04-02,true,18,2,100401
177,MUR,,000400020006,3,0,A004-02-06,true,18,18,100419
244,GUNTING TANAMAN,,000500050006,3,0,A005-06-06,true,18,18,100437
284,HAIR DRYER,,00060003000B,3,0,A006-03-11,true,18,15,100455
615,PASTA INSTAN BUNGKUS,,0001000600090006,4,0,A001-05-09-06,true,18,16,100473
870,PERLAK ANAK & BAYI,,0002000300070004,4,0,A002-03-07-04,true,18,18,100491
914,TUSUK GIGI ,,000B000800040007,4,0,A003-01-04-07,true,18,14,100509
988,SABUT & SPONS DUA SISI UNTUK MOBIL,,0005000100030006,4,0,A005-01-03-06,true,18,15,100527
1067,KARPET / MATRAS OLAHRAGA,,00050004000C0001,4,0,A005-05-12-01,true,18,17,100545
1206,KAIN BATIK WANITA,,0008000500040004,4,0,A008-05-04-04,true,18,18,100563
1308,PENJEPIT BULU MATA,,0009000100020004,4,0,A009-01-02-04,true,18,18,100581
1358,POPOK (DIAPERS) ANAK & BAYI KAIN,,00020003000200050001,5,0,A002-03-02-05-01,true,18,18,100599
1417,PEMUTIH DAN PENGHILANG NODA KEMASAN REFILL (POUCH),,000B000A000200040002,5,0,A003-02-02-04-02,true,18,13,100617
1494,CAIRAN PENCUCI PIRING KEMASAN BOTOL,,000B000A0003000100020001,6,0,A003-02-03-01-02-01,true,18,9,100635
1632,CORONG,,000B000A0007000100030001000D,7,0,A003-02-05-01-03-01-13,true,18,16,100653
1648,PERESAN JERUK,,000B000A0007000100030001000T,7,0,A003-02-05-01-03-01-29,true,18,17,100671
1861,KRIM JERAWAT,,000B00080002000E,4,0,A003-01-02-14,true,18,16,100689
1881,KUNCI T,,0004000100090009,4,0,A004-01-09-09,true,18,18,100707
1884,OVERVAL,,00040001000O,3,0,A004-01-024,true,18,16,100725
1887,BALL VALVE,,00040003000N,3,0,A004-03-023,true,18,15,100743
164,PAHAT,,00040001000C,3,0,A004-01-12,true,17,16,100760
233,PERALATAN & PERLENGKAPAN SEPAK BOLA,,000500040007,3,2,A005-05-07,true,17,16,100777
248,PUPUK,,00050005000A,3,0,A005-06-10,true,17,17,100794
393,BAJU LUARAN PRIA,,000800040004,3,6,A008-04-02,true,17,16,100811
397,PAKAIAN DALAM PRIA,,000800040008,3,4,A008-04-06,true,17,17,100828
436,SEPATU SLIP ON PRIA,,0008000C0007,3,0,A008-12-07,true,17,17,100845
459,PERAWATAN BIBIR,,000900020005,3,0,A009-02-05,true,17,16,100862
559,BAHAN KUE LAINNYA,,0001000600010008,4,0,A001-05-01-99,true,17,1,100879
658,TEPUNG ROTI,,00010006000G0004,4,0,A001-05-16-04,true,17,14,100896
707,CABE,,000100070005000C,4,0,A001-06-05-12,true,17,10,100913
1489,DETERJEN CAIR UNTUK PAKAIAN ANAK ATAU BAYI,,000B000A0002000100020001,6,0,A003-02-02-01-02-01,true,17,8,100930
1521,PENGANGKAT DEBU PAKAIAN (LINT ROLLER),,000B000A0007000100010006,6,0,A003-02-05-01-01-06,true,17,15,100947
1530,DISPENSER SABUN CAIR,,000B000A0007000100020002,6,0,A003-02-05-01-02-02,true,17,14,100964
1539,TEMPAT TISSUE,,000B000A000700010002000B,6,2,A003-02-05-01-02-11,true,17,14,100981
1545,PERALATAN MAKAN,,000B000A0007000100030005,6,12,A003-02-05-01-03-05,true,17,11,100998
1592,SABUT STAINLESS STEEL,,000B000A00070001000100080003,7,0,A003-02-05-01-01-08-03,true,17,16,101015
1622,BAKARAN / PANGGANGAN IKAN,,000B000A00070001000300010003,7,0,A003-02-05-01-03-01-03,true,17,17,101032
1683,CANGKIR,,000B000A00070001000300050007,7,6,A003-02-05-01-03-05-07,true,17,17,101049
1733,KERANJANG UNTUK AIR MINERAL GELAS,,000B000A000700010003000400010004,8,0,A003-02-05-01-03-04-01-04,true,17,15,101066
1846,SAUS BUMBU LAINNYA,,00010006000D00080005,5,0,A001-05-13-08-05,true,17,12,101083
1848,SAMBAL KEMASAN SACHET,,00010006000D000600010001,6,0,A001-05-13-06-01-01,true,17,15,101100
71,MAINAN DENGAN PAPAN (BOARD GAME),,000A0005,2,5,A010-05,true,16,14,101116
90,BINGKISAN SNACK,,000100050006,3,0,A001-04-06,true,16,2,101132
99,"MIE, BIHUN, KWETIAU INSTAN",,000100060009,3,6,A001-05-09,true,16,2,101148
135,PERAWATAN RAMBUT,,000B00080001,3,11,A003-01-01,true,16,9,101164
291,RAKET NYAMUK LISTRIK,,00060003000I,3,0,A006-03-18,true,16,15,101180
300,JANGKA,,000700010004,3,0,A007-01-04,true,16,11,101196
375,AKSESORIS RAMBUT ANAK,,000800010001,3,6,A008-01-01,true,16,15,101212
581,PEMANIS & PENGGANTI GULA,,0001000600050008,4,0,A001-05-05-08,true,16,11,101228
601,BIJI BIJIAN DAN KACANG MENTAH,,0001000600080004,4,0,A001-05-08-04,true,16,11,101244
637,WHIPPED CREAM CAIR,,00010006000C0005,4,0,A001-05-12-05,true,16,11,101260
790,TELUR AYAM PACK,,0001000700060005,4,0,A001-06-06-05,true,16,15,101276
898,BODY BUTTER,,000B000800030003,4,0,A003-01-03-03,true,16,12,101292
902,KRIM TANGAN & KAKI,,000B000800030007,4,0,A003-01-03-07,true,16,4,101308
970,KERAN AIR WASTAFEL,,0004000300080003,4,0,A004-03-08-03,true,16,16,101324
996,BOHLAM LAMPU MOTOR,,0005000800020001,4,0,A005-02-02-01,true,16,15,101340
1056,BOLA SEPAK,,0005000400070001,4,0,A005-05-07-01,true,16,11,101356
1116,AMPLOP DOKUMEN,,0007000800010001,4,0,A007-08-01-01,true,16,16,101372
1205,GAUN BATIK WANITA,,0008000500040003,4,0,A008-05-04-03,true,16,16,101388
1233,ATASAN OLAHRAGA PRIA,,0008000800010001,4,2,A008-08-01-01,true,16,16,101404
1291,TALI PRAMUKA,,0008000F00010006,4,0,A008-15-01-06,true,16,15,101420
1303,KUAS WAJAH,,0009000100010005,4,0,A009-01-01-05,true,16,15,101436
1338,SUP SAJI,,00010006000800080004,5,0,A001-05-08-08-04,true,16,10,101452
1349,ROTI TAWAR,,00010006000F00050001,5,0,A001-05-15-05-01,true,16,12,101468
1499,CAIRAN PEMBERSIH KACA KEMASAN REFILL (POUCH),,000B000A0003000200010003,6,0,A003-02-03-02-01-03,true,16,11,101484
1501,CAIRAN PEMBERSIH KAMAR MANDI & KLOSET (PORSTEX) KEMASAN REFILL (POUCH),,000B000A0003000300020002,6,0,A003-02-03-03-02-02,true,16,13,101500
1505,CAIRAN PEMBERSIH LANTAI KEMASAN JERIGEN,,000B000A0003000400010002,6,0,A003-02-03-04-01-02,true,16,15,101516
1535,RAK GANTUNG HANDUK,,000B000A0007000100020007,6,0,A003-02-05-01-02-07,true,16,16,101532
1710,KLEM SELANG GAS,,000B000A000700010003000200030002,8,0,A003-02-05-01-03-02-03-02,true,16,16,101548
1734,GARPU PLASTIK,,000B000A000700010003000500010001,8,0,A003-02-05-01-03-05-01-01,true,16,15,101564
1781,TUTUP GELAS PLASTIK,,000B000A0007000100030005000B0001,8,0,A003-02-05-01-03-05-11-01,true,16,14,101580
1835,MINUMAN SERBUK RASA COKLAT,MINUMAN SERBUK RASA COKLAT,0001000400080003,4,0,A001-03-06-03,true,16,13,101596
134,PERLENGKAPAN TIDUR ANAK & BAYI,,000200030007,3,5,A002-03-07,true,15,15,101611
486,MANDI BOLA,,000A00060002,3,0,A010-06-02,true,15,15,101626
494,PENGGARUK PUNGGUNG,,000A00080004,3,0,A010-08-04,true,15,14,101641
522,KOPI RTD KEMASAN KALENG,,0001000400030004,4,0,A001-03-02-02,true,15,14,101656
550,PERMEN GULA KAPAS,,0001000500050003,4,0,A001-04-05-03,true,15,9,101671
616,BIHUN KERING,,00010006000A0001,4,0,A001-05-10-01,true,15,13,101686
630,MINYAK WIJEN,,00010006000B0008,4,0,A001-05-11-08,true,15,14,101701
798,BABY OIL,,0002000100030001,4,0,A002-01-03-01,true,15,11,101716
846,GURITA ANAK & BAYI,,0002000300030001,4,0,A002-03-03-01,true,15,15,101731
986,OLI MOBIL,,0005000100030004,4,0,A005-01-03-04,true,15,12,101746
1023,PITA RENDA,,00050002000C0005,4,0,A005-03-12-05,true,15,2,101761
1027,GITAR,,0005000400010002,4,5,A005-05-01-02,true,15,12,101776
1049,HAND GRIP BUSA,,0005000400050004,4,0,A005-05-05-04,true,15,13,101791
1106,KABEL CHARGER,,0006000200030004,4,0,A006-02-03-04,true,15,14,101806
1158,SARUNG TANGAN BAYI,,0008000300030006,4,0,A008-03-03-06,true,15,14,101821
1181,CELANA DALAM PRIA SEKALI PAKAI,,0008000400080003,4,0,A008-04-06-03,true,15,9,101836
1323,SUSU LAINNYA,,00010003000200020008,5,0,A001-02-01-02-99,true,15,10,101851
1382,KOYO,,000B0008000A00010005,5,0,A003-01-10-01-05,true,15,14,101866
1497,CAIRAN PEMBERSIH KACA KEMASAN SPRAY,,000B000A0003000200010001,6,0,A003-02-03-02-01-01,true,15,10,101881
1706,SENDOK PENYARING (SKIMMER),,000B000A000700010003000100110001,8,0,A003-02-05-01-03-01-37-01,true,15,12,101896
1708,SENDOK TAKAR,,000B000A000700010003000100110003,8,0,A003-02-05-01-03-01-37-03,true,15,10,101911
1736,SENDOK PLASTIK,,000B000A000700010003000500020001,8,0,A003-02-05-01-03-05-02-01,true,15,15,101926
1755,GELAS / CUP KERTAS,,000B000A000700010003000500050003,8,0,A003-02-05-01-03-05-05-03,true,15,13,101941
1779,SEDOTAN PLASTIK,,000B000A0007000100030005000A0002,8,0,A003-02-05-01-03-05-10-02,true,15,15,101956
1872,TATAKAN KOMPOR,,000B000A000700010003000200030008,8,0,A003-02-05-01-03-02-03-08,true,15,14,101971
21,GIFT SET ANAK & BAYI,,00020004,2,0,A002-04,true,14,10,101985
36,ALAT ELEKTRONIK KANTOR & GADGET,,00060002,2,4,A006-02,true,14,14,101999
91,BAHAN KUE,,000100060001,3,6,A001-05-01,true,14,0,102013
243,GUNTING RUMPUT,,000500050005,3,0,A005-06-05,true,14,13,102027
252,PERALATAN BERKEBUN LAINNYA,,00050005000E,3,0,A005-06-98,true,14,13,102041
280,EMERGENCY LAMP (LAMPU DARURAT),,000600030007,3,0,A006-03-07,true,14,14,102055
316,BUKU FOLIO,,000700040002,3,0,A007-04-02,true,14,13,102069
338,KERTAS CREPE,,000700070002,3,0,A007-07-02,true,14,14,102083
475,CONCEALER,,000900050005,3,0,A009-05-05,true,14,9,102097
621,SOUN KERING ,,00010006000A0006,4,0,A001-05-10-06,true,14,12,102111
777,TEMPE,,000100070005002A,4,0,A001-06-05-83,true,14,11,102125
855,HANDUK ANAK & BAYI,,0002000300050001,4,0,A002-03-05-01,true,14,13,102139
973,COVER MOBIL,,0005000100010003,4,0,A005-01-01-03,true,14,14,102153
977,KARPET MOBIL,,0005000100010007,4,0,A005-01-01-07,true,14,11,102167
1017,JARUM PENTUL,,0005000200050002,4,0,A005-03-05-02,true,14,13,102181
1025,PITA UKUR,,00050002000C0007,4,0,A005-03-12-07,true,14,11,102195
1098,KABEL POWER,,0006000200020006,4,0,A006-02-02-06,true,14,13,102209
1109,MEMORY CARD,,0006000200030007,4,0,A006-02-03-07,true,14,10,102223
1357,CAIRAN PEMBERSIH PERALATAN DAN PERLENGKAPAN ANAK & BAYI KEMASAN REFILL (POUCH),,00020003000200010002,5,0,A002-03-02-01-02,true,14,8,102237
1376,SUPLEMEN MAKANAN ANAK,,000B0008000800020003,5,0,A003-01-08-02-03,true,14,6,102251
1378,BALSEM,,000B0008000A00010001,5,0,A003-01-10-01-01,true,14,12,102265
1432,PENGHARUM RUANGAN ELEKTRIK ALAT & ISINYA,,000B000A000400010001,5,0,A003-02-04-01-01,true,14,7,102279
1507,KARBOL KEMASAN BOTOL,,000B000A0003000400020001,6,0,A003-02-03-04-02-01,true,14,10,102293
1550,JEPIT UNTUK JEMURAN,,000B000A0007000100040004,6,0,A003-02-05-01-04-04,true,14,13,102307
1587,KAIN PEL,,000B000A00070001000100030006,7,0,A003-02-05-01-01-03-06,true,14,13,102321
1612,EMBER DENGAN TUTUP,,000B000A00070001000200030001,7,0,A003-02-05-01-02-03-01,true,14,14,102335
1815,TEPUNG ES KRIM,,0001000600040003,5,0,A001-05-04-03,true,14,7,102349
1817,SAOS SAMBAL,,00010006000D00060001,5,3,A001-05-13-06-01,true,14,5,102363
30,MEMANCING,,00050003,2,3,A005-04,true,13,0,102376
258,MAKANAN HEWAN PELIHARAAN,,000500070003,3,5,A005-08-03,true,13,4,102389
560,BERAS CAMPUR,,0001000600020001,4,0,A001-05-02-01,true,13,12,102402
563,BERAS MERAH,,0001000600020004,4,0,A001-05-02-04,true,13,8,102415
690,STRAWBERRY,,000100070001000T,4,0,A001-06-01-29,true,13,12,102428
736,KENTANG,,0001000700050015,4,0,A001-06-05-42,true,13,10,102441
793,PAKET SIKAT GIGI DAN PASTA GIGI ANAK & BAYI,,0002000100010002,4,0,A002-01-01-02,true,13,12,102454
807,TOP TO TOE WASH ANAK & BAYI,,0002000100040002,4,0,A002-01-04-02,true,13,10,102467
944,PELEMBUT & PEWANGI PAKAIAN (SOFTENER),,000B000A00020002,4,3,A003-02-02-02,true,13,2,102480
1076,MAKANAN IKAN,,0005000700030003,4,0,A005-08-03-03,true,13,12,102493
1156,KAIN BEDONG,,0008000300030004,4,0,A008-03-03-04,true,13,12,102506
1164,BLAZER PRIA,,0008000400040001,4,0,A008-04-02-01,true,13,13,102519
1257,SEPATU OLAHRAGA ANAK PEREMPUAN,,0008000B00020006,4,0,A008-11-02-06,true,13,13,102532
1355,SABUN ANAK & BAYI CAIR,,00020001000300070002,5,2,A002-01-03-07-02,true,13,7,102545
1363,SABUN BADAN CAIR,,000B0008000300090002,5,2,A003-01-03-09-02,true,13,3,102558
1398,CAIRAN ANTISEPTIC,,000B0008000A00030002,5,0,A003-01-10-03-02,true,13,11,102571
1415,PELICIN PAKAIAN KEMASAN SPRAY,,000B000A000200030002,5,0,A003-02-02-03-02,true,13,9,102584
1484,OBAT LAMBUNG,,000B0008000A000200030002,6,0,A003-01-10-02-03-02,true,13,13,102597
1560,GULING DEWASA,,000B000A0007000200030003,6,0,A003-02-05-02-03-03,true,13,13,102610
1635,GULUNGAN ALUMINUM FOIL,,000B000A0007000100030001000G,7,0,A003-02-05-01-03-01-16,true,13,11,102623
1714,SELANG KOMPOR GAS,,000B000A000700010003000200030006,8,0,A003-02-05-01-03-02-03-06,true,13,12,102636
1752,MANGKUK STAINLESS STEEL,,000B000A000700010003000500040007,8,0,A003-02-05-01-03-05-04-07,true,13,6,102649
1843,SAUS BARBEQUE,,00010006000D00080002,5,0,A001-05-13-08-02,true,13,6,102662
1870,DISINFECTANT,,000B000A000300050007,5,0,A003-02-03-05-07,true,13,7,102675
187,FLOOR DRAIN (LUBANG PENUTUP SALURAN PEMBUANGAN AIR / SARINGAN GOT),,000400030005,3,0,A004-03-05,true,12,12,102687
281,GLUE GUN,,000600030008,3,0,A006-03-08,true,12,11,102699
289,POMPA AIR,,00060003000G,3,0,A006-03-16,true,12,10,102711
396,BAWAHAN PRIA,,000800040007,3,3,A008-04-05,true,12,12,102723
453,KUAS & APLIKATOR MAKE UP,,000900010001,3,6,A009-01-01,true,12,12,102735
499,TONGKAT JALAN,,000A00080009,3,0,A010-08-09,true,12,12,102747
569,BAWANG GORENG,,0001000600030005,4,0,A001-05-03-05,true,12,8,102759
618,MIE SOA KERING,,00010006000A0003,4,0,A001-05-10-03,true,12,12,102771
657,TEPUNG MAIZENA,,00010006000G0003,4,0,A001-05-16-03,true,12,9,102783
782,TOMAT,,000100070005002F,4,0,A001-06-05-88,true,12,9,102795
878,SERUM RAMBUT,,000B000800010007,4,0,A003-01-01-07,true,12,9,102807
1059,KUNCI SEPEDA,,0005000400080002,4,0,A005-05-08-02,true,12,12,102819
1265,TAS CLUTCH PRIA,,0008000E00020002,4,0,A008-14-02-02,true,12,12,102831
1280,TAS LAPTOP WANITA,,0008000E00040005,4,0,A008-14-04-05,true,12,12,102843
1306,LEM BULU MATA,,0009000100020002,4,0,A009-01-02-02,true,12,12,102855
1327,BASRENG,,00010005000400060001,5,0,A001-04-04-06-01,true,12,10,102867
1450,PIANIKA,,00050004000100050001,5,0,A005-05-01-05-01,true,12,11,102879
1526,SEROK AIR UNTUK LANTAI,,000B000A000700010001000B,6,0,A003-02-05-01-01-11,true,12,12,102891
1682,MUG,,000B000A00070001000300050006,7,6,A003-02-05-01-03-05-06,true,12,11,102903
1763,MUG PLASTIK,,000B000A000700010003000500060004,8,0,A003-02-05-01-03-05-06-04,true,12,11,102915
1862,SETTING SPRAY,,00090005000A,3,0,A009-05-10,true,12,9,102927
1865,BOTOL SPRAYER,,000B000A00070001000300060004,7,0,A003-02-05-01-03-06-04,true,12,11,102939
1891,KERANJANG BUAH,,000B000A00070001000300040004,7,0,A003-02-05-01-03-04-04,true,12,11,102951
97,MAKANAN BEKU,,000100060007,3,16,A001-05-07,true,11,7,102962
199,TALI RAFIA,,00040003000H,3,0,A004-03-17,true,11,11,102973
209,BENANG,,000500020001,3,5,A005-03-01,true,11,11,102984
249,SEKOP TANAH,,00050005000B,3,0,A005-06-11,true,11,11,102995
264,MIXER,,000600010006,3,0,A006-01-06,true,11,11,103006
319,BUKU KWITANSI,,000700040005,3,0,A007-04-05,true,11,10,103017
372,TAPE DISPENSER,,00070008000R,3,0,A007-08-27,true,11,9,103028
374,WHITE BOARD,,00070008000T,3,0,A007-08-29,true,11,11,103039
556,PENGEMBANG KUE,,0001000600010003,4,0,A001-05-01-03,true,11,9,103050
583,ANEKA DIMSUM BEKU,,0001000600070002,4,0,A001-05-07-02,true,11,8,103061
590,MANTAU BEKU,,0001000600070009,4,0,A001-05-07-09,true,11,10,103072
703,BAYAM,,0001000700050008,4,0,A001-06-05-08,true,11,7,103083
769,SELADA KERITING,,0001000700050022,4,0,A001-06-05-75,true,11,9,103094
774,TAHU,,0001000700050027,4,0,A001-06-05-80,true,11,11,103105
831,GIGITAN BAYI (TEETHER),,0002000200050003,4,0,A002-02-05-03,true,11,10,103116
844,POPOK (DIAPERS) ANAK & BAYI,,0002000300020005,4,2,A002-03-02-05,true,11,7,103127
864,PERLENGKAPAN UNTUK IBU MENYUSUI,,0002000300060006,4,0,A002-03-06-06,true,11,8,103138
876,PENYUBUR RAMBUT,,000B000800010005,4,0,A003-01-01-05,true,11,11,103149
990,SHAMPO MOBIL,,0005000100030008,4,0,A005-01-03-08,true,11,10,103160
991,WAX MOBIL,,0005000100030009,4,0,A005-01-03-09,true,11,8,103171
1070,PERALATAN PERAWATAN HAMSTER,,0005000700010003,4,0,A005-08-01-03,true,11,11,103182
1093,COOLER FAN,,0006000200020001,4,0,A006-02-02-01,true,11,10,103193
1120,TINTA STEMPEL,,0007000800050003,4,0,A007-08-05-03,true,11,10,103204
1122,ISI REFILL CUTTER,,0007000800070002,4,0,A007-08-07-02,true,11,11,103215
1126,REFILL STAPLER,,00070008000O0002,4,0,A007-08-24-02,true,11,11,103226
1247,SANDAL GUNUNG ANAK LAKI-LAKI,,0008000B00010003,4,0,A008-11-01-03,true,11,11,103237
1290,PELUIT,,0008000F00010005,4,0,A008-15-01-05,true,11,11,103248
1336,BUBUR SIAP SAJI,,00010006000800080002,5,0,A001-05-08-08-02,true,11,9,103259
1356,CAIRAN PEMBERSIH PERALATAN DAN PERLENGKAPAN ANAK & BAYI KEMASAN BOTOL,,00020003000200010001,5,0,A002-03-02-01-01,true,11,3,103270
1424,CAIRAN PEMBERSIH LANTAI,,000B000A000300040001,5,4,A003-02-03-04-01,true,11,9,103281
1435,PERALATAN DAN PENYIMPANAN DI KAMAR MANDI,,000B000A000700010002,5,12,A003-02-05-01-02,true,11,5,103292
1636,GUNTING DAPUR,,000B000A0007000100030001000H,7,0,A003-02-05-01-03-01-17,true,11,10,103303
1834,COCOA POWDER,COCOA POWDER,0001000400080002,4,0,A001-03-06-02,true,11,7,103314
1842,SAUS TERIYAKI,,00010006000D00080001,5,0,A001-05-13-08-01,true,11,10,103325
1883,ISI LEM TEMBAK,,00040002000C,3,0,A004-02-012,true,11,10,103336
103,SAUS,,00010006000D,3,10,A001-05-13,true,10,2,103346
168,SENDOK SEMEN,,00040001000G,3,0,A004-01-16,true,10,9,103356
195,RANTAI,,00040003000D,3,0,A004-03-13,true,10,10,103366
227,ALAT MUSIK,,000500040001,3,8,A005-05-01,true,10,10,103376
285,HAIR STRAIGHTENER (CATOKAN RAMBUT),,00060003000C,3,0,A006-03-12,true,10,9,103386
342,KERTAS MANILA,,000700070006,3,0,A007-07-06,true,10,10,103396
354,DESK SET,,000700080009,3,0,A007-08-09,true,10,6,103406
356,HOLE PUNCHER,,00070008000B,3,0,A007-08-11,true,10,6,103416
419,GELANG ANAK-ANAK,,000800090004,3,0,A008-09-04,true,10,5,103426
521,KOPI INSTAN KEMASAN JAR,,00010004000100020002,5,0,A001-03-01-02-02,true,10,8,103436
754,PAKCOY,,000100070005001N,4,0,A001-06-05-60,true,10,6,103446
827,BAK MANDI ANAK & BAYI,,0002000200040001,4,0,A002-02-04-01,true,10,9,103456
841,COTTON BALL ANAK & BAYI,,0002000300020002,4,0,A002-03-02-02,true,10,9,103466
967,OBENG KACAMATA,,00040001000B0002,4,0,A004-01-11-02,true,10,10,103476
1054,BOLA PING PONG,,0005000400060002,4,0,A005-05-06-02,true,10,10,103486
1234,BAWAHAN OLAHRAGA PRIA,,0008000800010002,4,2,A008-08-01-02,true,10,10,103496
1288,CINCIN PRAMUKA (RING KACU),,0008000F00010003,4,0,A008-15-01-03,true,10,10,103506
1315,AIR MINERAL KEMASAN GELAS,,00010003000200010003,5,0,A001-02-01-01-03,true,10,9,103516
1440,PERLENGKAPAN KAMAR & KAMAR MANDI,,000B000A000700020003,5,13,A003-02-05-02-03,true,10,10,103526
1491,DETERJEN CAIR UNTUK PAKAIAN DEWASA,,000B000A0002000100020003,6,0,A003-02-02-01-02-03,true,10,6,103536
1503,PENGHARUM FLUSH KLOSET SOLID,,000B000A0003000300030002,6,0,A003-02-03-03-03-02,true,10,10,103546
1516,FLOOR MOP,,000B000A0007000100010001,6,4,A003-02-05-01-01-01,true,10,10,103556
1552,LAUNDRY BAG JARING,,000B000A0007000100040006,6,0,A003-02-05-01-04-06,true,10,10,103566
1639,KIPAS SATE,,000B000A0007000100030001000K,7,0,A003-02-05-01-03-01-20,true,10,10,103576
1794,CARDINAL,,000F00070003,3,2,Z003-B001-05,true,10,10,103586
1821,SAOS TOMAT KEMASAN POUCH,,00010006000D000600020002,6,0,A001-05-13-06-02-02,true,10,9,103596
1867,PELICIN PAKAIAN KEMASAN SACHET,,000B000A000200030003,5,0,A003-02-02-03-03,true,10,10,103606
1879,ALAT UKUR MATRIAL,,00040001000M,3,0,A004-01-022,true,10,7,103616
22,Perawatan Diri,Self-Care,000B0008,2,14,A003-01,true,9,4,103625
92,BERAS,,000100060002,3,6,A001-05-02,true,9,5,103634
109,DAGING SAPI SEGAR,,000100070003,3,0,A001-06-03,true,9,9,103643
184,BRACKET DINDING UNTUK TV,,000400030002,3,0,A004-03-02,true,9,9,103652
251,VAS BUNGA,,00050005000D,3,0,A005-06-13,true,9,9,103661
253,PERLENGKAPAN BERKEBUN LAINNYA,,00050005000F,3,0,A005-06-99,true,9,9,103670
279,DOOR BELL (BEL RUMAH),,000600030006,3,0,A006-03-06,true,9,9,103679
297,BUSUR,,000700010001,3,0,A007-01-01,true,9,7,103688
318,BUKU KAS,,000700040004,3,0,A007-04-04,true,9,8,103697
337,KERTAS CONCORD,,000700070001,3,0,A007-07-01,true,9,9,103706
376,"DASI, SYAL, DAN TALI SUSPENDER ANAK",,000800010002,3,0,A008-01-02,true,9,9,103715
418,CINCIN ANAK-ANAK,,000800090003,3,0,A008-09-03,true,9,4,103724
420,KALUNG ANAK-ANAK,,000800090005,3,0,A008-09-05,true,9,9,103733
446,SEPATU WEDGES WANITA,,0008000D0009,3,0,A008-13-09,true,9,9,103742
460,DEKORASI PEWARNA KUKU,,000900030001,3,0,A009-03-01,true,9,9,103751
518,KOPI BUBUK,,0001000400010002,4,3,A001-03-01-02,true,9,7,103760
558,RAGI,,0001000600010005,4,0,A001-05-01-05,true,9,4,103769
603,KERUPUK ,,0001000600080006,4,2,A001-05-08-06,true,9,8,103778
626,MINYAK KANOLA,,00010006000B0004,4,0,A001-05-11-04,true,9,9,103787
660,TEPUNG TAPIOKA,,00010006000G0006,4,0,A001-05-16-06,true,9,7,103796
724,KACANG TANAH,,000100070005000T,4,0,A001-06-05-30,true,9,5,103805
738,KETUMBAR,,0001000700050017,4,0,A001-06-05-44,true,9,6,103814
837,HIP SEAT,,0002000300010004,4,0,A002-03-01-04,true,9,8,103823
869,KELAMBU,,0002000300070003,4,0,A002-03-07-03,true,9,9,103832
938,ANTI NYAMUK ELEKTRIK,,000B000A00010002,4,2,A003-02-01-02,true,9,7,103841
1051,SKIPROPE (LOMPAT TALI / ALAT SKIPPING),,0005000400050006,4,0,A005-05-05-06,true,9,8,103850
1100,KABEL VGA,,0006000200020008,4,0,A006-02-02-08,true,9,9,103859
1150,PLAYSUIT / JUMPSUIT ANAK PEREMPUAN,,0008000300020006,4,0,A008-03-02-06,true,9,9,103868
1210,CELANA CROP WANITA,,0008000500050001,4,0,A008-05-05-01,true,9,9,103877
1390,OBAT TETES MATA,,000B0008000A0001000D,5,0,A003-01-10-01-13,true,9,9,103886
1412,PELEMBUT & PEWANGI PAKAIAN (SOFTENER) KEMASAN BOTOL,,000B000A000200020001,5,0,A003-02-02-02-01,true,9,2,103895
1492,CAIRAN PEMBERSIH DAPUR KEMASAN BOTOL / SPRAY,,000B000A0003000100010001,6,0,A003-02-03-01-01-01,true,9,4,103904
1515,SERAP AIR & PENYERAP BAU KEMASAN REFILL (POUCH),,000B000A0003000500060002,6,0,A003-02-03-05-06-02,true,9,8,103913
1520,PEMBERSIH KACA (WIPER),,000B000A0007000100010005,6,0,A003-02-05-01-01-05,true,9,9,103922
1591,SABUT NILON SAJA,,000B000A00070001000100080002,7,0,A003-02-05-01-01-08-02,true,9,8,103931
1611,TISU NAPKIN (KASAR),,000B000A000700010001000D0005,7,0,A003-02-05-01-01-13-05,true,9,9,103940
1641,KOREK API,,000B000A0007000100030001000M,7,2,A003-02-05-01-03-01-22,true,9,8,103949
1654,ROL KUE / GILINGAN ADONAN (ROLLING PIN),,000B000A0007000100030001000Z,7,0,A003-02-05-01-03-01-35,true,9,9,103958
1663,TUSUK SATE,,000B000A00070001000300010018,7,0,A003-02-05-01-03-01-44,true,9,9,103967
1665,ALAT UNTUK BAKAR SATE,,000B000A00070001000300020001,7,1,A003-02-05-01-03-02-01,true,9,8,103976
1690,TONG AIR,,000B000A00070001000300060002,7,0,A003-02-05-01-03-06-02,true,9,9,103985
1707,SENDOK PASTA ,,000B000A000700010003000100110002,8,0,A003-02-05-01-03-01-37-02,true,9,5,103994
1716,PANCI ANTI LENGKET,,000B000A000700010003000200050001,8,0,A003-02-05-01-03-02-05-01,true,9,9,104003
1738,PIRING ANYAMAN,,000B000A000700010003000500030001,8,0,A003-02-05-01-03-05-03-01,true,9,8,104012
1864,UNDERPAD,,000B0008000C0002,4,0,A003-01-12-02,true,9,9,104021
56,PERHIASAN DEWASA,,0008000A,2,6,A008-10,true,8,7,104029
106,TEPUNG,,00010006000G,3,7,A001-05-16,true,8,1,104037
155,GEGEP,,000400010003,3,0,A004-01-03,true,8,7,104045
157,GERINDA (GRINDER),,000400010005,3,0,A004-01-05,true,8,8,104053
207,SUKU CADANG MOTOR,,000500080002,3,5,A005-02-02,true,8,6,104061
234,PERALATAN & PERLENGKAPAN SEPEDA,,000500040008,3,5,A005-05-08,true,8,8,104069
246,MEDIA TANAM,,000500050008,3,0,A005-06-08,true,8,8,104077
266,PANCI ELEKTRIK,,000600010008,3,0,A006-01-08,true,8,8,104085
293,SETRIKA LISTRIK,,00060003000K,3,0,A006-03-20,true,8,8,104093
336,ORDNER,,000700060003,3,0,A007-06-03,true,8,8,104101
341,KERTAS KARTON,,000700070005,3,0,A007-07-05,true,8,6,104109
363,LEM KERTAS,,00070008000I,3,2,A007-08-18,true,8,6,104117
386,SAPU TANGAN DEWASA,,00080002000B,3,0,A008-02-10,true,8,7,104125
461,PEMBERSIH KUKU,,000900030002,3,0,A009-03-02,true,8,7,104133
501,AIR MINERAL,,0001000300020001,4,3,A001-02-01-01,true,8,4,104141
579,GULA BATU,,0001000600050006,4,0,A001-05-05-06,true,8,6,104149
595,SAYURAN BEKU,,000100060007000E,4,0,A001-05-07-14,true,8,7,104157
599,BAHAN MAKANAN KERING LAINNYA,,0001000600080002,4,0,A001-05-08-02,true,8,6,104165
625,MINYAK JAGUNG,,00010006000B0003,4,0,A001-05-11-03,true,8,5,104173
756,PAPRIKA,,000100070005001P,4,0,A001-06-05-62,true,8,0,104181
847,MATRAS BAYI,,0002000300030002,4,0,A002-03-03-02,true,8,8,104189
886,KRIM MATA,,000B000800020004,4,0,A003-01-02-04,true,8,2,104197
972,BANTAL AKSESORIS,,0005000100010002,4,0,A005-01-01-02,true,8,8,104205
980,SARUNG SETIR,,000500010001000A,4,0,A005-01-01-10,true,8,4,104213
985,KOMPON MOBIL,,0005000100030003,4,0,A005-01-03-03,true,8,7,104221
1039,BOLA BASKET,,0005000400030001,4,0,A005-05-03-01,true,8,8,104229
1089,PENGUAT SINYAL WIFI (WIFI BOOSTER/EXTENDER),,000600020001000B,4,0,A006-02-01-11,true,8,7,104237
1241,KNEE SUPPORT (LUTUT),,0008000800030004,4,0,A008-08-03-04,true,8,8,104245
1284,TAS TANGAN WANITA,,0008000E00040009,4,0,A008-14-04-09,true,8,8,104253
1328,GURILEM,,00010005000400060002,5,0,A001-04-04-06-02,true,8,4,104261
1340,CUKA APEL,,00010006000D00010001,5,0,A001-05-13-01-01,true,8,7,104269
1343,CUKA MAKAN/DAPUR,,00010006000D00010004,5,0,A001-05-13-01-04,true,8,6,104277
1394,OBAT MINUM UNTUK SAKIT KEPALA,,000B0008000A00020004,5,0,A003-01-10-02-04,true,8,6,104285
1483,OBAT DIARE,,000B0008000A000200030001,6,0,A003-01-10-02-03-01,true,8,6,104293
1487,KAMPER / KAPUR BARUS (CAMPHOR/NAPHTALENE BALL) DENGAN GANTUNGAN DAN ISI,,000B000A0001000300010001,6,0,A003-02-01-03-01-01,true,8,5,104301
1580,KEMOCENG BULU SINTETIS,,000B000A00070001000100020002,7,0,A003-02-05-01-01-02-02,true,8,5,104309
1594,SAPU IJUK,,000B000A00070001000100090001,7,0,A003-02-05-01-01-09-01,true,8,8,104317
1645,PEMBUKA BOTOL,,000B000A0007000100030001000Q,7,0,A003-02-05-01-03-01-26,true,8,6,104325
1677,GARPU,,000B000A00070001000300050001,7,2,A003-02-05-01-03-05-01,true,8,7,104333
1705,PISAU DAGING,,000B000A0007000100030001000U0003,8,0,A003-02-05-01-03-01-30-03,true,8,8,104341
1741,PIRING KERTAS,,000B000A000700010003000500030004,8,0,A003-02-05-01-03-05-03-04,true,8,8,104349
1760,MUG ENAMEL,,000B000A000700010003000500060001,8,0,A003-02-05-01-03-05-06-01,true,8,6,104357
1762,MUG MELAMIN,,000B000A000700010003000500060003,8,0,A003-02-05-01-03-05-06-03,true,8,7,104365
1823,PAKAIAN TIDUR PRIA,,000800040001,3,0,A008-04-07,true,8,8,104373
1824,MINUMAN BUBUK,,000F0008,2,0,Z003-34,false,8,4,104381
1873,ALAT MASAK LAINNYA,,000B000A00070001000300020008,7,0,A003-02-05-01-03-02-08,true,8,5,104389
15,MAKANAN & BAHAN MAKANAN,,00010006,2,16,A001-05,true,7,6,104396
18,PERAWATAN ANAK & BAYI,,00020001,2,5,A002-01,true,7,7,104403
63,MAKE UP BIBIR,,00090002,2,5,A009-02,true,7,5,104410
89,PERMEN MARSHMALLOW DAN LAIN LAIN,,000100050005,3,6,A001-04-05,true,7,1,104417
129,PERLENGKAPAN KEBERSIHAN ANAK & BAYI,,000200030002,3,6,A002-03-02,true,7,7,104424
301,KANVAS,,000700010005,3,0,A007-01-05,true,7,6,104431
329,STRING SPRAY,,000700050008,3,0,A007-05-08,true,7,7,104438
343,KERTAS MINYAK,,000700070007,3,0,A007-07-07,true,7,7,104445
349,BOOK END (PENYANGGAH BUKU),,000700080004,3,0,A007-08-04,true,7,6,104452
439,SANDAL GUNUNG WANITA,,0008000D0002,3,0,A008-13-02,true,7,7,104459
575,GULA MERAH,,0001000600050002,4,0,A001-05-05-02,true,7,4,104466
577,GULA TEPUNG,,0001000600050004,4,0,A001-05-05-04,true,7,5,104473
594,ROTI CANAI / PRATA BEKU,,000100060007000D,4,0,A001-05-07-13,true,7,6,104480
651,MUESLI,,00010006000F0003,4,0,A001-05-15-03,true,7,1,104487
701,BAWANG MERAH,,0001000700050006,4,0,A001-06-05-06,true,7,5,104494
719,JAGUNG,,000100070005000O,4,0,A001-06-05-25,true,7,5,104501
863,KANTONG ASI,,0002000300060005,4,0,A002-03-06-05,true,7,5,104508
910,PAKET SIKAT GIGI DAN PASTA GIGI DEWASA,,000B000800040003,4,0,A003-01-04-03,true,7,6,104515
964,KUNCI RODA,,0004000100090006,4,0,A004-01-09-06,true,7,7,104522
987,PEMBERSIH KACA MOBIL,,0005000100030005,4,0,A005-01-03-05,true,7,7,104529
1003,MINYAK REM,,0005000800030003,4,0,A005-02-03-03,true,7,7,104536
1068,PERALATAN PERAWATAN ANJING,,0005000700010001,4,0,A005-08-01-01,true,7,5,104543
1231,PIYAMA BAWAHAN WANITA,,0008000500090003,4,0,A008-05-09-03,true,7,5,104550
1311,KOIN KARAMBOL,,000A000500030001,4,0,A010-05-03-01,true,7,4,104557
1312,PAPAN KARAMBOL,,000A000500030002,4,0,A010-05-03-02,true,7,7,104564
1324,AIR KELAPA,,00010003000200030001,5,0,A001-02-01-03-01,true,7,6,104571
1346,KECAP INGGRIS,,00010006000D00020003,5,0,A001-05-13-02-03,true,7,7,104578
1361,ANTI NYAMUK SPRAY,,000B0008000300010002,5,0,A003-01-03-01-02,true,7,5,104585
1381,INHALER,,000B0008000A00010004,5,0,A003-01-10-01-04,true,7,6,104592
1383,LOTION GATAL,,000B0008000A00010006,5,0,A003-01-10-01-06,true,7,7,104599
1397,ALKOHOL ,,000B0008000A00030001,5,0,A003-01-10-03-01,true,7,2,104606
1444,STIK DRUM,,00050004000100010002,5,0,A005-05-01-01-02,true,7,6,104613
1445,CAPO GITAR,,00050004000100020001,5,0,A005-05-01-02-01,true,7,7,104620
1446,GITAR ,,00050004000100020002,5,0,A005-05-01-02-02,true,7,7,104627
1480,SABUN CUCI TANGAN FOAMING KEMASAN REFILL (POUCH),,000B00080003000A00030002,6,0,A003-01-03-10-03-02,true,7,4,104634
1493,CAIRAN PEMBERSIH DAPUR KEMASAN REFILL (POUCH),,000B000A0003000100010002,6,0,A003-02-03-01-01-02,true,7,7,104641
1512,SEMIR SEPATU CAIR,,000B000A0003000500050001,6,0,A003-02-03-05-05-01,true,7,7,104648
1517,KEMOCENG,,000B000A0007000100010002,6,3,A003-02-05-01-01-02,true,7,6,104655
1518,KAIN UNTUK LAP & PEL,,000B000A0007000100010003,6,8,A003-02-05-01-01-03,true,7,7,104662
1523,SABUT & SPONS,,000B000A0007000100010008,6,4,A003-02-05-01-01-08,true,7,6,104669
1527,SIKAT,,000B000A000700010001000C,6,7,A003-02-05-01-01-12,true,7,7,104676
1549,GANTUNGAN / JEMURAN HANDUK,,000B000A0007000100040003,6,0,A003-02-05-01-04-03,true,7,7,104683
1565,KIMONO HANDUK (BATHROBE),,000B000A0007000200030008,6,0,A003-02-05-02-03-08,true,7,7,104690
1581,KEMOCENG KAIN MICROFIBER,,000B000A00070001000100020003,7,0,A003-02-05-01-01-02-03,true,7,6,104697
1608,TISU DAPUR,,000B000A000700010001000D0002,7,0,A003-02-05-01-01-13-02,true,7,7,104704
1776,SUMPIT PLASTIK,,000B000A000700010003000500090003,8,0,A003-02-05-01-03-05-09-03,true,7,6,104711
1816,TEPUNG WHIPPED CREAM,,0001000600010007,4,0,A001-05-01-07,true,7,6,104718
1825,GAME MASTER,,000F00070001,3,0,Z003-B001-07,true,7,7,104725
1856,SAUS CABAI KEMASAN SACHET,,00010006000D000600030004,6,0,A001-05-13-06-03-04,true,7,7,104732
1869,CAIRAN PEMBERSIH LANTAI KEMASAN SACHET,,000B000A0003000400010004,6,0,A003-02-03-04-01-04,true,7,7,104739
1875,SARUNG TANGAN PLASTIK,,000B000A000700010001000A0004,7,0,A003-02-05-01-01-10-04,true,7,7,104746
1892,POMPA WC,,000B000A000700010001000E,6,0,A003-02-05-01-01-14,true,7,5,104753
12,MINUMAN,,00010003,2,1,A001-02,true,6,2,104759
62,ALAT KECANTIKAN,,00090001,2,2,A009-01,true,6,4,104765
64,MAKE UP KUKU,,00090003,2,4,A009-03,true,6,6,104771
95,GULA & PEMANIS,,000100060005,3,8,A001-05-05,true,6,0,104777
132,PERLENGKAPAN MANDI ANAK & BAYI,,000200030005,3,4,A002-03-05,true,6,5,104783
263,KOMPOR LISTRIK,,000600010005,3,0,A006-01-05,true,6,6,104789
417,BROS ANAK-ANAK,,000800090002,3,0,A008-09-02,true,6,6,104795
433,SEPATU BOOTS PRIA,,0008000C0004,3,0,A008-12-04,true,6,6,104801
462,PERAWATAN KUKU,,000900030003,3,0,A009-03-03,true,6,6,104807
478,HIGHLIGHTER,,000900050008,3,0,A009-05-08,true,6,1,104813
506,MINUMAN DENGAN CINCAU,,0001000300020006,4,0,A001-02-01-06,true,6,5,104819
529,TEH KEMASAN GELAS,,0001000400070003,4,0,A001-03-05-03,true,6,3,104825
537,KERIPIK KENTANG PUTIH,,0001000500030002,4,0,A001-04-03-02,true,6,5,104831
562,BERAS HITAM,,0001000600020003,4,0,A001-05-02-03,true,6,3,104837
606,MUTIARA SAGU / PACAR CINA,,0001000600080009,4,0,A001-05-08-09,true,6,5,104843
623,MINYAK BUNGA MATAHARI,,00010006000B0001,4,0,A001-05-11-01,true,6,4,104849
645,SAUS BUMBU MASAK,,00010006000D0008,4,5,A001-05-13-08,true,6,0,104855
672,KIWI,,000100070001000B,4,0,A001-06-01-11,true,6,6,104861
675,LENGKENG,,000100070001000E,4,0,A001-06-01-14,true,6,6,104867
683,PISANG,,000100070001000M,4,0,A001-06-01-22,true,6,6,104873
708,CAISIM,,000100070005000D,4,0,A001-06-05-13,true,6,4,104879
720,JAHE ,,000100070005000P,4,0,A001-06-05-26,true,6,2,104885
728,KANGKUNG,,000100070005000X,4,0,A001-06-05-34,true,6,4,104891
779,TERONG,,000100070005002C,4,0,A001-06-05-85,true,6,2,104897
783,UBI,,000100070005002G,4,0,A001-06-05-89,true,6,4,104903
787,TELUR ASIN PACK,,0001000700060002,4,0,A001-06-06-02,true,6,5,104909
796,KRIM RUAM (RASH) ANAK & BAYI,,0002000100020001,4,0,A002-01-02-01,true,6,3,104915
832,POMPA ASI MANUAL,,0002000200050004,4,0,A002-02-05-04,true,6,5,104921
892,PORE PACK,,000B00080002000A,4,0,A003-01-02-10,true,6,3,104927
927,MINUMAN UNTUK DIET,,000B000800090002,4,0,A003-01-09-02,true,6,2,104933
929,OBAT MINUM,,000B0008000A0002,4,6,A003-01-10-02,true,6,2,104939
981,AIR ACCU MOBIL,,0005000100020001,4,0,A005-01-02-01,true,6,6,104945
997,BUSI MOTOR,,0005000800020002,4,0,A005-02-02-02,true,6,6,104951
1052,TIMBANGAN BADAN,,0005000400050007,4,0,A005-05-05-07,true,6,6,104957
1053,BET PING PONG,,0005000400060001,4,0,A005-05-06-01,true,6,6,104963
1080,BLUETOOTH DONGLE,,0006000200010002,4,0,A006-02-01-02,true,6,5,104969
1081,CD DVD,,0006000200010003,4,0,A006-02-01-03,true,6,4,104975
1083,HARD DISK EXTERNAL,,0006000200010005,4,0,A006-02-01-05,true,6,0,104981
1099,KABEL PRINTER,,0006000200020007,4,0,A006-02-02-07,true,6,5,104987
1119,STEMPEL,,0007000800050002,4,0,A007-08-05-02,true,6,6,104993
1184,KAMISOL / KEMBEN WANITA,,0008000500010002,4,0,A008-05-01-02,true,6,6,104999
1208,ROK BATIK WANITA,,0008000500040006,4,0,A008-05-04-06,true,6,6,105005
1238,ANKLE SUPPORT (PERGELANGAN KAKI),,0008000800030001,4,0,A008-08-03-01,true,6,6,105011
1331,SNACK SEBLAK,,00010005000400060005,5,0,A001-04-04-06-05,true,6,6,105017
1337,SEBLAK SIAP SAJI,,00010006000800080003,5,0,A001-05-08-08-03,true,6,2,105023
1345,KECAP IKAN,,00010006000D00020002,5,0,A001-05-13-02-02,true,6,5,105029
1348,KECAP LAINNYA,,00010006000D00020005,5,0,A001-05-13-02-99,true,6,3,105035
1371,DEODORAN STICK,,000B0008000500020005,5,0,A003-01-05-02-05,true,6,5,105041
1377,SUPLEMEN MAKANAN DEWASA,,000B0008000800020004,5,0,A003-01-08-02-04,true,6,5,105047
1405,ANTI NYAMUK ELEKTRIK KEMASAN DENGAN ALAT & ISI,,000B000A000100020001,5,0,A003-02-01-02-01,true,6,5,105053
1528,TISU,,000B000A000700010001000D,6,5,A003-02-05-01-01-13,true,6,5,105059
1655,SCOOP ICE CREAM (ES KRIM),,000B000A00070001000300010010,7,0,A003-02-05-01-03-01-36,true,6,4,105065
1666,ARANG,,000B000A00070001000300020002,7,0,A003-02-05-01-03-02-02,true,6,6,105071
1673,TEMPAT PENYIMPANAN MINUMAN / CAIRAN,,000B000A00070001000300030002,7,4,A003-02-05-01-03-03-02,true,6,4,105077
1689,JERIGEN ,,000B000A00070001000300060001,7,0,A003-02-05-01-03-06-01,true,6,6,105083
1844,SAOS BULGOGI,,00010006000D00080003,5,0,A001-05-13-08-03,true,6,6,105089
1845,SAUS BLACKPAPPER,,00010006000D00080004,5,0,A001-05-13-08-04,true,6,5,105095
98,MAKANAN DALAM KEMASAN & KALENG,,000100060008,3,12,A001-05-08,true,5,1,105100
112,TELUR,,000100070006,3,6,A001-06-06,true,5,5,105105
185,DUCT KABEL (RUMAH KABEL),,000400030003,3,0,A004-03-03,true,5,5,105110
265,OVEN KECIL,,000600010007,3,0,A006-01-07,true,5,4,105115
359,KARET GELANG,,00070008000E,3,0,A007-08-14,true,5,5,105120
456,LIP GLOSS,,000900020002,3,0,A009-02-02,true,5,2,105125
479,PRIMER,,000900050009,3,0,A009-05-09,true,5,5,105130
587,GYOZA / PANGSIT BEKU,,0001000600070006,4,0,A001-05-07-06,true,5,5,105135
617,KWETIAU KERING,,00010006000A0002,4,0,A001-05-10-02,true,5,5,105140
674,LEMON,,000100070001000D,4,0,A001-06-01-13,true,5,5,105145
706,BUNCIS,,000100070005000B,4,0,A001-06-05-11,true,5,3,105150
739,KOL,,0001000700050018,4,0,A001-06-05-45,true,5,4,105155
745,LADA HITAM,,000100070005001E,4,0,A001-06-05-51,true,5,5,105160
771,SELADA ROMAINE,,0001000700050024,4,0,A001-06-05-77,true,5,4,105165
781,TIMUN,,000100070005002E,4,0,A001-06-05-87,true,5,3,105170
789,TELUR AYAM KAMPUNG PACK,,0001000700060004,4,0,A001-06-06-04,true,5,5,105175
805,SUNBLOCK ANAK & BAYI,,0002000100030008,4,0,A002-01-03-08,true,5,3,105180
823,STROLLER,,0002000200020003,4,0,A002-02-02-03,true,5,5,105185
868,GULING ANAK & BAYI,,0002000300070002,4,0,A002-03-07-02,true,5,5,105190
885,KERTAS MINYAK WAJAH,,000B000800020003,4,0,A003-01-02-03,true,5,3,105195
908,BENANG GIGI (FLOSS) DEWASA,,000B000800040001,4,0,A003-01-04-01,true,5,3,105200
913,SPRAY PENYEGAR MULUT,,000B000800040006,4,0,A003-01-04-06,true,5,2,105205
919,KRIM CUKUR,,000B000800060002,4,0,A003-01-06-02,true,5,5,105210
932,ALAT TES KEHAMILAN,,000B0008000B0002,4,0,A003-01-11-02,true,5,5,105215
957,BOR LISTRIK,,0004000100010001,4,0,A004-01-01-01,true,5,5,105220
1005,SABUN CUCI MOTOR,,0005000800030005,4,0,A005-02-03-05,true,5,5,105225
1012,GUNTING KAIN,,0005000200040001,4,0,A005-03-04-01,true,5,5,105230
1029,JIMBE,,0005000400010004,4,0,A005-05-01-04,true,5,5,105235
1042,PAPAN RENANG,,0005000400040003,4,0,A005-05-04-03,true,5,4,105240
1057,BOLA FUTSAL,,0005000400070002,4,0,A005-05-07-02,true,5,3,105245
1063,BOLA TENNIS,,0005000400090001,4,0,A005-05-09-01,true,5,4,105250
1079,ALAT PEMBERSIH KOMPUTER (LCD CLEANER),,0006000200010001,4,0,A006-02-01-01,true,5,4,105255
1103,CASING HP,,0006000200030001,4,0,A006-02-03-01,true,5,3,105260
1113,SETRIKA LISTRIK UAP,,00060003000F0002,4,0,A006-03-15-02,true,5,5,105265
1283,TAS SATCHEL WANITA,,0008000E00040008,4,0,A008-14-04-08,true,5,2,105270
1365,SABUN CUCI TANGAN CAIR,,000B00080003000A0002,5,2,A003-01-03-10-02,true,5,3,105275
1426,PEMBERSIH & SEMIR KAYU UNTUK MEBEL (FURNITURE POLISH),,000B000A000300050001,5,0,A003-02-03-05-01,true,5,4,105280
1431,SERAP AIR & PENYERAP BAU,,000B000A000300050006,5,2,A003-02-03-05-06,true,5,4,105285
1453,KAUS OLAHRAGA PRIA,,00080008000100010001,5,0,A008-08-01-01-01,true,5,5,105290
1486,OBAT PENCERNAAN LAINNYA,,000B0008000A000200030004,6,0,A003-01-10-02-03-99,true,5,4,105295
1495,CAIRAN PENCUCI PIRING KEMASAN JERIGEN,,000B000A0003000100020002,6,0,A003-02-03-01-02-02,true,5,5,105300
1502,PENGHARUM FLUSH KLOSET CAIR,,000B000A0003000300030001,6,0,A003-02-03-03-03-01,true,5,5,105305
1513,SEMIR SEPATU NON CAIR,,000B000A0003000500050002,6,0,A003-02-03-05-05-02,true,5,5,105310
1584,KAIN LAP,,000B000A00070001000100030003,7,0,A003-02-05-01-01-03-03,true,5,5,105315
1620,ALAT PEMBUAT KOPI,,000B000A00070001000300010001,7,0,A003-02-05-01-03-01-01,true,5,5,105320
1651,POMPA AIR GALON NON-ELEKTRIK,,000B000A0007000100030001000W,7,0,A003-02-05-01-03-01-32,true,5,4,105325
1687,TUTUP GELAS,,000B000A0007000100030005000B,7,2,A003-02-05-01-03-05-11,true,5,5,105330
1775,SUMPIT KAYU,,000B000A000700010003000500090002,8,0,A003-02-05-01-03-05-09-02,true,5,5,105335
1818,SAOS TOMAT,,00010006000D00060002,5,4,A001-05-13-06-02,true,5,0,105340
1822,SAOS TOMAT KEMASAN SACHET,,00010006000D000600020003,6,0,A001-05-13-06-02-03,true,5,4,105345
1829,Rumah Tangga,Househood,000B000A,2,5,A003-02,true,5,4,105350
1836,BERAS PORANG,,0001000600020006,4,0,A001-05-02-06,true,5,5,105355
1882,LEM TEMBAK,,00040001000N,3,0,A004-01-023,true,5,3,105360
84,COKLAT & COCOA BUBUK,,000100040008,3,3,A001-03-06,true,4,1,105364
128,PERLENGKAPAN BEPERGIAN ANAK & BAYI,,000200030001,3,6,A002-03-01,true,4,4,105368
137,PERAWATAN BADAN,,000B00080003,3,12,A003-01-03,true,4,3,105372
146,KEBUTUHAN KHUSUS LANJUT USIA,,000B0008000C,3,2,A003-01-12,true,4,0,105376
159,KIKIR,,000400010007,3,0,A004-01-07,true,4,4,105380
212,GUNTING JAHIT,,000500020004,3,4,A005-03-04,true,4,4,105384
215,KAPUR JAHIT,,000500020007,3,0,A005-03-07,true,4,4,105388
216,MATA PLASTIK UNTUK PRAKARYA,,000500020008,3,0,A005-03-08,true,4,3,105392
223,VETERBAN,,00050002000F,3,0,A005-03-15,true,4,1,105396
224,ALAT PANCING (REEL PANCINGAN),,000500030001,3,0,A005-04-01,true,4,3,105400
352,CUTTER & REFILL,,000700080007,3,2,A007-08-07,true,4,4,105404
496,SLEEPING BAG,,000A00080006,3,0,A010-08-06,true,4,4,105408
507,MINUMAN DENGAN LIDAH BUAYA,,0001000300020007,4,0,A001-02-01-07,true,4,4,105412
580,GULA CAIR,,0001000600050007,4,0,A001-05-05-07,true,4,3,105416
622,UDON KERING,,00010006000A0007,4,0,A001-05-10-07,true,4,4,105420
655,TEPUNG BERAS,,00010006000G0001,4,0,A001-05-16-01,true,4,3,105424
676,MANGGA,,000100070001000F,4,0,A001-06-01-15,true,4,4,105428
678,MELON,,000100070001000H,4,0,A001-06-01-17,true,4,4,105432
692,IKAN SALMON SEGAR,,0001000700040001,4,0,A001-06-04-01,true,4,4,105436
702,BAWANG PUTIH,,0001000700050007,4,3,A001-06-05-07,true,4,2,105440
746,LENGKUAS,,000100070005001F,4,0,A001-06-05-52,true,4,2,105444
776,TAOGE,,0001000700050029,4,0,A001-06-05-82,true,4,2,105448
784,WORTEL,,000100070005002H,4,0,A001-06-05-90,true,4,4,105452
804,SABUN ANAK & BAYI,,0002000100030007,4,2,A002-01-03-07,true,4,2,105456
852,BOTOL FEEDER ANAK & BAYI,,0002000300040003,4,0,A002-03-04-03,true,4,4,105460
897,BEDAK,,000B000800030002,4,0,A003-01-03-02,true,4,4,105464
904,SABUN BADAN,,000B000800030009,4,2,A003-01-03-09,true,4,1,105468
905,SABUN CUCI TANGAN,,000B00080003000A,4,3,A003-01-03-10,true,4,1,105472
934,PELUMAS,,000B0008000B0004,4,0,A003-01-11-04,true,4,2,105476
940,KAPUR ANTI HAMA,,000B000A00010004,4,0,A003-02-01-04,true,4,4,105480
975,DUDUKAN PLAT NOMOR MOBIL,,0005000100010005,4,0,A005-01-01-05,true,4,4,105484
989,SEMIR BAN MOBIL,,0005000100030007,4,0,A005-01-03-07,true,4,3,105488
1006,SEMIR BAN MOTOR,,0005000800030006,4,0,A005-02-03-06,true,4,3,105492
1008,BENANG KASUR,,0005000200010002,4,0,A005-03-01-02,true,4,4,105496
1032,TAMBOURINE,,0005000400010007,4,0,A005-05-01-07,true,4,4,105500
1040,KACAMATA MENYELAM & SNORKEL,,0005000400040001,4,0,A005-05-04-01,true,4,3,105504
1048,CONE / MANGKOK PLASTIK OLAHRAGA,,0005000400050003,4,0,A005-05-05-03,true,4,4,105508
1058,HELM SEPEDA,,0005000400080001,4,0,A005-05-08-01,true,4,4,105512
1064,BOLA VOLLEY,,00050004000A0001,4,0,A005-05-10-01,true,4,4,105516
1084,HEADPHONE,,0006000200010006,4,0,A006-02-01-06,true,4,3,105520
1090,ROUTER WIFI,,000600020001000C,4,0,A006-02-01-12,true,4,4,105524
1204,CELANA BATIK WANITA,,0008000500040002,4,0,A008-05-04-02,true,4,4,105528
1292,TONGKAT PRAMUKA,,0008000F00010007,4,0,A008-15-01-07,true,4,4,105532
1301,KUAS MASKER,,0009000100010003,4,0,A009-01-01-03,true,4,3,105536
1375,MINYAK IKAN,,000B0008000800020002,5,0,A003-01-08-02-02,true,4,3,105540
1386,MINYAK TAWON,,000B0008000A00010009,5,0,A003-01-10-01-09,true,4,3,105544
1391,OBAT MINUM UNTUK BATUK & PILEK,,000B0008000A00020001,5,2,A003-01-10-02-01,true,4,4,105548
1419,CAIRAN PENCUCI PIRING,,000B000A000300010002,5,3,A003-02-03-01-02,true,4,1,105552
1447,SARUNG GITAR (CASE),,00050004000100020003,5,0,A005-05-01-02-03,true,4,4,105556
1449,UKULELE,,00050004000100020005,5,0,A005-05-01-02-05,true,4,4,105560
1525,SARUNG TANGAN,,000B000A000700010001000A,6,4,A003-02-05-01-01-10,true,4,4,105564
1566,MATRAS LIPAT,,000B000A0007000200030009,6,0,A003-02-05-02-03-09,true,4,3,105568
1575,FLOOR MOP UNTUK MENYAPU,,000B000A00070001000100010001,7,0,A003-02-05-01-01-01-01,true,4,3,105572
1652,RAK PENGERING GELAS ,,000B000A0007000100030001000X,7,0,A003-02-05-01-03-01-33,true,4,4,105576
1685,SUMPIT,,000B000A00070001000300050009,7,4,A003-02-05-01-03-05-09,true,4,4,105580
1722,RANTANG STAINLESS,,000B000A000700010003000300010002,8,0,A003-02-05-01-03-03-01-02,true,4,3,105584
1730,BESEK ANYAMAN,,000B000A000700010003000400010001,8,0,A003-02-05-01-03-04-01-01,true,4,4,105588
1732,KERANJANG TELUR BESI,,000B000A000700010003000400010003,8,0,A003-02-05-01-03-04-01-03,true,4,4,105592
1771,CANGKIR STAINLESS STEEL,,000B000A000700010003000500070006,8,0,A003-02-05-01-03-05-07-06,true,4,4,105596
1777,SUMPIT STAINLESS STEEL,,000B000A000700010003000500090004,8,0,A003-02-05-01-03-05-09-04,true,4,4,105600
1780,SEDOTAN STAINLESS STEEL,,000B000A0007000100030005000A0003,8,0,A003-02-05-01-03-05-10-03,true,4,3,105604
1810,COTTON OBRAL,,000F0007000300010003,5,0,Z003-B001-05-02-03,true,4,4,105608
1819,SAOS CABAI,,00010006000D00060003,5,4,A001-05-13-06-03,true,4,2,105612
1847,SAUS LAINNYA,,00010006000D000A,4,0,A001-05-13-10,true,4,2,105616
1849,SAMBAL KEMASAN POUCH,,00010006000D000600010002,6,0,A001-05-13-06-01-02,true,4,2,105620
1888,RING KARET,,00040003000O,3,0,A004-03-024,true,4,4,105624
13,"COKLAT, KOPI & TEH",,00010004,2,6,A001-03,true,3,0,105627
33,BERIBADAH,,00050006,2,2,A005-07,true,3,3,105630
105,SEREAL & SARAPAN,,00010006000F,3,6,A001-05-15,true,3,3,105633
122,PERAWATAN RAMBUT ANAK & BAYI,,000200010005,3,6,A002-01-05,true,3,3,105636
123,PERALATAN KEBERSIHAN ANAK & BAYI,,000200020001,3,7,A002-02-01,true,3,3,105639
142,MULTIVITAMIN & SUPLEMEN,,000B00080008,3,2,A003-01-08,true,3,0,105642
153,BOR LISTRIK & LAINNYA,,000400010001,3,2,A004-01-01,true,3,3,105645
166,ROSKAM,,00040001000E,3,0,A004-01-14,true,3,3,105648
182,THINNER,,00040002000B,3,0,A004-02-11,true,3,3,105651
189,HELM KESELAMATAN / HELM PROYEK (SAFETY),,000400030007,3,0,A004-03-07,true,3,3,105654
201,TANGGA,,00040003000J,3,0,A004-03-19,true,3,3,105657
218,PENDEDEL,,00050002000A,3,0,A005-03-10,true,3,3,105660
241,FLORAL FOAM,,000500050003,3,0,A005-06-03,true,3,2,105663
245,INSEKTISIDA,,000500050007,3,0,A005-06-07,true,3,3,105666
330,TEROMPET,,000700050009,3,0,A007-05-09,true,3,3,105669
339,KERTAS FOLIO,,000700070003,3,0,A007-07-03,true,3,2,105672
413,PAKAIAN OLAHRAGA PRIA,,000800080001,3,2,A008-08-01,true,3,3,105675
427,LIONTIN DEWASA,,0008000A0006,3,0,A008-10-06,true,3,3,105678
484,MONOPOLI,,000A00050005,3,0,A010-05-05,true,3,3,105681
490,KARTU REMI,,000A00070002,3,0,A010-07-02,true,3,3,105684
498,TERPAL,,000A00080008,3,0,A010-08-08,true,3,3,105687
502,SUSU,,0001000300020002,4,8,A001-02-01-02,true,3,1,105690
611,KWETIAU INSTAN BUNGKUS,,0001000600090002,4,0,A001-05-09-02,true,3,3,105693
656,TEPUNG KETAN,,00010006000G0002,4,0,A001-05-16-02,true,3,2,105696
662,ALPUKAT,,0001000700010001,4,0,A001-06-01-01,true,3,3,105699
669,JAMBU,,0001000700010008,4,0,A001-06-01-08,true,3,2,105702
680,NANAS,,000100070001000J,4,0,A001-06-01-19,true,3,2,105705
687,SEMANGKA,,000100070001000Q,4,0,A001-06-01-26,true,3,3,105708
693,IKAN DORY SEGAR,,0001000700040002,4,0,A001-06-04-02,true,3,3,105711
698,ASAM JAWA,,0001000700050003,4,0,A001-06-05-03,true,3,3,105714
705,BROKOLI,,000100070005000A,4,0,A001-06-05-10,true,3,2,105717
710,DAUN BAWANG,,000100070005000F,4,0,A001-06-05-15,true,3,2,105720
723,KACANG MERAH,,000100070005000S,4,0,A001-06-05-29,true,3,0,105723
735,KEMIRI,,0001000700050014,4,0,A001-06-05-41,true,3,2,105726
741,KUNYIT,,000100070005001A,4,0,A001-06-05-47,true,3,2,105729
763,SAWI PUTIH,,000100070005001W,4,0,A001-06-05-69,true,3,3,105732
772,SELEDRI,,0001000700050025,4,0,A001-06-05-78,true,3,2,105735
773,SEREH,,0001000700050026,4,0,A001-06-05-79,true,3,2,105738
775,TAHU JEPANG,,0001000700050028,4,0,A001-06-05-81,true,3,3,105741
785,ZUKINI,,000100070005002I,4,0,A001-06-05-91,true,3,0,105744
822,BABY WALKER,,0002000200020002,4,0,A002-02-02-02,true,3,3,105747
861,BOTOL ASI,,0002000300060003,4,0,A002-03-06-03,true,3,3,105750
865,POWDER MILK CONTAINER/DISPENSER,,0002000300060007,4,0,A002-03-06-07,true,3,2,105753
893,SABUN ANTI JERAWAT,,000B00080002000B,4,0,A003-01-02-11,true,3,3,105756
947,PEMBERSIH DAPUR,,000B000A00030001,4,2,A003-02-03-01,true,3,2,105759
978,KUNCI GANDA UNTUK MOBIL,,0005000100010008,4,0,A005-01-01-08,true,3,3,105762
994,KARET / GRIP STANG MOTOR,,0005000800010003,4,0,A005-02-01-03,true,3,3,105765
1016,JARUM JAHIT,,0005000200050001,4,0,A005-03-05-01,true,3,3,105768
1031,SERULING / RECORDER,,0005000400010006,4,0,A005-05-01-06,true,3,3,105771
1045,TOPI RENANG,,0005000400040006,4,0,A005-05-04-06,true,3,3,105774
1066,STOPWATCH,,00050004000B0002,4,0,A005-05-11-02,true,3,3,105777
1075,MAKANAN HAMSTER,,0005000700030002,4,0,A005-08-03-02,true,3,2,105780
1167,KARDIGAN PRIA,,0008000400040004,4,0,A008-04-02-04,true,3,3,105783
1217,ROK MINI WANITA,,0008000500050008,4,0,A008-05-05-08,true,3,3,105786
1277,TAS ANYAMAN,,0008000E00040002,4,0,A008-14-04-02,true,3,3,105789
1305,KACA & RAUTAN PENSIL ,,0009000100020001,4,0,A009-01-02-01,true,3,3,105792
1342,CUKA LAINNYA,,00010006000D00010003,5,0,A001-05-13-01-03,true,3,0,105795
1368,DEODORAN POWDER,,000B0008000500020002,5,0,A003-01-05-02-02,true,3,3,105798
1401,SALEP ANTISEPTIC,,000B0008000A00030005,5,0,A003-01-10-03-05,true,3,3,105801
1408,KAMPER / KAPUR BARUS (CAMPHOR/NAPHTALENE BALL) TANPA GANTUNGAN,,000B000A000100030002,5,0,A003-02-01-03-02,true,3,3,105804
1427,PEMBERSIH MULTIFUNGSI,,000B000A000300050002,5,3,A003-02-03-05-02,true,3,3,105807
1454,JAKET OLAHRAGA PRIA,,00080008000100010002,5,0,A008-08-01-01-02,true,3,3,105810
1463,BANTAL TRAVEL,,0008000E000300010001,5,0,A008-14-03-01-01,true,3,3,105813
1479,SABUN CUCI TANGAN FOAMING KEMASAN BOTOL,,000B00080003000A00030001,6,0,A003-01-03-10-03-01,true,3,2,105816
1509,PEMBERSIH MULTIFUNGSI BUBUK,,000B000A0003000500020001,6,0,A003-02-03-05-02-01,true,3,3,105819
1604,SIKAT SEMIR SEPATU,,000B000A000700010001000C0005,7,0,A003-02-05-01-01-12-05,true,3,2,105822
1658,SPIRITUS,,000B000A00070001000300010013,7,0,A003-02-05-01-03-01-39,true,3,3,105825
1702,NAMPAN KAYU,,000B000A0007000100030001000O0002,8,0,A003-02-05-01-03-01-24-02,true,3,3,105828
1713,RODA UNTUK TABUNG GAS,,000B000A000700010003000200030005,8,0,A003-02-05-01-03-02-03-05,true,3,3,105831
1739,PIRING ENAMEL,,000B000A000700010003000500030002,8,0,A003-02-05-01-03-05-03-02,true,3,3,105834
1774,SUMPIT BAMBU,,000B000A000700010003000500090001,8,0,A003-02-05-01-03-05-09-01,true,3,3,105837
1782,TUTUP GELAS STAINLESS STEEL,,000B000A0007000100030005000B0002,8,0,A003-02-05-01-03-05-11-02,true,3,2,105840
1868,PEMUTIH DAN PENGHILANG NODA KEMASAN SACHET,,000B000A000200040003,5,0,A003-02-02-04-03,true,3,3,105843
1886,LINGGIS,,00040001000P,3,0,A004-01-025,true,3,2,105846
1,Makanan dan Minuman,Food and Groceries,0001,1,7,A001,true,2,2,105848
32,BERKEBUN,,00050005,2,15,A005-06,true,2,2,105850
35,ALAT ELEKTRONIK DAPUR,,00060001,2,11,A006-01,true,2,2,105852
65,MAKE UP MATA,,00090004,2,7,A009-04,true,2,2,105854
66,MAKE UP WAJAH,,00090005,2,10,A009-05,true,2,1,105856
101,MINYAK,,00010006000B,3,10,A001-05-11,true,2,2,105858
133,PERLENGKAPAN MENYUSUI ANAK & BAYI,,000200030006,3,8,A002-03-06,true,2,2,105860
138,PERAWATAN MULUT & GIGI,,000B00080004,3,8,A003-01-04,true,2,0,105862
154,CATOK MEJA (RAGUM),,000400010002,3,0,A004-01-02,true,2,2,105864
213,JARUM,,000500020005,3,3,A005-03-05,true,2,2,105866
217,NEEDLE THREADER (MATA NENEK),,000500020009,3,0,A005-03-09,true,2,2,105868
225,MATA KAIL,,000500030002,3,0,A005-04-02,true,2,1,105870
267,PEMANGGANG ROTI,,000600010009,3,0,A006-01-09,true,2,1,105872
275,AMPEREMETER,,000600030002,3,0,A006-03-02,true,2,2,105874
283,HAIR CURLING ,,00060003000A,3,0,A006-03-10,true,2,2,105876
296,VACUUM CLEANER,,00060003000N,3,0,A006-03-23,true,2,2,105878
326,LILIN,,000700050005,3,2,A007-05-05,true,2,0,105880
353,CUTTING MAT,,000700080008,3,0,A007-08-08,true,2,2,105882
405,PAKAIAN HAMIL & MENYUSUI WANITA,,000800050008,3,2,A008-05-08,true,2,2,105884
416,ANTING ANAK-ANAK,,000800090001,3,0,A008-09-01,true,2,2,105886
470,PALET MATA & SET,,000900040007,3,0,A009-04-07,true,2,2,105888
482,KARAMBOL,,000A00050003,3,2,A010-05-03,true,2,2,105890
485,KARPET PUZZLE,,000A00060001,3,0,A010-06-01,true,2,2,105892
489,KARTU DOMINO,,000A00070001,3,0,A010-07-01,true,2,2,105894
495,SENDAL KESEHATAN,,000A00080005,3,0,A010-08-05,true,2,2,105896
504,MINUMAN BERPROTEIN,,0001000300020004,4,0,A001-02-01-04,true,2,0,105898
530,TEH KEMASAN KALENG,,0001000400070004,4,0,A001-03-05-04,true,2,2,105900
561,BERAS COKLAT,,0001000600020002,4,0,A001-05-02-02,true,2,2,105902
627,MINYAK KEDELAI,,00010006000B0005,4,0,A001-05-11-05,true,2,2,105904
659,TEPUNG SAGU,,00010006000G0005,4,0,A001-05-16-05,true,2,1,105906
668,DURIAN,,0001000700010007,4,0,A001-06-01-07,true,2,2,105908
694,IKAN SEGAR LAINNYA,,0001000700040003,4,0,A001-06-04-98,true,2,2,105910
700,BAWANG BOMBAY,,0001000700050005,4,0,A001-06-05-05,true,2,1,105912
704,BIT/BEETROOT,,0001000700050009,4,0,A001-06-05-09,true,2,1,105914
709,CENGKEH,,000100070005000E,4,0,A001-06-05-14,true,2,1,105916
712,DAUN JERUK,,000100070005000H,4,0,A001-06-05-17,true,2,1,105918
718,HORENZO,,000100070005000N,4,0,A001-06-05-24,true,2,0,105920
722,JINTEN,,000100070005000R,4,0,A001-06-05-28,true,2,1,105922
727,KALE,,000100070005000W,4,0,A001-06-05-33,true,2,2,105924
743,LABU SIAM,,000100070005001C,4,0,A001-06-05-49,true,2,1,105926
744,LABU/PUMPKIN,,000100070005001D,4,0,A001-06-05-50,true,2,1,105928
752,OYONG,,000100070005001L,4,0,A001-06-05-58,true,2,0,105930
753,PAGODA,,000100070005001M,4,0,A001-06-05-59,true,2,1,105932
757,PARIA,,000100070005001Q,4,0,A001-06-05-63,true,2,0,105934
791,TELUR PUYUH PACK,,0001000700060006,4,0,A001-06-06-06,true,2,2,105936
809,HAIR DETANGLER ANAK & BAYI,,0002000100050002,4,0,A002-01-05-02,true,2,0,105938
820,TERMOMETER,,0002000200010007,4,0,A002-02-01-07,true,2,2,105940
824,BOOSTER SEAT,,0002000200030001,4,0,A002-02-03-01,true,2,2,105942
828,PISPOT (POTTY),,0002000200040002,4,0,A002-02-04-02,true,2,1,105944
840,CAIRAN PEMBERSIH PERALATAN DAN PERLENGKAPAN ANAK & BAYI,,0002000300020001,4,2,A002-03-02-01,true,2,0,105946
916,DEODORAN,,000B000800050002,4,5,A003-01-05-02,true,2,2,105948
917,PARFUM (EAU DE TOILETTE),,000B000800050003,4,2,A003-01-05-03,true,2,2,105950
926,MAKANAN UNTUK DIET,,000B000800090001,4,0,A003-01-09-01,true,2,2,105952
928,PEREDA NYERI & OBAT LUAR,,000B0008000A0001,4,13,A003-01-10-01,true,2,1,105954
943,DETERJEN PAKAIAN,,000B000A00020001,4,3,A003-02-02-01,true,2,0,105956
971,ANTENA MOBIL,,0005000100010001,4,0,A005-01-01-01,true,2,1,105958
1002,KOMPON MOTOR,,0005000800030002,4,0,A005-02-03-02,true,2,1,105960
1014,GUNTING BENANG,,0005000200040003,4,0,A005-03-04-03,true,2,1,105962
1050,SARUNG TANGAN OLAHRAGA,,0005000400050005,4,0,A005-05-05-05,true,2,2,105964
1061,LAMPU UNTUK SEPEDA,,0005000400080004,4,0,A005-05-08-04,true,2,2,105966
1065,PELUIT,,00050004000B0001,4,0,A005-05-11-01,true,2,2,105968
1069,PERALATAN PERAWATAN BURUNG,,0005000700010002,4,0,A005-08-01-02,true,2,1,105970
1101,POWER SUPPLY UNIT (PSU),,0006000200020009,4,0,A006-02-02-09,true,2,0,105972
1118,BAK STEMPEL,,0007000800050001,4,0,A007-08-05-01,true,2,2,105974
1200,LUARAN MUSLIM WANITA,,0008000500030007,4,0,A008-05-03-07,true,2,2,105976
1209,SYAL BATIK WANITA,,0008000500040007,4,0,A008-05-04-07,true,2,2,105978
1219,GAUN KASUAL,,0008000500060001,4,0,A008-05-06-01,true,2,2,105980
1222,GAUN PESTA,,0008000500060004,4,0,A008-05-06-04,true,2,2,105982
1235,ATASAN OLAHRAGA WANITA,,0008000800020001,4,2,A008-08-02-01,true,2,2,105984
1300,KUAS BIBIR,,0009000100010002,4,0,A009-01-01-02,true,2,1,105986
1335,NASI SIAP SAJI,,00010006000800080001,5,0,A001-05-08-08-01,true,2,0,105988
1347,KECAP MANIS,,00010006000D00020004,5,2,A001-05-13-02-04,true,2,1,105990
1421,ANTI SUMBAT,,000B000A000300030001,5,0,A003-02-03-03-01,true,2,2,105992
1425,KARBOL,,000B000A000300040002,5,3,A003-02-03-04-02,true,2,1,105994
1451,SELANG PIANIKA,,00050004000100050002,5,0,A005-05-01-05-02,true,2,2,105996
1485,OBAT PENCAHAR,,000B0008000A000200030003,6,0,A003-01-10-02-03-03,true,2,2,105998
1488,KAMPER / KAPUR BARUS (CAMPHOR/NAPHTALENE BALL) DENGAN GANTUNGAN REFILL SAJA,,000B000A0001000300010002,6,0,A003-02-01-03-01-02,true,2,2,106000
1498,CAIRAN PEMBERSIH KACA KEMASAN JERIGEN,,000B000A0003000200010002,6,0,A003-02-03-02-01-02,true,2,2,106002
1511,PEMBERSIH MULTIFUNGSI KRIM,,000B000A0003000500020003,6,0,A003-02-03-05-02-03,true,2,2,106004
1534,HOLDER SIKAT GIGI,,000B000A0007000100020006,6,2,A003-02-05-01-02-06,true,2,1,106006
1538,TEMPAT SABUN BATANG,,000B000A000700010002000A,6,2,A003-02-05-01-02-10,true,2,2,106008
1555,PAPAN CUCIAN (PENGGILESAN),,000B000A0007000100040009,6,3,A003-02-05-01-04-09,true,2,2,106010
1579,KEMOCENG BULU AYAM,,000B000A00070001000100020001,7,0,A003-02-05-01-01-02-01,true,2,2,106012
1600,SIKAT BAJU,,000B000A000700010001000C0001,7,0,A003-02-05-01-01-12-01,true,2,1,106014
1605,SIKAT TANGAN,,000B000A000700010001000C0006,7,0,A003-02-05-01-01-12-06,true,2,2,106016
1615,HOLDER SIKAT GIGI DEWASA,,000B000A00070001000200060002,7,0,A003-02-05-01-02-06-02,true,2,2,106018
1631,COFFEE PLUNGER (ALAT PENYEDUH BUBUK KOPI),,000B000A0007000100030001000C,7,0,A003-02-05-01-03-01-12,true,2,2,106020
1657,SHAKER STAINLESS STEEL,,000B000A00070001000300010012,7,0,A003-02-05-01-03-01-38,true,2,2,106022
1668,KUKUSAN DARI ANYAMAN,,000B000A00070001000300020004,7,0,A003-02-05-01-03-02-04,true,2,2,106024
1684,PISAU MAKAN,,000B000A00070001000300050008,7,2,A003-02-05-01-03-05-08,true,2,2,106026
1718,PANCI PANGGANGAN,,000B000A000700010003000200050003,8,0,A003-02-05-01-03-02-05-03,true,2,2,106028
1758,GELAS / CUP PORSELEN,,000B000A000700010003000500050006,8,0,A003-02-05-01-03-05-05-06,true,2,2,106030
1764,MUG PORSELEN,,000B000A000700010003000500060005,8,0,A003-02-05-01-03-05-06-05,true,2,2,106032
1768,CANGKIR MELAMIN,,000B000A000700010003000500070003,8,0,A003-02-05-01-03-05-07-03,true,2,2,106034
1772,PISAU MAKAN PLASTIK,,000B000A000700010003000500080001,8,0,A003-02-05-01-03-05-08-01,true,2,2,106036
1783,SENDOK ES KRIM KAYU,,000B000A0007000100030005000C0001,8,0,A003-02-05-01-03-05-12-01,true,2,2,106038
1853,SAOS CABAI KEMASAN JERIGEN,,00010006000D000600030003,6,0,A001-05-13-06-03-03,true,2,2,106040
1855,SAOS TOMAT KEMASAN JERIGEN,,00010006000D000600020004,6,0,A001-05-13-06-02-04,true,2,2,106042
1871,KARBOL KEMASAN SACHET,,000B000A0003000400020003,6,0,A003-02-03-04-02-03,true,2,2,106044
4,Perbaikan Rumah,Home Improvement,0004,1,3,A004,true,1,1,106045
102,PRODUK SUSU,,00010006000C,3,5,A001-05-12,true,1,1,106046
124,PERALATAN BEPERGIAN ANAK & BAYI,,000200020002,3,3,A002-02-02,true,1,1,106047
127,PERALATAN MENYUSUI ANAK & BAYI,,000200020005,3,5,A002-02-05,true,1,1,106048
131,PERLENGKAPAN MAKAN ANAK & BAYI ,,000200030004,3,5,A002-03-04,true,1,1,106049
150,BAHAN PEMBERSIH RUMAH,,000B000A0003,3,5,A003-02-03,true,1,1,106050
175,FOAM BUTIRAN,,000400020004,3,0,A004-02-04,true,1,1,106051
231,PERALATAN & PERLENGKAPAN FITNESS,,000500040005,3,7,A005-05-05,true,1,1,106052
235,PERALATAN & PERLENGKAPAN TENNIS,,000500040009,3,1,A005-05-09,true,1,0,106053
242,GACOK,,000500050004,3,0,A005-06-04,true,1,1,106054
274,ALAT PRESS PLASTIK (IMPULSE SEALER),,000600030001,3,0,A006-03-01,true,1,1,106055
288,LAMPU PERANGKAP NYAMUK,,00060003000F,3,2,A006-03-15,true,1,0,106056
295,TELEPON,,00060003000M,3,0,A006-03-22,true,1,1,106057
323,CAPING TOPI PETANI,,000700050002,3,0,A007-05-02,true,1,1,106058
327,PELUIT LIDAH,,000700050006,3,0,A007-05-06,true,1,1,106059
331,TOPENG PESTA,,00070005000A,3,0,A007-05-10,true,1,1,106060
364,MESIN PENEMPEL LABEL,,00070008000J,3,0,A007-08-19,true,1,1,106061
369,STAPLER & REFILL,,00070008000O,3,2,A007-08-24,true,1,1,106062
381,JEPIT DASI ,,000800020005,3,0,A008-02-05,true,1,0,106063
414,PAKAIAN OLAHRAGA WANITA,,000800080002,3,3,A008-08-02,true,1,1,106064
457,LIP LINER,,000900020003,3,0,A009-02-03,true,1,1,106065
481,DART,,000A00050002,3,0,A010-05-02,true,1,1,106066
492,BUBBLE WRAP ,,000A00080002,3,0,A010-08-02,true,1,1,106067
493,KOMPAS,,000A00080003,3,0,A010-08-03,true,1,1,106068
503,JUS BUAH & SAYURAN,,0001000300020003,4,3,A001-02-01-03,true,1,0,106069
592,PANCAKE BEKU,,000100060007000B,4,0,A001-05-07-11,true,1,1,106070
593,PIZZA BEKU,,000100060007000C,4,0,A001-05-07-12,true,1,1,106071
629,MINYAK UNTUK SALAD,,00010006000B0007,4,0,A001-05-11-07,true,1,1,106072
632,MINYAK LAINNYA,,00010006000B000A,4,0,A001-05-11-99,true,1,1,106073
636,KRIM ,,00010006000C0004,4,0,A001-05-12-04,true,1,0,106074
639,KECAP,,00010006000D0002,4,5,A001-05-13-02,true,1,1,106075
666,BENGKUANG,,0001000700010005,4,0,A001-06-01-05,true,1,1,106076
671,JERUK BALI,,000100070001000A,4,0,A001-06-01-10,true,1,1,106077
677,MANGGIS,,000100070001000G,4,0,A001-06-01-16,true,1,1,106078
679,NAGA,,000100070001000I,4,0,A001-06-01-18,true,1,1,106079
684,PLUM,,000100070001000N,4,0,A001-06-01-23,true,1,1,106080
688,SIRSAK,,000100070001000R,4,0,A001-06-01-27,true,1,1,106081
695,SEAFOOD SEGAR LAINNYA,,0001000700040004,4,0,A001-06-04-99,true,1,1,106082
711,DAUN GINSENG,,000100070005000G,4,0,A001-06-05-16,true,1,0,106083
726,KAILAN,,000100070005000V,4,0,A001-06-05-32,true,1,0,106084
729,KAPULAGA,,000100070005000Y,4,0,A001-06-05-35,true,1,1,106085
734,KEMBANG KOL,,0001000700050013,4,0,A001-06-05-40,true,1,0,106086
737,KENTANG MERAH,,0001000700050016,4,0,A001-06-05-43,true,1,0,106087
740,KUCAI,,0001000700050019,4,0,A001-06-05-46,true,1,1,106088
749,LOBAK (RADISH),,000100070005001I,4,0,A001-06-05-55,true,1,0,106089
765,SELADA AIR,,000100070005001Y,4,0,A001-06-05-71,true,1,0,106090
786,TELUR ASIN CURAH,,0001000700060001,4,0,A001-06-06-01,true,1,1,106091
788,TELUR AYAM CURAH,,0001000700060003,4,0,A001-06-06-03,true,1,1,106092
792,OBAT KUMUR (MOUTHWASH) ANAK ,,0002000100010001,4,0,A002-01-01-01,true,1,1,106093
808,CONDITIONER ANAK & BAYI,,0002000100050001,4,0,A002-01-05-01,true,1,1,106094
811,MINYAK RAMBUT ANAK & BAYI,,0002000100050004,4,0,A002-01-05-04,true,1,1,106095
815,PEMBERSIH HIDUNG,,0002000200010002,4,0,A002-02-01-02,true,1,1,106096
819,STERILIZER,,0002000200010006,4,0,A002-02-01-06,true,1,1,106097
825,KURSI MAKAN (HIGH CHAIR),,0002000200030002,4,0,A002-02-03-02,true,1,1,106098
833,POMPA ASI ELEKTRIK,,0002000200050005,4,0,A002-02-05-05,true,1,1,106099
839,TAS PENGHANGAT BOTOL SUSU,,0002000300010006,4,0,A002-03-01-06,true,1,0,106100
853,KOTAK MAKAN ANAK & BAYI,,0002000300040004,4,0,A002-03-04-04,true,1,1,106101
854,TATAKAN MAKAN (PLACEMAT) ANAK & BAYI,,0002000300040005,4,0,A002-03-04-05,true,1,1,106102
856,MAINAN MANDI ANAK & BAYI,,0002000300050002,4,0,A002-03-05-02,true,1,1,106103
872,HAIR MOISTURIZER,,000B000800010001,4,0,A003-01-01-01,true,1,0,106104
896,ANTI NYAMUK,,000B000800030001,4,2,A003-01-03-01,true,1,1,106105
920,KRIM PERONTOK RAMBUT,,000B000800060003,4,0,A003-01-06-03,true,1,1,106106
930,PERTOLONGAN PERTAMA (FIRST AID KIT),,000B0008000A0003,4,6,A003-01-10-03,true,1,1,106107
935,POPOK (DIAPERS) DEWASA,,000B0008000C0001,4,2,A003-01-12-01,true,1,1,106108
945,PELICIN PAKAIAN ,,000B000A00020003,4,3,A003-02-02-03,true,1,0,106109
946,PEMUTIH DAN PENGHILANG NODA,,000B000A00020004,4,3,A003-02-02-04,true,1,1,106110
949,PEMBERSIH KAMAR MANDI,,000B000A00030003,4,3,A003-02-03-03,true,1,0,106111
950,PEMBERSIH LANTAI,,000B000A00030004,4,2,A003-02-03-04,true,1,1,106112
952,PENGHARUM RUANGAN ELEKTRIK,,000B000A00040001,4,2,A003-02-04-01,true,1,1,106113
976,KABEL JUMPER ACCU MOBIL,,0005000100010006,4,0,A005-01-01-06,true,1,1,106114
1001,KAMPAS REM MOTOR,,0005000800030001,4,0,A005-02-03-01,true,1,1,106115
1015,GUNTING BORDIR,,0005000200040004,4,0,A005-03-04-04,true,1,1,106116
1021,PITA KERTAS,,00050002000C0003,4,0,A005-03-12-03,true,1,1,106117
1044,PENUTUP KUPING RENANG,,0005000400040005,4,0,A005-05-04-05,true,1,1,106118
1055,NET PINGPONG,,0005000400060003,4,0,A005-05-06-03,true,1,0,106119
1155,KAIN ALAS,,0008000300030003,4,0,A008-03-03-03,true,1,1,106120
1248,SEPATU BOOTS ANAK LAKI-LAKI,,0008000B00010004,4,0,A008-11-01-04,true,1,1,106121
1254,SANDAL GUNUNG ANAK PEREMPUAN,,0008000B00020003,4,0,A008-11-02-03,true,1,1,106122
1268,TAS MESSENGER PRIA,,0008000E00020005,4,0,A008-14-02-05,true,1,0,106123
1279,TAS CLUTCHES WANITA,,0008000E00040004,4,0,A008-14-04-04,true,1,0,106124
1302,KUAS MATA,,0009000100010004,4,0,A009-01-01-04,true,1,1,106125
1341,CUKA BALSAMIC,,00010006000D00010002,5,0,A001-05-13-01-02,true,1,0,106126
1353,BAWANG PUTIH TUNGGAL,,00010007000500070003,5,0,A001-06-05-07-03,true,1,1,106127
1388,MINYAK KESEHATAN LAINNYA,,000B0008000A0001000B,5,0,A003-01-10-01-11,true,1,0,106128
1395,OBAT MINUM UNTUK SULIT TIDUR,,000B0008000A00020005,5,0,A003-01-10-02-05,true,1,1,106129
1399,KASA/PERBAN,,000B0008000A00030003,5,0,A003-01-10-03-03,true,1,1,106130
1418,CAIRAN PEMBERSIH DAPUR,,000B000A000300010001,5,2,A003-02-03-01-01,true,1,0,106131
1422,CAIRAN PEMBERSIH KAMAR MANDI & KLOSET (PORSTEX),,000B000A000300030002,5,2,A003-02-03-03-02,true,1,0,106132
1423,PENGHARUM FLUSH KLOSET,,000B000A000300030003,5,2,A003-02-03-03-03,true,1,1,106133
1434,PERALATAN KEBERSIHAN RUMAH TANGGA,,000B000A000700010001,5,14,A003-02-05-01-01,true,1,1,106134
1437,PERALATAN DAN PENYIMPANAN PAKAIAN DAN CUCIAN,,000B000A000700010004,5,9,A003-02-05-01-04,true,1,1,106135
1441,SOFA,,000B000A000700020004,5,0,A003-02-05-02-04,true,1,1,106136
1459,CELANA OLAHRAGA PENDEK WANITA,,00080008000200020001,5,0,A008-08-02-02-01,true,1,1,106137
1460,LEGGING OLAHRAGA WANITA,,00080008000200020002,5,0,A008-08-02-02-02,true,1,1,106138
1464,GEMBOK & TALI PENGIKAT KOPER,,0008000E000300010002,5,0,A008-14-03-01-02,true,1,1,106139
1490,DETERJEN CAIR UNTUK PAKAIAN BATIK,,000B000A0002000100020002,6,0,A003-02-02-01-02-02,true,1,1,106140
1554,MEJA SETRIKA,,000B000A0007000100040008,6,0,A003-02-05-01-04-08,true,1,1,106141
1556,MEJA BESAR,,000B000A0007000200020001,6,0,A003-02-05-02-02-01,true,1,1,106142
1570,PEMUKUL ROTAN,,000B000A000700020003000D,6,0,A003-02-05-02-03-13,true,1,1,106143
1578,REFILL UNTUK FLOOR MOP SAPU,,000B000A00070001000100010004,7,0,A003-02-05-01-01-01-04,true,1,1,106144
1618,TEMPAT TISSUE DINDING,,000B000A000700010002000B0001,7,0,A003-02-05-01-02-11-01,true,1,1,106145
1633,DISPENSER AIR NON-ELEKTRIK,,000B000A0007000100030001000E,7,0,A003-02-05-01-03-01-14,true,1,0,106146
1646,PEMUKUL DAGING,,000B000A0007000100030001000R,7,0,A003-02-05-01-03-01-27,true,1,1,106147
1661,TIMER DAPUR,,000B000A00070001000300010016,7,0,A003-02-05-01-03-01-42,true,1,1,106148
1692,PAPAN CUCIAN (PENGGILESAN) PLASTIK,,000B000A00070001000400090001,7,0,A003-02-05-01-04-09-01,true,1,1,106149
1709,KARET TABUNG GAS,,000B000A000700010003000200030001,8,0,A003-02-05-01-03-02-03-01,true,1,1,106150
1715,SUMBU KOMPOR,,000B000A000700010003000200030007,8,0,A003-02-05-01-03-02-03-07,true,1,1,106151
1745,PIRING STAINLESS STEEL,,000B000A000700010003000500030008,8,0,A003-02-05-01-03-05-03-08,true,1,1,106152
1759,GELAS / CUP STAINLESS STEEL,,000B000A000700010003000500050007,8,0,A003-02-05-01-03-05-05-07,true,1,1,106153
1770,CANGKIR PORSELEN,,000B000A000700010003000500070005,8,0,A003-02-05-01-03-05-07-05,true,1,1,106154
1773,PISAU MAKAN STAINLESS STEEL,,000B000A000700010003000500080002,8,0,A003-02-05-01-03-05-08-02,true,1,1,106155
1778,SEDOTAN KERTAS,,000B000A0007000100030005000A0001,8,0,A003-02-05-01-03-05-10-01,true,1,1,106156
1789,MATERAI,,00070008000U,3,0,A007-08-30,true,1,1,106157
1798,CASUAL,,000F0007000300020007,5,0,Z003-B001-05-01-07,true,1,1,106158
1830,ANTI NYAMUK BAKAR,,000B000A000100010001,5,0,A003-02-01-01-07,true,1,1,106159
1832,Perawatan & Suku Cadang Motor,,00050008,2,3,A005-02,true,1,1,106160
1863,PEMBERSIH LIDAH,,000B000800040008,4,0,A003-01-04-08,true,1,1,106161
3,UNUSED,,000F,1,8,Z003,false,0,0,106161
11,KONSUMSI BAYI,,00010001,2,3,A001-01,true,0,0,106161
17,ROKOK & LAINNYA,,00010008,2,5,A001-07,true,0,0,106161
28,UNUSED 3,,000F0002,2,0,Z003-02,true,0,0,106161
55,PERHIASAN ANAK,,00080009,2,6,A008-09,true,0,0,106161
79,KOPI MENTAH,,000100040001,3,2,A001-03-01,true,0,0,106161
82,TEH MENTAH,,000100040005,3,2,A001-03-04,true,0,0,106161
94,ES KRIM & LAINNYA,,000100060004,3,3,A001-05-04,true,0,0,106161
100,MIE KERING & PASTA,,00010006000A,3,7,A001-05-10,true,0,0,106161
113,BATU API REFILL,,000100080001,3,0,A001-07-01,true,0,0,106161
114,BOKS ROKOK,,000100080002,3,0,A001-07-02,true,0,0,106161
115,LIGHTER ROKOK,,000100080003,3,0,A001-07-03,true,0,0,106161
116,MINYAK REFILL LIGHTER ROKOK,,000100080004,3,0,A001-07-04,true,0,0,106161
118,PERAWATAN MULUT & GIGI ANAK & BAYI,,000200010001,3,4,A002-01-01,true,0,0,106161
119,PERAWATAN KESEHATAN ANAK & BAYI,,000200010002,3,2,A002-01-02,true,0,0,106161
120,PERAWATAN KULIT ANAK & BAYI,,000200010003,3,8,A002-01-03,true,0,0,106161
121,PERAWATAN MENYELURUH ANAK & BAYI,,000200010004,3,2,A002-01-04,true,0,0,106161
126,PERALATAN MANDI ANAK & BAYI,,000200020004,3,2,A002-02-04,true,0,0,106161
139,FRAGRANCE & DEODORAN,,000B00080005,3,3,A003-01-05,true,0,0,106161
140,PENCUKUR & PERONTOK RAMBUT,,000B00080006,3,3,A003-01-06,true,0,0,106161
141,KEBUTUHAN KHUSUS WANITA,,000B00080007,3,3,A003-01-07,true,0,0,106161
143,DIET,,000B00080009,3,2,A003-01-09,true,0,0,106161
145,KESEHATAN SEKSUAL,,000B0008000B,3,4,A003-01-11,true,0,0,106161
147,WELLNESS & RELAXATION,,000B0008000D,3,1,A003-01-13,true,0,0,106161
149,BAHAN LAUNDRY,,000B000A0002,3,4,A003-02-02,true,0,0,106161
152,UNUSED 2,,000F0001,2,1,Z003-01,true,0,0,106161
158,KALENG OLI,,000400010006,3,0,A004-01-06,true,0,0,106161
183,ALAT PEMADAM KEBAKARAN,,000400030001,3,0,A004-03-01,true,0,0,106161
193,LAMPU DARURAT (EMERGENCY LAMP),,00040003000B,3,0,A004-03-11,true,0,0,106161
204,SUKU CADANG MOBIL,,000500010002,3,2,A005-01-02,true,0,0,106161
210,BIDAL,,000500020002,3,0,A005-03-02,true,0,0,106161
211,EMROIDERY HOOP (ALAS MERAJUT),,000500020003,3,0,A005-03-03,true,0,0,106161
221,RADER,,00050002000D,3,0,A005-03-13,true,0,0,106161
226,SENAR PANCING,,000500030003,3,0,A005-04-03,true,0,0,106161
228,PERALATAN & PERLENGKAPAN BADMINTON,,000500040002,3,5,A005-05-02,true,0,0,106161
229,PERALATAN & PERLENGKAPAN BASKET,,000500040003,3,1,A005-05-03,true,0,0,106161
232,PERALATAN & PERLENGKAPAN PING PONG,,000500040006,3,3,A005-05-06,true,0,0,106161
236,PERALATAN & PERLENGKAPAN VOLLEY,,00050004000A,3,1,A005-05-10,true,0,0,106161
237,PERALATAN & PERLENGKAPAN WASIT,,00050004000B,3,2,A005-05-11,true,0,0,106161
238,PERALATAN & PERLENGKAPAN YOGA,,00050004000C,3,1,A005-05-12,true,0,0,106161
257,UNUSED 5,,000F0004,2,1,Z003-05,true,0,0,106161
261,JUICER,,000600010003,3,0,A006-01-03,true,0,0,106161
269,STEAMER (PENGUKUS) ELEKTRIK,,00060001000B,3,0,A006-01-11,true,0,0,106161
271,SUKU CADANG KOMPUTER,,000600020002,3,10,A006-02-02,true,0,0,106161
282,HAIR CLIPPER,,000600030009,3,0,A006-03-09,true,0,0,106161
347,BAKI KERTAS (PAPER TRAY),,000700080002,3,0,A007-08-02,true,0,0,106161
350,CAP/STEMPEL,,000700080005,3,3,A007-08-05,true,0,0,106161
370,STEMPEL & PERLENGKAPAN,,00070008000P,3,0,A007-08-25,true,0,0,106161
415,PAKAIAN PELINDUNG OLAHRAGA,,000800080003,3,7,A008-08-03,true,0,0,106161
421,LIONTIN ANAK-ANAK,,000800090006,3,0,A008-09-06,true,0,0,106161
435,SEPATU LOAFER PRIA,,0008000C0006,3,0,A008-12-06,true,0,0,106161
441,SEPATU BOOTS WANITA,,0008000D0004,3,0,A008-13-04,true,0,0,106161
465,EYE PRIMER,,000900040002,3,0,A009-04-02,true,0,0,106161
474,BRONZER ,,000900050004,3,0,A009-05-04,true,0,0,106161
476,FACE PAINT,,000900050006,3,0,A009-05-06,true,0,0,106161
483,LUDO,,000A00050004,3,0,A010-05-04,true,0,0,106161
487,PEROSOTAN,,000A00060003,3,0,A010-06-03,true,0,0,106161
500,TONGKAT PATROLI,,000A0008000A,3,0,A010-08-10,true,0,0,106161
513,MINUMAN SPORT,,000100030002000D,4,0,A001-02-01-13,true,0,0,106161
517,KOPI BIJI,,0001000400010001,4,0,A001-03-01-01,true,0,0,106161
526,----,,000F00030001,3,0,Z003-04-03,false,0,0,106161
572,CONE ES KRIM,,0001000600040001,4,0,A001-05-04-01,true,0,0,106161
578,GULA JAWA,,0001000600050005,4,0,A001-05-05-05,true,0,0,106161
582,ADONAN BEKU,,0001000600070001,4,0,A001-05-07-01,true,0,0,106161
614,MIESOA INSTAN BUNGKUS,,0001000600090005,4,0,A001-05-09-05,true,0,0,106161
638,CUKA,,00010006000D0001,4,4,A001-05-13-01,true,0,0,106161
665,BELIMBING,,0001000700010004,4,0,A001-06-01-04,true,0,0,106161
667,BLEWAH,,0001000700010006,4,0,A001-06-01-06,true,0,0,106161
682,PEPAYA,,000100070001000L,4,0,A001-06-01-21,true,0,0,106161
685,RAMBUTAN,,000100070001000O,4,0,A001-06-01-24,true,0,0,106161
686,SALAK,,000100070001000P,4,0,A001-06-01-25,true,0,0,106161
689,SRIKAYA (CUSTARD APPLE),,000100070001000S,4,0,A001-06-01-28,true,0,0,106161
691,TERONG BELANDA,,000100070001000U,4,0,A001-06-01-30,true,0,0,106161
696,ALANG-ALANG,,0001000700050001,4,0,A001-06-05-01,true,0,0,106161
697,ARAGULA,,0001000700050002,4,0,A001-06-05-02,true,0,0,106161
699,ASPARAGUS,,0001000700050004,4,0,A001-06-05-04,true,0,0,106161
713,DAUN MINT,,000100070005000I,4,0,A001-06-05-18,true,0,0,106161
714,DAUN PEPAYA,,000100070005000J,4,0,A001-06-05-19,true,0,0,106161
715,DAUN PISANG,,000100070005000K,4,0,A001-06-05-20,true,0,0,106161
716,DAUN SALAM,,000100070005000L,4,0,A001-06-05-21,true,0,0,106161
717,DAUN SINGKONG,,000100070005000M,4,0,A001-06-05-22,true,0,0,106161
725,KACANG TANGKIL (MELINJO),,000100070005000U,4,0,A001-06-05-31,true,0,0,106161
730,KECAMBAH,,000100070005000Z,4,0,A001-06-05-36,true,0,0,106161
731,KECIWIS,,0001000700050010,4,0,A001-06-05-37,true,0,0,106161
732,KECOMBRANG,,0001000700050011,4,0,A001-06-05-38,true,0,0,106161
733,KELAPA,,0001000700050012,4,0,A001-06-05-39,true,0,0,106161
742,KYURI,,000100070005001B,4,0,A001-06-05-48,true,0,0,106161
747,LEUNCA,,000100070005001G,4,0,A001-06-05-53,true,0,0,106161
748,LIDAH BUAYA,,000100070005001H,4,0,A001-06-05-54,true,0,0,106161
750,NAI BAI (MINI PAKCOY),,000100070005001J,4,0,A001-06-05-56,true,0,0,106161
751,OKRA,,000100070005001K,4,0,A001-06-05-57,true,0,0,106161
755,PALA,,000100070005001O,4,0,A001-06-05-61,true,0,0,106161
758,PEKAK,,000100070005001R,4,0,A001-06-05-64,true,0,0,106161
759,PETAI,,000100070005001S,4,0,A001-06-05-65,true,0,0,106161
760,RADISH,,000100070005001T,4,0,A001-06-05-66,true,0,0,106161
761,REBUNG,,000100070005001U,4,0,A001-06-05-67,true,0,0,106161
762,SALAD SIAP MAKAN DALAM KEMASAN,,000100070005001V,4,0,A001-06-05-68,true,0,0,106161
766,SELADA BUTTERHEAD,,000100070005001Z,4,0,A001-06-05-72,true,0,0,106161
767,SELADA CHICORY,,0001000700050020,4,0,A001-06-05-73,true,0,0,106161
768,SELADA ICEBERG,,0001000700050021,4,0,A001-06-05-74,true,0,0,106161
770,SELADA MERAH,,0001000700050023,4,0,A001-06-05-76,true,0,0,106161
778,TEMPE MENDOAN,,000100070005002B,4,0,A001-06-05-84,true,0,0,106161
780,TERONG LALAP (TERONG BULAT),,000100070005002D,4,0,A001-06-05-86,true,0,0,106161
803,LOTION ANTI NYAMUK ANAK & BAYI,,0002000100030006,4,0,A002-01-03-06,true,0,0,106161
813,SPRAY RAMBUT ANAK & BAYI,,0002000100050006,4,0,A002-01-05-06,true,0,0,106161
816,PENGHANGAT BOTOL ELEKTRIK,,0002000200010003,4,0,A002-02-01-03,true,0,0,106161
817,PENJEPIT BOTOL SUSU,,0002000200010004,4,0,A002-02-01-04,true,0,0,106161
821,BABY CAR SEAT,,0002000200020001,4,0,A002-02-02-01,true,0,0,106161
834,CARRIER,,0002000300010001,4,0,A002-03-01-01,true,0,0,106161
843,KAPAS ANAK & BAYI,,0002000300020004,4,0,A002-03-02-04,true,0,0,106161
848,PENITI ANAK & BAYI,,0002000300030003,4,0,A002-03-03-03,true,0,0,106161
849,TIMBANGAN ANAK & BAYI,,0002000300030004,4,0,A002-03-03-04,true,0,0,106161
857,SPONS MANDI ANAK & BAYI,,0002000300050003,4,0,A002-03-05-03,true,0,0,106161
859,AKSESORIS BOTOL,,0002000300060001,4,0,A002-03-06-01,true,0,0,106161
862,CELEMEK MENYUSUI,,0002000300060004,4,0,A002-03-06-04,true,0,0,106161
866,SPARE PART POMPA ASI,,0002000300060008,4,0,A002-03-06-08,true,0,0,106161
901,KRIM STRETCH MARK,,000B000800030006,4,0,A003-01-03-06,true,0,0,106161
925,SUPLEMEN MAKANAN,,000B000800080002,4,4,A003-01-08-02,true,0,0,106161
931,ALAT KESEHATAN SEKSUAL LAINNYA,,000B0008000B0001,4,0,A003-01-11-01,true,0,0,106161
948,PEMBERSIH KACA,,000B000A00030002,4,1,A003-02-03-02,true,0,0,106161
974,DONGKRAK MOBIL,,0005000100010004,4,0,A005-01-01-04,true,0,0,106161
984,CAIRAN WIPER MOBIL,,0005000100030002,4,0,A005-01-03-02,true,0,0,106161
998,PENTIL BAN MOTOR,,0005000800020003,4,0,A005-02-02-03,true,0,0,106161
1000,TUTUP PENTIL MOTOR,,0005000800020005,4,0,A005-02-02-05,true,0,0,106161
1010,BENANG WOL,,0005000200010004,4,0,A005-03-01-04,true,0,0,106161
1013,GUNTING BEBEK,,0005000200040002,4,0,A005-03-04-02,true,0,0,106161
1020,PITA JACQUARD,,00050002000C0002,4,0,A005-03-12-02,true,0,0,106161
1026,DRUM,,0005000400010001,4,2,A005-05-01-01,true,0,0,106161
1028,HARMONIKA,,0005000400010003,4,0,A005-05-01-03,true,0,0,106161
1030,PIANIKA,,0005000400010005,4,3,A005-05-01-05,true,0,0,106161
1033,TAMTAM KULIT,,0005000400010008,4,0,A005-05-01-08,true,0,0,106161
1034,GRIP RAKET BADMINTON,,0005000400020001,4,0,A005-05-02-01,true,0,0,106161
1036,SENAR RAKET BADMINTON,,0005000400020003,4,0,A005-05-02-03,true,0,0,106161
1038,TAS BADMINTON,,0005000400020005,4,0,A005-05-02-05,true,0,0,106161
1046,ALAT PUSH UP,,0005000400050001,4,0,A005-05-05-01,true,0,0,106161
1060,KURSI SEPEDA,,0005000400080003,4,0,A005-05-08-03,true,0,0,106161
1073,UNUSED 4,,000F0003,2,1,Z003-04,true,0,0,106161
1078,PAKAN BURUNG,,0005000700030005,4,0,A005-08-03-05,true,0,0,106161
1108,KABEL MULTI,,0006000200030006,4,0,A006-02-03-06,true,0,0,106161
1195,BAWAHAN MUSLIM WANITA,,0008000500030002,4,0,A008-05-03-02,true,0,0,106161
1220,GAUN KERJA,,0008000500060002,4,0,A008-05-06-02,true,0,0,106161
1221,GAUN MALAM,,0008000500060003,4,0,A008-05-06-03,true,0,0,106161
1227,BAJU HAMIL & MENYUSUI WANITA,,0008000500080001,4,0,A008-05-08-01,true,0,0,106161
1230,PIYAMA ATASAN WANITA,,0008000500090002,4,0,A008-05-09-02,true,0,0,106161
1237,PAKAIAN DALAM OLAHRAGA WANITA,,0008000800020003,4,2,A008-08-02-03,true,0,0,106161
1239,BACK SUPPORT (PUNGGUNG),,0008000800030002,4,0,A008-08-03-02,true,0,0,106161
1240,ELBOW SUPPORT (SIKU),,0008000800030003,4,0,A008-08-03-03,true,0,0,106161
1242,SHIN SUPPORT (TULANG KERING KAKI),,0008000800030005,4,0,A008-08-03-05,true,0,0,106161
1243,SHOULDER SUPPORT (BAHU),,0008000800030006,4,0,A008-08-03-06,true,0,0,106161
1244,WRIST SUPPORT (PERGELANGAN TANGAN),,0008000800030007,4,0,A008-08-03-07,true,0,0,106161
1250,SEPATU SLIP ON ANAK LAKI-LAKI,,0008000B00010006,4,0,A008-11-01-06,true,0,0,106161
1255,SEPATU BOOTS ANAK PEREMPUAN,,0008000B00020004,4,0,A008-11-02-04,true,0,0,106161
1258,SEPATU SLIP ON ANAK PEREMPUAN,,0008000B00020007,4,0,A008-11-02-07,true,0,0,106161
1260,SEPATU WEDGES ANAK PEREMPUAN,,0008000B00020009,4,0,A008-11-02-09,true,0,0,106161
1267,TAS KANTOR PRIA,,0008000E00020004,4,0,A008-14-02-04,true,0,0,106161
1326,JUS SAYURAN,,00010003000200030003,5,0,A001-02-01-03-03,true,0,0,106161
1330,RAMBUT NENEK,,00010005000400060004,5,0,A001-04-04-06-04,true,0,0,106161
1351,BAWANG PUTIH BIASA,,00010007000500070001,5,0,A001-06-05-07-01,true,0,0,106161
1352,BAWANG PUTIH HITAM (BAWANG HITAM),,00010007000500070002,5,0,A001-06-05-07-02,true,0,0,106161
1359,POPOK (DIAPERS) ANAK & BAYI SEKALI PAKAI (DISPOSABLE),,00020003000200050002,5,2,A002-03-02-05-02,true,0,0,106161
1364,SABUN CUCI TANGAN BATANG,,000B00080003000A0001,5,0,A003-01-03-10-01,true,0,0,106161
1366,SABUN CUCI TANGAN FOAMING,,000B00080003000A0003,5,2,A003-01-03-10-03,true,0,0,106161
1393,OBAT MINUM UNTUK PENCERNAAN & MAAG,,000B0008000A00020003,5,4,A003-01-10-02-03,true,0,0,106161
1402,PERTOLONGAN PERTAMA LAINNYA,,000B0008000A00030006,5,0,A003-01-10-03-06,true,0,0,106161
1420,CAIRAN PEMBERSIH KACA,,000B000A000300020001,5,3,A003-02-03-02-01,true,0,0,106161
1428,PEMBERSIH SEPATU,,000B000A000300050003,5,0,A003-02-03-05-03,true,0,0,106161
1429,POLES DAN ANTI KARAT UNTUK LOGAM,,000B000A000300050004,5,0,A003-02-03-05-04,true,0,0,106161
1430,SEMIR SEPATU,,000B000A000300050005,5,2,A003-02-03-05-05,true,0,0,106161
1443,DRUM,,00050004000100010001,5,0,A005-05-01-01-01,true,0,0,106161
1452,TAS PIANIKA (CASE),,00050004000100050003,5,0,A005-05-01-05-03,true,0,0,106161
1457,KAUS OLAHRAGA WANITA,,00080008000200010001,5,0,A008-08-02-01-01,true,0,0,106161
1458,JAKET OLAHRAGA WANITA,,00080008000200010002,5,0,A008-08-02-01-02,true,0,0,106161
1462,PAKAIAN DALAM OLAHRAGA WANITA,,00080008000200030002,5,0,A008-08-02-03-02,true,0,0,106161
1465,KOPER KABIN HARD CASE,,0008000E000300020001,5,0,A008-14-03-02-01,true,0,0,106161
1466,KOPER KABIN SOFT CASE,,0008000E000300020002,5,0,A008-14-03-02-02,true,0,0,106161
1467,KOPER BAGASI HARD CASE,,0008000E000300030001,5,0,A008-14-03-03-01,true,0,0,106161
1468,KOPER BAGASI SOFT CASE,,0008000E000300030002,5,0,A008-14-03-03-02,true,0,0,106161
1582,KAIN DUSTER UNTUK MENYAPU,,000B000A00070001000100030001,7,0,A003-02-05-01-01-03-01,true,0,0,106161
1614,HOLDER SIKAT GIGI ANAK,,000B000A00070001000200060001,7,0,A003-02-05-01-02-06-01,true,0,0,106161
1617,TEMPAT SABUN BATANG STAINLESS STEEL,,000B000A000700010002000A0002,7,0,A003-02-05-01-02-10-02,true,0,0,106161
1686,SEDOTAN,,000B000A0007000100030005000A,7,3,A003-02-05-01-03-05-10,true,0,0,106161
1688,STIK KAYU UNTUK ESKRIM,,000B000A0007000100030005000C,7,2,A003-02-05-01-03-05-12,true,0,0,106161
1693,PAPAN CUCIAN (PENGGILESAN) KAYU,,000B000A00070001000400090002,7,0,A003-02-05-01-04-09-02,true,0,0,106161
1694,PAPAN CUCIAN (PENGGILESAN) KARET,,000B000A00070001000400090003,7,0,A003-02-05-01-04-09-03,true,0,0,106161
1700,KOREK API KAYU,,000B000A0007000100030001000M0002,8,0,A003-02-05-01-03-01-22-02,true,0,0,106161
1746,MANGKUK ENAMEL,,000B000A000700010003000500040001,8,0,A003-02-05-01-03-05-04-01,true,0,0,106161
1753,GELAS / CUP ENAMEL,,000B000A000700010003000500050001,8,0,A003-02-05-01-03-05-05-01,true,0,0,106161
1766,CANGKIR ENAMEL,,000B000A000700010003000500070001,8,0,A003-02-05-01-03-05-07-01,true,0,0,106161
1784,STIK ES KRIM KAYU,,000B000A0007000100030005000C0002,8,0,A003-02-05-01-03-05-12-02,true,0,0,106161
1790,AREA DISPLAY,,000F0007,2,7,Z003-B001,false,0,0,106161
1792,LADY AMERICA,,000F00070005,3,0,Z003-B001-03,true,0,0,106161
1793,KIRIN,,000F00070004,3,0,Z003-B001-04,true,0,0,106161
1797,GIRL,,000F0007000300020008,5,0,Z003-B001-05-01-08,true,0,0,106161
1800,LADIES,,000F0007000300020005,5,0,Z003-B001-05-01-05,true,0,0,106161
1801,FEMME,,000F0007000300020004,5,0,Z003-B001-05-01-04,true,0,0,106161
1805,GIRL OBRAL,,000F0007000300010008,5,0,Z003-B001-05-02-08,true,0,0,106161
1806,CASUAL OBRAL,,000F0007000300010007,5,0,Z003-B001-05-02-07,true,0,0,106161
1807,KEMEJA OBRAL,,000F0007000300010006,5,0,Z003-B001-05-02-06,true,0,0,106161
1808,LADIES OBRAL,,000F0007000300010005,5,0,Z003-B001-05-02-05,true,0,0,106161
1809,FEMME OBRAL,,000F0007000300010004,5,0,Z003-B001-05-02-04,true,0,0,106161
1811,FORMAL OBRAL,,000F0007000300010002,5,0,Z003-B001-05-02-02,true,0,0,106161
1812,JEANS OBRAL,,000F0007000300010001,5,0,Z003-B001-05-02-01,true,0,0,106161
1826,-,-,000F0005,2,0,Z003-00,false,0,0,106161
1827,---,----,000F0006,2,0,Z003-000,false,0,0,106161
1828,-,-,0008000G,2,0,A008-0000,false,0,0,106161
1860,PERAWATAN KAKI,,000F00040001,3,0,Z003-05-14,false,0,0,106161
