id,name,name_en,depth,numchild,is_leaf,full_code,code,is_public,ancestors_are_public,path,parent_id,parent_name,ancestor_names,full_path_name,products,products_active,products_subtree
1,Makanan dan Minuman,Food and Groceries,1,7,false,A001,A001,true,true,0001,,,,Makanan dan Minuman,2,2,14021
11,KONSUMSI BAYI,,2,3,false,A001-01,01,true,true,00010001,1,Makanan dan Minuman,Makanan dan Minuman,Makanan dan Minuman > KONSUMSI BAYI,0,0,446
75,MAKANAN & MINUMAN BAYI,,3,0,true,A001-01-01,01,true,true,000100010001,11,KONSUMSI BAYI,Makanan dan Minuman > KONSUMSI BAYI,Makanan dan Minuman > KONSUMSI BAYI > MAKANAN & MINUMAN BAYI,123,81,123
76,SNACK BAYI,,3,0,true,A001-01-02,02,true,true,000100010002,11,KONSUMSI BAYI,Makanan dan Minuman > KONSUMSI BAYI,Makanan dan Minuman > KONSUMSI BAYI > SNACK BAYI,149,83,149
77,SUSU FORMULA BAYI,,3,0,true,A001-01-03,03,true,true,000100010004,11,KONSUMSI BAYI,Makanan dan Minuman > KONSUMSI BAYI,Makanan dan Minuman > KONSUMSI BAYI > SUSU FORMULA BAYI,174,120,174
12,MINUMAN,,2,1,false,A001-02,02,true,true,00010003,1,Makanan dan Minuman,Makanan dan Minuman,Makanan dan Minuman > MINUMAN,6,2,2257
78,MINUMAN DALAM KEMASAN,,3,16,false,A001-02-01,01,true,true,000100030002,12,MINUMAN,Makanan dan Minuman > MINUMAN,Makanan dan Minuman > MINUMAN > MINUMAN DALAM KEMASAN,131,83,2251
501,AIR MINERAL,,4,3,false,A001-02-01-01,01,true,true,0001000300020001,78,MINUMAN DALAM KEMASAN,Makanan dan Minuman > MINUMAN > MINUMAN DALAM KEMASAN,Makanan dan Minuman > MINUMAN > MINUMAN DALAM KEMASAN > AIR MINERAL,8,4,115
1313,AIR MINERAL KEMASAN BOTOL,,5,0,true,A001-02-01-01-01,01,true,true,00010003000200010001,501,AIR MINERAL,Makanan dan Minuman > MINUMAN > MINUMAN DALAM KEMASAN > AIR MINERAL,Makanan dan Minuman > MINUMAN > MINUMAN DALAM KEMASAN > AIR MINERAL > AIR MINERAL KEMASAN BOTOL,72,63,72
1314,AIR MINERAL KEMASAN GALON,,5,0,true,A001-02-01-01-02,02,true,true,00010003000200010002,501,AIR MINERAL,Makanan dan Minuman > MINUMAN > MINUMAN DALAM KEMASAN > AIR MINERAL,Makanan dan Minuman > MINUMAN > MINUMAN DALAM KEMASAN > AIR MINERAL > AIR MINERAL KEMASAN GALON,25,25,25
1315,AIR MINERAL KEMASAN GELAS,,5,0,true,A001-02-01-01-03,03,true,true,00010003000200010003,501,AIR MINERAL,Makanan dan Minuman > MINUMAN > MINUMAN DALAM KEMASAN > AIR MINERAL,Makanan dan Minuman > MINUMAN > MINUMAN DALAM KEMASAN > AIR MINERAL > AIR MINERAL KEMASAN GELAS,10,9,10
502,SUSU,,4,8,false,A001-02-01-02,02,true,true,0001000300020002,78,MINUMAN DALAM KEMASAN,Makanan dan Minuman > MINUMAN > MINUMAN DALAM KEMASAN,Makanan dan Minuman > MINUMAN > MINUMAN DALAM KEMASAN > SUSU,3,1,1009
1316,SUSU ALMOND,,5,0,true,A001-02-01-02-01,01,true,true,00010003000200020001,502,SUSU,Makanan dan Minuman > MINUMAN > MINUMAN DALAM KEMASAN > SUSU,Makanan dan Minuman > MINUMAN > MINUMAN DALAM KEMASAN > SUSU > SUSU ALMOND,25,17,25
1317,SUSU BUBUK,,5,0,true,A001-02-01-02-02,02,true,true,00010003000200020002,502,SUSU,Makanan dan Minuman > MINUMAN > MINUMAN DALAM KEMASAN > SUSU,Makanan dan Minuman > MINUMAN > MINUMAN DALAM KEMASAN > SUSU > SUSU BUBUK,310,187,310
1318,SUSU CAIR & UHT,,5,0,true,A001-02-01-02-03,03,true,true,00010003000200020003,502,SUSU,Makanan dan Minuman > MINUMAN > MINUMAN DALAM KEMASAN > SUSU,Makanan dan Minuman > MINUMAN > MINUMAN DALAM KEMASAN > SUSU > SUSU CAIR & UHT,427,290,427
1319,SUSU IBU HAMIL,,5,0,true,A001-02-01-02-04,04,true,true,00010003000200020004,502,SUSU,Makanan dan Minuman > MINUMAN > MINUMAN DALAM KEMASAN > SUSU,Makanan dan Minuman > MINUMAN > MINUMAN DALAM KEMASAN > SUSU > SUSU IBU HAMIL,57,31,57
1320,SUSU KACANG (SOY MILK),,5,0,true,A001-02-01-02-05,05,true,true,00010003000200020005,502,SUSU,Makanan dan Minuman > MINUMAN > MINUMAN DALAM KEMASAN > SUSU,Makanan dan Minuman > MINUMAN > MINUMAN DALAM KEMASAN > SUSU > SUSU KACANG (SOY MILK),28,18,28
1321,SUSU KENTAL MANIS,,5,0,true,A001-02-01-02-06,06,true,true,00010003000200020006,502,SUSU,Makanan dan Minuman > MINUMAN > MINUMAN DALAM KEMASAN > SUSU,Makanan dan Minuman > MINUMAN > MINUMAN DALAM KEMASAN > SUSU > SUSU KENTAL MANIS,62,46,62
1322,SUSU KESEHATAN,,5,0,true,A001-02-01-02-07,07,true,true,00010003000200020007,502,SUSU,Makanan dan Minuman > MINUMAN > MINUMAN DALAM KEMASAN > SUSU,Makanan dan Minuman > MINUMAN > MINUMAN DALAM KEMASAN > SUSU > SUSU KESEHATAN,82,59,82
1323,SUSU LAINNYA,,5,0,true,A001-02-01-02-99,99,true,true,00010003000200020008,502,SUSU,Makanan dan Minuman > MINUMAN > MINUMAN DALAM KEMASAN > SUSU,Makanan dan Minuman > MINUMAN > MINUMAN DALAM KEMASAN > SUSU > SUSU LAINNYA,15,10,15
503,JUS BUAH & SAYURAN,,4,3,false,A001-02-01-03,03,true,true,0001000300020003,78,MINUMAN DALAM KEMASAN,Makanan dan Minuman > MINUMAN > MINUMAN DALAM KEMASAN,Makanan dan Minuman > MINUMAN > MINUMAN DALAM KEMASAN > JUS BUAH & SAYURAN,1,0,102
1324,AIR KELAPA,,5,0,true,A001-02-01-03-01,01,true,true,00010003000200030001,503,JUS BUAH & SAYURAN,Makanan dan Minuman > MINUMAN > MINUMAN DALAM KEMASAN > JUS BUAH & SAYURAN,Makanan dan Minuman > MINUMAN > MINUMAN DALAM KEMASAN > JUS BUAH & SAYURAN > AIR KELAPA,7,6,7
1325,JUS BUAH,,5,0,true,A001-02-01-03-02,02,true,true,00010003000200030002,503,JUS BUAH & SAYURAN,Makanan dan Minuman > MINUMAN > MINUMAN DALAM KEMASAN > JUS BUAH & SAYURAN,Makanan dan Minuman > MINUMAN > MINUMAN DALAM KEMASAN > JUS BUAH & SAYURAN > JUS BUAH,94,64,94
1326,JUS SAYURAN,,5,0,true,A001-02-01-03-03,03,true,true,00010003000200030003,503,JUS BUAH & SAYURAN,Makanan dan Minuman > MINUMAN > MINUMAN DALAM KEMASAN > JUS BUAH & SAYURAN,Makanan dan Minuman > MINUMAN > MINUMAN DALAM KEMASAN > JUS BUAH & SAYURAN > JUS SAYURAN,0,0,0
504,MINUMAN BERPROTEIN,,4,0,true,A001-02-01-04,04,true,true,0001000300020004,78,MINUMAN DALAM KEMASAN,Makanan dan Minuman > MINUMAN > MINUMAN DALAM KEMASAN,Makanan dan Minuman > MINUMAN > MINUMAN DALAM KEMASAN > MINUMAN BERPROTEIN,2,0,2
505,MINUMAN DENGAN AGAR/ JELLY,,4,0,true,A001-02-01-05,05,true,true,0001000300020005,78,MINUMAN DALAM KEMASAN,Makanan dan Minuman > MINUMAN > MINUMAN DALAM KEMASAN,Makanan dan Minuman > MINUMAN > MINUMAN DALAM KEMASAN > MINUMAN DENGAN AGAR/ JELLY,25,22,25
506,MINUMAN DENGAN CINCAU,,4,0,true,A001-02-01-06,06,true,true,0001000300020006,78,MINUMAN DALAM KEMASAN,Makanan dan Minuman > MINUMAN > MINUMAN DALAM KEMASAN,Makanan dan Minuman > MINUMAN > MINUMAN DALAM KEMASAN > MINUMAN DENGAN CINCAU,6,5,6
507,MINUMAN DENGAN LIDAH BUAYA,,4,0,true,A001-02-01-07,07,true,true,0001000300020007,78,MINUMAN DALAM KEMASAN,Makanan dan Minuman > MINUMAN > MINUMAN DALAM KEMASAN,Makanan dan Minuman > MINUMAN > MINUMAN DALAM KEMASAN > MINUMAN DENGAN LIDAH BUAYA,4,4,4
508,MINUMAN DENGAN NATA DE COCO (KELAPA),,4,0,true,A001-02-01-08,08,true,true,0001000300020008,78,MINUMAN DALAM KEMASAN,Makanan dan Minuman > MINUMAN > MINUMAN DALAM KEMASAN,Makanan dan Minuman > MINUMAN > MINUMAN DALAM KEMASAN > MINUMAN DENGAN NATA DE COCO (KELAPA),65,47,65
509,MINUMAN ENERGI,,4,0,true,A001-02-01-09,09,true,true,0001000300020009,78,MINUMAN DALAM KEMASAN,Makanan dan Minuman > MINUMAN > MINUMAN DALAM KEMASAN,Makanan dan Minuman > MINUMAN > MINUMAN DALAM KEMASAN > MINUMAN ENERGI,47,33,47
510,MINUMAN KESEHATAN,,4,0,true,A001-02-01-10,10,true,true,000100030002000A,78,MINUMAN DALAM KEMASAN,Makanan dan Minuman > MINUMAN > MINUMAN DALAM KEMASAN,Makanan dan Minuman > MINUMAN > MINUMAN DALAM KEMASAN > MINUMAN KESEHATAN,193,143,193
511,MINUMAN RASA BUAH,,4,0,true,A001-02-01-11,11,true,true,000100030002000B,78,MINUMAN DALAM KEMASAN,Makanan dan Minuman > MINUMAN > MINUMAN DALAM KEMASAN,Makanan dan Minuman > MINUMAN > MINUMAN DALAM KEMASAN > MINUMAN RASA BUAH,104,77,104
512,MINUMAN RINGAN (SODA),,4,0,true,A001-02-01-12,12,true,true,000100030002000C,78,MINUMAN DALAM KEMASAN,Makanan dan Minuman > MINUMAN > MINUMAN DALAM KEMASAN,Makanan dan Minuman > MINUMAN > MINUMAN DALAM KEMASAN > MINUMAN RINGAN (SODA),61,53,61
513,MINUMAN SPORT,,4,0,true,A001-02-01-13,13,true,true,000100030002000D,78,MINUMAN DALAM KEMASAN,Makanan dan Minuman > MINUMAN > MINUMAN DALAM KEMASAN,Makanan dan Minuman > MINUMAN > MINUMAN DALAM KEMASAN > MINUMAN SPORT,0,0,0
514,SIRUP,,4,0,true,A001-02-01-14,14,true,true,000100030002000E,78,MINUMAN DALAM KEMASAN,Makanan dan Minuman > MINUMAN > MINUMAN DALAM KEMASAN,Makanan dan Minuman > MINUMAN > MINUMAN DALAM KEMASAN > SIRUP,77,62,77
515,YOGHURT,,4,0,true,A001-02-01-15,15,true,true,000100030002000F,78,MINUMAN DALAM KEMASAN,Makanan dan Minuman > MINUMAN > MINUMAN DALAM KEMASAN,Makanan dan Minuman > MINUMAN > MINUMAN DALAM KEMASAN > YOGHURT,287,176,287
516,MINUMAN LAINNYA,,4,0,true,A001-02-01-99,99,true,true,000100030002000G,78,MINUMAN DALAM KEMASAN,Makanan dan Minuman > MINUMAN > MINUMAN DALAM KEMASAN,Makanan dan Minuman > MINUMAN > MINUMAN DALAM KEMASAN > MINUMAN LAINNYA,23,16,23
13,"COKLAT, KOPI & TEH",,2,6,false,A001-03,03,true,true,00010004,1,Makanan dan Minuman,Makanan dan Minuman,"Makanan dan Minuman > COKLAT, KOPI & TEH",3,0,787
79,KOPI MENTAH,,3,2,false,A001-03-01,01,true,true,000100040001,13,"COKLAT, KOPI & TEH","Makanan dan Minuman > COKLAT, KOPI & TEH","Makanan dan Minuman > COKLAT, KOPI & TEH > KOPI MENTAH",0,0,220
517,KOPI BIJI,,4,0,true,A001-03-01-01,01,true,true,0001000400010001,79,KOPI MENTAH,"Makanan dan Minuman > COKLAT, KOPI & TEH > KOPI MENTAH","Makanan dan Minuman > COKLAT, KOPI & TEH > KOPI MENTAH > KOPI BIJI",0,0,0
518,KOPI BUBUK,,4,3,false,A001-03-01-02,02,true,true,0001000400010002,79,KOPI MENTAH,"Makanan dan Minuman > COKLAT, KOPI & TEH > KOPI MENTAH","Makanan dan Minuman > COKLAT, KOPI & TEH > KOPI MENTAH > KOPI BUBUK",9,7,220
519,KOPI BUBUK INSTAN KEMASAN BUNGKUS/SACHET,,5,0,true,A001-03-01-02-01,01,true,true,00010004000100020001,518,KOPI BUBUK,"Makanan dan Minuman > COKLAT, KOPI & TEH > KOPI MENTAH > KOPI BUBUK","Makanan dan Minuman > COKLAT, KOPI & TEH > KOPI MENTAH > KOPI BUBUK > KOPI BUBUK INSTAN KEMASAN BUNGKUS/SACHET",166,110,166
521,KOPI INSTAN KEMASAN JAR,,5,0,true,A001-03-01-02-02,02,true,true,00010004000100020002,518,KOPI BUBUK,"Makanan dan Minuman > COKLAT, KOPI & TEH > KOPI MENTAH > KOPI BUBUK","Makanan dan Minuman > COKLAT, KOPI & TEH > KOPI MENTAH > KOPI BUBUK > KOPI INSTAN KEMASAN JAR",10,8,10
523,KOPI KEMASAN PACK,,5,0,true,A001-03-01-02-03,03,true,true,00010004000100020003,518,KOPI BUBUK,"Makanan dan Minuman > COKLAT, KOPI & TEH > KOPI MENTAH > KOPI BUBUK","Makanan dan Minuman > COKLAT, KOPI & TEH > KOPI MENTAH > KOPI BUBUK > KOPI KEMASAN PACK",35,32,35
80,KOPI INSTAN (RTD),,3,2,false,A001-03-02,02,true,true,000100040003,13,"COKLAT, KOPI & TEH","Makanan dan Minuman > COKLAT, KOPI & TEH","Makanan dan Minuman > COKLAT, KOPI & TEH > KOPI INSTAN (RTD)",77,40,130
520,KOPI RTD KEMASAN BOTOL/ PACK,,4,0,true,A001-03-02-01,01,true,true,0001000400030002,80,KOPI INSTAN (RTD),"Makanan dan Minuman > COKLAT, KOPI & TEH > KOPI INSTAN (RTD)","Makanan dan Minuman > COKLAT, KOPI & TEH > KOPI INSTAN (RTD) > KOPI RTD KEMASAN BOTOL/ PACK",38,25,38
522,KOPI RTD KEMASAN KALENG,,4,0,true,A001-03-02-02,02,true,true,0001000400030004,80,KOPI INSTAN (RTD),"Makanan dan Minuman > COKLAT, KOPI & TEH > KOPI INSTAN (RTD)","Makanan dan Minuman > COKLAT, KOPI & TEH > KOPI INSTAN (RTD) > KOPI RTD KEMASAN KALENG",15,14,15
81,KRIMER,,3,0,true,A001-03-03,03,true,true,000100040004,13,"COKLAT, KOPI & TEH","Makanan dan Minuman > COKLAT, KOPI & TEH","Makanan dan Minuman > COKLAT, KOPI & TEH > KRIMER",23,16,23
82,TEH MENTAH,,3,2,false,A001-03-04,04,true,true,000100040005,13,"COKLAT, KOPI & TEH","Makanan dan Minuman > COKLAT, KOPI & TEH","Makanan dan Minuman > COKLAT, KOPI & TEH > TEH MENTAH",0,0,168
524,TEH CELUP,,4,0,true,A001-03-04-01,01,true,true,0001000400050001,82,TEH MENTAH,"Makanan dan Minuman > COKLAT, KOPI & TEH > TEH MENTAH","Makanan dan Minuman > COKLAT, KOPI & TEH > TEH MENTAH > TEH CELUP",107,89,107
525,TEH BUBUK,,4,0,true,A001-03-04-02,02,true,true,0001000400050002,82,TEH MENTAH,"Makanan dan Minuman > COKLAT, KOPI & TEH > TEH MENTAH","Makanan dan Minuman > COKLAT, KOPI & TEH > TEH MENTAH > TEH BUBUK",61,47,61
83,TEH INSTAN,,3,5,false,A001-03-05,05,true,true,000100040007,13,"COKLAT, KOPI & TEH","Makanan dan Minuman > COKLAT, KOPI & TEH","Makanan dan Minuman > COKLAT, KOPI & TEH > TEH INSTAN",21,2,187
527,TEH INSTAN SERBUK BERPERISA,,4,0,true,A001-03-05-01,01,true,true,0001000400070001,83,TEH INSTAN,"Makanan dan Minuman > COKLAT, KOPI & TEH > TEH INSTAN","Makanan dan Minuman > COKLAT, KOPI & TEH > TEH INSTAN > TEH INSTAN SERBUK BERPERISA",58,41,58
528,TEH KEMASAN BOTOL,,4,0,true,A001-03-05-02,02,true,true,0001000400070002,83,TEH INSTAN,"Makanan dan Minuman > COKLAT, KOPI & TEH > TEH INSTAN","Makanan dan Minuman > COKLAT, KOPI & TEH > TEH INSTAN > TEH KEMASAN BOTOL",81,62,81
529,TEH KEMASAN GELAS,,4,0,true,A001-03-05-03,03,true,true,0001000400070003,83,TEH INSTAN,"Makanan dan Minuman > COKLAT, KOPI & TEH > TEH INSTAN","Makanan dan Minuman > COKLAT, KOPI & TEH > TEH INSTAN > TEH KEMASAN GELAS",6,3,6
530,TEH KEMASAN KALENG,,4,0,true,A001-03-05-04,04,true,true,0001000400070004,83,TEH INSTAN,"Makanan dan Minuman > COKLAT, KOPI & TEH > TEH INSTAN","Makanan dan Minuman > COKLAT, KOPI & TEH > TEH INSTAN > TEH KEMASAN KALENG",2,2,2
531,TEH KEMASAN PACK,,4,0,true,A001-03-05-05,05,true,true,0001000400070005,83,TEH INSTAN,"Makanan dan Minuman > COKLAT, KOPI & TEH > TEH INSTAN","Makanan dan Minuman > COKLAT, KOPI & TEH > TEH INSTAN > TEH KEMASAN PACK",19,18,19
84,COKLAT & COCOA BUBUK,,3,3,false,A001-03-06,06,true,true,000100040008,13,"COKLAT, KOPI & TEH","Makanan dan Minuman > COKLAT, KOPI & TEH","Makanan dan Minuman > COKLAT, KOPI & TEH > COKLAT & COCOA BUBUK",4,1,56
1833,COKLAT COMPOUND,COKLAT COMPOUND,4,0,true,A001-03-06-01,01,true,true,0001000400080001,84,COKLAT & COCOA BUBUK,"Makanan dan Minuman > COKLAT, KOPI & TEH > COKLAT & COCOA BUBUK","Makanan dan Minuman > COKLAT, KOPI & TEH > COKLAT & COCOA BUBUK > COKLAT COMPOUND",25,14,25
1834,COCOA POWDER,COCOA POWDER,4,0,true,A001-03-06-02,02,true,true,0001000400080002,84,COKLAT & COCOA BUBUK,"Makanan dan Minuman > COKLAT, KOPI & TEH > COKLAT & COCOA BUBUK","Makanan dan Minuman > COKLAT, KOPI & TEH > COKLAT & COCOA BUBUK > COCOA POWDER",11,7,11
1835,MINUMAN SERBUK RASA COKLAT,MINUMAN SERBUK RASA COKLAT,4,0,true,A001-03-06-03,03,true,true,0001000400080003,84,COKLAT & COCOA BUBUK,"Makanan dan Minuman > COKLAT, KOPI & TEH > COKLAT & COCOA BUBUK","Makanan dan Minuman > COKLAT, KOPI & TEH > COKLAT & COCOA BUBUK > MINUMAN SERBUK RASA COKLAT",16,13,16
14,MAKANAN KECIL ,,2,7,false,A001-04,04,true,true,00010005,1,Makanan dan Minuman,Makanan dan Minuman,Makanan dan Minuman > MAKANAN KECIL ,220,40,4077
85,COKLAT MAKANAN KECIL,,3,0,true,A001-04-01,01,true,true,000100050001,14,MAKANAN KECIL ,Makanan dan Minuman > MAKANAN KECIL ,Makanan dan Minuman > MAKANAN KECIL  > COKLAT MAKANAN KECIL,348,213,348
86,"COOKIES, BISKUIT DAN LAIN LAIN",,3,5,false,A001-04-02,02,true,true,000100050002,14,MAKANAN KECIL ,Makanan dan Minuman > MAKANAN KECIL ,"Makanan dan Minuman > MAKANAN KECIL  > COOKIES, BISKUIT DAN LAIN LAIN",18,2,1769
532,BISKUIT SEASONAL ,,4,0,true,A001-04-02-01,01,true,true,0001000500020001,86,"COOKIES, BISKUIT DAN LAIN LAIN","Makanan dan Minuman > MAKANAN KECIL  > COOKIES, BISKUIT DAN LAIN LAIN","Makanan dan Minuman > MAKANAN KECIL  > COOKIES, BISKUIT DAN LAIN LAIN > BISKUIT SEASONAL ",90,65,90
533,COOKIES & BISKUIT,,4,0,true,A001-04-02-02,02,true,true,0001000500020002,86,"COOKIES, BISKUIT DAN LAIN LAIN","Makanan dan Minuman > MAKANAN KECIL  > COOKIES, BISKUIT DAN LAIN LAIN","Makanan dan Minuman > MAKANAN KECIL  > COOKIES, BISKUIT DAN LAIN LAIN > COOKIES & BISKUIT",827,542,827
534,CRACKERS,,4,0,true,A001-04-02-03,03,true,true,0001000500020003,86,"COOKIES, BISKUIT DAN LAIN LAIN","Makanan dan Minuman > MAKANAN KECIL  > COOKIES, BISKUIT DAN LAIN LAIN","Makanan dan Minuman > MAKANAN KECIL  > COOKIES, BISKUIT DAN LAIN LAIN > CRACKERS",126,84,126
535,WAFER,,4,0,true,A001-04-02-04,04,true,true,0001000500020004,86,"COOKIES, BISKUIT DAN LAIN LAIN","Makanan dan Minuman > MAKANAN KECIL  > COOKIES, BISKUIT DAN LAIN LAIN","Makanan dan Minuman > MAKANAN KECIL  > COOKIES, BISKUIT DAN LAIN LAIN > WAFER",288,186,288
547,SNACK LAINNYA,,4,0,true,A001-04-02-99,99,true,true,0001000500020005,86,"COOKIES, BISKUIT DAN LAIN LAIN","Makanan dan Minuman > MAKANAN KECIL  > COOKIES, BISKUIT DAN LAIN LAIN","Makanan dan Minuman > MAKANAN KECIL  > COOKIES, BISKUIT DAN LAIN LAIN > SNACK LAINNYA",420,257,420
87,KERIPIK,,3,5,false,A001-04-03,03,true,true,000100050003,14,MAKANAN KECIL ,Makanan dan Minuman > MAKANAN KECIL ,Makanan dan Minuman > MAKANAN KECIL  > KERIPIK,31,12,315
536,KERIPIK KENTANG,,4,0,true,A001-04-03-01,01,true,true,0001000500030001,87,KERIPIK,Makanan dan Minuman > MAKANAN KECIL  > KERIPIK,Makanan dan Minuman > MAKANAN KECIL  > KERIPIK > KERIPIK KENTANG,134,96,134
537,KERIPIK KENTANG PUTIH,,4,0,true,A001-04-03-02,02,true,true,0001000500030002,87,KERIPIK,Makanan dan Minuman > MAKANAN KECIL  > KERIPIK,Makanan dan Minuman > MAKANAN KECIL  > KERIPIK > KERIPIK KENTANG PUTIH,6,5,6
538,KERIPIK PISANG,,4,0,true,A001-04-03-03,03,true,true,0001000500030003,87,KERIPIK,Makanan dan Minuman > MAKANAN KECIL  > KERIPIK,Makanan dan Minuman > MAKANAN KECIL  > KERIPIK > KERIPIK PISANG,19,9,19
539,KERIPIK SINGKONG,,4,0,true,A001-04-03-04,04,true,true,0001000500030004,87,KERIPIK,Makanan dan Minuman > MAKANAN KECIL  > KERIPIK,Makanan dan Minuman > MAKANAN KECIL  > KERIPIK > KERIPIK SINGKONG,79,61,79
540,KERIPIK LAINNYA,,4,0,true,A001-04-03-99,99,true,true,0001000500030005,87,KERIPIK,Makanan dan Minuman > MAKANAN KECIL  > KERIPIK,Makanan dan Minuman > MAKANAN KECIL  > KERIPIK > KERIPIK LAINNYA,46,35,46
88,KACANG DAN SNACK LAINNYA,,3,5,false,A001-04-04,04,true,true,000100050004,14,MAKANAN KECIL ,Makanan dan Minuman > MAKANAN KECIL ,Makanan dan Minuman > MAKANAN KECIL  > KACANG DAN SNACK LAINNYA,94,41,629
541,GRANOLA BAR & NUTRISI BAR,,4,0,true,A001-04-04-01,01,true,true,0001000500040001,88,KACANG DAN SNACK LAINNYA,Makanan dan Minuman > MAKANAN KECIL  > KACANG DAN SNACK LAINNYA,Makanan dan Minuman > MAKANAN KECIL  > KACANG DAN SNACK LAINNYA > GRANOLA BAR & NUTRISI BAR,66,48,66
542,"KACANG, BIJI BIJAN, DAN BUAH KERING",,4,0,true,A001-04-04-02,02,true,true,0001000500040002,88,KACANG DAN SNACK LAINNYA,Makanan dan Minuman > MAKANAN KECIL  > KACANG DAN SNACK LAINNYA,"Makanan dan Minuman > MAKANAN KECIL  > KACANG DAN SNACK LAINNYA > KACANG, BIJI BIJAN, DAN BUAH KERING",166,127,166
543,POPCORN,,4,0,true,A001-04-04-03,03,true,true,0001000500040003,88,KACANG DAN SNACK LAINNYA,Makanan dan Minuman > MAKANAN KECIL  > KACANG DAN SNACK LAINNYA,Makanan dan Minuman > MAKANAN KECIL  > KACANG DAN SNACK LAINNYA > POPCORN,39,28,39
545,RUMPUT LAUT,,4,0,true,A001-04-04-05,05,true,true,0001000500040005,88,KACANG DAN SNACK LAINNYA,Makanan dan Minuman > MAKANAN KECIL  > KACANG DAN SNACK LAINNYA,Makanan dan Minuman > MAKANAN KECIL  > KACANG DAN SNACK LAINNYA > RUMPUT LAUT,110,72,110
546,JAJANAN TRADISIONAL,,4,6,false,A001-04-04-06,06,true,true,0001000500040006,88,KACANG DAN SNACK LAINNYA,Makanan dan Minuman > MAKANAN KECIL  > KACANG DAN SNACK LAINNYA,Makanan dan Minuman > MAKANAN KECIL  > KACANG DAN SNACK LAINNYA > JAJANAN TRADISIONAL,31,8,154
1327,BASRENG,,5,0,true,A001-04-04-06-01,01,true,true,00010005000400060001,546,JAJANAN TRADISIONAL,Makanan dan Minuman > MAKANAN KECIL  > KACANG DAN SNACK LAINNYA > JAJANAN TRADISIONAL,Makanan dan Minuman > MAKANAN KECIL  > KACANG DAN SNACK LAINNYA > JAJANAN TRADISIONAL > BASRENG,12,10,12
1328,GURILEM,,5,0,true,A001-04-04-06-02,02,true,true,00010005000400060002,546,JAJANAN TRADISIONAL,Makanan dan Minuman > MAKANAN KECIL  > KACANG DAN SNACK LAINNYA > JAJANAN TRADISIONAL,Makanan dan Minuman > MAKANAN KECIL  > KACANG DAN SNACK LAINNYA > JAJANAN TRADISIONAL > GURILEM,8,4,8
1329,MAKARONI,,5,0,true,A001-04-04-06-03,03,true,true,00010005000400060003,546,JAJANAN TRADISIONAL,Makanan dan Minuman > MAKANAN KECIL  > KACANG DAN SNACK LAINNYA > JAJANAN TRADISIONAL,Makanan dan Minuman > MAKANAN KECIL  > KACANG DAN SNACK LAINNYA > JAJANAN TRADISIONAL > MAKARONI,35,26,35
1330,RAMBUT NENEK,,5,0,true,A001-04-04-06-04,04,true,true,00010005000400060004,546,JAJANAN TRADISIONAL,Makanan dan Minuman > MAKANAN KECIL  > KACANG DAN SNACK LAINNYA > JAJANAN TRADISIONAL,Makanan dan Minuman > MAKANAN KECIL  > KACANG DAN SNACK LAINNYA > JAJANAN TRADISIONAL > RAMBUT NENEK,0,0,0
1331,SNACK SEBLAK,,5,0,true,A001-04-04-06-05,05,true,true,00010005000400060005,546,JAJANAN TRADISIONAL,Makanan dan Minuman > MAKANAN KECIL  > KACANG DAN SNACK LAINNYA > JAJANAN TRADISIONAL,Makanan dan Minuman > MAKANAN KECIL  > KACANG DAN SNACK LAINNYA > JAJANAN TRADISIONAL > SNACK SEBLAK,6,6,6
1332,JAJANAN TRADISIONAL LAINNYA,,5,0,true,A001-04-04-06-99,99,true,true,00010005000400060006,546,JAJANAN TRADISIONAL,Makanan dan Minuman > MAKANAN KECIL  > KACANG DAN SNACK LAINNYA > JAJANAN TRADISIONAL,Makanan dan Minuman > MAKANAN KECIL  > KACANG DAN SNACK LAINNYA > JAJANAN TRADISIONAL > JAJANAN TRADISIONAL LAINNYA,62,54,62
89,PERMEN MARSHMALLOW DAN LAIN LAIN,,3,6,false,A001-04-05,05,true,true,000100050005,14,MAKANAN KECIL ,Makanan dan Minuman > MAKANAN KECIL ,Makanan dan Minuman > MAKANAN KECIL  > PERMEN MARSHMALLOW DAN LAIN LAIN,7,1,670
548,MARSHMALLOW,,4,0,true,A001-04-05-01,01,true,true,0001000500050001,89,PERMEN MARSHMALLOW DAN LAIN LAIN,Makanan dan Minuman > MAKANAN KECIL  > PERMEN MARSHMALLOW DAN LAIN LAIN,Makanan dan Minuman > MAKANAN KECIL  > PERMEN MARSHMALLOW DAN LAIN LAIN > MARSHMALLOW,58,37,58
549,PERMEN,,4,0,true,A001-04-05-02,02,true,true,0001000500050002,89,PERMEN MARSHMALLOW DAN LAIN LAIN,Makanan dan Minuman > MAKANAN KECIL  > PERMEN MARSHMALLOW DAN LAIN LAIN,Makanan dan Minuman > MAKANAN KECIL  > PERMEN MARSHMALLOW DAN LAIN LAIN > PERMEN,375,234,375
550,PERMEN GULA KAPAS,,4,0,true,A001-04-05-03,03,true,true,0001000500050003,89,PERMEN MARSHMALLOW DAN LAIN LAIN,Makanan dan Minuman > MAKANAN KECIL  > PERMEN MARSHMALLOW DAN LAIN LAIN,Makanan dan Minuman > MAKANAN KECIL  > PERMEN MARSHMALLOW DAN LAIN LAIN > PERMEN GULA KAPAS,15,9,15
551,PERMEN JELLY,,4,0,true,A001-04-05-04,04,true,true,0001000500050004,89,PERMEN MARSHMALLOW DAN LAIN LAIN,Makanan dan Minuman > MAKANAN KECIL  > PERMEN MARSHMALLOW DAN LAIN LAIN,Makanan dan Minuman > MAKANAN KECIL  > PERMEN MARSHMALLOW DAN LAIN LAIN > PERMEN JELLY,84,63,84
552,PERMEN KARET,,4,0,true,A001-04-05-05,05,true,true,0001000500050005,89,PERMEN MARSHMALLOW DAN LAIN LAIN,Makanan dan Minuman > MAKANAN KECIL  > PERMEN MARSHMALLOW DAN LAIN LAIN,Makanan dan Minuman > MAKANAN KECIL  > PERMEN MARSHMALLOW DAN LAIN LAIN > PERMEN KARET,27,15,27
553,PERMEN PENYEGAR NAFAS,,4,0,true,A001-04-05-06,06,true,true,0001000500050006,89,PERMEN MARSHMALLOW DAN LAIN LAIN,Makanan dan Minuman > MAKANAN KECIL  > PERMEN MARSHMALLOW DAN LAIN LAIN,Makanan dan Minuman > MAKANAN KECIL  > PERMEN MARSHMALLOW DAN LAIN LAIN > PERMEN PENYEGAR NAFAS,104,86,104
90,BINGKISAN SNACK,,3,0,true,A001-04-06,06,true,true,000100050006,14,MAKANAN KECIL ,Makanan dan Minuman > MAKANAN KECIL ,Makanan dan Minuman > MAKANAN KECIL  > BINGKISAN SNACK,16,2,16
544,PUDDING & JELLY,,3,0,true,A001-04-07,07,true,true,000100050007,14,MAKANAN KECIL ,Makanan dan Minuman > MAKANAN KECIL ,Makanan dan Minuman > MAKANAN KECIL  > PUDDING & JELLY,110,56,110
15,MAKANAN & BAHAN MAKANAN,,2,16,false,A001-05,05,true,true,00010006,1,Makanan dan Minuman,Makanan dan Minuman,Makanan dan Minuman > MAKANAN & BAHAN MAKANAN,7,6,5308
91,BAHAN KUE,,3,6,false,A001-05-01,01,true,true,000100060001,15,MAKANAN & BAHAN MAKANAN,Makanan dan Minuman > MAKANAN & BAHAN MAKANAN,Makanan dan Minuman > MAKANAN & BAHAN MAKANAN > BAHAN KUE,14,0,276
554,TEPUNG KUE INSTANT,,4,0,true,A001-05-01-01,01,true,true,0001000600010001,91,BAHAN KUE,Makanan dan Minuman > MAKANAN & BAHAN MAKANAN > BAHAN KUE,Makanan dan Minuman > MAKANAN & BAHAN MAKANAN > BAHAN KUE > TEPUNG KUE INSTANT,36,27,36
555,BAHAN PEWARNA DAN PERISA KUE,,4,0,true,A001-05-01-02,02,true,true,0001000600010002,91,BAHAN KUE,Makanan dan Minuman > MAKANAN & BAHAN MAKANAN > BAHAN KUE,Makanan dan Minuman > MAKANAN & BAHAN MAKANAN > BAHAN KUE > BAHAN PEWARNA DAN PERISA KUE,58,35,58
556,PENGEMBANG KUE,,4,0,true,A001-05-01-03,03,true,true,0001000600010003,91,BAHAN KUE,Makanan dan Minuman > MAKANAN & BAHAN MAKANAN > BAHAN KUE,Makanan dan Minuman > MAKANAN & BAHAN MAKANAN > BAHAN KUE > PENGEMBANG KUE,11,9,11
557,BUBUK PUDDING/JELLY/AGAR-AGAR DAN VLA,,4,0,true,A001-05-01-04,04,true,true,0001000600010004,91,BAHAN KUE,Makanan dan Minuman > MAKANAN & BAHAN MAKANAN > BAHAN KUE,Makanan dan Minuman > MAKANAN & BAHAN MAKANAN > BAHAN KUE > BUBUK PUDDING/JELLY/AGAR-AGAR DAN VLA,124,90,124
558,RAGI,,4,0,true,A001-05-01-05,05,true,true,0001000600010005,91,BAHAN KUE,Makanan dan Minuman > MAKANAN & BAHAN MAKANAN > BAHAN KUE,Makanan dan Minuman > MAKANAN & BAHAN MAKANAN > BAHAN KUE > RAGI,9,4,9
1816,TEPUNG WHIPPED CREAM,,4,0,true,A001-05-01-07,07,true,true,0001000600010007,91,BAHAN KUE,Makanan dan Minuman > MAKANAN & BAHAN MAKANAN > BAHAN KUE,Makanan dan Minuman > MAKANAN & BAHAN MAKANAN > BAHAN KUE > TEPUNG WHIPPED CREAM,7,6,7
559,BAHAN KUE LAINNYA,,4,0,true,A001-05-01-99,99,true,true,0001000600010008,91,BAHAN KUE,Makanan dan Minuman > MAKANAN & BAHAN MAKANAN > BAHAN KUE,Makanan dan Minuman > MAKANAN & BAHAN MAKANAN > BAHAN KUE > BAHAN KUE LAINNYA,17,1,17
92,BERAS,,3,6,false,A001-05-02,02,true,true,000100060002,15,MAKANAN & BAHAN MAKANAN,Makanan dan Minuman > MAKANAN & BAHAN MAKANAN,Makanan dan Minuman > MAKANAN & BAHAN MAKANAN > BERAS,9,5,124
560,BERAS CAMPUR,,4,0,true,A001-05-02-01,01,true,true,0001000600020001,92,BERAS,Makanan dan Minuman > MAKANAN & BAHAN MAKANAN > BERAS,Makanan dan Minuman > MAKANAN & BAHAN MAKANAN > BERAS > BERAS CAMPUR,13,12,13
561,BERAS COKLAT,,4,0,true,A001-05-02-02,02,true,true,0001000600020002,92,BERAS,Makanan dan Minuman > MAKANAN & BAHAN MAKANAN > BERAS,Makanan dan Minuman > MAKANAN & BAHAN MAKANAN > BERAS > BERAS COKLAT,2,2,2
562,BERAS HITAM,,4,0,true,A001-05-02-03,03,true,true,0001000600020003,92,BERAS,Makanan dan Minuman > MAKANAN & BAHAN MAKANAN > BERAS,Makanan dan Minuman > MAKANAN & BAHAN MAKANAN > BERAS > BERAS HITAM,6,3,6
563,BERAS MERAH,,4,0,true,A001-05-02-04,04,true,true,0001000600020004,92,BERAS,Makanan dan Minuman > MAKANAN & BAHAN MAKANAN > BERAS,Makanan dan Minuman > MAKANAN & BAHAN MAKANAN > BERAS > BERAS MERAH,13,8,13
564,BERAS PUTIH,,4,0,true,A001-05-02-05,05,true,true,0001000600020005,92,BERAS,Makanan dan Minuman > MAKANAN & BAHAN MAKANAN > BERAS,Makanan dan Minuman > MAKANAN & BAHAN MAKANAN > BERAS > BERAS PUTIH,76,43,76
1836,BERAS PORANG,,4,0,true,A001-05-02-06,06,true,true,0001000600020006,92,BERAS,Makanan dan Minuman > MAKANAN & BAHAN MAKANAN > BERAS,Makanan dan Minuman > MAKANAN & BAHAN MAKANAN > BERAS > BERAS PORANG,5,5,5
93,BUMBU DAPUR,,3,9,false,A001-05-03,03,true,true,000100060003,15,MAKANAN & BAHAN MAKANAN,Makanan dan Minuman > MAKANAN & BAHAN MAKANAN,Makanan dan Minuman > MAKANAN & BAHAN MAKANAN > BUMBU DAPUR,148,59,856
565,BUMBU MASAK INSTAN,,4,0,true,A001-05-03-01,01,true,true,0001000600030001,93,BUMBU DAPUR,Makanan dan Minuman > MAKANAN & BAHAN MAKANAN > BUMBU DAPUR,Makanan dan Minuman > MAKANAN & BAHAN MAKANAN > BUMBU DAPUR > BUMBU MASAK INSTAN,269,196,269
566,BUMBU PENYEDAP,,4,0,true,A001-05-03-02,02,true,true,0001000600030002,93,BUMBU DAPUR,Makanan dan Minuman > MAKANAN & BAHAN MAKANAN > BUMBU DAPUR,Makanan dan Minuman > MAKANAN & BAHAN MAKANAN > BUMBU DAPUR > BUMBU PENYEDAP,111,91,111
567,GARAM,,4,0,true,A001-05-03-03,03,true,true,0001000600030003,93,BUMBU DAPUR,Makanan dan Minuman > MAKANAN & BAHAN MAKANAN > BUMBU DAPUR,Makanan dan Minuman > MAKANAN & BAHAN MAKANAN > BUMBU DAPUR > GARAM,31,22,31
568,BUMBU REMPAH,,4,0,true,A001-05-03-04,04,true,true,0001000600030004,93,BUMBU DAPUR,Makanan dan Minuman > MAKANAN & BAHAN MAKANAN > BUMBU DAPUR,Makanan dan Minuman > MAKANAN & BAHAN MAKANAN > BUMBU DAPUR > BUMBU REMPAH,127,116,127
569,BAWANG GORENG,,4,0,true,A001-05-03-05,05,true,true,0001000600030005,93,BUMBU DAPUR,Makanan dan Minuman > MAKANAN & BAHAN MAKANAN > BUMBU DAPUR,Makanan dan Minuman > MAKANAN & BAHAN MAKANAN > BUMBU DAPUR > BAWANG GORENG,12,8,12
570,SANTAN,,4,0,true,A001-05-03-06,06,true,true,0001000600030006,93,BUMBU DAPUR,Makanan dan Minuman > MAKANAN & BAHAN MAKANAN > BUMBU DAPUR,Makanan dan Minuman > MAKANAN & BAHAN MAKANAN > BUMBU DAPUR > SANTAN,21,16,21
571,BUMBU DAPUR LAINNYA,,4,0,true,A001-05-03-99,99,true,true,0001000600030007,93,BUMBU DAPUR,Makanan dan Minuman > MAKANAN & BAHAN MAKANAN > BUMBU DAPUR,Makanan dan Minuman > MAKANAN & BAHAN MAKANAN > BUMBU DAPUR > BUMBU DAPUR LAINNYA,62,32,62
1837,TEPUNG BUMBU INSTAN,,4,0,true,A001-05-03-07,07,true,true,0001000600030008,93,BUMBU DAPUR,Makanan dan Minuman > MAKANAN & BAHAN MAKANAN > BUMBU DAPUR,Makanan dan Minuman > MAKANAN & BAHAN MAKANAN > BUMBU DAPUR > TEPUNG BUMBU INSTAN,54,41,54
1838,CABAI BUBUK,,4,0,true,A001-05-03-08,08,true,true,0001000600030009,93,BUMBU DAPUR,Makanan dan Minuman > MAKANAN & BAHAN MAKANAN > BUMBU DAPUR,Makanan dan Minuman > MAKANAN & BAHAN MAKANAN > BUMBU DAPUR > CABAI BUBUK,21,14,21
94,ES KRIM & LAINNYA,,3,3,false,A001-05-04,04,true,true,000100060004,15,MAKANAN & BAHAN MAKANAN,Makanan dan Minuman > MAKANAN & BAHAN MAKANAN,Makanan dan Minuman > MAKANAN & BAHAN MAKANAN > ES KRIM & LAINNYA,0,0,247
572,CONE ES KRIM,,4,0,true,A001-05-04-01,01,true,true,0001000600040001,94,ES KRIM & LAINNYA,Makanan dan Minuman > MAKANAN & BAHAN MAKANAN > ES KRIM & LAINNYA,Makanan dan Minuman > MAKANAN & BAHAN MAKANAN > ES KRIM & LAINNYA > CONE ES KRIM,0,0,0
573,ES KRIM,,4,0,true,A001-05-04-02,02,true,true,0001000600040002,94,ES KRIM & LAINNYA,Makanan dan Minuman > MAKANAN & BAHAN MAKANAN > ES KRIM & LAINNYA,Makanan dan Minuman > MAKANAN & BAHAN MAKANAN > ES KRIM & LAINNYA > ES KRIM,233,221,233
1815,TEPUNG ES KRIM,,5,0,true,A001-05-04-03,03,true,true,0001000600040003,,,Makanan dan Minuman > MAKANAN & BAHAN MAKANAN > ES KRIM & LAINNYA,Makanan dan Minuman > MAKANAN & BAHAN MAKANAN > ES KRIM & LAINNYA > TEPUNG ES KRIM,14,7,14
95,GULA & PEMANIS,,3,8,false,A001-05-05,05,true,true,000100060005,15,MAKANAN & BAHAN MAKANAN,Makanan dan Minuman > MAKANAN & BAHAN MAKANAN,Makanan dan Minuman > MAKANAN & BAHAN MAKANAN > GULA & PEMANIS,6,0,103
574,GULA PASIR,,4,0,true,A001-05-05-01,01,true,true,0001000600050001,95,GULA & PEMANIS,Makanan dan Minuman > MAKANAN & BAHAN MAKANAN > GULA & PEMANIS,Makanan dan Minuman > MAKANAN & BAHAN MAKANAN > GULA & PEMANIS > GULA PASIR,25,22,25
575,GULA MERAH,,4,0,true,A001-05-05-02,02,true,true,0001000600050002,95,GULA & PEMANIS,Makanan dan Minuman > MAKANAN & BAHAN MAKANAN > GULA & PEMANIS,Makanan dan Minuman > MAKANAN & BAHAN MAKANAN > GULA & PEMANIS > GULA MERAH,7,4,7
576,GULA AREN,,4,0,true,A001-05-05-03,03,true,true,0001000600050003,95,GULA & PEMANIS,Makanan dan Minuman > MAKANAN & BAHAN MAKANAN > GULA & PEMANIS,Makanan dan Minuman > MAKANAN & BAHAN MAKANAN > GULA & PEMANIS > GULA AREN,30,18,30
577,GULA TEPUNG,,4,0,true,A001-05-05-04,04,true,true,0001000600050004,95,GULA & PEMANIS,Makanan dan Minuman > MAKANAN & BAHAN MAKANAN > GULA & PEMANIS,Makanan dan Minuman > MAKANAN & BAHAN MAKANAN > GULA & PEMANIS > GULA TEPUNG,7,5,7
578,GULA JAWA,,4,0,true,A001-05-05-05,05,true,true,0001000600050005,95,GULA & PEMANIS,Makanan dan Minuman > MAKANAN & BAHAN MAKANAN > GULA & PEMANIS,Makanan dan Minuman > MAKANAN & BAHAN MAKANAN > GULA & PEMANIS > GULA JAWA,0,0,0
579,GULA BATU,,4,0,true,A001-05-05-06,06,true,true,0001000600050006,95,GULA & PEMANIS,Makanan dan Minuman > MAKANAN & BAHAN MAKANAN > GULA & PEMANIS,Makanan dan Minuman > MAKANAN & BAHAN MAKANAN > GULA & PEMANIS > GULA BATU,8,6,8
580,GULA CAIR,,4,0,true,A001-05-05-07,07,true,true,0001000600050007,95,GULA & PEMANIS,Makanan dan Minuman > MAKANAN & BAHAN MAKANAN > GULA & PEMANIS,Makanan dan Minuman > MAKANAN & BAHAN MAKANAN > GULA & PEMANIS > GULA CAIR,4,3,4
581,PEMANIS & PENGGANTI GULA,,4,0,true,A001-05-05-08,08,true,true,0001000600050008,95,GULA & PEMANIS,Makanan dan Minuman > MAKANAN & BAHAN MAKANAN > GULA & PEMANIS,Makanan dan Minuman > MAKANAN & BAHAN MAKANAN > GULA & PEMANIS > PEMANIS & PENGGANTI GULA,16,11,16
96,MADU,,3,0,true,A001-05-06,06,true,true,000100060006,15,MAKANAN & BAHAN MAKANAN,Makanan dan Minuman > MAKANAN & BAHAN MAKANAN,Makanan dan Minuman > MAKANAN & BAHAN MAKANAN > MADU,120,74,120
97,MAKANAN BEKU,,3,16,false,A001-05-07,07,true,true,000100060007,15,MAKANAN & BAHAN MAKANAN,Makanan dan Minuman > MAKANAN & BAHAN MAKANAN,Makanan dan Minuman > MAKANAN & BAHAN MAKANAN > MAKANAN BEKU,11,7,592
582,ADONAN BEKU,,4,0,true,A001-05-07-01,01,true,true,0001000600070001,97,MAKANAN BEKU,Makanan dan Minuman > MAKANAN & BAHAN MAKANAN > MAKANAN BEKU,Makanan dan Minuman > MAKANAN & BAHAN MAKANAN > MAKANAN BEKU > ADONAN BEKU,0,0,0
583,ANEKA DIMSUM BEKU,,4,0,true,A001-05-07-02,02,true,true,0001000600070002,97,MAKANAN BEKU,Makanan dan Minuman > MAKANAN & BAHAN MAKANAN > MAKANAN BEKU,Makanan dan Minuman > MAKANAN & BAHAN MAKANAN > MAKANAN BEKU > ANEKA DIMSUM BEKU,11,8,11
584,BAKSO BEKU,,4,0,true,A001-05-07-03,03,true,true,0001000600070003,97,MAKANAN BEKU,Makanan dan Minuman > MAKANAN & BAHAN MAKANAN > MAKANAN BEKU,Makanan dan Minuman > MAKANAN & BAHAN MAKANAN > MAKANAN BEKU > BAKSO BEKU,58,39,58
585,DAGING AYAM BEKU,,4,0,true,A001-05-07-04,04,true,true,0001000600070004,97,MAKANAN BEKU,Makanan dan Minuman > MAKANAN & BAHAN MAKANAN > MAKANAN BEKU,Makanan dan Minuman > MAKANAN & BAHAN MAKANAN > MAKANAN BEKU > DAGING AYAM BEKU,56,43,56
586,DAGING SAPI BEKU,,4,0,true,A001-05-07-05,05,true,true,0001000600070005,97,MAKANAN BEKU,Makanan dan Minuman > MAKANAN & BAHAN MAKANAN > MAKANAN BEKU,Makanan dan Minuman > MAKANAN & BAHAN MAKANAN > MAKANAN BEKU > DAGING SAPI BEKU,24,15,24
587,GYOZA / PANGSIT BEKU,,4,0,true,A001-05-07-06,06,true,true,0001000600070006,97,MAKANAN BEKU,Makanan dan Minuman > MAKANAN & BAHAN MAKANAN > MAKANAN BEKU,Makanan dan Minuman > MAKANAN & BAHAN MAKANAN > MAKANAN BEKU > GYOZA / PANGSIT BEKU,5,5,5
588,IKAN & SEAFOOD BEKU,,4,0,true,A001-05-07-07,07,true,true,0001000600070007,97,MAKANAN BEKU,Makanan dan Minuman > MAKANAN & BAHAN MAKANAN > MAKANAN BEKU,Makanan dan Minuman > MAKANAN & BAHAN MAKANAN > MAKANAN BEKU > IKAN & SEAFOOD BEKU,40,20,40
589,KENTANG BEKU,,4,0,true,A001-05-07-08,08,true,true,0001000600070008,97,MAKANAN BEKU,Makanan dan Minuman > MAKANAN & BAHAN MAKANAN > MAKANAN BEKU,Makanan dan Minuman > MAKANAN & BAHAN MAKANAN > MAKANAN BEKU > KENTANG BEKU,27,25,27
590,MANTAU BEKU,,4,0,true,A001-05-07-09,09,true,true,0001000600070009,97,MAKANAN BEKU,Makanan dan Minuman > MAKANAN & BAHAN MAKANAN > MAKANAN BEKU,Makanan dan Minuman > MAKANAN & BAHAN MAKANAN > MAKANAN BEKU > MANTAU BEKU,11,10,11
591,NUGGET BEKU,,4,0,true,A001-05-07-10,10,true,true,000100060007000A,97,MAKANAN BEKU,Makanan dan Minuman > MAKANAN & BAHAN MAKANAN > MAKANAN BEKU,Makanan dan Minuman > MAKANAN & BAHAN MAKANAN > MAKANAN BEKU > NUGGET BEKU,127,91,127
592,PANCAKE BEKU,,4,0,true,A001-05-07-11,11,true,true,000100060007000B,97,MAKANAN BEKU,Makanan dan Minuman > MAKANAN & BAHAN MAKANAN > MAKANAN BEKU,Makanan dan Minuman > MAKANAN & BAHAN MAKANAN > MAKANAN BEKU > PANCAKE BEKU,1,1,1
593,PIZZA BEKU,,4,0,true,A001-05-07-12,12,true,true,000100060007000C,97,MAKANAN BEKU,Makanan dan Minuman > MAKANAN & BAHAN MAKANAN > MAKANAN BEKU,Makanan dan Minuman > MAKANAN & BAHAN MAKANAN > MAKANAN BEKU > PIZZA BEKU,1,1,1
594,ROTI CANAI / PRATA BEKU,,4,0,true,A001-05-07-13,13,true,true,000100060007000D,97,MAKANAN BEKU,Makanan dan Minuman > MAKANAN & BAHAN MAKANAN > MAKANAN BEKU,Makanan dan Minuman > MAKANAN & BAHAN MAKANAN > MAKANAN BEKU > ROTI CANAI / PRATA BEKU,7,6,7
595,SAYURAN BEKU,,4,0,true,A001-05-07-14,14,true,true,000100060007000E,97,MAKANAN BEKU,Makanan dan Minuman > MAKANAN & BAHAN MAKANAN > MAKANAN BEKU,Makanan dan Minuman > MAKANAN & BAHAN MAKANAN > MAKANAN BEKU > SAYURAN BEKU,8,7,8
596,SOSIS BEKU,,4,0,true,A001-05-07-15,15,true,true,000100060007000F,97,MAKANAN BEKU,Makanan dan Minuman > MAKANAN & BAHAN MAKANAN > MAKANAN BEKU,Makanan dan Minuman > MAKANAN & BAHAN MAKANAN > MAKANAN BEKU > SOSIS BEKU,121,83,121
597,MAKANAN BEKU LAINNYA,,4,0,true,A001-05-07-99,99,true,true,000100060007000G,97,MAKANAN BEKU,Makanan dan Minuman > MAKANAN & BAHAN MAKANAN > MAKANAN BEKU,Makanan dan Minuman > MAKANAN & BAHAN MAKANAN > MAKANAN BEKU > MAKANAN BEKU LAINNYA,84,71,84
98,MAKANAN DALAM KEMASAN & KALENG,,3,12,false,A001-05-08,08,true,true,000100060008,15,MAKANAN & BAHAN MAKANAN,Makanan dan Minuman > MAKANAN & BAHAN MAKANAN,Makanan dan Minuman > MAKANAN & BAHAN MAKANAN > MAKANAN DALAM KEMASAN & KALENG,5,1,599
598,ABON,,4,0,true,A001-05-08-01,01,true,true,0001000600080001,98,MAKANAN DALAM KEMASAN & KALENG,Makanan dan Minuman > MAKANAN & BAHAN MAKANAN > MAKANAN DALAM KEMASAN & KALENG,Makanan dan Minuman > MAKANAN & BAHAN MAKANAN > MAKANAN DALAM KEMASAN & KALENG > ABON,50,38,50
599,BAHAN MAKANAN KERING LAINNYA,,4,0,true,A001-05-08-02,02,true,true,0001000600080002,98,MAKANAN DALAM KEMASAN & KALENG,Makanan dan Minuman > MAKANAN & BAHAN MAKANAN > MAKANAN DALAM KEMASAN & KALENG,Makanan dan Minuman > MAKANAN & BAHAN MAKANAN > MAKANAN DALAM KEMASAN & KALENG > BAHAN MAKANAN KERING LAINNYA,8,6,8
600,BUAH DALAM KEMASAN,,4,0,true,A001-05-08-03,03,true,true,0001000600080003,98,MAKANAN DALAM KEMASAN & KALENG,Makanan dan Minuman > MAKANAN & BAHAN MAKANAN > MAKANAN DALAM KEMASAN & KALENG,Makanan dan Minuman > MAKANAN & BAHAN MAKANAN > MAKANAN DALAM KEMASAN & KALENG > BUAH DALAM KEMASAN,28,16,28
601,BIJI BIJIAN DAN KACANG MENTAH,,4,0,true,A001-05-08-04,04,true,true,0001000600080004,98,MAKANAN DALAM KEMASAN & KALENG,Makanan dan Minuman > MAKANAN & BAHAN MAKANAN > MAKANAN DALAM KEMASAN & KALENG,Makanan dan Minuman > MAKANAN & BAHAN MAKANAN > MAKANAN DALAM KEMASAN & KALENG > BIJI BIJIAN DAN KACANG MENTAH,16,11,16
602,IKAN DALAM KEMASAN PACK,,4,0,true,A001-05-08-05,05,true,true,0001000600080005,98,MAKANAN DALAM KEMASAN & KALENG,Makanan dan Minuman > MAKANAN & BAHAN MAKANAN > MAKANAN DALAM KEMASAN & KALENG,Makanan dan Minuman > MAKANAN & BAHAN MAKANAN > MAKANAN DALAM KEMASAN & KALENG > IKAN DALAM KEMASAN PACK,27,22,27
603,KERUPUK ,,4,2,false,A001-05-08-06,06,true,true,0001000600080006,98,MAKANAN DALAM KEMASAN & KALENG,Makanan dan Minuman > MAKANAN & BAHAN MAKANAN > MAKANAN DALAM KEMASAN & KALENG,Makanan dan Minuman > MAKANAN & BAHAN MAKANAN > MAKANAN DALAM KEMASAN & KALENG > KERUPUK ,9,8,140
1333,KERUPUK MENTAH DALAM KEMASAN,,5,0,true,A001-05-08-06-01,01,true,true,00010006000800060001,603,KERUPUK ,Makanan dan Minuman > MAKANAN & BAHAN MAKANAN > MAKANAN DALAM KEMASAN & KALENG > KERUPUK ,Makanan dan Minuman > MAKANAN & BAHAN MAKANAN > MAKANAN DALAM KEMASAN & KALENG > KERUPUK  > KERUPUK MENTAH DALAM KEMASAN,65,40,65
1334,KERUPUK SIAP MAKAN,,5,0,true,A001-05-08-06-02,02,true,true,00010006000800060002,603,KERUPUK ,Makanan dan Minuman > MAKANAN & BAHAN MAKANAN > MAKANAN DALAM KEMASAN & KALENG > KERUPUK ,Makanan dan Minuman > MAKANAN & BAHAN MAKANAN > MAKANAN DALAM KEMASAN & KALENG > KERUPUK  > KERUPUK SIAP MAKAN,66,53,66
604,KORNET,,4,0,true,A001-05-08-07,07,true,true,0001000600080007,98,MAKANAN DALAM KEMASAN & KALENG,Makanan dan Minuman > MAKANAN & BAHAN MAKANAN > MAKANAN DALAM KEMASAN & KALENG,Makanan dan Minuman > MAKANAN & BAHAN MAKANAN > MAKANAN DALAM KEMASAN & KALENG > KORNET,37,27,37
605,MAKANAN SIAP SAJI,,4,5,false,A001-05-08-08,08,true,true,0001000600080008,98,MAKANAN DALAM KEMASAN & KALENG,Makanan dan Minuman > MAKANAN & BAHAN MAKANAN > MAKANAN DALAM KEMASAN & KALENG,Makanan dan Minuman > MAKANAN & BAHAN MAKANAN > MAKANAN DALAM KEMASAN & KALENG > MAKANAN SIAP SAJI,34,23,88
1335,NASI SIAP SAJI,,5,0,true,A001-05-08-08-01,01,true,true,00010006000800080001,605,MAKANAN SIAP SAJI,Makanan dan Minuman > MAKANAN & BAHAN MAKANAN > MAKANAN DALAM KEMASAN & KALENG > MAKANAN SIAP SAJI,Makanan dan Minuman > MAKANAN & BAHAN MAKANAN > MAKANAN DALAM KEMASAN & KALENG > MAKANAN SIAP SAJI > NASI SIAP SAJI,2,0,2
1336,BUBUR SIAP SAJI,,5,0,true,A001-05-08-08-02,02,true,true,00010006000800080002,605,MAKANAN SIAP SAJI,Makanan dan Minuman > MAKANAN & BAHAN MAKANAN > MAKANAN DALAM KEMASAN & KALENG > MAKANAN SIAP SAJI,Makanan dan Minuman > MAKANAN & BAHAN MAKANAN > MAKANAN DALAM KEMASAN & KALENG > MAKANAN SIAP SAJI > BUBUR SIAP SAJI,11,9,11
1337,SEBLAK SIAP SAJI,,5,0,true,A001-05-08-08-03,03,true,true,00010006000800080003,605,MAKANAN SIAP SAJI,Makanan dan Minuman > MAKANAN & BAHAN MAKANAN > MAKANAN DALAM KEMASAN & KALENG > MAKANAN SIAP SAJI,Makanan dan Minuman > MAKANAN & BAHAN MAKANAN > MAKANAN DALAM KEMASAN & KALENG > MAKANAN SIAP SAJI > SEBLAK SIAP SAJI,6,2,6
1338,SUP SAJI,,5,0,true,A001-05-08-08-04,04,true,true,00010006000800080004,605,MAKANAN SIAP SAJI,Makanan dan Minuman > MAKANAN & BAHAN MAKANAN > MAKANAN DALAM KEMASAN & KALENG > MAKANAN SIAP SAJI,Makanan dan Minuman > MAKANAN & BAHAN MAKANAN > MAKANAN DALAM KEMASAN & KALENG > MAKANAN SIAP SAJI > SUP SAJI,16,10,16
1339,MAKANAN SIAP SAJI LAINNYA,,5,0,true,A001-05-08-08-99,99,true,true,00010006000800080005,605,MAKANAN SIAP SAJI,Makanan dan Minuman > MAKANAN & BAHAN MAKANAN > MAKANAN DALAM KEMASAN & KALENG > MAKANAN SIAP SAJI,Makanan dan Minuman > MAKANAN & BAHAN MAKANAN > MAKANAN DALAM KEMASAN & KALENG > MAKANAN SIAP SAJI > MAKANAN SIAP SAJI LAINNYA,19,9,19
606,MUTIARA SAGU / PACAR CINA,,4,0,true,A001-05-08-09,09,true,true,0001000600080009,98,MAKANAN DALAM KEMASAN & KALENG,Makanan dan Minuman > MAKANAN & BAHAN MAKANAN > MAKANAN DALAM KEMASAN & KALENG,Makanan dan Minuman > MAKANAN & BAHAN MAKANAN > MAKANAN DALAM KEMASAN & KALENG > MUTIARA SAGU / PACAR CINA,6,5,6
607,IKAN DALAM KEMASAN KALENG,,4,0,true,A001-05-08-10,10,true,true,000100060008000A,98,MAKANAN DALAM KEMASAN & KALENG,Makanan dan Minuman > MAKANAN & BAHAN MAKANAN > MAKANAN DALAM KEMASAN & KALENG,Makanan dan Minuman > MAKANAN & BAHAN MAKANAN > MAKANAN DALAM KEMASAN & KALENG > IKAN DALAM KEMASAN KALENG,119,77,119
608,SAYUR DALAM KEMASAN,,4,0,true,A001-05-08-11,11,true,true,000100060008000B,98,MAKANAN DALAM KEMASAN & KALENG,Makanan dan Minuman > MAKANAN & BAHAN MAKANAN > MAKANAN DALAM KEMASAN & KALENG,Makanan dan Minuman > MAKANAN & BAHAN MAKANAN > MAKANAN DALAM KEMASAN & KALENG > SAYUR DALAM KEMASAN,21,16,21
609,SOSIS SIAP MAKAN,,4,0,true,A001-05-08-12,12,true,true,000100060008000C,98,MAKANAN DALAM KEMASAN & KALENG,Makanan dan Minuman > MAKANAN & BAHAN MAKANAN > MAKANAN DALAM KEMASAN & KALENG,Makanan dan Minuman > MAKANAN & BAHAN MAKANAN > MAKANAN DALAM KEMASAN & KALENG > SOSIS SIAP MAKAN,54,46,54
99,"MIE, BIHUN, KWETIAU INSTAN",,3,6,false,A001-05-09,09,true,true,000100060009,15,MAKANAN & BAHAN MAKANAN,Makanan dan Minuman > MAKANAN & BAHAN MAKANAN,"Makanan dan Minuman > MAKANAN & BAHAN MAKANAN > MIE, BIHUN, KWETIAU INSTAN",16,2,439
610,BIHUN INSTAN BUNGKUS,,4,0,true,A001-05-09-01,01,true,true,0001000600090001,99,"MIE, BIHUN, KWETIAU INSTAN","Makanan dan Minuman > MAKANAN & BAHAN MAKANAN > MIE, BIHUN, KWETIAU INSTAN","Makanan dan Minuman > MAKANAN & BAHAN MAKANAN > MIE, BIHUN, KWETIAU INSTAN > BIHUN INSTAN BUNGKUS",24,18,24
611,KWETIAU INSTAN BUNGKUS,,4,0,true,A001-05-09-02,02,true,true,0001000600090002,99,"MIE, BIHUN, KWETIAU INSTAN","Makanan dan Minuman > MAKANAN & BAHAN MAKANAN > MIE, BIHUN, KWETIAU INSTAN","Makanan dan Minuman > MAKANAN & BAHAN MAKANAN > MIE, BIHUN, KWETIAU INSTAN > KWETIAU INSTAN BUNGKUS",3,3,3
612,MIE INSTAN BUNGKUS,,4,0,true,A001-05-09-03,03,true,true,0001000600090003,99,"MIE, BIHUN, KWETIAU INSTAN","Makanan dan Minuman > MAKANAN & BAHAN MAKANAN > MIE, BIHUN, KWETIAU INSTAN","Makanan dan Minuman > MAKANAN & BAHAN MAKANAN > MIE, BIHUN, KWETIAU INSTAN > MIE INSTAN BUNGKUS",318,220,318
613,MIE INSTAN DALAM KEMASAN CUP,,4,0,true,A001-05-09-04,04,true,true,0001000600090004,99,"MIE, BIHUN, KWETIAU INSTAN","Makanan dan Minuman > MAKANAN & BAHAN MAKANAN > MIE, BIHUN, KWETIAU INSTAN","Makanan dan Minuman > MAKANAN & BAHAN MAKANAN > MIE, BIHUN, KWETIAU INSTAN > MIE INSTAN DALAM KEMASAN CUP",60,51,60
614,MIESOA INSTAN BUNGKUS,,4,0,true,A001-05-09-05,05,true,true,0001000600090005,99,"MIE, BIHUN, KWETIAU INSTAN","Makanan dan Minuman > MAKANAN & BAHAN MAKANAN > MIE, BIHUN, KWETIAU INSTAN","Makanan dan Minuman > MAKANAN & BAHAN MAKANAN > MIE, BIHUN, KWETIAU INSTAN > MIESOA INSTAN BUNGKUS",0,0,0
615,PASTA INSTAN BUNGKUS,,4,0,true,A001-05-09-06,06,true,true,0001000600090006,99,"MIE, BIHUN, KWETIAU INSTAN","Makanan dan Minuman > MAKANAN & BAHAN MAKANAN > MIE, BIHUN, KWETIAU INSTAN","Makanan dan Minuman > MAKANAN & BAHAN MAKANAN > MIE, BIHUN, KWETIAU INSTAN > PASTA INSTAN BUNGKUS",18,16,18
100,MIE KERING & PASTA,,3,7,false,A001-05-10,10,true,true,00010006000A,15,MAKANAN & BAHAN MAKANAN,Makanan dan Minuman > MAKANAN & BAHAN MAKANAN,Makanan dan Minuman > MAKANAN & BAHAN MAKANAN > MIE KERING & PASTA,0,0,150
616,BIHUN KERING,,4,0,true,A001-05-10-01,01,true,true,00010006000A0001,100,MIE KERING & PASTA,Makanan dan Minuman > MAKANAN & BAHAN MAKANAN > MIE KERING & PASTA,Makanan dan Minuman > MAKANAN & BAHAN MAKANAN > MIE KERING & PASTA > BIHUN KERING,15,13,15
617,KWETIAU KERING,,4,0,true,A001-05-10-02,02,true,true,00010006000A0002,100,MIE KERING & PASTA,Makanan dan Minuman > MAKANAN & BAHAN MAKANAN > MIE KERING & PASTA,Makanan dan Minuman > MAKANAN & BAHAN MAKANAN > MIE KERING & PASTA > KWETIAU KERING,5,5,5
618,MIE SOA KERING,,4,0,true,A001-05-10-03,03,true,true,00010006000A0003,100,MIE KERING & PASTA,Makanan dan Minuman > MAKANAN & BAHAN MAKANAN > MIE KERING & PASTA,Makanan dan Minuman > MAKANAN & BAHAN MAKANAN > MIE KERING & PASTA > MIE SOA KERING,12,12,12
619,MIE TELOR KERING,,4,0,true,A001-05-10-04,04,true,true,00010006000A0004,100,MIE KERING & PASTA,Makanan dan Minuman > MAKANAN & BAHAN MAKANAN > MIE KERING & PASTA,Makanan dan Minuman > MAKANAN & BAHAN MAKANAN > MIE KERING & PASTA > MIE TELOR KERING,21,20,21
620,PASTA KERING,,4,0,true,A001-05-10-05,05,true,true,00010006000A0005,100,MIE KERING & PASTA,Makanan dan Minuman > MAKANAN & BAHAN MAKANAN > MIE KERING & PASTA,Makanan dan Minuman > MAKANAN & BAHAN MAKANAN > MIE KERING & PASTA > PASTA KERING,79,47,79
621,SOUN KERING ,,4,0,true,A001-05-10-06,06,true,true,00010006000A0006,100,MIE KERING & PASTA,Makanan dan Minuman > MAKANAN & BAHAN MAKANAN > MIE KERING & PASTA,Makanan dan Minuman > MAKANAN & BAHAN MAKANAN > MIE KERING & PASTA > SOUN KERING ,14,12,14
622,UDON KERING,,4,0,true,A001-05-10-07,07,true,true,00010006000A0007,100,MIE KERING & PASTA,Makanan dan Minuman > MAKANAN & BAHAN MAKANAN > MIE KERING & PASTA,Makanan dan Minuman > MAKANAN & BAHAN MAKANAN > MIE KERING & PASTA > UDON KERING,4,4,4
101,MINYAK,,3,10,false,A001-05-11,11,true,true,00010006000B,15,MAKANAN & BAHAN MAKANAN,Makanan dan Minuman > MAKANAN & BAHAN MAKANAN,Makanan dan Minuman > MAKANAN & BAHAN MAKANAN > MINYAK,2,2,192
623,MINYAK BUNGA MATAHARI,,4,0,true,A001-05-11-01,01,true,true,00010006000B0001,101,MINYAK,Makanan dan Minuman > MAKANAN & BAHAN MAKANAN > MINYAK,Makanan dan Minuman > MAKANAN & BAHAN MAKANAN > MINYAK > MINYAK BUNGA MATAHARI,6,4,6
624,MINYAK GORENG,,4,0,true,A001-05-11-02,02,true,true,00010006000B0002,101,MINYAK,Makanan dan Minuman > MAKANAN & BAHAN MAKANAN > MINYAK,Makanan dan Minuman > MAKANAN & BAHAN MAKANAN > MINYAK > MINYAK GORENG,86,44,86
625,MINYAK JAGUNG,,4,0,true,A001-05-11-03,03,true,true,00010006000B0003,101,MINYAK,Makanan dan Minuman > MAKANAN & BAHAN MAKANAN > MINYAK,Makanan dan Minuman > MAKANAN & BAHAN MAKANAN > MINYAK > MINYAK JAGUNG,8,5,8
626,MINYAK KANOLA,,4,0,true,A001-05-11-04,04,true,true,00010006000B0004,101,MINYAK,Makanan dan Minuman > MAKANAN & BAHAN MAKANAN > MINYAK,Makanan dan Minuman > MAKANAN & BAHAN MAKANAN > MINYAK > MINYAK KANOLA,9,9,9
627,MINYAK KEDELAI,,4,0,true,A001-05-11-05,05,true,true,00010006000B0005,101,MINYAK,Makanan dan Minuman > MAKANAN & BAHAN MAKANAN > MINYAK,Makanan dan Minuman > MAKANAN & BAHAN MAKANAN > MINYAK > MINYAK KEDELAI,2,2,2
628,MINYAK KELAPA,,4,0,true,A001-05-11-06,06,true,true,00010006000B0006,101,MINYAK,Makanan dan Minuman > MAKANAN & BAHAN MAKANAN > MINYAK,Makanan dan Minuman > MAKANAN & BAHAN MAKANAN > MINYAK > MINYAK KELAPA,19,17,19
629,MINYAK UNTUK SALAD,,4,0,true,A001-05-11-07,07,true,true,00010006000B0007,101,MINYAK,Makanan dan Minuman > MAKANAN & BAHAN MAKANAN > MINYAK,Makanan dan Minuman > MAKANAN & BAHAN MAKANAN > MINYAK > MINYAK UNTUK SALAD,1,1,1
630,MINYAK WIJEN,,4,0,true,A001-05-11-08,08,true,true,00010006000B0008,101,MINYAK,Makanan dan Minuman > MAKANAN & BAHAN MAKANAN > MINYAK,Makanan dan Minuman > MAKANAN & BAHAN MAKANAN > MINYAK > MINYAK WIJEN,15,14,15
631,MINYAK ZAITUN,,4,0,true,A001-05-11-09,09,true,true,00010006000B0009,101,MINYAK,Makanan dan Minuman > MAKANAN & BAHAN MAKANAN > MINYAK,Makanan dan Minuman > MAKANAN & BAHAN MAKANAN > MINYAK > MINYAK ZAITUN,43,35,43
632,MINYAK LAINNYA,,4,0,true,A001-05-11-99,99,true,true,00010006000B000A,101,MINYAK,Makanan dan Minuman > MAKANAN & BAHAN MAKANAN > MINYAK,Makanan dan Minuman > MAKANAN & BAHAN MAKANAN > MINYAK > MINYAK LAINNYA,1,1,1
102,PRODUK SUSU,,3,5,false,A001-05-12,12,true,true,00010006000C,15,MAKANAN & BAHAN MAKANAN,Makanan dan Minuman > MAKANAN & BAHAN MAKANAN,Makanan dan Minuman > MAKANAN & BAHAN MAKANAN > PRODUK SUSU,1,1,167
633,KEJU,,4,0,true,A001-05-12-01,01,true,true,00010006000C0001,102,PRODUK SUSU,Makanan dan Minuman > MAKANAN & BAHAN MAKANAN > PRODUK SUSU,Makanan dan Minuman > MAKANAN & BAHAN MAKANAN > PRODUK SUSU > KEJU,105,68,105
634,MARGARIN,,4,0,true,A001-05-12-02,02,true,true,00010006000C0002,102,PRODUK SUSU,Makanan dan Minuman > MAKANAN & BAHAN MAKANAN > PRODUK SUSU,Makanan dan Minuman > MAKANAN & BAHAN MAKANAN > PRODUK SUSU > MARGARIN,22,17,22
635,MENTEGA (BUTTER),,4,0,true,A001-05-12-03,03,true,true,00010006000C0003,102,PRODUK SUSU,Makanan dan Minuman > MAKANAN & BAHAN MAKANAN > PRODUK SUSU,Makanan dan Minuman > MAKANAN & BAHAN MAKANAN > PRODUK SUSU > MENTEGA (BUTTER),22,15,22
636,KRIM ,,4,0,true,A001-05-12-04,04,true,true,00010006000C0004,102,PRODUK SUSU,Makanan dan Minuman > MAKANAN & BAHAN MAKANAN > PRODUK SUSU,Makanan dan Minuman > MAKANAN & BAHAN MAKANAN > PRODUK SUSU > KRIM ,1,0,1
637,WHIPPED CREAM CAIR,,4,0,true,A001-05-12-05,05,true,true,00010006000C0005,102,PRODUK SUSU,Makanan dan Minuman > MAKANAN & BAHAN MAKANAN > PRODUK SUSU,Makanan dan Minuman > MAKANAN & BAHAN MAKANAN > PRODUK SUSU > WHIPPED CREAM CAIR,16,11,16
103,SAUS,,3,10,false,A001-05-13,13,true,true,00010006000D,15,MAKANAN & BAHAN MAKANAN,Makanan dan Minuman > MAKANAN & BAHAN MAKANAN,Makanan dan Minuman > MAKANAN & BAHAN MAKANAN > SAUS,10,2,614
638,CUKA,,4,4,false,A001-05-13-01,01,true,true,00010006000D0001,103,SAUS,Makanan dan Minuman > MAKANAN & BAHAN MAKANAN > SAUS,Makanan dan Minuman > MAKANAN & BAHAN MAKANAN > SAUS > CUKA,0,0,20
1340,CUKA APEL,,5,0,true,A001-05-13-01-01,01,true,true,00010006000D00010001,638,CUKA,Makanan dan Minuman > MAKANAN & BAHAN MAKANAN > SAUS > CUKA,Makanan dan Minuman > MAKANAN & BAHAN MAKANAN > SAUS > CUKA > CUKA APEL,8,7,8
1341,CUKA BALSAMIC,,5,0,true,A001-05-13-01-02,02,true,true,00010006000D00010002,638,CUKA,Makanan dan Minuman > MAKANAN & BAHAN MAKANAN > SAUS > CUKA,Makanan dan Minuman > MAKANAN & BAHAN MAKANAN > SAUS > CUKA > CUKA BALSAMIC,1,0,1
1342,CUKA LAINNYA,,5,0,true,A001-05-13-01-03,03,true,true,00010006000D00010003,638,CUKA,Makanan dan Minuman > MAKANAN & BAHAN MAKANAN > SAUS > CUKA,Makanan dan Minuman > MAKANAN & BAHAN MAKANAN > SAUS > CUKA > CUKA LAINNYA,3,0,3
1343,CUKA MAKAN/DAPUR,,5,0,true,A001-05-13-01-04,04,true,true,00010006000D00010004,638,CUKA,Makanan dan Minuman > MAKANAN & BAHAN MAKANAN > SAUS > CUKA,Makanan dan Minuman > MAKANAN & BAHAN MAKANAN > SAUS > CUKA > CUKA MAKAN/DAPUR,8,6,8
639,KECAP,,4,5,false,A001-05-13-02,02,true,true,00010006000D0002,103,SAUS,Makanan dan Minuman > MAKANAN & BAHAN MAKANAN > SAUS,Makanan dan Minuman > MAKANAN & BAHAN MAKANAN > SAUS > KECAP,1,1,108
1344,KECAP ASIN,,5,0,true,A001-05-13-02-01,01,true,true,00010006000D00020001,639,KECAP,Makanan dan Minuman > MAKANAN & BAHAN MAKANAN > SAUS > KECAP,Makanan dan Minuman > MAKANAN & BAHAN MAKANAN > SAUS > KECAP > KECAP ASIN,19,18,19
1345,KECAP IKAN,,5,0,true,A001-05-13-02-02,02,true,true,00010006000D00020002,639,KECAP,Makanan dan Minuman > MAKANAN & BAHAN MAKANAN > SAUS > KECAP,Makanan dan Minuman > MAKANAN & BAHAN MAKANAN > SAUS > KECAP > KECAP IKAN,6,5,6
1346,KECAP INGGRIS,,5,0,true,A001-05-13-02-03,03,true,true,00010006000D00020003,639,KECAP,Makanan dan Minuman > MAKANAN & BAHAN MAKANAN > SAUS > KECAP,Makanan dan Minuman > MAKANAN & BAHAN MAKANAN > SAUS > KECAP > KECAP INGGRIS,7,7,7
1347,KECAP MANIS,,5,2,false,A001-05-13-02-04,04,true,true,00010006000D00020004,639,KECAP,Makanan dan Minuman > MAKANAN & BAHAN MAKANAN > SAUS > KECAP,Makanan dan Minuman > MAKANAN & BAHAN MAKANAN > SAUS > KECAP > KECAP MANIS,2,1,69
1469,KECAP MANIS KEMASAN BOTOL,,6,0,true,A001-05-13-02-04-01,01,true,true,00010006000D000200040001,1347,KECAP MANIS,Makanan dan Minuman > MAKANAN & BAHAN MAKANAN > SAUS > KECAP > KECAP MANIS,Makanan dan Minuman > MAKANAN & BAHAN MAKANAN > SAUS > KECAP > KECAP MANIS > KECAP MANIS KEMASAN BOTOL,29,22,29
1470,KECAP MANIS KEMASAN REFILL (POUCH),,6,0,true,A001-05-13-02-04-02,02,true,true,00010006000D000200040002,1347,KECAP MANIS,Makanan dan Minuman > MAKANAN & BAHAN MAKANAN > SAUS > KECAP > KECAP MANIS,Makanan dan Minuman > MAKANAN & BAHAN MAKANAN > SAUS > KECAP > KECAP MANIS > KECAP MANIS KEMASAN REFILL (POUCH),38,28,38
1348,KECAP LAINNYA,,5,0,true,A001-05-13-02-99,99,true,true,00010006000D00020005,639,KECAP,Makanan dan Minuman > MAKANAN & BAHAN MAKANAN > SAUS > KECAP,Makanan dan Minuman > MAKANAN & BAHAN MAKANAN > SAUS > KECAP > KECAP LAINNYA,6,3,6
640,MAYONES,,4,0,true,A001-05-13-03,03,true,true,00010006000D0003,103,SAUS,Makanan dan Minuman > MAKANAN & BAHAN MAKANAN > SAUS,Makanan dan Minuman > MAKANAN & BAHAN MAKANAN > SAUS > MAYONES,40,21,40
641,SAUS PASTA,,4,0,true,A001-05-13-04,04,true,true,00010006000D0004,103,SAUS,Makanan dan Minuman > MAKANAN & BAHAN MAKANAN > SAUS,Makanan dan Minuman > MAKANAN & BAHAN MAKANAN > SAUS > SAUS PASTA,32,23,32
642,SAUS SALAD,,4,0,true,A001-05-13-05,05,true,true,00010006000D0005,103,SAUS,Makanan dan Minuman > MAKANAN & BAHAN MAKANAN > SAUS,Makanan dan Minuman > MAKANAN & BAHAN MAKANAN > SAUS > SAUS SALAD,42,31,42
643,SAOS  PEDAS & SAMBAL,,4,4,false,A001-05-13-06,06,true,true,00010006000D0006,103,SAUS,Makanan dan Minuman > MAKANAN & BAHAN MAKANAN > SAUS,Makanan dan Minuman > MAKANAN & BAHAN MAKANAN > SAUS > SAOS  PEDAS & SAMBAL,23,3,251
1817,SAOS SAMBAL,,5,3,false,A001-05-13-06-01,01,true,true,00010006000D00060001,643,SAOS  PEDAS & SAMBAL,Makanan dan Minuman > MAKANAN & BAHAN MAKANAN > SAUS > SAOS  PEDAS & SAMBAL,Makanan dan Minuman > MAKANAN & BAHAN MAKANAN > SAUS > SAOS  PEDAS & SAMBAL > SAOS SAMBAL,14,5,73
1848,SAMBAL KEMASAN SACHET,,6,0,true,A001-05-13-06-01-01,01,true,true,00010006000D000600010001,1817,SAOS SAMBAL,Makanan dan Minuman > MAKANAN & BAHAN MAKANAN > SAUS > SAOS  PEDAS & SAMBAL > SAOS SAMBAL,Makanan dan Minuman > MAKANAN & BAHAN MAKANAN > SAUS > SAOS  PEDAS & SAMBAL > SAOS SAMBAL > SAMBAL KEMASAN SACHET,17,15,17
1849,SAMBAL KEMASAN POUCH,,6,0,true,A001-05-13-06-01-02,02,true,true,00010006000D000600010002,1817,SAOS SAMBAL,Makanan dan Minuman > MAKANAN & BAHAN MAKANAN > SAUS > SAOS  PEDAS & SAMBAL > SAOS SAMBAL,Makanan dan Minuman > MAKANAN & BAHAN MAKANAN > SAUS > SAOS  PEDAS & SAMBAL > SAOS SAMBAL > SAMBAL KEMASAN POUCH,4,2,4
1850,SAMBAL KEMASAN JAR,,6,0,true,A001-05-13-06-01-03,03,true,true,00010006000D000600010003,1817,SAOS SAMBAL,Makanan dan Minuman > MAKANAN & BAHAN MAKANAN > SAUS > SAOS  PEDAS & SAMBAL > SAOS SAMBAL,Makanan dan Minuman > MAKANAN & BAHAN MAKANAN > SAUS > SAOS  PEDAS & SAMBAL > SAOS SAMBAL > SAMBAL KEMASAN JAR,38,24,38
1818,SAOS TOMAT,,5,4,false,A001-05-13-06-02,02,true,true,00010006000D00060002,643,SAOS  PEDAS & SAMBAL,Makanan dan Minuman > MAKANAN & BAHAN MAKANAN > SAUS > SAOS  PEDAS & SAMBAL,Makanan dan Minuman > MAKANAN & BAHAN MAKANAN > SAUS > SAOS  PEDAS & SAMBAL > SAOS TOMAT,5,0,41
1820,SAOS TOMAT KEMASAN BOTOL,,6,0,true,A001-05-13-06-02-01,01,true,true,00010006000D000600020001,1818,SAOS TOMAT,Makanan dan Minuman > MAKANAN & BAHAN MAKANAN > SAUS > SAOS  PEDAS & SAMBAL > SAOS TOMAT,Makanan dan Minuman > MAKANAN & BAHAN MAKANAN > SAUS > SAOS  PEDAS & SAMBAL > SAOS TOMAT > SAOS TOMAT KEMASAN BOTOL,19,17,19
1821,SAOS TOMAT KEMASAN POUCH,,6,0,true,A001-05-13-06-02-02,02,true,true,00010006000D000600020002,1818,SAOS TOMAT,Makanan dan Minuman > MAKANAN & BAHAN MAKANAN > SAUS > SAOS  PEDAS & SAMBAL > SAOS TOMAT,Makanan dan Minuman > MAKANAN & BAHAN MAKANAN > SAUS > SAOS  PEDAS & SAMBAL > SAOS TOMAT > SAOS TOMAT KEMASAN POUCH,10,9,10
1822,SAOS TOMAT KEMASAN SACHET,,6,0,true,A001-05-13-06-02-03,03,true,true,00010006000D000600020003,1818,SAOS TOMAT,Makanan dan Minuman > MAKANAN & BAHAN MAKANAN > SAUS > SAOS  PEDAS & SAMBAL > SAOS TOMAT,Makanan dan Minuman > MAKANAN & BAHAN MAKANAN > SAUS > SAOS  PEDAS & SAMBAL > SAOS TOMAT > SAOS TOMAT KEMASAN SACHET,5,4,5
1855,SAOS TOMAT KEMASAN JERIGEN,,6,0,true,A001-05-13-06-02-04,04,true,true,00010006000D000600020004,1818,SAOS TOMAT,Makanan dan Minuman > MAKANAN & BAHAN MAKANAN > SAUS > SAOS  PEDAS & SAMBAL > SAOS TOMAT,Makanan dan Minuman > MAKANAN & BAHAN MAKANAN > SAUS > SAOS  PEDAS & SAMBAL > SAOS TOMAT > SAOS TOMAT KEMASAN JERIGEN,2,2,2
1819,SAOS CABAI,,5,4,false,A001-05-13-06-03,03,true,true,00010006000D00060003,643,SAOS  PEDAS & SAMBAL,Makanan dan Minuman > MAKANAN & BAHAN MAKANAN > SAUS > SAOS  PEDAS & SAMBAL,Makanan dan Minuman > MAKANAN & BAHAN MAKANAN > SAUS > SAOS  PEDAS & SAMBAL > SAOS CABAI,4,2,94
1851,SAOS CABAI KEMASAN POUCH,,6,0,true,A001-05-13-06-03-01,01,true,true,00010006000D000600030001,1819,SAOS CABAI,Makanan dan Minuman > MAKANAN & BAHAN MAKANAN > SAUS > SAOS  PEDAS & SAMBAL > SAOS CABAI,Makanan dan Minuman > MAKANAN & BAHAN MAKANAN > SAUS > SAOS  PEDAS & SAMBAL > SAOS CABAI > SAOS CABAI KEMASAN POUCH,21,18,21
1852,SAOS CABAI KEMASAN BOTOL,,6,0,true,A001-05-13-06-03-02,02,true,true,00010006000D000600030002,1819,SAOS CABAI,Makanan dan Minuman > MAKANAN & BAHAN MAKANAN > SAUS > SAOS  PEDAS & SAMBAL > SAOS CABAI,Makanan dan Minuman > MAKANAN & BAHAN MAKANAN > SAUS > SAOS  PEDAS & SAMBAL > SAOS CABAI > SAOS CABAI KEMASAN BOTOL,60,52,60
1853,SAOS CABAI KEMASAN JERIGEN,,6,0,true,A001-05-13-06-03-03,03,true,true,00010006000D000600030003,1819,SAOS CABAI,Makanan dan Minuman > MAKANAN & BAHAN MAKANAN > SAUS > SAOS  PEDAS & SAMBAL > SAOS CABAI,Makanan dan Minuman > MAKANAN & BAHAN MAKANAN > SAUS > SAOS  PEDAS & SAMBAL > SAOS CABAI > SAOS CABAI KEMASAN JERIGEN,2,2,2
1856,SAUS CABAI KEMASAN SACHET,,6,0,true,A001-05-13-06-03-04,04,true,true,00010006000D000600030004,1819,SAOS CABAI,Makanan dan Minuman > MAKANAN & BAHAN MAKANAN > SAUS > SAOS  PEDAS & SAMBAL > SAOS CABAI,Makanan dan Minuman > MAKANAN & BAHAN MAKANAN > SAUS > SAOS  PEDAS & SAMBAL > SAOS CABAI > SAUS CABAI KEMASAN SACHET,7,7,7
1854,SAOS PEDAS LAINNYA,,5,0,true,A001-05-13-06-04,04,true,true,00010006000D00060004,643,SAOS  PEDAS & SAMBAL,Makanan dan Minuman > MAKANAN & BAHAN MAKANAN > SAUS > SAOS  PEDAS & SAMBAL,Makanan dan Minuman > MAKANAN & BAHAN MAKANAN > SAUS > SAOS  PEDAS & SAMBAL > SAOS PEDAS LAINNYA,20,13,20
644,SAUS TIRAM,,4,0,true,A001-05-13-07,07,true,true,00010006000D0007,103,SAUS,Makanan dan Minuman > MAKANAN & BAHAN MAKANAN > SAUS,Makanan dan Minuman > MAKANAN & BAHAN MAKANAN > SAUS > SAUS TIRAM,28,22,28
645,SAUS BUMBU MASAK,,4,5,false,A001-05-13-08,08,true,true,00010006000D0008,103,SAUS,Makanan dan Minuman > MAKANAN & BAHAN MAKANAN > SAUS,Makanan dan Minuman > MAKANAN & BAHAN MAKANAN > SAUS > SAUS BUMBU MASAK,6,0,59
1842,SAUS TERIYAKI,,5,0,true,A001-05-13-08-01,01,true,true,00010006000D00080001,645,SAUS BUMBU MASAK,Makanan dan Minuman > MAKANAN & BAHAN MAKANAN > SAUS > SAUS BUMBU MASAK,Makanan dan Minuman > MAKANAN & BAHAN MAKANAN > SAUS > SAUS BUMBU MASAK > SAUS TERIYAKI,11,10,11
1843,SAUS BARBEQUE,,5,0,true,A001-05-13-08-02,02,true,true,00010006000D00080002,645,SAUS BUMBU MASAK,Makanan dan Minuman > MAKANAN & BAHAN MAKANAN > SAUS > SAUS BUMBU MASAK,Makanan dan Minuman > MAKANAN & BAHAN MAKANAN > SAUS > SAUS BUMBU MASAK > SAUS BARBEQUE,13,6,13
1844,SAOS BULGOGI,,5,0,true,A001-05-13-08-03,03,true,true,00010006000D00080003,645,SAUS BUMBU MASAK,Makanan dan Minuman > MAKANAN & BAHAN MAKANAN > SAUS > SAUS BUMBU MASAK,Makanan dan Minuman > MAKANAN & BAHAN MAKANAN > SAUS > SAUS BUMBU MASAK > SAOS BULGOGI,6,6,6
1845,SAUS BLACKPAPPER,,5,0,true,A001-05-13-08-04,04,true,true,00010006000D00080004,645,SAUS BUMBU MASAK,Makanan dan Minuman > MAKANAN & BAHAN MAKANAN > SAUS > SAUS BUMBU MASAK,Makanan dan Minuman > MAKANAN & BAHAN MAKANAN > SAUS > SAUS BUMBU MASAK > SAUS BLACKPAPPER,6,5,6
1846,SAUS BUMBU LAINNYA,,5,0,true,A001-05-13-08-05,05,true,true,00010006000D00080005,645,SAUS BUMBU MASAK,Makanan dan Minuman > MAKANAN & BAHAN MAKANAN > SAUS > SAUS BUMBU MASAK,Makanan dan Minuman > MAKANAN & BAHAN MAKANAN > SAUS > SAUS BUMBU MASAK > SAUS BUMBU LAINNYA,17,12,17
646,TAUCHO,,4,0,true,A001-05-13-09,09,true,true,00010006000D0009,103,SAUS,Makanan dan Minuman > MAKANAN & BAHAN MAKANAN > SAUS,Makanan dan Minuman > MAKANAN & BAHAN MAKANAN > SAUS > TAUCHO,20,4,20
1847,SAUS LAINNYA,,4,0,true,A001-05-13-10,10,true,true,00010006000D000A,103,SAUS,Makanan dan Minuman > MAKANAN & BAHAN MAKANAN > SAUS,Makanan dan Minuman > MAKANAN & BAHAN MAKANAN > SAUS > SAUS LAINNYA,4,2,4
104,SELAI & OLESAN,,3,2,false,A001-05-14,14,true,true,00010006000E,15,MAKANAN & BAHAN MAKANAN,Makanan dan Minuman > MAKANAN & BAHAN MAKANAN,Makanan dan Minuman > MAKANAN & BAHAN MAKANAN > SELAI & OLESAN,52,0,163
647,OLESAN,,4,0,true,A001-05-14-01,01,true,true,00010006000E0001,104,SELAI & OLESAN,Makanan dan Minuman > MAKANAN & BAHAN MAKANAN > SELAI & OLESAN,Makanan dan Minuman > MAKANAN & BAHAN MAKANAN > SELAI & OLESAN > OLESAN,73,54,73
648,SELAI,,4,0,true,A001-05-14-02,02,true,true,00010006000E0002,104,SELAI & OLESAN,Makanan dan Minuman > MAKANAN & BAHAN MAKANAN > SELAI & OLESAN,Makanan dan Minuman > MAKANAN & BAHAN MAKANAN > SELAI & OLESAN > SELAI,38,22,38
105,SEREAL & SARAPAN,,3,6,false,A001-05-15,15,true,true,00010006000F,15,MAKANAN & BAHAN MAKANAN,Makanan dan Minuman > MAKANAN & BAHAN MAKANAN,Makanan dan Minuman > MAKANAN & BAHAN MAKANAN > SEREAL & SARAPAN,3,3,585
649,GRANOLA,,4,0,true,A001-05-15-01,01,true,true,00010006000F0001,105,SEREAL & SARAPAN,Makanan dan Minuman > MAKANAN & BAHAN MAKANAN > SEREAL & SARAPAN,Makanan dan Minuman > MAKANAN & BAHAN MAKANAN > SEREAL & SARAPAN > GRANOLA,71,36,71
650,KUE,,4,0,true,A001-05-15-02,02,true,true,00010006000F0002,105,SEREAL & SARAPAN,Makanan dan Minuman > MAKANAN & BAHAN MAKANAN > SEREAL & SARAPAN,Makanan dan Minuman > MAKANAN & BAHAN MAKANAN > SEREAL & SARAPAN > KUE,156,101,156
651,MUESLI,,4,0,true,A001-05-15-03,03,true,true,00010006000F0003,105,SEREAL & SARAPAN,Makanan dan Minuman > MAKANAN & BAHAN MAKANAN > SEREAL & SARAPAN,Makanan dan Minuman > MAKANAN & BAHAN MAKANAN > SEREAL & SARAPAN > MUESLI,7,1,7
652,OAT & HAVERMOUT,,4,0,true,A001-05-15-04,04,true,true,00010006000F0004,105,SEREAL & SARAPAN,Makanan dan Minuman > MAKANAN & BAHAN MAKANAN > SEREAL & SARAPAN,Makanan dan Minuman > MAKANAN & BAHAN MAKANAN > SEREAL & SARAPAN > OAT & HAVERMOUT,50,34,50
653,ROTI,,4,2,false,A001-05-15-05,05,true,true,00010006000F0005,105,SEREAL & SARAPAN,Makanan dan Minuman > MAKANAN & BAHAN MAKANAN > SEREAL & SARAPAN,Makanan dan Minuman > MAKANAN & BAHAN MAKANAN > SEREAL & SARAPAN > ROTI,94,66,193
1349,ROTI TAWAR,,5,0,true,A001-05-15-05-01,01,true,true,00010006000F00050001,653,ROTI,Makanan dan Minuman > MAKANAN & BAHAN MAKANAN > SEREAL & SARAPAN > ROTI,Makanan dan Minuman > MAKANAN & BAHAN MAKANAN > SEREAL & SARAPAN > ROTI > ROTI TAWAR,16,12,16
1350,ROTI LAINNYA,,5,0,true,A001-05-15-05-99,99,true,true,00010006000F00050002,653,ROTI,Makanan dan Minuman > MAKANAN & BAHAN MAKANAN > SEREAL & SARAPAN > ROTI,Makanan dan Minuman > MAKANAN & BAHAN MAKANAN > SEREAL & SARAPAN > ROTI > ROTI LAINNYA,83,80,83
654,SEREAL,,4,0,true,A001-05-15-06,06,true,true,00010006000F0006,105,SEREAL & SARAPAN,Makanan dan Minuman > MAKANAN & BAHAN MAKANAN > SEREAL & SARAPAN,Makanan dan Minuman > MAKANAN & BAHAN MAKANAN > SEREAL & SARAPAN > SEREAL,105,74,105
106,TEPUNG,,3,7,false,A001-05-16,16,true,true,00010006000G,15,MAKANAN & BAHAN MAKANAN,Makanan dan Minuman > MAKANAN & BAHAN MAKANAN,Makanan dan Minuman > MAKANAN & BAHAN MAKANAN > TEPUNG,8,1,74
655,TEPUNG BERAS,,4,0,true,A001-05-16-01,01,true,true,00010006000G0001,106,TEPUNG,Makanan dan Minuman > MAKANAN & BAHAN MAKANAN > TEPUNG,Makanan dan Minuman > MAKANAN & BAHAN MAKANAN > TEPUNG > TEPUNG BERAS,4,3,4
656,TEPUNG KETAN,,4,0,true,A001-05-16-02,02,true,true,00010006000G0002,106,TEPUNG,Makanan dan Minuman > MAKANAN & BAHAN MAKANAN > TEPUNG,Makanan dan Minuman > MAKANAN & BAHAN MAKANAN > TEPUNG > TEPUNG KETAN,3,2,3
657,TEPUNG MAIZENA,,4,0,true,A001-05-16-03,03,true,true,00010006000G0003,106,TEPUNG,Makanan dan Minuman > MAKANAN & BAHAN MAKANAN > TEPUNG,Makanan dan Minuman > MAKANAN & BAHAN MAKANAN > TEPUNG > TEPUNG MAIZENA,12,9,12
658,TEPUNG ROTI,,4,0,true,A001-05-16-04,04,true,true,00010006000G0004,106,TEPUNG,Makanan dan Minuman > MAKANAN & BAHAN MAKANAN > TEPUNG,Makanan dan Minuman > MAKANAN & BAHAN MAKANAN > TEPUNG > TEPUNG ROTI,17,14,17
659,TEPUNG SAGU,,4,0,true,A001-05-16-05,05,true,true,00010006000G0005,106,TEPUNG,Makanan dan Minuman > MAKANAN & BAHAN MAKANAN > TEPUNG,Makanan dan Minuman > MAKANAN & BAHAN MAKANAN > TEPUNG > TEPUNG SAGU,2,1,2
660,TEPUNG TAPIOKA,,4,0,true,A001-05-16-06,06,true,true,00010006000G0006,106,TEPUNG,Makanan dan Minuman > MAKANAN & BAHAN MAKANAN > TEPUNG,Makanan dan Minuman > MAKANAN & BAHAN MAKANAN > TEPUNG > TEPUNG TAPIOKA,9,7,9
661,TEPUNG TERIGU,,4,0,true,A001-05-16-07,07,true,true,00010006000G0007,106,TEPUNG,Makanan dan Minuman > MAKANAN & BAHAN MAKANAN > TEPUNG,Makanan dan Minuman > MAKANAN & BAHAN MAKANAN > TEPUNG > TEPUNG TERIGU,19,14,19
16,FRESH,,2,6,false,A001-06,06,true,true,00010007,1,Makanan dan Minuman,Makanan dan Minuman,Makanan dan Minuman > FRESH,26,25,1052
107,BUAH,,3,30,false,A001-06-01,01,true,true,000100070001,16,FRESH,Makanan dan Minuman > FRESH,Makanan dan Minuman > FRESH > BUAH,136,119,346
662,ALPUKAT,,4,0,true,A001-06-01-01,01,true,true,0001000700010001,107,BUAH,Makanan dan Minuman > FRESH > BUAH,Makanan dan Minuman > FRESH > BUAH > ALPUKAT,3,3,3
663,ANGGUR,,4,0,true,A001-06-01-02,02,true,true,0001000700010002,107,BUAH,Makanan dan Minuman > FRESH > BUAH,Makanan dan Minuman > FRESH > BUAH > ANGGUR,30,30,30
664,APEL ,,4,0,true,A001-06-01-03,03,true,true,0001000700010003,107,BUAH,Makanan dan Minuman > FRESH > BUAH,Makanan dan Minuman > FRESH > BUAH > APEL ,30,28,30
665,BELIMBING,,4,0,true,A001-06-01-04,04,true,true,0001000700010004,107,BUAH,Makanan dan Minuman > FRESH > BUAH,Makanan dan Minuman > FRESH > BUAH > BELIMBING,0,0,0
666,BENGKUANG,,4,0,true,A001-06-01-05,05,true,true,0001000700010005,107,BUAH,Makanan dan Minuman > FRESH > BUAH,Makanan dan Minuman > FRESH > BUAH > BENGKUANG,1,1,1
667,BLEWAH,,4,0,true,A001-06-01-06,06,true,true,0001000700010006,107,BUAH,Makanan dan Minuman > FRESH > BUAH,Makanan dan Minuman > FRESH > BUAH > BLEWAH,0,0,0
668,DURIAN,,4,0,true,A001-06-01-07,07,true,true,0001000700010007,107,BUAH,Makanan dan Minuman > FRESH > BUAH,Makanan dan Minuman > FRESH > BUAH > DURIAN,2,2,2
669,JAMBU,,4,0,true,A001-06-01-08,08,true,true,0001000700010008,107,BUAH,Makanan dan Minuman > FRESH > BUAH,Makanan dan Minuman > FRESH > BUAH > JAMBU,3,2,3
670,JERUK,,4,0,true,A001-06-01-09,09,true,true,0001000700010009,107,BUAH,Makanan dan Minuman > FRESH > BUAH,Makanan dan Minuman > FRESH > BUAH > JERUK,23,23,23
671,JERUK BALI,,4,0,true,A001-06-01-10,10,true,true,000100070001000A,107,BUAH,Makanan dan Minuman > FRESH > BUAH,Makanan dan Minuman > FRESH > BUAH > JERUK BALI,1,1,1
672,KIWI,,4,0,true,A001-06-01-11,11,true,true,000100070001000B,107,BUAH,Makanan dan Minuman > FRESH > BUAH,Makanan dan Minuman > FRESH > BUAH > KIWI,6,6,6
673,KURMA,,4,0,true,A001-06-01-12,12,true,true,000100070001000C,107,BUAH,Makanan dan Minuman > FRESH > BUAH,Makanan dan Minuman > FRESH > BUAH > KURMA,38,17,38
674,LEMON,,4,0,true,A001-06-01-13,13,true,true,000100070001000D,107,BUAH,Makanan dan Minuman > FRESH > BUAH,Makanan dan Minuman > FRESH > BUAH > LEMON,5,5,5
675,LENGKENG,,4,0,true,A001-06-01-14,14,true,true,000100070001000E,107,BUAH,Makanan dan Minuman > FRESH > BUAH,Makanan dan Minuman > FRESH > BUAH > LENGKENG,6,6,6
676,MANGGA,,4,0,true,A001-06-01-15,15,true,true,000100070001000F,107,BUAH,Makanan dan Minuman > FRESH > BUAH,Makanan dan Minuman > FRESH > BUAH > MANGGA,4,4,4
677,MANGGIS,,4,0,true,A001-06-01-16,16,true,true,000100070001000G,107,BUAH,Makanan dan Minuman > FRESH > BUAH,Makanan dan Minuman > FRESH > BUAH > MANGGIS,1,1,1
678,MELON,,4,0,true,A001-06-01-17,17,true,true,000100070001000H,107,BUAH,Makanan dan Minuman > FRESH > BUAH,Makanan dan Minuman > FRESH > BUAH > MELON,4,4,4
679,NAGA,,4,0,true,A001-06-01-18,18,true,true,000100070001000I,107,BUAH,Makanan dan Minuman > FRESH > BUAH,Makanan dan Minuman > FRESH > BUAH > NAGA,1,1,1
680,NANAS,,4,0,true,A001-06-01-19,19,true,true,000100070001000J,107,BUAH,Makanan dan Minuman > FRESH > BUAH,Makanan dan Minuman > FRESH > BUAH > NANAS,3,2,3
681,PEAR,,4,0,true,A001-06-01-20,20,true,true,000100070001000K,107,BUAH,Makanan dan Minuman > FRESH > BUAH,Makanan dan Minuman > FRESH > BUAH > PEAR,25,25,25
682,PEPAYA,,4,0,true,A001-06-01-21,21,true,true,000100070001000L,107,BUAH,Makanan dan Minuman > FRESH > BUAH,Makanan dan Minuman > FRESH > BUAH > PEPAYA,0,0,0
683,PISANG,,4,0,true,A001-06-01-22,22,true,true,000100070001000M,107,BUAH,Makanan dan Minuman > FRESH > BUAH,Makanan dan Minuman > FRESH > BUAH > PISANG,6,6,6
684,PLUM,,4,0,true,A001-06-01-23,23,true,true,000100070001000N,107,BUAH,Makanan dan Minuman > FRESH > BUAH,Makanan dan Minuman > FRESH > BUAH > PLUM,1,1,1
685,RAMBUTAN,,4,0,true,A001-06-01-24,24,true,true,000100070001000O,107,BUAH,Makanan dan Minuman > FRESH > BUAH,Makanan dan Minuman > FRESH > BUAH > RAMBUTAN,0,0,0
686,SALAK,,4,0,true,A001-06-01-25,25,true,true,000100070001000P,107,BUAH,Makanan dan Minuman > FRESH > BUAH,Makanan dan Minuman > FRESH > BUAH > SALAK,0,0,0
687,SEMANGKA,,4,0,true,A001-06-01-26,26,true,true,000100070001000Q,107,BUAH,Makanan dan Minuman > FRESH > BUAH,Makanan dan Minuman > FRESH > BUAH > SEMANGKA,3,3,3
688,SIRSAK,,4,0,true,A001-06-01-27,27,true,true,000100070001000R,107,BUAH,Makanan dan Minuman > FRESH > BUAH,Makanan dan Minuman > FRESH > BUAH > SIRSAK,1,1,1
689,SRIKAYA (CUSTARD APPLE),,4,0,true,A001-06-01-28,28,true,true,000100070001000S,107,BUAH,Makanan dan Minuman > FRESH > BUAH,Makanan dan Minuman > FRESH > BUAH > SRIKAYA (CUSTARD APPLE),0,0,0
690,STRAWBERRY,,4,0,true,A001-06-01-29,29,true,true,000100070001000T,107,BUAH,Makanan dan Minuman > FRESH > BUAH,Makanan dan Minuman > FRESH > BUAH > STRAWBERRY,13,12,13
691,TERONG BELANDA,,4,0,true,A001-06-01-30,30,true,true,000100070001000U,107,BUAH,Makanan dan Minuman > FRESH > BUAH,Makanan dan Minuman > FRESH > BUAH > TERONG BELANDA,0,0,0
108,DAGING AYAM SEGAR,,3,0,true,A001-06-02,02,true,true,000100070002,16,FRESH,Makanan dan Minuman > FRESH,Makanan dan Minuman > FRESH > DAGING AYAM SEGAR,22,22,22
109,DAGING SAPI SEGAR,,3,0,true,A001-06-03,03,true,true,000100070003,16,FRESH,Makanan dan Minuman > FRESH,Makanan dan Minuman > FRESH > DAGING SAPI SEGAR,9,9,9
110,IKAN & SEAFOOD SEGAR,,3,4,false,A001-06-04,04,true,true,000100070004,16,FRESH,Makanan dan Minuman > FRESH,Makanan dan Minuman > FRESH > IKAN & SEAFOOD SEGAR,21,18,31
692,IKAN SALMON SEGAR,,4,0,true,A001-06-04-01,01,true,true,0001000700040001,110,IKAN & SEAFOOD SEGAR,Makanan dan Minuman > FRESH > IKAN & SEAFOOD SEGAR,Makanan dan Minuman > FRESH > IKAN & SEAFOOD SEGAR > IKAN SALMON SEGAR,4,4,4
693,IKAN DORY SEGAR,,4,0,true,A001-06-04-02,02,true,true,0001000700040002,110,IKAN & SEAFOOD SEGAR,Makanan dan Minuman > FRESH > IKAN & SEAFOOD SEGAR,Makanan dan Minuman > FRESH > IKAN & SEAFOOD SEGAR > IKAN DORY SEGAR,3,3,3
694,IKAN SEGAR LAINNYA,,4,0,true,A001-06-04-98,98,true,true,0001000700040003,110,IKAN & SEAFOOD SEGAR,Makanan dan Minuman > FRESH > IKAN & SEAFOOD SEGAR,Makanan dan Minuman > FRESH > IKAN & SEAFOOD SEGAR > IKAN SEGAR LAINNYA,2,2,2
695,SEAFOOD SEGAR LAINNYA,,4,0,true,A001-06-04-99,99,true,true,0001000700040004,110,IKAN & SEAFOOD SEGAR,Makanan dan Minuman > FRESH > IKAN & SEAFOOD SEGAR,Makanan dan Minuman > FRESH > IKAN & SEAFOOD SEGAR > SEAFOOD SEGAR LAINNYA,1,1,1
111,SAYURAN SEGAR,,3,90,false,A001-06-05,05,true,true,000100070005,16,FRESH,Makanan dan Minuman > FRESH,Makanan dan Minuman > FRESH > SAYURAN SEGAR,222,192,582
696,ALANG-ALANG,,4,0,true,A001-06-05-01,01,true,true,0001000700050001,111,SAYURAN SEGAR,Makanan dan Minuman > FRESH > SAYURAN SEGAR,Makanan dan Minuman > FRESH > SAYURAN SEGAR > ALANG-ALANG,0,0,0
697,ARAGULA,,4,0,true,A001-06-05-02,02,true,true,0001000700050002,111,SAYURAN SEGAR,Makanan dan Minuman > FRESH > SAYURAN SEGAR,Makanan dan Minuman > FRESH > SAYURAN SEGAR > ARAGULA,0,0,0
698,ASAM JAWA,,4,0,true,A001-06-05-03,03,true,true,0001000700050003,111,SAYURAN SEGAR,Makanan dan Minuman > FRESH > SAYURAN SEGAR,Makanan dan Minuman > FRESH > SAYURAN SEGAR > ASAM JAWA,3,3,3
699,ASPARAGUS,,4,0,true,A001-06-05-04,04,true,true,0001000700050004,111,SAYURAN SEGAR,Makanan dan Minuman > FRESH > SAYURAN SEGAR,Makanan dan Minuman > FRESH > SAYURAN SEGAR > ASPARAGUS,0,0,0
700,BAWANG BOMBAY,,4,0,true,A001-06-05-05,05,true,true,0001000700050005,111,SAYURAN SEGAR,Makanan dan Minuman > FRESH > SAYURAN SEGAR,Makanan dan Minuman > FRESH > SAYURAN SEGAR > BAWANG BOMBAY,2,1,2
701,BAWANG MERAH,,4,0,true,A001-06-05-06,06,true,true,0001000700050006,111,SAYURAN SEGAR,Makanan dan Minuman > FRESH > SAYURAN SEGAR,Makanan dan Minuman > FRESH > SAYURAN SEGAR > BAWANG MERAH,7,5,7
702,BAWANG PUTIH,,4,3,false,A001-06-05-07,07,true,true,0001000700050007,111,SAYURAN SEGAR,Makanan dan Minuman > FRESH > SAYURAN SEGAR,Makanan dan Minuman > FRESH > SAYURAN SEGAR > BAWANG PUTIH,4,2,5
1351,BAWANG PUTIH BIASA,,5,0,true,A001-06-05-07-01,01,true,true,00010007000500070001,702,BAWANG PUTIH,Makanan dan Minuman > FRESH > SAYURAN SEGAR > BAWANG PUTIH,Makanan dan Minuman > FRESH > SAYURAN SEGAR > BAWANG PUTIH > BAWANG PUTIH BIASA,0,0,0
1352,BAWANG PUTIH HITAM (BAWANG HITAM),,5,0,true,A001-06-05-07-02,02,true,true,00010007000500070002,702,BAWANG PUTIH,Makanan dan Minuman > FRESH > SAYURAN SEGAR > BAWANG PUTIH,Makanan dan Minuman > FRESH > SAYURAN SEGAR > BAWANG PUTIH > BAWANG PUTIH HITAM (BAWANG HITAM),0,0,0
1353,BAWANG PUTIH TUNGGAL,,5,0,true,A001-06-05-07-03,03,true,true,00010007000500070003,702,BAWANG PUTIH,Makanan dan Minuman > FRESH > SAYURAN SEGAR > BAWANG PUTIH,Makanan dan Minuman > FRESH > SAYURAN SEGAR > BAWANG PUTIH > BAWANG PUTIH TUNGGAL,1,1,1
703,BAYAM,,4,0,true,A001-06-05-08,08,true,true,0001000700050008,111,SAYURAN SEGAR,Makanan dan Minuman > FRESH > SAYURAN SEGAR,Makanan dan Minuman > FRESH > SAYURAN SEGAR > BAYAM,11,7,11
704,BIT/BEETROOT,,4,0,true,A001-06-05-09,09,true,true,0001000700050009,111,SAYURAN SEGAR,Makanan dan Minuman > FRESH > SAYURAN SEGAR,Makanan dan Minuman > FRESH > SAYURAN SEGAR > BIT/BEETROOT,2,1,2
705,BROKOLI,,4,0,true,A001-06-05-10,10,true,true,000100070005000A,111,SAYURAN SEGAR,Makanan dan Minuman > FRESH > SAYURAN SEGAR,Makanan dan Minuman > FRESH > SAYURAN SEGAR > BROKOLI,3,2,3
706,BUNCIS,,4,0,true,A001-06-05-11,11,true,true,000100070005000B,111,SAYURAN SEGAR,Makanan dan Minuman > FRESH > SAYURAN SEGAR,Makanan dan Minuman > FRESH > SAYURAN SEGAR > BUNCIS,5,3,5
707,CABE,,4,0,true,A001-06-05-12,12,true,true,000100070005000C,111,SAYURAN SEGAR,Makanan dan Minuman > FRESH > SAYURAN SEGAR,Makanan dan Minuman > FRESH > SAYURAN SEGAR > CABE,17,10,17
708,CAISIM,,4,0,true,A001-06-05-13,13,true,true,000100070005000D,111,SAYURAN SEGAR,Makanan dan Minuman > FRESH > SAYURAN SEGAR,Makanan dan Minuman > FRESH > SAYURAN SEGAR > CAISIM,6,4,6
709,CENGKEH,,4,0,true,A001-06-05-14,14,true,true,000100070005000E,111,SAYURAN SEGAR,Makanan dan Minuman > FRESH > SAYURAN SEGAR,Makanan dan Minuman > FRESH > SAYURAN SEGAR > CENGKEH,2,1,2
710,DAUN BAWANG,,4,0,true,A001-06-05-15,15,true,true,000100070005000F,111,SAYURAN SEGAR,Makanan dan Minuman > FRESH > SAYURAN SEGAR,Makanan dan Minuman > FRESH > SAYURAN SEGAR > DAUN BAWANG,3,2,3
711,DAUN GINSENG,,4,0,true,A001-06-05-16,16,true,true,000100070005000G,111,SAYURAN SEGAR,Makanan dan Minuman > FRESH > SAYURAN SEGAR,Makanan dan Minuman > FRESH > SAYURAN SEGAR > DAUN GINSENG,1,0,1
712,DAUN JERUK,,4,0,true,A001-06-05-17,17,true,true,000100070005000H,111,SAYURAN SEGAR,Makanan dan Minuman > FRESH > SAYURAN SEGAR,Makanan dan Minuman > FRESH > SAYURAN SEGAR > DAUN JERUK,2,1,2
713,DAUN MINT,,4,0,true,A001-06-05-18,18,true,true,000100070005000I,111,SAYURAN SEGAR,Makanan dan Minuman > FRESH > SAYURAN SEGAR,Makanan dan Minuman > FRESH > SAYURAN SEGAR > DAUN MINT,0,0,0
714,DAUN PEPAYA,,4,0,true,A001-06-05-19,19,true,true,000100070005000J,111,SAYURAN SEGAR,Makanan dan Minuman > FRESH > SAYURAN SEGAR,Makanan dan Minuman > FRESH > SAYURAN SEGAR > DAUN PEPAYA,0,0,0
715,DAUN PISANG,,4,0,true,A001-06-05-20,20,true,true,000100070005000K,111,SAYURAN SEGAR,Makanan dan Minuman > FRESH > SAYURAN SEGAR,Makanan dan Minuman > FRESH > SAYURAN SEGAR > DAUN PISANG,0,0,0
716,DAUN SALAM,,4,0,true,A001-06-05-21,21,true,true,000100070005000L,111,SAYURAN SEGAR,Makanan dan Minuman > FRESH > SAYURAN SEGAR,Makanan dan Minuman > FRESH > SAYURAN SEGAR > DAUN SALAM,0,0,0
717,DAUN SINGKONG,,4,0,true,A001-06-05-22,22,true,true,000100070005000M,111,SAYURAN SEGAR,Makanan dan Minuman > FRESH > SAYURAN SEGAR,Makanan dan Minuman > FRESH > SAYURAN SEGAR > DAUN SINGKONG,0,0,0
718,HORENZO,,4,0,true,A001-06-05-24,24,true,true,000100070005000N,111,SAYURAN SEGAR,Makanan dan Minuman > FRESH > SAYURAN SEGAR,Makanan dan Minuman > FRESH > SAYURAN SEGAR > HORENZO,2,0,2
719,JAGUNG,,4,0,true,A001-06-05-25,25,true,true,000100070005000O,111,SAYURAN SEGAR,Makanan dan Minuman > FRESH > SAYURAN SEGAR,Makanan dan Minuman > FRESH > SAYURAN SEGAR > JAGUNG,7,5,7
720,JAHE ,,4,0,true,A001-06-05-26,26,true,true,000100070005000P,111,SAYURAN SEGAR,Makanan dan Minuman > FRESH > SAYURAN SEGAR,Makanan dan Minuman > FRESH > SAYURAN SEGAR > JAHE ,6,2,6
721,JAMUR,,4,0,true,A001-06-05-27,27,true,true,000100070005000Q,111,SAYURAN SEGAR,Makanan dan Minuman > FRESH > SAYURAN SEGAR,Makanan dan Minuman > FRESH > SAYURAN SEGAR > JAMUR,31,27,31
722,JINTEN,,4,0,true,A001-06-05-28,28,true,true,000100070005000R,111,SAYURAN SEGAR,Makanan dan Minuman > FRESH > SAYURAN SEGAR,Makanan dan Minuman > FRESH > SAYURAN SEGAR > JINTEN,2,1,2
723,KACANG MERAH,,4,0,true,A001-06-05-29,29,true,true,000100070005000S,111,SAYURAN SEGAR,Makanan dan Minuman > FRESH > SAYURAN SEGAR,Makanan dan Minuman > FRESH > SAYURAN SEGAR > KACANG MERAH,3,0,3
724,KACANG TANAH,,4,0,true,A001-06-05-30,30,true,true,000100070005000T,111,SAYURAN SEGAR,Makanan dan Minuman > FRESH > SAYURAN SEGAR,Makanan dan Minuman > FRESH > SAYURAN SEGAR > KACANG TANAH,9,5,9
725,KACANG TANGKIL (MELINJO),,4,0,true,A001-06-05-31,31,true,true,000100070005000U,111,SAYURAN SEGAR,Makanan dan Minuman > FRESH > SAYURAN SEGAR,Makanan dan Minuman > FRESH > SAYURAN SEGAR > KACANG TANGKIL (MELINJO),0,0,0
726,KAILAN,,4,0,true,A001-06-05-32,32,true,true,000100070005000V,111,SAYURAN SEGAR,Makanan dan Minuman > FRESH > SAYURAN SEGAR,Makanan dan Minuman > FRESH > SAYURAN SEGAR > KAILAN,1,0,1
727,KALE,,4,0,true,A001-06-05-33,33,true,true,000100070005000W,111,SAYURAN SEGAR,Makanan dan Minuman > FRESH > SAYURAN SEGAR,Makanan dan Minuman > FRESH > SAYURAN SEGAR > KALE,2,2,2
728,KANGKUNG,,4,0,true,A001-06-05-34,34,true,true,000100070005000X,111,SAYURAN SEGAR,Makanan dan Minuman > FRESH > SAYURAN SEGAR,Makanan dan Minuman > FRESH > SAYURAN SEGAR > KANGKUNG,6,4,6
729,KAPULAGA,,4,0,true,A001-06-05-35,35,true,true,000100070005000Y,111,SAYURAN SEGAR,Makanan dan Minuman > FRESH > SAYURAN SEGAR,Makanan dan Minuman > FRESH > SAYURAN SEGAR > KAPULAGA,1,1,1
730,KECAMBAH,,4,0,true,A001-06-05-36,36,true,true,000100070005000Z,111,SAYURAN SEGAR,Makanan dan Minuman > FRESH > SAYURAN SEGAR,Makanan dan Minuman > FRESH > SAYURAN SEGAR > KECAMBAH,0,0,0
731,KECIWIS,,4,0,true,A001-06-05-37,37,true,true,0001000700050010,111,SAYURAN SEGAR,Makanan dan Minuman > FRESH > SAYURAN SEGAR,Makanan dan Minuman > FRESH > SAYURAN SEGAR > KECIWIS,0,0,0
732,KECOMBRANG,,4,0,true,A001-06-05-38,38,true,true,0001000700050011,111,SAYURAN SEGAR,Makanan dan Minuman > FRESH > SAYURAN SEGAR,Makanan dan Minuman > FRESH > SAYURAN SEGAR > KECOMBRANG,0,0,0
733,KELAPA,,4,0,true,A001-06-05-39,39,true,true,0001000700050012,111,SAYURAN SEGAR,Makanan dan Minuman > FRESH > SAYURAN SEGAR,Makanan dan Minuman > FRESH > SAYURAN SEGAR > KELAPA,0,0,0
734,KEMBANG KOL,,4,0,true,A001-06-05-40,40,true,true,0001000700050013,111,SAYURAN SEGAR,Makanan dan Minuman > FRESH > SAYURAN SEGAR,Makanan dan Minuman > FRESH > SAYURAN SEGAR > KEMBANG KOL,1,0,1
735,KEMIRI,,4,0,true,A001-06-05-41,41,true,true,0001000700050014,111,SAYURAN SEGAR,Makanan dan Minuman > FRESH > SAYURAN SEGAR,Makanan dan Minuman > FRESH > SAYURAN SEGAR > KEMIRI,3,2,3
736,KENTANG,,4,0,true,A001-06-05-42,42,true,true,0001000700050015,111,SAYURAN SEGAR,Makanan dan Minuman > FRESH > SAYURAN SEGAR,Makanan dan Minuman > FRESH > SAYURAN SEGAR > KENTANG,13,10,13
737,KENTANG MERAH,,4,0,true,A001-06-05-43,43,true,true,0001000700050016,111,SAYURAN SEGAR,Makanan dan Minuman > FRESH > SAYURAN SEGAR,Makanan dan Minuman > FRESH > SAYURAN SEGAR > KENTANG MERAH,1,0,1
738,KETUMBAR,,4,0,true,A001-06-05-44,44,true,true,0001000700050017,111,SAYURAN SEGAR,Makanan dan Minuman > FRESH > SAYURAN SEGAR,Makanan dan Minuman > FRESH > SAYURAN SEGAR > KETUMBAR,9,6,9
739,KOL,,4,0,true,A001-06-05-45,45,true,true,0001000700050018,111,SAYURAN SEGAR,Makanan dan Minuman > FRESH > SAYURAN SEGAR,Makanan dan Minuman > FRESH > SAYURAN SEGAR > KOL,5,4,5
740,KUCAI,,4,0,true,A001-06-05-46,46,true,true,0001000700050019,111,SAYURAN SEGAR,Makanan dan Minuman > FRESH > SAYURAN SEGAR,Makanan dan Minuman > FRESH > SAYURAN SEGAR > KUCAI,1,1,1
741,KUNYIT,,4,0,true,A001-06-05-47,47,true,true,000100070005001A,111,SAYURAN SEGAR,Makanan dan Minuman > FRESH > SAYURAN SEGAR,Makanan dan Minuman > FRESH > SAYURAN SEGAR > KUNYIT,3,2,3
742,KYURI,,4,0,true,A001-06-05-48,48,true,true,000100070005001B,111,SAYURAN SEGAR,Makanan dan Minuman > FRESH > SAYURAN SEGAR,Makanan dan Minuman > FRESH > SAYURAN SEGAR > KYURI,0,0,0
743,LABU SIAM,,4,0,true,A001-06-05-49,49,true,true,000100070005001C,111,SAYURAN SEGAR,Makanan dan Minuman > FRESH > SAYURAN SEGAR,Makanan dan Minuman > FRESH > SAYURAN SEGAR > LABU SIAM,2,1,2
744,LABU/PUMPKIN,,4,0,true,A001-06-05-50,50,true,true,000100070005001D,111,SAYURAN SEGAR,Makanan dan Minuman > FRESH > SAYURAN SEGAR,Makanan dan Minuman > FRESH > SAYURAN SEGAR > LABU/PUMPKIN,2,1,2
745,LADA HITAM,,4,0,true,A001-06-05-51,51,true,true,000100070005001E,111,SAYURAN SEGAR,Makanan dan Minuman > FRESH > SAYURAN SEGAR,Makanan dan Minuman > FRESH > SAYURAN SEGAR > LADA HITAM,5,5,5
746,LENGKUAS,,4,0,true,A001-06-05-52,52,true,true,000100070005001F,111,SAYURAN SEGAR,Makanan dan Minuman > FRESH > SAYURAN SEGAR,Makanan dan Minuman > FRESH > SAYURAN SEGAR > LENGKUAS,4,2,4
747,LEUNCA,,4,0,true,A001-06-05-53,53,true,true,000100070005001G,111,SAYURAN SEGAR,Makanan dan Minuman > FRESH > SAYURAN SEGAR,Makanan dan Minuman > FRESH > SAYURAN SEGAR > LEUNCA,0,0,0
748,LIDAH BUAYA,,4,0,true,A001-06-05-54,54,true,true,000100070005001H,111,SAYURAN SEGAR,Makanan dan Minuman > FRESH > SAYURAN SEGAR,Makanan dan Minuman > FRESH > SAYURAN SEGAR > LIDAH BUAYA,0,0,0
749,LOBAK (RADISH),,4,0,true,A001-06-05-55,55,true,true,000100070005001I,111,SAYURAN SEGAR,Makanan dan Minuman > FRESH > SAYURAN SEGAR,Makanan dan Minuman > FRESH > SAYURAN SEGAR > LOBAK (RADISH),1,0,1
750,NAI BAI (MINI PAKCOY),,4,0,true,A001-06-05-56,56,true,true,000100070005001J,111,SAYURAN SEGAR,Makanan dan Minuman > FRESH > SAYURAN SEGAR,Makanan dan Minuman > FRESH > SAYURAN SEGAR > NAI BAI (MINI PAKCOY),0,0,0
751,OKRA,,4,0,true,A001-06-05-57,57,true,true,000100070005001K,111,SAYURAN SEGAR,Makanan dan Minuman > FRESH > SAYURAN SEGAR,Makanan dan Minuman > FRESH > SAYURAN SEGAR > OKRA,0,0,0
752,OYONG,,4,0,true,A001-06-05-58,58,true,true,000100070005001L,111,SAYURAN SEGAR,Makanan dan Minuman > FRESH > SAYURAN SEGAR,Makanan dan Minuman > FRESH > SAYURAN SEGAR > OYONG,2,0,2
753,PAGODA,,4,0,true,A001-06-05-59,59,true,true,000100070005001M,111,SAYURAN SEGAR,Makanan dan Minuman > FRESH > SAYURAN SEGAR,Makanan dan Minuman > FRESH > SAYURAN SEGAR > PAGODA,2,1,2
754,PAKCOY,,4,0,true,A001-06-05-60,60,true,true,000100070005001N,111,SAYURAN SEGAR,Makanan dan Minuman > FRESH > SAYURAN SEGAR,Makanan dan Minuman > FRESH > SAYURAN SEGAR > PAKCOY,10,6,10
755,PALA,,4,0,true,A001-06-05-61,61,true,true,000100070005001O,111,SAYURAN SEGAR,Makanan dan Minuman > FRESH > SAYURAN SEGAR,Makanan dan Minuman > FRESH > SAYURAN SEGAR > PALA,0,0,0
756,PAPRIKA,,4,0,true,A001-06-05-62,62,true,true,000100070005001P,111,SAYURAN SEGAR,Makanan dan Minuman > FRESH > SAYURAN SEGAR,Makanan dan Minuman > FRESH > SAYURAN SEGAR > PAPRIKA,8,0,8
757,PARIA,,4,0,true,A001-06-05-63,63,true,true,000100070005001Q,111,SAYURAN SEGAR,Makanan dan Minuman > FRESH > SAYURAN SEGAR,Makanan dan Minuman > FRESH > SAYURAN SEGAR > PARIA,2,0,2
758,PEKAK,,4,0,true,A001-06-05-64,64,true,true,000100070005001R,111,SAYURAN SEGAR,Makanan dan Minuman > FRESH > SAYURAN SEGAR,Makanan dan Minuman > FRESH > SAYURAN SEGAR > PEKAK,0,0,0
759,PETAI,,4,0,true,A001-06-05-65,65,true,true,000100070005001S,111,SAYURAN SEGAR,Makanan dan Minuman > FRESH > SAYURAN SEGAR,Makanan dan Minuman > FRESH > SAYURAN SEGAR > PETAI,0,0,0
760,RADISH,,4,0,true,A001-06-05-66,66,true,true,000100070005001T,111,SAYURAN SEGAR,Makanan dan Minuman > FRESH > SAYURAN SEGAR,Makanan dan Minuman > FRESH > SAYURAN SEGAR > RADISH,0,0,0
761,REBUNG,,4,0,true,A001-06-05-67,67,true,true,000100070005001U,111,SAYURAN SEGAR,Makanan dan Minuman > FRESH > SAYURAN SEGAR,Makanan dan Minuman > FRESH > SAYURAN SEGAR > REBUNG,0,0,0
762,SALAD SIAP MAKAN DALAM KEMASAN,,4,0,true,A001-06-05-68,68,true,true,000100070005001V,111,SAYURAN SEGAR,Makanan dan Minuman > FRESH > SAYURAN SEGAR,Makanan dan Minuman > FRESH > SAYURAN SEGAR > SALAD SIAP MAKAN DALAM KEMASAN,0,0,0
763,SAWI PUTIH,,4,0,true,A001-06-05-69,69,true,true,000100070005001W,111,SAYURAN SEGAR,Makanan dan Minuman > FRESH > SAYURAN SEGAR,Makanan dan Minuman > FRESH > SAYURAN SEGAR > SAWI PUTIH,3,3,3
764,SAYURAN CAMPUR DALAM KEMASAN,,4,0,true,A001-06-05-70,70,true,true,000100070005001X,111,SAYURAN SEGAR,Makanan dan Minuman > FRESH > SAYURAN SEGAR,Makanan dan Minuman > FRESH > SAYURAN SEGAR > SAYURAN CAMPUR DALAM KEMASAN,53,53,53
765,SELADA AIR,,4,0,true,A001-06-05-71,71,true,true,000100070005001Y,111,SAYURAN SEGAR,Makanan dan Minuman > FRESH > SAYURAN SEGAR,Makanan dan Minuman > FRESH > SAYURAN SEGAR > SELADA AIR,1,0,1
766,SELADA BUTTERHEAD,,4,0,true,A001-06-05-72,72,true,true,000100070005001Z,111,SAYURAN SEGAR,Makanan dan Minuman > FRESH > SAYURAN SEGAR,Makanan dan Minuman > FRESH > SAYURAN SEGAR > SELADA BUTTERHEAD,0,0,0
767,SELADA CHICORY,,4,0,true,A001-06-05-73,73,true,true,0001000700050020,111,SAYURAN SEGAR,Makanan dan Minuman > FRESH > SAYURAN SEGAR,Makanan dan Minuman > FRESH > SAYURAN SEGAR > SELADA CHICORY,0,0,0
768,SELADA ICEBERG,,4,0,true,A001-06-05-74,74,true,true,0001000700050021,111,SAYURAN SEGAR,Makanan dan Minuman > FRESH > SAYURAN SEGAR,Makanan dan Minuman > FRESH > SAYURAN SEGAR > SELADA ICEBERG,0,0,0
769,SELADA KERITING,,4,0,true,A001-06-05-75,75,true,true,0001000700050022,111,SAYURAN SEGAR,Makanan dan Minuman > FRESH > SAYURAN SEGAR,Makanan dan Minuman > FRESH > SAYURAN SEGAR > SELADA KERITING,11,9,11
770,SELADA MERAH,,4,0,true,A001-06-05-76,76,true,true,0001000700050023,111,SAYURAN SEGAR,Makanan dan Minuman > FRESH > SAYURAN SEGAR,Makanan dan Minuman > FRESH > SAYURAN SEGAR > SELADA MERAH,0,0,0
771,SELADA ROMAINE,,4,0,true,A001-06-05-77,77,true,true,0001000700050024,111,SAYURAN SEGAR,Makanan dan Minuman > FRESH > SAYURAN SEGAR,Makanan dan Minuman > FRESH > SAYURAN SEGAR > SELADA ROMAINE,5,4,5
772,SELEDRI,,4,0,true,A001-06-05-78,78,true,true,0001000700050025,111,SAYURAN SEGAR,Makanan dan Minuman > FRESH > SAYURAN SEGAR,Makanan dan Minuman > FRESH > SAYURAN SEGAR > SELEDRI,3,2,3
773,SEREH,,4,0,true,A001-06-05-79,79,true,true,0001000700050026,111,SAYURAN SEGAR,Makanan dan Minuman > FRESH > SAYURAN SEGAR,Makanan dan Minuman > FRESH > SAYURAN SEGAR > SEREH,3,2,3
774,TAHU,,4,0,true,A001-06-05-80,80,true,true,0001000700050027,111,SAYURAN SEGAR,Makanan dan Minuman > FRESH > SAYURAN SEGAR,Makanan dan Minuman > FRESH > SAYURAN SEGAR > TAHU,11,11,11
775,TAHU JEPANG,,4,0,true,A001-06-05-81,81,true,true,0001000700050028,111,SAYURAN SEGAR,Makanan dan Minuman > FRESH > SAYURAN SEGAR,Makanan dan Minuman > FRESH > SAYURAN SEGAR > TAHU JEPANG,3,3,3
776,TAOGE,,4,0,true,A001-06-05-82,82,true,true,0001000700050029,111,SAYURAN SEGAR,Makanan dan Minuman > FRESH > SAYURAN SEGAR,Makanan dan Minuman > FRESH > SAYURAN SEGAR > TAOGE,4,2,4
777,TEMPE,,4,0,true,A001-06-05-83,83,true,true,000100070005002A,111,SAYURAN SEGAR,Makanan dan Minuman > FRESH > SAYURAN SEGAR,Makanan dan Minuman > FRESH > SAYURAN SEGAR > TEMPE,14,11,14
778,TEMPE MENDOAN,,4,0,true,A001-06-05-84,84,true,true,000100070005002B,111,SAYURAN SEGAR,Makanan dan Minuman > FRESH > SAYURAN SEGAR,Makanan dan Minuman > FRESH > SAYURAN SEGAR > TEMPE MENDOAN,0,0,0
779,TERONG,,4,0,true,A001-06-05-85,85,true,true,000100070005002C,111,SAYURAN SEGAR,Makanan dan Minuman > FRESH > SAYURAN SEGAR,Makanan dan Minuman > FRESH > SAYURAN SEGAR > TERONG,6,2,6
780,TERONG LALAP (TERONG BULAT),,4,0,true,A001-06-05-86,86,true,true,000100070005002D,111,SAYURAN SEGAR,Makanan dan Minuman > FRESH > SAYURAN SEGAR,Makanan dan Minuman > FRESH > SAYURAN SEGAR > TERONG LALAP (TERONG BULAT),0,0,0
781,TIMUN,,4,0,true,A001-06-05-87,87,true,true,000100070005002E,111,SAYURAN SEGAR,Makanan dan Minuman > FRESH > SAYURAN SEGAR,Makanan dan Minuman > FRESH > SAYURAN SEGAR > TIMUN,5,3,5
782,TOMAT,,4,0,true,A001-06-05-88,88,true,true,000100070005002F,111,SAYURAN SEGAR,Makanan dan Minuman > FRESH > SAYURAN SEGAR,Makanan dan Minuman > FRESH > SAYURAN SEGAR > TOMAT,12,9,12
783,UBI,,4,0,true,A001-06-05-89,89,true,true,000100070005002G,111,SAYURAN SEGAR,Makanan dan Minuman > FRESH > SAYURAN SEGAR,Makanan dan Minuman > FRESH > SAYURAN SEGAR > UBI,6,4,6
784,WORTEL,,4,0,true,A001-06-05-90,90,true,true,000100070005002H,111,SAYURAN SEGAR,Makanan dan Minuman > FRESH > SAYURAN SEGAR,Makanan dan Minuman > FRESH > SAYURAN SEGAR > WORTEL,4,4,4
785,ZUKINI,,4,0,true,A001-06-05-91,91,true,true,000100070005002I,111,SAYURAN SEGAR,Makanan dan Minuman > FRESH > SAYURAN SEGAR,Makanan dan Minuman > FRESH > SAYURAN SEGAR > ZUKINI,3,0,3
112,TELUR,,3,6,false,A001-06-06,06,true,true,000100070006,16,FRESH,Makanan dan Minuman > FRESH,Makanan dan Minuman > FRESH > TELUR,5,5,36
786,TELUR ASIN CURAH,,4,0,true,A001-06-06-01,01,true,true,0001000700060001,112,TELUR,Makanan dan Minuman > FRESH > TELUR,Makanan dan Minuman > FRESH > TELUR > TELUR ASIN CURAH,1,1,1
787,TELUR ASIN PACK,,4,0,true,A001-06-06-02,02,true,true,0001000700060002,112,TELUR,Makanan dan Minuman > FRESH > TELUR,Makanan dan Minuman > FRESH > TELUR > TELUR ASIN PACK,6,5,6
788,TELUR AYAM CURAH,,4,0,true,A001-06-06-03,03,true,true,0001000700060003,112,TELUR,Makanan dan Minuman > FRESH > TELUR,Makanan dan Minuman > FRESH > TELUR > TELUR AYAM CURAH,1,1,1
789,TELUR AYAM KAMPUNG PACK,,4,0,true,A001-06-06-04,04,true,true,0001000700060004,112,TELUR,Makanan dan Minuman > FRESH > TELUR,Makanan dan Minuman > FRESH > TELUR > TELUR AYAM KAMPUNG PACK,5,5,5
790,TELUR AYAM PACK,,4,0,true,A001-06-06-05,05,true,true,0001000700060005,112,TELUR,Makanan dan Minuman > FRESH > TELUR,Makanan dan Minuman > FRESH > TELUR > TELUR AYAM PACK,16,15,16
791,TELUR PUYUH PACK,,4,0,true,A001-06-06-06,06,true,true,0001000700060006,112,TELUR,Makanan dan Minuman > FRESH > TELUR,Makanan dan Minuman > FRESH > TELUR > TELUR PUYUH PACK,2,2,2
17,ROKOK & LAINNYA,,2,5,false,A001-07,07,true,true,00010008,1,Makanan dan Minuman,Makanan dan Minuman,Makanan dan Minuman > ROKOK & LAINNYA,0,0,92
113,BATU API REFILL,,3,0,true,A001-07-01,01,true,true,000100080001,17,ROKOK & LAINNYA,Makanan dan Minuman > ROKOK & LAINNYA,Makanan dan Minuman > ROKOK & LAINNYA > BATU API REFILL,0,0,0
114,BOKS ROKOK,,3,0,true,A001-07-02,02,true,true,000100080002,17,ROKOK & LAINNYA,Makanan dan Minuman > ROKOK & LAINNYA,Makanan dan Minuman > ROKOK & LAINNYA > BOKS ROKOK,0,0,0
115,LIGHTER ROKOK,,3,0,true,A001-07-03,03,true,true,000100080003,17,ROKOK & LAINNYA,Makanan dan Minuman > ROKOK & LAINNYA,Makanan dan Minuman > ROKOK & LAINNYA > LIGHTER ROKOK,0,0,0
116,MINYAK REFILL LIGHTER ROKOK,,3,0,true,A001-07-04,04,true,true,000100080004,17,ROKOK & LAINNYA,Makanan dan Minuman > ROKOK & LAINNYA,Makanan dan Minuman > ROKOK & LAINNYA > MINYAK REFILL LIGHTER ROKOK,0,0,0
117,ROKOK,,3,0,true,A001-07-05,05,true,true,000100080005,17,ROKOK & LAINNYA,Makanan dan Minuman > ROKOK & LAINNYA,Makanan dan Minuman > ROKOK & LAINNYA > ROKOK,92,66,92
2,Keperluan Anak dan Bayi,Baby and Kids,1,4,false,A002,A002,true,true,0002,,,,Keperluan Anak dan Bayi,170,167,2894
18,PERAWATAN ANAK & BAYI,,2,5,false,A002-01,01,true,true,00020001,2,Keperluan Anak dan Bayi,Keperluan Anak dan Bayi,Keperluan Anak dan Bayi > PERAWATAN ANAK & BAYI,7,7,780
118,PERAWATAN MULUT & GIGI ANAK & BAYI,,3,4,false,A002-01-01,01,true,true,000200010001,18,PERAWATAN ANAK & BAYI,Keperluan Anak dan Bayi > PERAWATAN ANAK & BAYI,Keperluan Anak dan Bayi > PERAWATAN ANAK & BAYI > PERAWATAN MULUT & GIGI ANAK & BAYI,0,0,123
792,OBAT KUMUR (MOUTHWASH) ANAK ,,4,0,true,A002-01-01-01,01,true,true,0002000100010001,118,PERAWATAN MULUT & GIGI ANAK & BAYI,Keperluan Anak dan Bayi > PERAWATAN ANAK & BAYI > PERAWATAN MULUT & GIGI ANAK & BAYI,Keperluan Anak dan Bayi > PERAWATAN ANAK & BAYI > PERAWATAN MULUT & GIGI ANAK & BAYI > OBAT KUMUR (MOUTHWASH) ANAK ,1,1,1
793,PAKET SIKAT GIGI DAN PASTA GIGI ANAK & BAYI,,4,0,true,A002-01-01-02,02,true,true,0002000100010002,118,PERAWATAN MULUT & GIGI ANAK & BAYI,Keperluan Anak dan Bayi > PERAWATAN ANAK & BAYI > PERAWATAN MULUT & GIGI ANAK & BAYI,Keperluan Anak dan Bayi > PERAWATAN ANAK & BAYI > PERAWATAN MULUT & GIGI ANAK & BAYI > PAKET SIKAT GIGI DAN PASTA GIGI ANAK & BAYI,13,12,13
794,PASTA GIGI ANAK & BAYI,,4,0,true,A002-01-01-03,03,true,true,0002000100010003,118,PERAWATAN MULUT & GIGI ANAK & BAYI,Keperluan Anak dan Bayi > PERAWATAN ANAK & BAYI > PERAWATAN MULUT & GIGI ANAK & BAYI,Keperluan Anak dan Bayi > PERAWATAN ANAK & BAYI > PERAWATAN MULUT & GIGI ANAK & BAYI > PASTA GIGI ANAK & BAYI,49,41,49
795,SIKAT GIGI ANAK & BAYI,,4,0,true,A002-01-01-04,04,true,true,0002000100010004,118,PERAWATAN MULUT & GIGI ANAK & BAYI,Keperluan Anak dan Bayi > PERAWATAN ANAK & BAYI > PERAWATAN MULUT & GIGI ANAK & BAYI,Keperluan Anak dan Bayi > PERAWATAN ANAK & BAYI > PERAWATAN MULUT & GIGI ANAK & BAYI > SIKAT GIGI ANAK & BAYI,60,55,60
119,PERAWATAN KESEHATAN ANAK & BAYI,,3,2,false,A002-01-02,02,true,true,000200010002,18,PERAWATAN ANAK & BAYI,Keperluan Anak dan Bayi > PERAWATAN ANAK & BAYI,Keperluan Anak dan Bayi > PERAWATAN ANAK & BAYI > PERAWATAN KESEHATAN ANAK & BAYI,0,0,72
796,KRIM RUAM (RASH) ANAK & BAYI,,4,0,true,A002-01-02-01,01,true,true,0002000100020001,119,PERAWATAN KESEHATAN ANAK & BAYI,Keperluan Anak dan Bayi > PERAWATAN ANAK & BAYI > PERAWATAN KESEHATAN ANAK & BAYI,Keperluan Anak dan Bayi > PERAWATAN ANAK & BAYI > PERAWATAN KESEHATAN ANAK & BAYI > KRIM RUAM (RASH) ANAK & BAYI,6,3,6
797,MINYAK TELON,,4,0,true,A002-01-02-02,02,true,true,0002000100020002,119,PERAWATAN KESEHATAN ANAK & BAYI,Keperluan Anak dan Bayi > PERAWATAN ANAK & BAYI > PERAWATAN KESEHATAN ANAK & BAYI,Keperluan Anak dan Bayi > PERAWATAN ANAK & BAYI > PERAWATAN KESEHATAN ANAK & BAYI > MINYAK TELON,66,46,66
120,PERAWATAN KULIT ANAK & BAYI,,3,8,false,A002-01-03,03,true,true,000200010003,18,PERAWATAN ANAK & BAYI,Keperluan Anak dan Bayi > PERAWATAN ANAK & BAYI,Keperluan Anak dan Bayi > PERAWATAN ANAK & BAYI > PERAWATAN KULIT ANAK & BAYI,0,0,384
798,BABY OIL,,4,0,true,A002-01-03-01,01,true,true,0002000100030001,120,PERAWATAN KULIT ANAK & BAYI,Keperluan Anak dan Bayi > PERAWATAN ANAK & BAYI > PERAWATAN KULIT ANAK & BAYI,Keperluan Anak dan Bayi > PERAWATAN ANAK & BAYI > PERAWATAN KULIT ANAK & BAYI > BABY OIL,15,11,15
799,BEDAK ANAK & BAYI,,4,0,true,A002-01-03-02,02,true,true,0002000100030002,120,PERAWATAN KULIT ANAK & BAYI,Keperluan Anak dan Bayi > PERAWATAN ANAK & BAYI > PERAWATAN KULIT ANAK & BAYI,Keperluan Anak dan Bayi > PERAWATAN ANAK & BAYI > PERAWATAN KULIT ANAK & BAYI > BEDAK ANAK & BAYI,90,33,90
800,BODY LOTION ANAK & BAYI,,4,0,true,A002-01-03-03,03,true,true,0002000100030003,120,PERAWATAN KULIT ANAK & BAYI,Keperluan Anak dan Bayi > PERAWATAN ANAK & BAYI > PERAWATAN KULIT ANAK & BAYI,Keperluan Anak dan Bayi > PERAWATAN ANAK & BAYI > PERAWATAN KULIT ANAK & BAYI > BODY LOTION ANAK & BAYI,25,22,25
801,COLOGNE ANAK & BAYI,,4,0,true,A002-01-03-04,04,true,true,0002000100030004,120,PERAWATAN KULIT ANAK & BAYI,Keperluan Anak dan Bayi > PERAWATAN ANAK & BAYI > PERAWATAN KULIT ANAK & BAYI,Keperluan Anak dan Bayi > PERAWATAN ANAK & BAYI > PERAWATAN KULIT ANAK & BAYI > COLOGNE ANAK & BAYI,90,79,90
802,CREAM ANAK & BAYI,,4,0,true,A002-01-03-05,05,true,true,0002000100030005,120,PERAWATAN KULIT ANAK & BAYI,Keperluan Anak dan Bayi > PERAWATAN ANAK & BAYI > PERAWATAN KULIT ANAK & BAYI,Keperluan Anak dan Bayi > PERAWATAN ANAK & BAYI > PERAWATAN KULIT ANAK & BAYI > CREAM ANAK & BAYI,22,21,22
803,LOTION ANTI NYAMUK ANAK & BAYI,,4,0,true,A002-01-03-06,06,true,true,0002000100030006,120,PERAWATAN KULIT ANAK & BAYI,Keperluan Anak dan Bayi > PERAWATAN ANAK & BAYI > PERAWATAN KULIT ANAK & BAYI,Keperluan Anak dan Bayi > PERAWATAN ANAK & BAYI > PERAWATAN KULIT ANAK & BAYI > LOTION ANTI NYAMUK ANAK & BAYI,0,0,0
804,SABUN ANAK & BAYI,,4,2,false,A002-01-03-07,07,true,true,0002000100030007,120,PERAWATAN KULIT ANAK & BAYI,Keperluan Anak dan Bayi > PERAWATAN ANAK & BAYI > PERAWATAN KULIT ANAK & BAYI,Keperluan Anak dan Bayi > PERAWATAN ANAK & BAYI > PERAWATAN KULIT ANAK & BAYI > SABUN ANAK & BAYI,4,2,137
1354,SABUN ANAK & BAYI BATANG,,5,0,true,A002-01-03-07-01,01,true,true,00020001000300070001,804,SABUN ANAK & BAYI,Keperluan Anak dan Bayi > PERAWATAN ANAK & BAYI > PERAWATAN KULIT ANAK & BAYI > SABUN ANAK & BAYI,Keperluan Anak dan Bayi > PERAWATAN ANAK & BAYI > PERAWATAN KULIT ANAK & BAYI > SABUN ANAK & BAYI > SABUN ANAK & BAYI BATANG,23,18,23
1355,SABUN ANAK & BAYI CAIR,,5,2,false,A002-01-03-07-02,02,true,true,00020001000300070002,804,SABUN ANAK & BAYI,Keperluan Anak dan Bayi > PERAWATAN ANAK & BAYI > PERAWATAN KULIT ANAK & BAYI > SABUN ANAK & BAYI,Keperluan Anak dan Bayi > PERAWATAN ANAK & BAYI > PERAWATAN KULIT ANAK & BAYI > SABUN ANAK & BAYI > SABUN ANAK & BAYI CAIR,13,7,110
1471,SABUN ANAK & BAYI CAIR KEMASAN BOTOL,,6,0,true,A002-01-03-07-02-01,01,true,true,000200010003000700020001,1355,SABUN ANAK & BAYI CAIR,Keperluan Anak dan Bayi > PERAWATAN ANAK & BAYI > PERAWATAN KULIT ANAK & BAYI > SABUN ANAK & BAYI > SABUN ANAK & BAYI CAIR,Keperluan Anak dan Bayi > PERAWATAN ANAK & BAYI > PERAWATAN KULIT ANAK & BAYI > SABUN ANAK & BAYI > SABUN ANAK & BAYI CAIR > SABUN ANAK & BAYI CAIR KEMASAN BOTOL,64,49,64
1472,SABUN ANAK & BAYI CAIR KEMASAN REFILL (POUCH),,6,0,true,A002-01-03-07-02-02,02,true,true,000200010003000700020002,1355,SABUN ANAK & BAYI CAIR,Keperluan Anak dan Bayi > PERAWATAN ANAK & BAYI > PERAWATAN KULIT ANAK & BAYI > SABUN ANAK & BAYI > SABUN ANAK & BAYI CAIR,Keperluan Anak dan Bayi > PERAWATAN ANAK & BAYI > PERAWATAN KULIT ANAK & BAYI > SABUN ANAK & BAYI > SABUN ANAK & BAYI CAIR > SABUN ANAK & BAYI CAIR KEMASAN REFILL (POUCH),33,24,33
805,SUNBLOCK ANAK & BAYI,,4,0,true,A002-01-03-08,08,true,true,0002000100030008,120,PERAWATAN KULIT ANAK & BAYI,Keperluan Anak dan Bayi > PERAWATAN ANAK & BAYI > PERAWATAN KULIT ANAK & BAYI,Keperluan Anak dan Bayi > PERAWATAN ANAK & BAYI > PERAWATAN KULIT ANAK & BAYI > SUNBLOCK ANAK & BAYI,5,3,5
121,PERAWATAN MENYELURUH ANAK & BAYI,,3,2,false,A002-01-04,04,true,true,000200010004,18,PERAWATAN ANAK & BAYI,Keperluan Anak dan Bayi > PERAWATAN ANAK & BAYI,Keperluan Anak dan Bayi > PERAWATAN ANAK & BAYI > PERAWATAN MENYELURUH ANAK & BAYI,0,0,62
806,2IN1 WASH ANAK & BAYI,,4,0,true,A002-01-04-01,01,true,true,0002000100040001,121,PERAWATAN MENYELURUH ANAK & BAYI,Keperluan Anak dan Bayi > PERAWATAN ANAK & BAYI > PERAWATAN MENYELURUH ANAK & BAYI,Keperluan Anak dan Bayi > PERAWATAN ANAK & BAYI > PERAWATAN MENYELURUH ANAK & BAYI > 2IN1 WASH ANAK & BAYI,49,41,49
807,TOP TO TOE WASH ANAK & BAYI,,4,0,true,A002-01-04-02,02,true,true,0002000100040002,121,PERAWATAN MENYELURUH ANAK & BAYI,Keperluan Anak dan Bayi > PERAWATAN ANAK & BAYI > PERAWATAN MENYELURUH ANAK & BAYI,Keperluan Anak dan Bayi > PERAWATAN ANAK & BAYI > PERAWATAN MENYELURUH ANAK & BAYI > TOP TO TOE WASH ANAK & BAYI,13,10,13
122,PERAWATAN RAMBUT ANAK & BAYI,,3,6,false,A002-01-05,05,true,true,000200010005,18,PERAWATAN ANAK & BAYI,Keperluan Anak dan Bayi > PERAWATAN ANAK & BAYI,Keperluan Anak dan Bayi > PERAWATAN ANAK & BAYI > PERAWATAN RAMBUT ANAK & BAYI,3,3,132
808,CONDITIONER ANAK & BAYI,,4,0,true,A002-01-05-01,01,true,true,0002000100050001,122,PERAWATAN RAMBUT ANAK & BAYI,Keperluan Anak dan Bayi > PERAWATAN ANAK & BAYI > PERAWATAN RAMBUT ANAK & BAYI,Keperluan Anak dan Bayi > PERAWATAN ANAK & BAYI > PERAWATAN RAMBUT ANAK & BAYI > CONDITIONER ANAK & BAYI,1,1,1
809,HAIR DETANGLER ANAK & BAYI,,4,0,true,A002-01-05-02,02,true,true,0002000100050002,122,PERAWATAN RAMBUT ANAK & BAYI,Keperluan Anak dan Bayi > PERAWATAN ANAK & BAYI > PERAWATAN RAMBUT ANAK & BAYI,Keperluan Anak dan Bayi > PERAWATAN ANAK & BAYI > PERAWATAN RAMBUT ANAK & BAYI > HAIR DETANGLER ANAK & BAYI,2,0,2
810,HAIR LOTION ANAK & BAYI,,4,0,true,A002-01-05-03,03,true,true,0002000100050003,122,PERAWATAN RAMBUT ANAK & BAYI,Keperluan Anak dan Bayi > PERAWATAN ANAK & BAYI > PERAWATAN RAMBUT ANAK & BAYI,Keperluan Anak dan Bayi > PERAWATAN ANAK & BAYI > PERAWATAN RAMBUT ANAK & BAYI > HAIR LOTION ANAK & BAYI,22,19,22
811,MINYAK RAMBUT ANAK & BAYI,,4,0,true,A002-01-05-04,04,true,true,0002000100050004,122,PERAWATAN RAMBUT ANAK & BAYI,Keperluan Anak dan Bayi > PERAWATAN ANAK & BAYI > PERAWATAN RAMBUT ANAK & BAYI,Keperluan Anak dan Bayi > PERAWATAN ANAK & BAYI > PERAWATAN RAMBUT ANAK & BAYI > MINYAK RAMBUT ANAK & BAYI,1,1,1
812,SHAMPOO ANAK & BAYI,,4,0,true,A002-01-05-05,05,true,true,0002000100050005,122,PERAWATAN RAMBUT ANAK & BAYI,Keperluan Anak dan Bayi > PERAWATAN ANAK & BAYI > PERAWATAN RAMBUT ANAK & BAYI,Keperluan Anak dan Bayi > PERAWATAN ANAK & BAYI > PERAWATAN RAMBUT ANAK & BAYI > SHAMPOO ANAK & BAYI,103,81,103
813,SPRAY RAMBUT ANAK & BAYI,,4,0,true,A002-01-05-06,06,true,true,0002000100050006,122,PERAWATAN RAMBUT ANAK & BAYI,Keperluan Anak dan Bayi > PERAWATAN ANAK & BAYI > PERAWATAN RAMBUT ANAK & BAYI,Keperluan Anak dan Bayi > PERAWATAN ANAK & BAYI > PERAWATAN RAMBUT ANAK & BAYI > SPRAY RAMBUT ANAK & BAYI,0,0,0
19,PERALATAN UNTUK ANAK & BAYI,,2,5,false,A002-02,02,true,true,00020002,2,Keperluan Anak dan Bayi,Keperluan Anak dan Bayi,Keperluan Anak dan Bayi > PERALATAN UNTUK ANAK & BAYI,33,27,478
123,PERALATAN KEBERSIHAN ANAK & BAYI,,3,7,false,A002-02-01,01,true,true,000200020001,19,PERALATAN UNTUK ANAK & BAYI,Keperluan Anak dan Bayi > PERALATAN UNTUK ANAK & BAYI,Keperluan Anak dan Bayi > PERALATAN UNTUK ANAK & BAYI > PERALATAN KEBERSIHAN ANAK & BAYI,3,3,158
814,GUNTING KUKU,,4,0,true,A002-02-01-01,01,true,true,0002000200010001,123,PERALATAN KEBERSIHAN ANAK & BAYI,Keperluan Anak dan Bayi > PERALATAN UNTUK ANAK & BAYI > PERALATAN KEBERSIHAN ANAK & BAYI,Keperluan Anak dan Bayi > PERALATAN UNTUK ANAK & BAYI > PERALATAN KEBERSIHAN ANAK & BAYI > GUNTING KUKU,115,98,115
815,PEMBERSIH HIDUNG,,4,0,true,A002-02-01-02,02,true,true,0002000200010002,123,PERALATAN KEBERSIHAN ANAK & BAYI,Keperluan Anak dan Bayi > PERALATAN UNTUK ANAK & BAYI > PERALATAN KEBERSIHAN ANAK & BAYI,Keperluan Anak dan Bayi > PERALATAN UNTUK ANAK & BAYI > PERALATAN KEBERSIHAN ANAK & BAYI > PEMBERSIH HIDUNG,1,1,1
816,PENGHANGAT BOTOL ELEKTRIK,,4,0,true,A002-02-01-03,03,true,true,0002000200010003,123,PERALATAN KEBERSIHAN ANAK & BAYI,Keperluan Anak dan Bayi > PERALATAN UNTUK ANAK & BAYI > PERALATAN KEBERSIHAN ANAK & BAYI,Keperluan Anak dan Bayi > PERALATAN UNTUK ANAK & BAYI > PERALATAN KEBERSIHAN ANAK & BAYI > PENGHANGAT BOTOL ELEKTRIK,0,0,0
817,PENJEPIT BOTOL SUSU,,4,0,true,A002-02-01-04,04,true,true,0002000200010004,123,PERALATAN KEBERSIHAN ANAK & BAYI,Keperluan Anak dan Bayi > PERALATAN UNTUK ANAK & BAYI > PERALATAN KEBERSIHAN ANAK & BAYI,Keperluan Anak dan Bayi > PERALATAN UNTUK ANAK & BAYI > PERALATAN KEBERSIHAN ANAK & BAYI > PENJEPIT BOTOL SUSU,0,0,0
818,SIKAT BOTOL SUSU & DOT,,4,0,true,A002-02-01-05,05,true,true,0002000200010005,123,PERALATAN KEBERSIHAN ANAK & BAYI,Keperluan Anak dan Bayi > PERALATAN UNTUK ANAK & BAYI > PERALATAN KEBERSIHAN ANAK & BAYI,Keperluan Anak dan Bayi > PERALATAN UNTUK ANAK & BAYI > PERALATAN KEBERSIHAN ANAK & BAYI > SIKAT BOTOL SUSU & DOT,36,33,36
819,STERILIZER,,4,0,true,A002-02-01-06,06,true,true,0002000200010006,123,PERALATAN KEBERSIHAN ANAK & BAYI,Keperluan Anak dan Bayi > PERALATAN UNTUK ANAK & BAYI > PERALATAN KEBERSIHAN ANAK & BAYI,Keperluan Anak dan Bayi > PERALATAN UNTUK ANAK & BAYI > PERALATAN KEBERSIHAN ANAK & BAYI > STERILIZER,1,1,1
820,TERMOMETER,,4,0,true,A002-02-01-07,07,true,true,0002000200010007,123,PERALATAN KEBERSIHAN ANAK & BAYI,Keperluan Anak dan Bayi > PERALATAN UNTUK ANAK & BAYI > PERALATAN KEBERSIHAN ANAK & BAYI,Keperluan Anak dan Bayi > PERALATAN UNTUK ANAK & BAYI > PERALATAN KEBERSIHAN ANAK & BAYI > TERMOMETER,2,2,2
124,PERALATAN BEPERGIAN ANAK & BAYI,,3,3,false,A002-02-02,02,true,true,000200020002,19,PERALATAN UNTUK ANAK & BAYI,Keperluan Anak dan Bayi > PERALATAN UNTUK ANAK & BAYI,Keperluan Anak dan Bayi > PERALATAN UNTUK ANAK & BAYI > PERALATAN BEPERGIAN ANAK & BAYI,1,1,9
821,BABY CAR SEAT,,4,0,true,A002-02-02-01,01,true,true,0002000200020001,124,PERALATAN BEPERGIAN ANAK & BAYI,Keperluan Anak dan Bayi > PERALATAN UNTUK ANAK & BAYI > PERALATAN BEPERGIAN ANAK & BAYI,Keperluan Anak dan Bayi > PERALATAN UNTUK ANAK & BAYI > PERALATAN BEPERGIAN ANAK & BAYI > BABY CAR SEAT,0,0,0
822,BABY WALKER,,4,0,true,A002-02-02-02,02,true,true,0002000200020002,124,PERALATAN BEPERGIAN ANAK & BAYI,Keperluan Anak dan Bayi > PERALATAN UNTUK ANAK & BAYI > PERALATAN BEPERGIAN ANAK & BAYI,Keperluan Anak dan Bayi > PERALATAN UNTUK ANAK & BAYI > PERALATAN BEPERGIAN ANAK & BAYI > BABY WALKER,3,3,3
823,STROLLER,,4,0,true,A002-02-02-03,03,true,true,0002000200020003,124,PERALATAN BEPERGIAN ANAK & BAYI,Keperluan Anak dan Bayi > PERALATAN UNTUK ANAK & BAYI > PERALATAN BEPERGIAN ANAK & BAYI,Keperluan Anak dan Bayi > PERALATAN UNTUK ANAK & BAYI > PERALATAN BEPERGIAN ANAK & BAYI > STROLLER,5,5,5
125,PERALATAN MAKAN ANAK & BAYI,,3,3,false,A002-02-03,03,true,true,000200020003,19,PERALATAN UNTUK ANAK & BAYI,Keperluan Anak dan Bayi > PERALATAN UNTUK ANAK & BAYI,Keperluan Anak dan Bayi > PERALATAN UNTUK ANAK & BAYI > PERALATAN MAKAN ANAK & BAYI,61,61,93
824,BOOSTER SEAT,,4,0,true,A002-02-03-01,01,true,true,0002000200030001,125,PERALATAN MAKAN ANAK & BAYI,Keperluan Anak dan Bayi > PERALATAN UNTUK ANAK & BAYI > PERALATAN MAKAN ANAK & BAYI,Keperluan Anak dan Bayi > PERALATAN UNTUK ANAK & BAYI > PERALATAN MAKAN ANAK & BAYI > BOOSTER SEAT,2,2,2
825,KURSI MAKAN (HIGH CHAIR),,4,0,true,A002-02-03-02,02,true,true,0002000200030002,125,PERALATAN MAKAN ANAK & BAYI,Keperluan Anak dan Bayi > PERALATAN UNTUK ANAK & BAYI > PERALATAN MAKAN ANAK & BAYI,Keperluan Anak dan Bayi > PERALATAN UNTUK ANAK & BAYI > PERALATAN MAKAN ANAK & BAYI > KURSI MAKAN (HIGH CHAIR),1,1,1
826,PERALATAN MAKAN ANAK & BAYI ,,4,0,true,A002-02-03-03,03,true,true,0002000200030003,125,PERALATAN MAKAN ANAK & BAYI,Keperluan Anak dan Bayi > PERALATAN UNTUK ANAK & BAYI > PERALATAN MAKAN ANAK & BAYI,Keperluan Anak dan Bayi > PERALATAN UNTUK ANAK & BAYI > PERALATAN MAKAN ANAK & BAYI > PERALATAN MAKAN ANAK & BAYI ,29,22,29
126,PERALATAN MANDI ANAK & BAYI,,3,2,false,A002-02-04,04,true,true,000200020004,19,PERALATAN UNTUK ANAK & BAYI,Keperluan Anak dan Bayi > PERALATAN UNTUK ANAK & BAYI,Keperluan Anak dan Bayi > PERALATAN UNTUK ANAK & BAYI > PERALATAN MANDI ANAK & BAYI,0,0,12
827,BAK MANDI ANAK & BAYI,,4,0,true,A002-02-04-01,01,true,true,0002000200040001,126,PERALATAN MANDI ANAK & BAYI,Keperluan Anak dan Bayi > PERALATAN UNTUK ANAK & BAYI > PERALATAN MANDI ANAK & BAYI,Keperluan Anak dan Bayi > PERALATAN UNTUK ANAK & BAYI > PERALATAN MANDI ANAK & BAYI > BAK MANDI ANAK & BAYI,10,9,10
828,PISPOT (POTTY),,4,0,true,A002-02-04-02,02,true,true,0002000200040002,126,PERALATAN MANDI ANAK & BAYI,Keperluan Anak dan Bayi > PERALATAN UNTUK ANAK & BAYI > PERALATAN MANDI ANAK & BAYI,Keperluan Anak dan Bayi > PERALATAN UNTUK ANAK & BAYI > PERALATAN MANDI ANAK & BAYI > PISPOT (POTTY),2,1,2
127,PERALATAN MENYUSUI ANAK & BAYI,,3,5,false,A002-02-05,05,true,true,000200020005,19,PERALATAN UNTUK ANAK & BAYI,Keperluan Anak dan Bayi > PERALATAN UNTUK ANAK & BAYI,Keperluan Anak dan Bayi > PERALATAN UNTUK ANAK & BAYI > PERALATAN MENYUSUI ANAK & BAYI,1,1,173
829,BOTOL SUSU,,4,0,true,A002-02-05-01,01,true,true,0002000200050001,127,PERALATAN MENYUSUI ANAK & BAYI,Keperluan Anak dan Bayi > PERALATAN UNTUK ANAK & BAYI > PERALATAN MENYUSUI ANAK & BAYI,Keperluan Anak dan Bayi > PERALATAN UNTUK ANAK & BAYI > PERALATAN MENYUSUI ANAK & BAYI > BOTOL SUSU,75,73,75
830,DOT & EMPENG (PACIFIER),,4,0,true,A002-02-05-02,02,true,true,0002000200050002,127,PERALATAN MENYUSUI ANAK & BAYI,Keperluan Anak dan Bayi > PERALATAN UNTUK ANAK & BAYI > PERALATAN MENYUSUI ANAK & BAYI,Keperluan Anak dan Bayi > PERALATAN UNTUK ANAK & BAYI > PERALATAN MENYUSUI ANAK & BAYI > DOT & EMPENG (PACIFIER),79,72,79
831,GIGITAN BAYI (TEETHER),,4,0,true,A002-02-05-03,03,true,true,0002000200050003,127,PERALATAN MENYUSUI ANAK & BAYI,Keperluan Anak dan Bayi > PERALATAN UNTUK ANAK & BAYI > PERALATAN MENYUSUI ANAK & BAYI,Keperluan Anak dan Bayi > PERALATAN UNTUK ANAK & BAYI > PERALATAN MENYUSUI ANAK & BAYI > GIGITAN BAYI (TEETHER),11,10,11
832,POMPA ASI MANUAL,,4,0,true,A002-02-05-04,04,true,true,0002000200050004,127,PERALATAN MENYUSUI ANAK & BAYI,Keperluan Anak dan Bayi > PERALATAN UNTUK ANAK & BAYI > PERALATAN MENYUSUI ANAK & BAYI,Keperluan Anak dan Bayi > PERALATAN UNTUK ANAK & BAYI > PERALATAN MENYUSUI ANAK & BAYI > POMPA ASI MANUAL,6,5,6
833,POMPA ASI ELEKTRIK,,4,0,true,A002-02-05-05,05,true,true,0002000200050005,127,PERALATAN MENYUSUI ANAK & BAYI,Keperluan Anak dan Bayi > PERALATAN UNTUK ANAK & BAYI > PERALATAN MENYUSUI ANAK & BAYI,Keperluan Anak dan Bayi > PERALATAN UNTUK ANAK & BAYI > PERALATAN MENYUSUI ANAK & BAYI > POMPA ASI ELEKTRIK,1,1,1
20,PERLENGKAPAN ANAK & BAYI,,2,7,false,A002-03,03,true,true,00020003,2,Keperluan Anak dan Bayi,Keperluan Anak dan Bayi,Keperluan Anak dan Bayi > PERLENGKAPAN ANAK & BAYI,41,40,1452
128,PERLENGKAPAN BEPERGIAN ANAK & BAYI,,3,6,false,A002-03-01,01,true,true,000200030001,20,PERLENGKAPAN ANAK & BAYI,Keperluan Anak dan Bayi > PERLENGKAPAN ANAK & BAYI,Keperluan Anak dan Bayi > PERLENGKAPAN ANAK & BAYI > PERLENGKAPAN BEPERGIAN ANAK & BAYI,4,4,358
834,CARRIER,,4,0,true,A002-03-01-01,01,true,true,0002000300010001,128,PERLENGKAPAN BEPERGIAN ANAK & BAYI,Keperluan Anak dan Bayi > PERLENGKAPAN ANAK & BAYI > PERLENGKAPAN BEPERGIAN ANAK & BAYI,Keperluan Anak dan Bayi > PERLENGKAPAN ANAK & BAYI > PERLENGKAPAN BEPERGIAN ANAK & BAYI > CARRIER,0,0,0
835,COOLER BAG,,4,0,true,A002-03-01-02,02,true,true,0002000300010002,128,PERLENGKAPAN BEPERGIAN ANAK & BAYI,Keperluan Anak dan Bayi > PERLENGKAPAN ANAK & BAYI > PERLENGKAPAN BEPERGIAN ANAK & BAYI,Keperluan Anak dan Bayi > PERLENGKAPAN ANAK & BAYI > PERLENGKAPAN BEPERGIAN ANAK & BAYI > COOLER BAG,74,69,74
836,GENDONGAN,,4,0,true,A002-03-01-03,03,true,true,0002000300010003,128,PERLENGKAPAN BEPERGIAN ANAK & BAYI,Keperluan Anak dan Bayi > PERLENGKAPAN ANAK & BAYI > PERLENGKAPAN BEPERGIAN ANAK & BAYI,Keperluan Anak dan Bayi > PERLENGKAPAN ANAK & BAYI > PERLENGKAPAN BEPERGIAN ANAK & BAYI > GENDONGAN,137,135,137
837,HIP SEAT,,4,0,true,A002-03-01-04,04,true,true,0002000300010004,128,PERLENGKAPAN BEPERGIAN ANAK & BAYI,Keperluan Anak dan Bayi > PERLENGKAPAN ANAK & BAYI > PERLENGKAPAN BEPERGIAN ANAK & BAYI,Keperluan Anak dan Bayi > PERLENGKAPAN ANAK & BAYI > PERLENGKAPAN BEPERGIAN ANAK & BAYI > HIP SEAT,9,8,9
838,TAS BAYI,,4,0,true,A002-03-01-05,05,true,true,0002000300010005,128,PERLENGKAPAN BEPERGIAN ANAK & BAYI,Keperluan Anak dan Bayi > PERLENGKAPAN ANAK & BAYI > PERLENGKAPAN BEPERGIAN ANAK & BAYI,Keperluan Anak dan Bayi > PERLENGKAPAN ANAK & BAYI > PERLENGKAPAN BEPERGIAN ANAK & BAYI > TAS BAYI,133,129,133
839,TAS PENGHANGAT BOTOL SUSU,,4,0,true,A002-03-01-06,06,true,true,0002000300010006,128,PERLENGKAPAN BEPERGIAN ANAK & BAYI,Keperluan Anak dan Bayi > PERLENGKAPAN ANAK & BAYI > PERLENGKAPAN BEPERGIAN ANAK & BAYI,Keperluan Anak dan Bayi > PERLENGKAPAN ANAK & BAYI > PERLENGKAPAN BEPERGIAN ANAK & BAYI > TAS PENGHANGAT BOTOL SUSU,1,0,1
129,PERLENGKAPAN KEBERSIHAN ANAK & BAYI,,3,6,false,A002-03-02,02,true,true,000200030002,20,PERLENGKAPAN ANAK & BAYI,Keperluan Anak dan Bayi > PERLENGKAPAN ANAK & BAYI,Keperluan Anak dan Bayi > PERLENGKAPAN ANAK & BAYI > PERLENGKAPAN KEBERSIHAN ANAK & BAYI,7,7,634
840,CAIRAN PEMBERSIH PERALATAN DAN PERLENGKAPAN ANAK & BAYI,,4,2,false,A002-03-02-01,01,true,true,0002000300020001,129,PERLENGKAPAN KEBERSIHAN ANAK & BAYI,Keperluan Anak dan Bayi > PERLENGKAPAN ANAK & BAYI > PERLENGKAPAN KEBERSIHAN ANAK & BAYI,Keperluan Anak dan Bayi > PERLENGKAPAN ANAK & BAYI > PERLENGKAPAN KEBERSIHAN ANAK & BAYI > CAIRAN PEMBERSIH PERALATAN DAN PERLENGKAPAN ANAK & BAYI,2,0,27
1356,CAIRAN PEMBERSIH PERALATAN DAN PERLENGKAPAN ANAK & BAYI KEMASAN BOTOL,,5,0,true,A002-03-02-01-01,01,true,true,00020003000200010001,840,CAIRAN PEMBERSIH PERALATAN DAN PERLENGKAPAN ANAK & BAYI,Keperluan Anak dan Bayi > PERLENGKAPAN ANAK & BAYI > PERLENGKAPAN KEBERSIHAN ANAK & BAYI > CAIRAN PEMBERSIH PERALATAN DAN PERLENGKAPAN ANAK & BAYI,Keperluan Anak dan Bayi > PERLENGKAPAN ANAK & BAYI > PERLENGKAPAN KEBERSIHAN ANAK & BAYI > CAIRAN PEMBERSIH PERALATAN DAN PERLENGKAPAN ANAK & BAYI > CAIRAN PEMBERSIH PERALATAN DAN PERLENGKAPAN ANAK & BAYI KEMASAN BOTOL,11,3,11
1357,CAIRAN PEMBERSIH PERALATAN DAN PERLENGKAPAN ANAK & BAYI KEMASAN REFILL (POUCH),,5,0,true,A002-03-02-01-02,02,true,true,00020003000200010002,840,CAIRAN PEMBERSIH PERALATAN DAN PERLENGKAPAN ANAK & BAYI,Keperluan Anak dan Bayi > PERLENGKAPAN ANAK & BAYI > PERLENGKAPAN KEBERSIHAN ANAK & BAYI > CAIRAN PEMBERSIH PERALATAN DAN PERLENGKAPAN ANAK & BAYI,Keperluan Anak dan Bayi > PERLENGKAPAN ANAK & BAYI > PERLENGKAPAN KEBERSIHAN ANAK & BAYI > CAIRAN PEMBERSIH PERALATAN DAN PERLENGKAPAN ANAK & BAYI > CAIRAN PEMBERSIH PERALATAN DAN PERLENGKAPAN ANAK & BAYI KEMASAN REFILL (POUCH),14,8,14
841,COTTON BALL ANAK & BAYI,,4,0,true,A002-03-02-02,02,true,true,0002000300020002,129,PERLENGKAPAN KEBERSIHAN ANAK & BAYI,Keperluan Anak dan Bayi > PERLENGKAPAN ANAK & BAYI > PERLENGKAPAN KEBERSIHAN ANAK & BAYI,Keperluan Anak dan Bayi > PERLENGKAPAN ANAK & BAYI > PERLENGKAPAN KEBERSIHAN ANAK & BAYI > COTTON BALL ANAK & BAYI,10,9,10
842,COTTON BUD ,,4,0,true,A002-03-02-03,03,true,true,0002000300020003,129,PERLENGKAPAN KEBERSIHAN ANAK & BAYI,Keperluan Anak dan Bayi > PERLENGKAPAN ANAK & BAYI > PERLENGKAPAN KEBERSIHAN ANAK & BAYI,Keperluan Anak dan Bayi > PERLENGKAPAN ANAK & BAYI > PERLENGKAPAN KEBERSIHAN ANAK & BAYI > COTTON BUD ,107,100,107
843,KAPAS ANAK & BAYI,,4,0,true,A002-03-02-04,04,true,true,0002000300020004,129,PERLENGKAPAN KEBERSIHAN ANAK & BAYI,Keperluan Anak dan Bayi > PERLENGKAPAN ANAK & BAYI > PERLENGKAPAN KEBERSIHAN ANAK & BAYI,Keperluan Anak dan Bayi > PERLENGKAPAN ANAK & BAYI > PERLENGKAPAN KEBERSIHAN ANAK & BAYI > KAPAS ANAK & BAYI,0,0,0
844,POPOK (DIAPERS) ANAK & BAYI,,4,2,false,A002-03-02-05,05,true,true,0002000300020005,129,PERLENGKAPAN KEBERSIHAN ANAK & BAYI,Keperluan Anak dan Bayi > PERLENGKAPAN ANAK & BAYI > PERLENGKAPAN KEBERSIHAN ANAK & BAYI,Keperluan Anak dan Bayi > PERLENGKAPAN ANAK & BAYI > PERLENGKAPAN KEBERSIHAN ANAK & BAYI > POPOK (DIAPERS) ANAK & BAYI,11,7,379
1358,POPOK (DIAPERS) ANAK & BAYI KAIN,,5,0,true,A002-03-02-05-01,01,true,true,00020003000200050001,844,POPOK (DIAPERS) ANAK & BAYI,Keperluan Anak dan Bayi > PERLENGKAPAN ANAK & BAYI > PERLENGKAPAN KEBERSIHAN ANAK & BAYI > POPOK (DIAPERS) ANAK & BAYI,Keperluan Anak dan Bayi > PERLENGKAPAN ANAK & BAYI > PERLENGKAPAN KEBERSIHAN ANAK & BAYI > POPOK (DIAPERS) ANAK & BAYI > POPOK (DIAPERS) ANAK & BAYI KAIN,18,18,18
1359,POPOK (DIAPERS) ANAK & BAYI SEKALI PAKAI (DISPOSABLE),,5,2,false,A002-03-02-05-02,02,true,true,00020003000200050002,844,POPOK (DIAPERS) ANAK & BAYI,Keperluan Anak dan Bayi > PERLENGKAPAN ANAK & BAYI > PERLENGKAPAN KEBERSIHAN ANAK & BAYI > POPOK (DIAPERS) ANAK & BAYI,Keperluan Anak dan Bayi > PERLENGKAPAN ANAK & BAYI > PERLENGKAPAN KEBERSIHAN ANAK & BAYI > POPOK (DIAPERS) ANAK & BAYI > POPOK (DIAPERS) ANAK & BAYI SEKALI PAKAI (DISPOSABLE),0,0,350
1473,POPOK (DIAPERS) ANAK & BAYI SEKALI PAKAI (DISPOSABLE) MODEL CELANA,,6,0,true,A002-03-02-05-02-01,01,true,true,000200030002000500020001,1359,POPOK (DIAPERS) ANAK & BAYI SEKALI PAKAI (DISPOSABLE),Keperluan Anak dan Bayi > PERLENGKAPAN ANAK & BAYI > PERLENGKAPAN KEBERSIHAN ANAK & BAYI > POPOK (DIAPERS) ANAK & BAYI > POPOK (DIAPERS) ANAK & BAYI SEKALI PAKAI (DISPOSABLE),Keperluan Anak dan Bayi > PERLENGKAPAN ANAK & BAYI > PERLENGKAPAN KEBERSIHAN ANAK & BAYI > POPOK (DIAPERS) ANAK & BAYI > POPOK (DIAPERS) ANAK & BAYI SEKALI PAKAI (DISPOSABLE) > POPOK (DIAPERS) ANAK & BAYI SEKALI PAKAI (DISPOSABLE) MODEL CELANA,306,154,306
1474,POPOK (DIAPERS) ANAK & BAYI SEKALI PAKAI (DISPOSABLE) DENGAN PEREKAT,,6,0,true,A002-03-02-05-02-02,02,true,true,000200030002000500020002,1359,POPOK (DIAPERS) ANAK & BAYI SEKALI PAKAI (DISPOSABLE),Keperluan Anak dan Bayi > PERLENGKAPAN ANAK & BAYI > PERLENGKAPAN KEBERSIHAN ANAK & BAYI > POPOK (DIAPERS) ANAK & BAYI > POPOK (DIAPERS) ANAK & BAYI SEKALI PAKAI (DISPOSABLE),Keperluan Anak dan Bayi > PERLENGKAPAN ANAK & BAYI > PERLENGKAPAN KEBERSIHAN ANAK & BAYI > POPOK (DIAPERS) ANAK & BAYI > POPOK (DIAPERS) ANAK & BAYI SEKALI PAKAI (DISPOSABLE) > POPOK (DIAPERS) ANAK & BAYI SEKALI PAKAI (DISPOSABLE) DENGAN PEREKAT,44,18,44
845,TISU BASAH (BABY WIPES),,4,0,true,A002-03-02-06,06,true,true,0002000300020006,129,PERLENGKAPAN KEBERSIHAN ANAK & BAYI,Keperluan Anak dan Bayi > PERLENGKAPAN ANAK & BAYI > PERLENGKAPAN KEBERSIHAN ANAK & BAYI,Keperluan Anak dan Bayi > PERLENGKAPAN ANAK & BAYI > PERLENGKAPAN KEBERSIHAN ANAK & BAYI > TISU BASAH (BABY WIPES),104,63,104
130,PERLENGKAPAN ANAK & BAYI LAINNYA ,,3,4,false,A002-03-03,03,true,true,000200030003,20,PERLENGKAPAN ANAK & BAYI,Keperluan Anak dan Bayi > PERLENGKAPAN ANAK & BAYI,Keperluan Anak dan Bayi > PERLENGKAPAN ANAK & BAYI > PERLENGKAPAN ANAK & BAYI LAINNYA ,39,37,62
846,GURITA ANAK & BAYI,,4,0,true,A002-03-03-01,01,true,true,0002000300030001,130,PERLENGKAPAN ANAK & BAYI LAINNYA ,Keperluan Anak dan Bayi > PERLENGKAPAN ANAK & BAYI > PERLENGKAPAN ANAK & BAYI LAINNYA ,Keperluan Anak dan Bayi > PERLENGKAPAN ANAK & BAYI > PERLENGKAPAN ANAK & BAYI LAINNYA  > GURITA ANAK & BAYI,15,15,15
847,MATRAS BAYI,,4,0,true,A002-03-03-02,02,true,true,0002000300030002,130,PERLENGKAPAN ANAK & BAYI LAINNYA ,Keperluan Anak dan Bayi > PERLENGKAPAN ANAK & BAYI > PERLENGKAPAN ANAK & BAYI LAINNYA ,Keperluan Anak dan Bayi > PERLENGKAPAN ANAK & BAYI > PERLENGKAPAN ANAK & BAYI LAINNYA  > MATRAS BAYI,8,8,8
848,PENITI ANAK & BAYI,,4,0,true,A002-03-03-03,03,true,true,0002000300030003,130,PERLENGKAPAN ANAK & BAYI LAINNYA ,Keperluan Anak dan Bayi > PERLENGKAPAN ANAK & BAYI > PERLENGKAPAN ANAK & BAYI LAINNYA ,Keperluan Anak dan Bayi > PERLENGKAPAN ANAK & BAYI > PERLENGKAPAN ANAK & BAYI LAINNYA  > PENITI ANAK & BAYI,0,0,0
849,TIMBANGAN ANAK & BAYI,,4,0,true,A002-03-03-04,04,true,true,0002000300030004,130,PERLENGKAPAN ANAK & BAYI LAINNYA ,Keperluan Anak dan Bayi > PERLENGKAPAN ANAK & BAYI > PERLENGKAPAN ANAK & BAYI LAINNYA ,Keperluan Anak dan Bayi > PERLENGKAPAN ANAK & BAYI > PERLENGKAPAN ANAK & BAYI LAINNYA  > TIMBANGAN ANAK & BAYI,0,0,0
131,PERLENGKAPAN MAKAN ANAK & BAYI ,,3,5,false,A002-03-04,04,true,true,000200030004,20,PERLENGKAPAN ANAK & BAYI,Keperluan Anak dan Bayi > PERLENGKAPAN ANAK & BAYI,Keperluan Anak dan Bayi > PERLENGKAPAN ANAK & BAYI > PERLENGKAPAN MAKAN ANAK & BAYI ,1,1,92
850,BIB/SLABER BAYI,,4,0,true,A002-03-04-01,01,true,true,0002000300040001,131,PERLENGKAPAN MAKAN ANAK & BAYI ,Keperluan Anak dan Bayi > PERLENGKAPAN ANAK & BAYI > PERLENGKAPAN MAKAN ANAK & BAYI ,Keperluan Anak dan Bayi > PERLENGKAPAN ANAK & BAYI > PERLENGKAPAN MAKAN ANAK & BAYI  > BIB/SLABER BAYI,22,22,22
851,BOTOL AIR MINUM ANAK & BAYI,,4,0,true,A002-03-04-02,02,true,true,0002000300040002,131,PERLENGKAPAN MAKAN ANAK & BAYI ,Keperluan Anak dan Bayi > PERLENGKAPAN ANAK & BAYI > PERLENGKAPAN MAKAN ANAK & BAYI ,Keperluan Anak dan Bayi > PERLENGKAPAN ANAK & BAYI > PERLENGKAPAN MAKAN ANAK & BAYI  > BOTOL AIR MINUM ANAK & BAYI,63,61,63
852,BOTOL FEEDER ANAK & BAYI,,4,0,true,A002-03-04-03,03,true,true,0002000300040003,131,PERLENGKAPAN MAKAN ANAK & BAYI ,Keperluan Anak dan Bayi > PERLENGKAPAN ANAK & BAYI > PERLENGKAPAN MAKAN ANAK & BAYI ,Keperluan Anak dan Bayi > PERLENGKAPAN ANAK & BAYI > PERLENGKAPAN MAKAN ANAK & BAYI  > BOTOL FEEDER ANAK & BAYI,4,4,4
853,KOTAK MAKAN ANAK & BAYI,,4,0,true,A002-03-04-04,04,true,true,0002000300040004,131,PERLENGKAPAN MAKAN ANAK & BAYI ,Keperluan Anak dan Bayi > PERLENGKAPAN ANAK & BAYI > PERLENGKAPAN MAKAN ANAK & BAYI ,Keperluan Anak dan Bayi > PERLENGKAPAN ANAK & BAYI > PERLENGKAPAN MAKAN ANAK & BAYI  > KOTAK MAKAN ANAK & BAYI,1,1,1
854,TATAKAN MAKAN (PLACEMAT) ANAK & BAYI,,4,0,true,A002-03-04-05,05,true,true,0002000300040005,131,PERLENGKAPAN MAKAN ANAK & BAYI ,Keperluan Anak dan Bayi > PERLENGKAPAN ANAK & BAYI > PERLENGKAPAN MAKAN ANAK & BAYI ,Keperluan Anak dan Bayi > PERLENGKAPAN ANAK & BAYI > PERLENGKAPAN MAKAN ANAK & BAYI  > TATAKAN MAKAN (PLACEMAT) ANAK & BAYI,1,1,1
132,PERLENGKAPAN MANDI ANAK & BAYI,,3,4,false,A002-03-05,05,true,true,000200030005,20,PERLENGKAPAN ANAK & BAYI,Keperluan Anak dan Bayi > PERLENGKAPAN ANAK & BAYI,Keperluan Anak dan Bayi > PERLENGKAPAN ANAK & BAYI > PERLENGKAPAN MANDI ANAK & BAYI,6,5,56
855,HANDUK ANAK & BAYI,,4,0,true,A002-03-05-01,01,true,true,0002000300050001,132,PERLENGKAPAN MANDI ANAK & BAYI,Keperluan Anak dan Bayi > PERLENGKAPAN ANAK & BAYI > PERLENGKAPAN MANDI ANAK & BAYI,Keperluan Anak dan Bayi > PERLENGKAPAN ANAK & BAYI > PERLENGKAPAN MANDI ANAK & BAYI > HANDUK ANAK & BAYI,14,13,14
856,MAINAN MANDI ANAK & BAYI,,4,0,true,A002-03-05-02,02,true,true,0002000300050002,132,PERLENGKAPAN MANDI ANAK & BAYI,Keperluan Anak dan Bayi > PERLENGKAPAN ANAK & BAYI > PERLENGKAPAN MANDI ANAK & BAYI,Keperluan Anak dan Bayi > PERLENGKAPAN ANAK & BAYI > PERLENGKAPAN MANDI ANAK & BAYI > MAINAN MANDI ANAK & BAYI,1,1,1
857,SPONS MANDI ANAK & BAYI,,4,0,true,A002-03-05-03,03,true,true,0002000300050003,132,PERLENGKAPAN MANDI ANAK & BAYI,Keperluan Anak dan Bayi > PERLENGKAPAN ANAK & BAYI > PERLENGKAPAN MANDI ANAK & BAYI,Keperluan Anak dan Bayi > PERLENGKAPAN ANAK & BAYI > PERLENGKAPAN MANDI ANAK & BAYI > SPONS MANDI ANAK & BAYI,0,0,0
858,WASLAP MANDI ANAK & BAYI,,4,0,true,A002-03-05-04,04,true,true,0002000300050004,132,PERLENGKAPAN MANDI ANAK & BAYI,Keperluan Anak dan Bayi > PERLENGKAPAN ANAK & BAYI > PERLENGKAPAN MANDI ANAK & BAYI,Keperluan Anak dan Bayi > PERLENGKAPAN ANAK & BAYI > PERLENGKAPAN MANDI ANAK & BAYI > WASLAP MANDI ANAK & BAYI,35,35,35
133,PERLENGKAPAN MENYUSUI ANAK & BAYI,,3,8,false,A002-03-06,06,true,true,000200030006,20,PERLENGKAPAN ANAK & BAYI,Keperluan Anak dan Bayi > PERLENGKAPAN ANAK & BAYI,Keperluan Anak dan Bayi > PERLENGKAPAN ANAK & BAYI > PERLENGKAPAN MENYUSUI ANAK & BAYI,2,2,74
859,AKSESORIS BOTOL,,4,0,true,A002-03-06-01,01,true,true,0002000300060001,133,PERLENGKAPAN MENYUSUI ANAK & BAYI,Keperluan Anak dan Bayi > PERLENGKAPAN ANAK & BAYI > PERLENGKAPAN MENYUSUI ANAK & BAYI,Keperluan Anak dan Bayi > PERLENGKAPAN ANAK & BAYI > PERLENGKAPAN MENYUSUI ANAK & BAYI > AKSESORIS BOTOL,0,0,0
860,BANTAL MENYUSUI,,4,0,true,A002-03-06-02,02,true,true,0002000300060002,133,PERLENGKAPAN MENYUSUI ANAK & BAYI,Keperluan Anak dan Bayi > PERLENGKAPAN ANAK & BAYI > PERLENGKAPAN MENYUSUI ANAK & BAYI,Keperluan Anak dan Bayi > PERLENGKAPAN ANAK & BAYI > PERLENGKAPAN MENYUSUI ANAK & BAYI > BANTAL MENYUSUI,48,47,48
861,BOTOL ASI,,4,0,true,A002-03-06-03,03,true,true,0002000300060003,133,PERLENGKAPAN MENYUSUI ANAK & BAYI,Keperluan Anak dan Bayi > PERLENGKAPAN ANAK & BAYI > PERLENGKAPAN MENYUSUI ANAK & BAYI,Keperluan Anak dan Bayi > PERLENGKAPAN ANAK & BAYI > PERLENGKAPAN MENYUSUI ANAK & BAYI > BOTOL ASI,3,3,3
862,CELEMEK MENYUSUI,,4,0,true,A002-03-06-04,04,true,true,0002000300060004,133,PERLENGKAPAN MENYUSUI ANAK & BAYI,Keperluan Anak dan Bayi > PERLENGKAPAN ANAK & BAYI > PERLENGKAPAN MENYUSUI ANAK & BAYI,Keperluan Anak dan Bayi > PERLENGKAPAN ANAK & BAYI > PERLENGKAPAN MENYUSUI ANAK & BAYI > CELEMEK MENYUSUI,0,0,0
863,KANTONG ASI,,4,0,true,A002-03-06-05,05,true,true,0002000300060005,133,PERLENGKAPAN MENYUSUI ANAK & BAYI,Keperluan Anak dan Bayi > PERLENGKAPAN ANAK & BAYI > PERLENGKAPAN MENYUSUI ANAK & BAYI,Keperluan Anak dan Bayi > PERLENGKAPAN ANAK & BAYI > PERLENGKAPAN MENYUSUI ANAK & BAYI > KANTONG ASI,7,5,7
864,PERLENGKAPAN UNTUK IBU MENYUSUI,,4,0,true,A002-03-06-06,06,true,true,0002000300060006,133,PERLENGKAPAN MENYUSUI ANAK & BAYI,Keperluan Anak dan Bayi > PERLENGKAPAN ANAK & BAYI > PERLENGKAPAN MENYUSUI ANAK & BAYI,Keperluan Anak dan Bayi > PERLENGKAPAN ANAK & BAYI > PERLENGKAPAN MENYUSUI ANAK & BAYI > PERLENGKAPAN UNTUK IBU MENYUSUI,11,8,11
865,POWDER MILK CONTAINER/DISPENSER,,4,0,true,A002-03-06-07,07,true,true,0002000300060007,133,PERLENGKAPAN MENYUSUI ANAK & BAYI,Keperluan Anak dan Bayi > PERLENGKAPAN ANAK & BAYI > PERLENGKAPAN MENYUSUI ANAK & BAYI,Keperluan Anak dan Bayi > PERLENGKAPAN ANAK & BAYI > PERLENGKAPAN MENYUSUI ANAK & BAYI > POWDER MILK CONTAINER/DISPENSER,3,2,3
866,SPARE PART POMPA ASI,,4,0,true,A002-03-06-08,08,true,true,0002000300060008,133,PERLENGKAPAN MENYUSUI ANAK & BAYI,Keperluan Anak dan Bayi > PERLENGKAPAN ANAK & BAYI > PERLENGKAPAN MENYUSUI ANAK & BAYI,Keperluan Anak dan Bayi > PERLENGKAPAN ANAK & BAYI > PERLENGKAPAN MENYUSUI ANAK & BAYI > SPARE PART POMPA ASI,0,0,0
134,PERLENGKAPAN TIDUR ANAK & BAYI,,3,5,false,A002-03-07,07,true,true,000200030007,20,PERLENGKAPAN ANAK & BAYI,Keperluan Anak dan Bayi > PERLENGKAPAN ANAK & BAYI,Keperluan Anak dan Bayi > PERLENGKAPAN ANAK & BAYI > PERLENGKAPAN TIDUR ANAK & BAYI,15,15,135
867,BANTAL ANAK & BAYI,,4,0,true,A002-03-07-01,01,true,true,0002000300070001,134,PERLENGKAPAN TIDUR ANAK & BAYI,Keperluan Anak dan Bayi > PERLENGKAPAN ANAK & BAYI > PERLENGKAPAN TIDUR ANAK & BAYI,Keperluan Anak dan Bayi > PERLENGKAPAN ANAK & BAYI > PERLENGKAPAN TIDUR ANAK & BAYI > BANTAL ANAK & BAYI,39,37,39
868,GULING ANAK & BAYI,,4,0,true,A002-03-07-02,02,true,true,0002000300070002,134,PERLENGKAPAN TIDUR ANAK & BAYI,Keperluan Anak dan Bayi > PERLENGKAPAN ANAK & BAYI > PERLENGKAPAN TIDUR ANAK & BAYI,Keperluan Anak dan Bayi > PERLENGKAPAN ANAK & BAYI > PERLENGKAPAN TIDUR ANAK & BAYI > GULING ANAK & BAYI,5,5,5
869,KELAMBU,,4,0,true,A002-03-07-03,03,true,true,0002000300070003,134,PERLENGKAPAN TIDUR ANAK & BAYI,Keperluan Anak dan Bayi > PERLENGKAPAN ANAK & BAYI > PERLENGKAPAN TIDUR ANAK & BAYI,Keperluan Anak dan Bayi > PERLENGKAPAN ANAK & BAYI > PERLENGKAPAN TIDUR ANAK & BAYI > KELAMBU,9,9,9
870,PERLAK ANAK & BAYI,,4,0,true,A002-03-07-04,04,true,true,0002000300070004,134,PERLENGKAPAN TIDUR ANAK & BAYI,Keperluan Anak dan Bayi > PERLENGKAPAN ANAK & BAYI > PERLENGKAPAN TIDUR ANAK & BAYI,Keperluan Anak dan Bayi > PERLENGKAPAN ANAK & BAYI > PERLENGKAPAN TIDUR ANAK & BAYI > PERLAK ANAK & BAYI,18,18,18
871,SELIMUT ANAK & BAYI,,4,0,true,A002-03-07-05,05,true,true,0002000300070005,134,PERLENGKAPAN TIDUR ANAK & BAYI,Keperluan Anak dan Bayi > PERLENGKAPAN ANAK & BAYI > PERLENGKAPAN TIDUR ANAK & BAYI,Keperluan Anak dan Bayi > PERLENGKAPAN ANAK & BAYI > PERLENGKAPAN TIDUR ANAK & BAYI > SELIMUT ANAK & BAYI,49,49,49
21,GIFT SET ANAK & BAYI,,2,0,true,A002-04,04,true,true,00020004,2,Keperluan Anak dan Bayi,Keperluan Anak dan Bayi,Keperluan Anak dan Bayi > GIFT SET ANAK & BAYI,14,10,14
4,Perbaikan Rumah,Home Improvement,1,3,false,A004,A004,true,true,0004,,,,Perbaikan Rumah,1,1,3072
24,ALAT ALAT PERBAIKAN RUMAH,,2,25,false,A004-01,01,true,true,00040001,4,Perbaikan Rumah,Perbaikan Rumah,Perbaikan Rumah > ALAT ALAT PERBAIKAN RUMAH,40,39,1227
153,BOR LISTRIK & LAINNYA,,3,2,false,A004-01-01,01,true,true,000400010001,24,ALAT ALAT PERBAIKAN RUMAH,Perbaikan Rumah > ALAT ALAT PERBAIKAN RUMAH,Perbaikan Rumah > ALAT ALAT PERBAIKAN RUMAH > BOR LISTRIK & LAINNYA,3,3,40
957,BOR LISTRIK,,4,0,true,A004-01-01-01,01,true,true,0004000100010001,153,BOR LISTRIK & LAINNYA,Perbaikan Rumah > ALAT ALAT PERBAIKAN RUMAH > BOR LISTRIK & LAINNYA,Perbaikan Rumah > ALAT ALAT PERBAIKAN RUMAH > BOR LISTRIK & LAINNYA > BOR LISTRIK,5,5,5
958,MATA BOR LISTRIK,,4,0,true,A004-01-01-02,02,true,true,0004000100010002,153,BOR LISTRIK & LAINNYA,Perbaikan Rumah > ALAT ALAT PERBAIKAN RUMAH > BOR LISTRIK & LAINNYA,Perbaikan Rumah > ALAT ALAT PERBAIKAN RUMAH > BOR LISTRIK & LAINNYA > MATA BOR LISTRIK,32,29,32
154,CATOK MEJA (RAGUM),,3,0,true,A004-01-02,02,true,true,000400010002,24,ALAT ALAT PERBAIKAN RUMAH,Perbaikan Rumah > ALAT ALAT PERBAIKAN RUMAH,Perbaikan Rumah > ALAT ALAT PERBAIKAN RUMAH > CATOK MEJA (RAGUM),2,2,2
155,GEGEP,,3,0,true,A004-01-03,03,true,true,000400010003,24,ALAT ALAT PERBAIKAN RUMAH,Perbaikan Rumah > ALAT ALAT PERBAIKAN RUMAH,Perbaikan Rumah > ALAT ALAT PERBAIKAN RUMAH > GEGEP,8,7,8
156,GERGAJI,,3,0,true,A004-01-04,04,true,true,000400010004,24,ALAT ALAT PERBAIKAN RUMAH,Perbaikan Rumah > ALAT ALAT PERBAIKAN RUMAH,Perbaikan Rumah > ALAT ALAT PERBAIKAN RUMAH > GERGAJI,37,31,37
157,GERINDA (GRINDER),,3,0,true,A004-01-05,05,true,true,000400010005,24,ALAT ALAT PERBAIKAN RUMAH,Perbaikan Rumah > ALAT ALAT PERBAIKAN RUMAH,Perbaikan Rumah > ALAT ALAT PERBAIKAN RUMAH > GERINDA (GRINDER),8,8,8
158,KALENG OLI,,3,0,true,A004-01-06,06,true,true,000400010006,24,ALAT ALAT PERBAIKAN RUMAH,Perbaikan Rumah > ALAT ALAT PERBAIKAN RUMAH,Perbaikan Rumah > ALAT ALAT PERBAIKAN RUMAH > KALENG OLI,0,0,0
159,KIKIR,,3,0,true,A004-01-07,07,true,true,000400010007,24,ALAT ALAT PERBAIKAN RUMAH,Perbaikan Rumah > ALAT ALAT PERBAIKAN RUMAH,Perbaikan Rumah > ALAT ALAT PERBAIKAN RUMAH > KIKIR,4,4,4
160,KUAS CAT,,3,0,true,A004-01-08,08,true,true,000400010008,24,ALAT ALAT PERBAIKAN RUMAH,Perbaikan Rumah > ALAT ALAT PERBAIKAN RUMAH,Perbaikan Rumah > ALAT ALAT PERBAIKAN RUMAH > KUAS CAT,94,82,94
161,KUNCI,,3,9,false,A004-01-09,09,true,true,000400010009,24,ALAT ALAT PERBAIKAN RUMAH,Perbaikan Rumah > ALAT ALAT PERBAIKAN RUMAH,Perbaikan Rumah > ALAT ALAT PERBAIKAN RUMAH > KUNCI,31,30,264
959,KUNCI INGGRIS,,4,0,true,A004-01-09-01,01,true,true,0004000100090001,161,KUNCI,Perbaikan Rumah > ALAT ALAT PERBAIKAN RUMAH > KUNCI,Perbaikan Rumah > ALAT ALAT PERBAIKAN RUMAH > KUNCI > KUNCI INGGRIS,24,24,24
960,KUNCI KOMBINASI,,4,0,true,A004-01-09-02,02,true,true,0004000100090002,161,KUNCI,Perbaikan Rumah > ALAT ALAT PERBAIKAN RUMAH > KUNCI,Perbaikan Rumah > ALAT ALAT PERBAIKAN RUMAH > KUNCI > KUNCI KOMBINASI,44,40,44
961,KUNCI L,,4,0,true,A004-01-09-03,03,true,true,0004000100090003,161,KUNCI,Perbaikan Rumah > ALAT ALAT PERBAIKAN RUMAH > KUNCI,Perbaikan Rumah > ALAT ALAT PERBAIKAN RUMAH > KUNCI > KUNCI L,34,32,34
962,KUNCI PAS,,4,0,true,A004-01-09-04,04,true,true,0004000100090004,161,KUNCI,Perbaikan Rumah > ALAT ALAT PERBAIKAN RUMAH > KUNCI,Perbaikan Rumah > ALAT ALAT PERBAIKAN RUMAH > KUNCI > KUNCI PAS,22,20,22
963,KUNCI RING,,4,0,true,A004-01-09-05,05,true,true,0004000100090005,161,KUNCI,Perbaikan Rumah > ALAT ALAT PERBAIKAN RUMAH > KUNCI,Perbaikan Rumah > ALAT ALAT PERBAIKAN RUMAH > KUNCI > KUNCI RING,41,32,41
964,KUNCI RODA,,4,0,true,A004-01-09-06,06,true,true,0004000100090006,161,KUNCI,Perbaikan Rumah > ALAT ALAT PERBAIKAN RUMAH > KUNCI,Perbaikan Rumah > ALAT ALAT PERBAIKAN RUMAH > KUNCI > KUNCI RODA,7,7,7
965,KUNCI SOCKET,,4,0,true,A004-01-09-07,07,true,true,0004000100090007,161,KUNCI,Perbaikan Rumah > ALAT ALAT PERBAIKAN RUMAH > KUNCI,Perbaikan Rumah > ALAT ALAT PERBAIKAN RUMAH > KUNCI > KUNCI SOCKET,22,21,22
1880,KUNCI Y,,4,0,true,A004-01-09-08,08,true,true,0004000100090008,161,KUNCI,Perbaikan Rumah > ALAT ALAT PERBAIKAN RUMAH > KUNCI,Perbaikan Rumah > ALAT ALAT PERBAIKAN RUMAH > KUNCI > KUNCI Y,21,19,21
1881,KUNCI T,,4,0,true,A004-01-09-09,09,true,true,0004000100090009,161,KUNCI,Perbaikan Rumah > ALAT ALAT PERBAIKAN RUMAH > KUNCI,Perbaikan Rumah > ALAT ALAT PERBAIKAN RUMAH > KUNCI > KUNCI T,18,18,18
162,METERAN,,3,0,true,A004-01-10,10,true,true,00040001000A,24,ALAT ALAT PERBAIKAN RUMAH,Perbaikan Rumah > ALAT ALAT PERBAIKAN RUMAH,Perbaikan Rumah > ALAT ALAT PERBAIKAN RUMAH > METERAN,46,42,46
163,OBENG,,3,2,false,A004-01-11,11,true,true,00040001000B,24,ALAT ALAT PERBAIKAN RUMAH,Perbaikan Rumah > ALAT ALAT PERBAIKAN RUMAH,Perbaikan Rumah > ALAT ALAT PERBAIKAN RUMAH > OBENG,26,24,95
966,OBENG BIASA,,4,0,true,A004-01-11-01,01,true,true,00040001000B0001,163,OBENG,Perbaikan Rumah > ALAT ALAT PERBAIKAN RUMAH > OBENG,Perbaikan Rumah > ALAT ALAT PERBAIKAN RUMAH > OBENG > OBENG BIASA,59,55,59
967,OBENG KACAMATA,,4,0,true,A004-01-11-02,02,true,true,00040001000B0002,163,OBENG,Perbaikan Rumah > ALAT ALAT PERBAIKAN RUMAH > OBENG,Perbaikan Rumah > ALAT ALAT PERBAIKAN RUMAH > OBENG > OBENG KACAMATA,10,10,10
164,PAHAT,,3,0,true,A004-01-12,12,true,true,00040001000C,24,ALAT ALAT PERBAIKAN RUMAH,Perbaikan Rumah > ALAT ALAT PERBAIKAN RUMAH,Perbaikan Rumah > ALAT ALAT PERBAIKAN RUMAH > PAHAT,17,16,17
165,PALU/MARTIL,,3,0,true,A004-01-13,13,true,true,00040001000D,24,ALAT ALAT PERBAIKAN RUMAH,Perbaikan Rumah > ALAT ALAT PERBAIKAN RUMAH,Perbaikan Rumah > ALAT ALAT PERBAIKAN RUMAH > PALU/MARTIL,49,36,49
166,ROSKAM,,3,0,true,A004-01-14,14,true,true,00040001000E,24,ALAT ALAT PERBAIKAN RUMAH,Perbaikan Rumah > ALAT ALAT PERBAIKAN RUMAH,Perbaikan Rumah > ALAT ALAT PERBAIKAN RUMAH > ROSKAM,3,3,3
167,SCRAPPER (KAPE),,3,0,true,A004-01-15,15,true,true,00040001000F,24,ALAT ALAT PERBAIKAN RUMAH,Perbaikan Rumah > ALAT ALAT PERBAIKAN RUMAH,Perbaikan Rumah > ALAT ALAT PERBAIKAN RUMAH > SCRAPPER (KAPE),40,37,40
168,SENDOK SEMEN,,3,0,true,A004-01-16,16,true,true,00040001000G,24,ALAT ALAT PERBAIKAN RUMAH,Perbaikan Rumah > ALAT ALAT PERBAIKAN RUMAH,Perbaikan Rumah > ALAT ALAT PERBAIKAN RUMAH > SENDOK SEMEN,10,9,10
169,SIKAT KAWAT (WIRE BRUSH),,3,0,true,A004-01-17,17,true,true,00040001000H,24,ALAT ALAT PERBAIKAN RUMAH,Perbaikan Rumah > ALAT ALAT PERBAIKAN RUMAH,Perbaikan Rumah > ALAT ALAT PERBAIKAN RUMAH > SIKAT KAWAT (WIRE BRUSH),20,18,20
170,STOP KONTAK,,3,0,true,A004-01-18,18,true,true,00040001000I,24,ALAT ALAT PERBAIKAN RUMAH,Perbaikan Rumah > ALAT ALAT PERBAIKAN RUMAH,Perbaikan Rumah > ALAT ALAT PERBAIKAN RUMAH > STOP KONTAK,244,219,244
171,TANG,,3,0,true,A004-01-19,19,true,true,00040001000J,24,ALAT ALAT PERBAIKAN RUMAH,Perbaikan Rumah > ALAT ALAT PERBAIKAN RUMAH,Perbaikan Rumah > ALAT ALAT PERBAIKAN RUMAH > TANG,92,80,92
1876,TESPEN,,3,0,true,A004-01-019,019,true,true,00040001000K,24,ALAT ALAT PERBAIKAN RUMAH,Perbaikan Rumah > ALAT ALAT PERBAIKAN RUMAH,Perbaikan Rumah > ALAT ALAT PERBAIKAN RUMAH > TESPEN,21,21,21
1878,SAKLAR,,3,0,true,A004-01-A21,A21,true,true,00040001000L,24,ALAT ALAT PERBAIKAN RUMAH,Perbaikan Rumah > ALAT ALAT PERBAIKAN RUMAH,Perbaikan Rumah > ALAT ALAT PERBAIKAN RUMAH > SAKLAR,57,54,57
1879,ALAT UKUR MATRIAL,,3,0,true,A004-01-022,022,true,true,00040001000M,24,ALAT ALAT PERBAIKAN RUMAH,Perbaikan Rumah > ALAT ALAT PERBAIKAN RUMAH,Perbaikan Rumah > ALAT ALAT PERBAIKAN RUMAH > ALAT UKUR MATRIAL,10,7,10
1882,LEM TEMBAK,,3,0,true,A004-01-023,023,true,true,00040001000N,24,ALAT ALAT PERBAIKAN RUMAH,Perbaikan Rumah > ALAT ALAT PERBAIKAN RUMAH,Perbaikan Rumah > ALAT ALAT PERBAIKAN RUMAH > LEM TEMBAK,5,3,5
1884,OVERVAL,,3,0,true,A004-01-024,024,true,true,00040001000O,24,ALAT ALAT PERBAIKAN RUMAH,Perbaikan Rumah > ALAT ALAT PERBAIKAN RUMAH,Perbaikan Rumah > ALAT ALAT PERBAIKAN RUMAH > OVERVAL,18,16,18
1886,LINGGIS,,3,0,true,A004-01-025,025,true,true,00040001000P,24,ALAT ALAT PERBAIKAN RUMAH,Perbaikan Rumah > ALAT ALAT PERBAIKAN RUMAH,Perbaikan Rumah > ALAT ALAT PERBAIKAN RUMAH > LINGGIS,3,2,3
25,MATERIAL PERBAIKAN RUMAH,,2,12,false,A004-02,02,true,true,00040002,4,Perbaikan Rumah,Perbaikan Rumah,Perbaikan Rumah > MATERIAL PERBAIKAN RUMAH,43,41,804
172,AMPLAS (SAND PAPER),,3,0,true,A004-02-01,01,true,true,000400020001,25,MATERIAL PERBAIKAN RUMAH,Perbaikan Rumah > MATERIAL PERBAIKAN RUMAH,Perbaikan Rumah > MATERIAL PERBAIKAN RUMAH > AMPLAS (SAND PAPER),19,19,19
173,BAUT/SEKRUP,,3,0,true,A004-02-02,02,true,true,000400020002,25,MATERIAL PERBAIKAN RUMAH,Perbaikan Rumah > MATERIAL PERBAIKAN RUMAH,Perbaikan Rumah > MATERIAL PERBAIKAN RUMAH > BAUT/SEKRUP,197,186,197
174,CAT,,3,0,true,A004-02-03,03,true,true,000400020003,25,MATERIAL PERBAIKAN RUMAH,Perbaikan Rumah > MATERIAL PERBAIKAN RUMAH,Perbaikan Rumah > MATERIAL PERBAIKAN RUMAH > CAT,65,48,65
175,FOAM BUTIRAN,,3,0,true,A004-02-04,04,true,true,000400020004,25,MATERIAL PERBAIKAN RUMAH,Perbaikan Rumah > MATERIAL PERBAIKAN RUMAH,Perbaikan Rumah > MATERIAL PERBAIKAN RUMAH > FOAM BUTIRAN,1,1,1
176,LEM MATERIAL,,3,0,true,A004-02-05,05,true,true,000400020005,25,MATERIAL PERBAIKAN RUMAH,Perbaikan Rumah > MATERIAL PERBAIKAN RUMAH,Perbaikan Rumah > MATERIAL PERBAIKAN RUMAH > LEM MATERIAL,92,86,92
177,MUR,,3,0,true,A004-02-06,06,true,true,000400020006,25,MATERIAL PERBAIKAN RUMAH,Perbaikan Rumah > MATERIAL PERBAIKAN RUMAH,Perbaikan Rumah > MATERIAL PERBAIKAN RUMAH > MUR,18,18,18
178,PAKU,,3,0,true,A004-02-07,07,true,true,000400020007,25,MATERIAL PERBAIKAN RUMAH,Perbaikan Rumah > MATERIAL PERBAIKAN RUMAH,Perbaikan Rumah > MATERIAL PERBAIKAN RUMAH > PAKU,49,45,49
179,PEREKAT,,3,0,true,A004-02-08,08,true,true,000400020008,25,MATERIAL PERBAIKAN RUMAH,Perbaikan Rumah > MATERIAL PERBAIKAN RUMAH,Perbaikan Rumah > MATERIAL PERBAIKAN RUMAH > PEREKAT,44,41,44
180,PYLOX,,3,0,true,A004-02-09,09,true,true,000400020009,25,MATERIAL PERBAIKAN RUMAH,Perbaikan Rumah > MATERIAL PERBAIKAN RUMAH,Perbaikan Rumah > MATERIAL PERBAIKAN RUMAH > PYLOX,227,163,227
181,SEAL TAPE,,3,0,true,A004-02-10,10,true,true,00040002000A,25,MATERIAL PERBAIKAN RUMAH,Perbaikan Rumah > MATERIAL PERBAIKAN RUMAH,Perbaikan Rumah > MATERIAL PERBAIKAN RUMAH > SEAL TAPE,35,31,35
182,THINNER,,3,0,true,A004-02-11,11,true,true,00040002000B,25,MATERIAL PERBAIKAN RUMAH,Perbaikan Rumah > MATERIAL PERBAIKAN RUMAH,Perbaikan Rumah > MATERIAL PERBAIKAN RUMAH > THINNER,3,3,3
1883,ISI LEM TEMBAK,,3,0,true,A004-02-012,012,true,true,00040002000C,25,MATERIAL PERBAIKAN RUMAH,Perbaikan Rumah > MATERIAL PERBAIKAN RUMAH,Perbaikan Rumah > MATERIAL PERBAIKAN RUMAH > ISI LEM TEMBAK,11,10,11
26,PERLENGKAPAN PERBAIKAN RUMAH,,2,24,false,A004-03,03,true,true,00040003,4,Perbaikan Rumah,Perbaikan Rumah,Perbaikan Rumah > PERLENGKAPAN PERBAIKAN RUMAH,136,127,1040
183,ALAT PEMADAM KEBAKARAN,,3,0,true,A004-03-01,01,true,true,000400030001,26,PERLENGKAPAN PERBAIKAN RUMAH,Perbaikan Rumah > PERLENGKAPAN PERBAIKAN RUMAH,Perbaikan Rumah > PERLENGKAPAN PERBAIKAN RUMAH > ALAT PEMADAM KEBAKARAN,0,0,0
184,BRACKET DINDING UNTUK TV,,3,0,true,A004-03-02,02,true,true,000400030002,26,PERLENGKAPAN PERBAIKAN RUMAH,Perbaikan Rumah > PERLENGKAPAN PERBAIKAN RUMAH,Perbaikan Rumah > PERLENGKAPAN PERBAIKAN RUMAH > BRACKET DINDING UNTUK TV,9,9,9
185,DUCT KABEL (RUMAH KABEL),,3,0,true,A004-03-03,03,true,true,000400030003,26,PERLENGKAPAN PERBAIKAN RUMAH,Perbaikan Rumah > PERLENGKAPAN PERBAIKAN RUMAH,Perbaikan Rumah > PERLENGKAPAN PERBAIKAN RUMAH > DUCT KABEL (RUMAH KABEL),5,5,5
186,ENGSEL SIKU DINDING,,3,0,true,A004-03-04,04,true,true,000400030004,26,PERLENGKAPAN PERBAIKAN RUMAH,Perbaikan Rumah > PERLENGKAPAN PERBAIKAN RUMAH,Perbaikan Rumah > PERLENGKAPAN PERBAIKAN RUMAH > ENGSEL SIKU DINDING,25,23,25
187,FLOOR DRAIN (LUBANG PENUTUP SALURAN PEMBUANGAN AIR / SARINGAN GOT),,3,0,true,A004-03-05,05,true,true,000400030005,26,PERLENGKAPAN PERBAIKAN RUMAH,Perbaikan Rumah > PERLENGKAPAN PERBAIKAN RUMAH,Perbaikan Rumah > PERLENGKAPAN PERBAIKAN RUMAH > FLOOR DRAIN (LUBANG PENUTUP SALURAN PEMBUANGAN AIR / SARINGAN GOT),12,12,12
188,GEMBOK RUMAH,,3,0,true,A004-03-06,06,true,true,000400030006,26,PERLENGKAPAN PERBAIKAN RUMAH,Perbaikan Rumah > PERLENGKAPAN PERBAIKAN RUMAH,Perbaikan Rumah > PERLENGKAPAN PERBAIKAN RUMAH > GEMBOK RUMAH,203,180,203
189,HELM KESELAMATAN / HELM PROYEK (SAFETY),,3,0,true,A004-03-07,07,true,true,000400030007,26,PERLENGKAPAN PERBAIKAN RUMAH,Perbaikan Rumah > PERLENGKAPAN PERBAIKAN RUMAH,Perbaikan Rumah > PERLENGKAPAN PERBAIKAN RUMAH > HELM KESELAMATAN / HELM PROYEK (SAFETY),3,3,3
190,KERAN AIR,,3,3,false,A004-03-08,08,true,true,000400030008,26,PERLENGKAPAN PERBAIKAN RUMAH,Perbaikan Rumah > PERLENGKAPAN PERBAIKAN RUMAH,Perbaikan Rumah > PERLENGKAPAN PERBAIKAN RUMAH > KERAN AIR,70,63,206
968,KERAN AIR DAPUR,,4,0,true,A004-03-08-01,01,true,true,0004000300080001,190,KERAN AIR,Perbaikan Rumah > PERLENGKAPAN PERBAIKAN RUMAH > KERAN AIR,Perbaikan Rumah > PERLENGKAPAN PERBAIKAN RUMAH > KERAN AIR > KERAN AIR DAPUR,24,21,24
969,KERAN AIR KAMAR MANDI,,4,0,true,A004-03-08-02,02,true,true,0004000300080002,190,KERAN AIR,Perbaikan Rumah > PERLENGKAPAN PERBAIKAN RUMAH > KERAN AIR,Perbaikan Rumah > PERLENGKAPAN PERBAIKAN RUMAH > KERAN AIR > KERAN AIR KAMAR MANDI,96,88,96
970,KERAN AIR WASTAFEL,,4,0,true,A004-03-08-03,03,true,true,0004000300080003,190,KERAN AIR,Perbaikan Rumah > PERLENGKAPAN PERBAIKAN RUMAH > KERAN AIR,Perbaikan Rumah > PERLENGKAPAN PERBAIKAN RUMAH > KERAN AIR > KERAN AIR WASTAFEL,16,16,16
191,KLEM KABEL,,3,0,true,A004-03-09,09,true,true,000400030009,26,PERLENGKAPAN PERBAIKAN RUMAH,Perbaikan Rumah > PERLENGKAPAN PERBAIKAN RUMAH,Perbaikan Rumah > PERLENGKAPAN PERBAIKAN RUMAH > KLEM KABEL,25,24,25
192,KOTAK PERKAKAS (TOOL BOX),,3,0,true,A004-03-10,10,true,true,00040003000A,26,PERLENGKAPAN PERBAIKAN RUMAH,Perbaikan Rumah > PERLENGKAPAN PERBAIKAN RUMAH,Perbaikan Rumah > PERLENGKAPAN PERBAIKAN RUMAH > KOTAK PERKAKAS (TOOL BOX),19,18,19
193,LAMPU DARURAT (EMERGENCY LAMP),,3,0,true,A004-03-11,11,true,true,00040003000B,26,PERLENGKAPAN PERBAIKAN RUMAH,Perbaikan Rumah > PERLENGKAPAN PERBAIKAN RUMAH,Perbaikan Rumah > PERLENGKAPAN PERBAIKAN RUMAH > LAMPU DARURAT (EMERGENCY LAMP),0,0,0
194,PIPA,,3,0,true,A004-03-12,12,true,true,00040003000C,26,PERLENGKAPAN PERBAIKAN RUMAH,Perbaikan Rumah > PERLENGKAPAN PERBAIKAN RUMAH,Perbaikan Rumah > PERLENGKAPAN PERBAIKAN RUMAH > PIPA,70,66,70
195,RANTAI,,3,0,true,A004-03-13,13,true,true,00040003000D,26,PERLENGKAPAN PERBAIKAN RUMAH,Perbaikan Rumah > PERLENGKAPAN PERBAIKAN RUMAH,Perbaikan Rumah > PERLENGKAPAN PERBAIKAN RUMAH > RANTAI,10,10,10
196,SELANG SHOWER,,3,0,true,A004-03-14,14,true,true,00040003000E,26,PERLENGKAPAN PERBAIKAN RUMAH,Perbaikan Rumah > PERLENGKAPAN PERBAIKAN RUMAH,Perbaikan Rumah > PERLENGKAPAN PERBAIKAN RUMAH > SELANG SHOWER,31,30,31
197,SEPATU BOOT SAFETY,,3,0,true,A004-03-15,15,true,true,00040003000F,26,PERLENGKAPAN PERBAIKAN RUMAH,Perbaikan Rumah > PERLENGKAPAN PERBAIKAN RUMAH,Perbaikan Rumah > PERLENGKAPAN PERBAIKAN RUMAH > SEPATU BOOT SAFETY,20,20,20
198,TALI PLASTIK TWIST TIE (CABLE TIE NYLON),,3,0,true,A004-03-16,16,true,true,00040003000G,26,PERLENGKAPAN PERBAIKAN RUMAH,Perbaikan Rumah > PERLENGKAPAN PERBAIKAN RUMAH,Perbaikan Rumah > PERLENGKAPAN PERBAIKAN RUMAH > TALI PLASTIK TWIST TIE (CABLE TIE NYLON),94,83,94
199,TALI RAFIA,,3,0,true,A004-03-17,17,true,true,00040003000H,26,PERLENGKAPAN PERBAIKAN RUMAH,Perbaikan Rumah > PERLENGKAPAN PERBAIKAN RUMAH,Perbaikan Rumah > PERLENGKAPAN PERBAIKAN RUMAH > TALI RAFIA,11,11,11
200,TALI TAMBANG,,3,0,true,A004-03-18,18,true,true,00040003000I,26,PERLENGKAPAN PERBAIKAN RUMAH,Perbaikan Rumah > PERLENGKAPAN PERBAIKAN RUMAH,Perbaikan Rumah > PERLENGKAPAN PERBAIKAN RUMAH > TALI TAMBANG,22,21,22
201,TANGGA,,3,0,true,A004-03-19,19,true,true,00040003000J,26,PERLENGKAPAN PERBAIKAN RUMAH,Perbaikan Rumah > PERLENGKAPAN PERBAIKAN RUMAH,Perbaikan Rumah > PERLENGKAPAN PERBAIKAN RUMAH > TANGGA,3,3,3
202,WALLPAPER DINDING (STIKER DINDING) & POSTER,,3,0,true,A004-03-20,20,true,true,00040003000K,26,PERLENGKAPAN PERBAIKAN RUMAH,Perbaikan Rumah > PERLENGKAPAN PERBAIKAN RUMAH,Perbaikan Rumah > PERLENGKAPAN PERBAIKAN RUMAH > WALLPAPER DINDING (STIKER DINDING) & POSTER,65,48,65
1877,SARINGAN WASTAFEL,,3,0,true,A004-03-020,020,true,true,00040003000L,26,PERLENGKAPAN PERBAIKAN RUMAH,Perbaikan Rumah > PERLENGKAPAN PERBAIKAN RUMAH,Perbaikan Rumah > PERLENGKAPAN PERBAIKAN RUMAH > SARINGAN WASTAFEL,19,16,19
1885,GRENDEL PINTU,,3,0,true,A004-03-025,025,true,true,00040003000M,26,PERLENGKAPAN PERBAIKAN RUMAH,Perbaikan Rumah > PERLENGKAPAN PERBAIKAN RUMAH,Perbaikan Rumah > PERLENGKAPAN PERBAIKAN RUMAH > GRENDEL PINTU,30,27,30
1887,BALL VALVE,,3,0,true,A004-03-023,023,true,true,00040003000N,26,PERLENGKAPAN PERBAIKAN RUMAH,Perbaikan Rumah > PERLENGKAPAN PERBAIKAN RUMAH,Perbaikan Rumah > PERLENGKAPAN PERBAIKAN RUMAH > BALL VALVE,18,15,18
1888,RING KARET,,3,0,true,A004-03-024,024,true,true,00040003000O,26,PERLENGKAPAN PERBAIKAN RUMAH,Perbaikan Rumah > PERLENGKAPAN PERBAIKAN RUMAH,Perbaikan Rumah > PERLENGKAPAN PERBAIKAN RUMAH > RING KARET,4,4,4
5,"Hobi, Ibadah, dan Olahraga","Hobby, Sports, and Religion",1,8,false,A005,A005,true,true,0005,,,,"Hobi, Ibadah, dan Olahraga",19,19,3842
27,Perawatan & Suku Cadang Mobil,,2,3,false,A005-01,01,true,true,00050001,5,"Hobi, Ibadah, dan Olahraga","Hobi, Ibadah, dan Olahraga","Hobi, Ibadah, dan Olahraga > Perawatan & Suku Cadang Mobil",51,34,467
203,AKSESORIS MOBIL,,3,10,false,A005-01-01,01,true,true,000500010001,27,Perawatan & Suku Cadang Mobil,"Hobi, Ibadah, dan Olahraga > Perawatan & Suku Cadang Mobil","Hobi, Ibadah, dan Olahraga > Perawatan & Suku Cadang Mobil > AKSESORIS MOBIL",34,34,249
971,ANTENA MOBIL,,4,0,true,A005-01-01-01,01,true,true,0005000100010001,203,AKSESORIS MOBIL,"Hobi, Ibadah, dan Olahraga > Perawatan & Suku Cadang Mobil > AKSESORIS MOBIL","Hobi, Ibadah, dan Olahraga > Perawatan & Suku Cadang Mobil > AKSESORIS MOBIL > ANTENA MOBIL",2,1,2
972,BANTAL AKSESORIS,,4,0,true,A005-01-01-02,02,true,true,0005000100010002,203,AKSESORIS MOBIL,"Hobi, Ibadah, dan Olahraga > Perawatan & Suku Cadang Mobil > AKSESORIS MOBIL","Hobi, Ibadah, dan Olahraga > Perawatan & Suku Cadang Mobil > AKSESORIS MOBIL > BANTAL AKSESORIS",8,8,8
973,COVER MOBIL,,4,0,true,A005-01-01-03,03,true,true,0005000100010003,203,AKSESORIS MOBIL,"Hobi, Ibadah, dan Olahraga > Perawatan & Suku Cadang Mobil > AKSESORIS MOBIL","Hobi, Ibadah, dan Olahraga > Perawatan & Suku Cadang Mobil > AKSESORIS MOBIL > COVER MOBIL",14,14,14
974,DONGKRAK MOBIL,,4,0,true,A005-01-01-04,04,true,true,0005000100010004,203,AKSESORIS MOBIL,"Hobi, Ibadah, dan Olahraga > Perawatan & Suku Cadang Mobil > AKSESORIS MOBIL","Hobi, Ibadah, dan Olahraga > Perawatan & Suku Cadang Mobil > AKSESORIS MOBIL > DONGKRAK MOBIL",0,0,0
975,DUDUKAN PLAT NOMOR MOBIL,,4,0,true,A005-01-01-05,05,true,true,0005000100010005,203,AKSESORIS MOBIL,"Hobi, Ibadah, dan Olahraga > Perawatan & Suku Cadang Mobil > AKSESORIS MOBIL","Hobi, Ibadah, dan Olahraga > Perawatan & Suku Cadang Mobil > AKSESORIS MOBIL > DUDUKAN PLAT NOMOR MOBIL",4,4,4
976,KABEL JUMPER ACCU MOBIL,,4,0,true,A005-01-01-06,06,true,true,0005000100010006,203,AKSESORIS MOBIL,"Hobi, Ibadah, dan Olahraga > Perawatan & Suku Cadang Mobil > AKSESORIS MOBIL","Hobi, Ibadah, dan Olahraga > Perawatan & Suku Cadang Mobil > AKSESORIS MOBIL > KABEL JUMPER ACCU MOBIL",1,1,1
977,KARPET MOBIL,,4,0,true,A005-01-01-07,07,true,true,0005000100010007,203,AKSESORIS MOBIL,"Hobi, Ibadah, dan Olahraga > Perawatan & Suku Cadang Mobil > AKSESORIS MOBIL","Hobi, Ibadah, dan Olahraga > Perawatan & Suku Cadang Mobil > AKSESORIS MOBIL > KARPET MOBIL",14,11,14
978,KUNCI GANDA UNTUK MOBIL,,4,0,true,A005-01-01-08,08,true,true,0005000100010008,203,AKSESORIS MOBIL,"Hobi, Ibadah, dan Olahraga > Perawatan & Suku Cadang Mobil > AKSESORIS MOBIL","Hobi, Ibadah, dan Olahraga > Perawatan & Suku Cadang Mobil > AKSESORIS MOBIL > KUNCI GANDA UNTUK MOBIL",3,3,3
979,PEWANGI MOBIL,,4,0,true,A005-01-01-09,09,true,true,0005000100010009,203,AKSESORIS MOBIL,"Hobi, Ibadah, dan Olahraga > Perawatan & Suku Cadang Mobil > AKSESORIS MOBIL","Hobi, Ibadah, dan Olahraga > Perawatan & Suku Cadang Mobil > AKSESORIS MOBIL > PEWANGI MOBIL",161,105,161
980,SARUNG SETIR,,4,0,true,A005-01-01-10,10,true,true,000500010001000A,203,AKSESORIS MOBIL,"Hobi, Ibadah, dan Olahraga > Perawatan & Suku Cadang Mobil > AKSESORIS MOBIL","Hobi, Ibadah, dan Olahraga > Perawatan & Suku Cadang Mobil > AKSESORIS MOBIL > SARUNG SETIR",8,4,8
204,SUKU CADANG MOBIL,,3,2,false,A005-01-02,02,true,true,000500010002,27,Perawatan & Suku Cadang Mobil,"Hobi, Ibadah, dan Olahraga > Perawatan & Suku Cadang Mobil","Hobi, Ibadah, dan Olahraga > Perawatan & Suku Cadang Mobil > SUKU CADANG MOBIL",0,0,27
981,AIR ACCU MOBIL,,4,0,true,A005-01-02-01,01,true,true,0005000100020001,204,SUKU CADANG MOBIL,"Hobi, Ibadah, dan Olahraga > Perawatan & Suku Cadang Mobil > SUKU CADANG MOBIL","Hobi, Ibadah, dan Olahraga > Perawatan & Suku Cadang Mobil > SUKU CADANG MOBIL > AIR ACCU MOBIL",6,6,6
982,WIPER MOBIL,,4,0,true,A005-01-02-02,02,true,true,0005000100020002,204,SUKU CADANG MOBIL,"Hobi, Ibadah, dan Olahraga > Perawatan & Suku Cadang Mobil > SUKU CADANG MOBIL","Hobi, Ibadah, dan Olahraga > Perawatan & Suku Cadang Mobil > SUKU CADANG MOBIL > WIPER MOBIL",21,21,21
205,PERAWATAN MOBIL,,3,9,false,A005-01-03,03,true,true,000500010003,27,Perawatan & Suku Cadang Mobil,"Hobi, Ibadah, dan Olahraga > Perawatan & Suku Cadang Mobil","Hobi, Ibadah, dan Olahraga > Perawatan & Suku Cadang Mobil > PERAWATAN MOBIL",39,37,140
983,CAIRAN COOLANT (RADIATOR) MOBIL,,4,0,true,A005-01-03-01,01,true,true,0005000100030001,205,PERAWATAN MOBIL,"Hobi, Ibadah, dan Olahraga > Perawatan & Suku Cadang Mobil > PERAWATAN MOBIL","Hobi, Ibadah, dan Olahraga > Perawatan & Suku Cadang Mobil > PERAWATAN MOBIL > CAIRAN COOLANT (RADIATOR) MOBIL",27,26,27
984,CAIRAN WIPER MOBIL,,4,0,true,A005-01-03-02,02,true,true,0005000100030002,205,PERAWATAN MOBIL,"Hobi, Ibadah, dan Olahraga > Perawatan & Suku Cadang Mobil > PERAWATAN MOBIL","Hobi, Ibadah, dan Olahraga > Perawatan & Suku Cadang Mobil > PERAWATAN MOBIL > CAIRAN WIPER MOBIL",0,0,0
985,KOMPON MOBIL,,4,0,true,A005-01-03-03,03,true,true,0005000100030003,205,PERAWATAN MOBIL,"Hobi, Ibadah, dan Olahraga > Perawatan & Suku Cadang Mobil > PERAWATAN MOBIL","Hobi, Ibadah, dan Olahraga > Perawatan & Suku Cadang Mobil > PERAWATAN MOBIL > KOMPON MOBIL",8,7,8
986,OLI MOBIL,,4,0,true,A005-01-03-04,04,true,true,0005000100030004,205,PERAWATAN MOBIL,"Hobi, Ibadah, dan Olahraga > Perawatan & Suku Cadang Mobil > PERAWATAN MOBIL","Hobi, Ibadah, dan Olahraga > Perawatan & Suku Cadang Mobil > PERAWATAN MOBIL > OLI MOBIL",15,12,15
987,PEMBERSIH KACA MOBIL,,4,0,true,A005-01-03-05,05,true,true,0005000100030005,205,PERAWATAN MOBIL,"Hobi, Ibadah, dan Olahraga > Perawatan & Suku Cadang Mobil > PERAWATAN MOBIL","Hobi, Ibadah, dan Olahraga > Perawatan & Suku Cadang Mobil > PERAWATAN MOBIL > PEMBERSIH KACA MOBIL",7,7,7
988,SABUT & SPONS DUA SISI UNTUK MOBIL,,4,0,true,A005-01-03-06,06,true,true,0005000100030006,205,PERAWATAN MOBIL,"Hobi, Ibadah, dan Olahraga > Perawatan & Suku Cadang Mobil > PERAWATAN MOBIL","Hobi, Ibadah, dan Olahraga > Perawatan & Suku Cadang Mobil > PERAWATAN MOBIL > SABUT & SPONS DUA SISI UNTUK MOBIL",18,15,18
989,SEMIR BAN MOBIL,,4,0,true,A005-01-03-07,07,true,true,0005000100030007,205,PERAWATAN MOBIL,"Hobi, Ibadah, dan Olahraga > Perawatan & Suku Cadang Mobil > PERAWATAN MOBIL","Hobi, Ibadah, dan Olahraga > Perawatan & Suku Cadang Mobil > PERAWATAN MOBIL > SEMIR BAN MOBIL",4,3,4
990,SHAMPO MOBIL,,4,0,true,A005-01-03-08,08,true,true,0005000100030008,205,PERAWATAN MOBIL,"Hobi, Ibadah, dan Olahraga > Perawatan & Suku Cadang Mobil > PERAWATAN MOBIL","Hobi, Ibadah, dan Olahraga > Perawatan & Suku Cadang Mobil > PERAWATAN MOBIL > SHAMPO MOBIL",11,10,11
991,WAX MOBIL,,4,0,true,A005-01-03-09,09,true,true,0005000100030009,205,PERAWATAN MOBIL,"Hobi, Ibadah, dan Olahraga > Perawatan & Suku Cadang Mobil > PERAWATAN MOBIL","Hobi, Ibadah, dan Olahraga > Perawatan & Suku Cadang Mobil > PERAWATAN MOBIL > WAX MOBIL",11,8,11
29,MENJAHIT,,2,15,false,A005-03,03,true,true,00050002,5,"Hobi, Ibadah, dan Olahraga","Hobi, Ibadah, dan Olahraga","Hobi, Ibadah, dan Olahraga > MENJAHIT",225,178,991
209,BENANG,,3,5,false,A005-03-01,01,true,true,000500020001,29,MENJAHIT,"Hobi, Ibadah, dan Olahraga > MENJAHIT","Hobi, Ibadah, dan Olahraga > MENJAHIT > BENANG",11,11,306
1007,BENANG JAHIT,,4,0,true,A005-03-01-01,01,true,true,0005000200010001,209,BENANG,"Hobi, Ibadah, dan Olahraga > MENJAHIT > BENANG","Hobi, Ibadah, dan Olahraga > MENJAHIT > BENANG > BENANG JAHIT",151,82,151
1008,BENANG KASUR,,4,0,true,A005-03-01-02,02,true,true,0005000200010002,209,BENANG,"Hobi, Ibadah, dan Olahraga > MENJAHIT > BENANG","Hobi, Ibadah, dan Olahraga > MENJAHIT > BENANG > BENANG KASUR",4,4,4
1009,BENANG RAJUT,,4,0,true,A005-03-01-03,03,true,true,0005000200010003,209,BENANG,"Hobi, Ibadah, dan Olahraga > MENJAHIT > BENANG","Hobi, Ibadah, dan Olahraga > MENJAHIT > BENANG > BENANG RAJUT",113,113,113
1010,BENANG WOL,,4,0,true,A005-03-01-04,04,true,true,0005000200010004,209,BENANG,"Hobi, Ibadah, dan Olahraga > MENJAHIT > BENANG","Hobi, Ibadah, dan Olahraga > MENJAHIT > BENANG > BENANG WOL",0,0,0
1011,BENANG LAINNYA,,4,0,true,A005-03-01-05,05,true,true,0005000200010005,209,BENANG,"Hobi, Ibadah, dan Olahraga > MENJAHIT > BENANG","Hobi, Ibadah, dan Olahraga > MENJAHIT > BENANG > BENANG LAINNYA",27,24,27
210,BIDAL,,3,0,true,A005-03-02,02,true,true,000500020002,29,MENJAHIT,"Hobi, Ibadah, dan Olahraga > MENJAHIT","Hobi, Ibadah, dan Olahraga > MENJAHIT > BIDAL",0,0,0
211,EMROIDERY HOOP (ALAS MERAJUT),,3,0,true,A005-03-03,03,true,true,000500020003,29,MENJAHIT,"Hobi, Ibadah, dan Olahraga > MENJAHIT","Hobi, Ibadah, dan Olahraga > MENJAHIT > EMROIDERY HOOP (ALAS MERAJUT)",0,0,0
212,GUNTING JAHIT,,3,4,false,A005-03-04,04,true,true,000500020004,29,MENJAHIT,"Hobi, Ibadah, dan Olahraga > MENJAHIT","Hobi, Ibadah, dan Olahraga > MENJAHIT > GUNTING JAHIT",4,4,12
1012,GUNTING KAIN,,4,0,true,A005-03-04-01,01,true,true,0005000200040001,212,GUNTING JAHIT,"Hobi, Ibadah, dan Olahraga > MENJAHIT > GUNTING JAHIT","Hobi, Ibadah, dan Olahraga > MENJAHIT > GUNTING JAHIT > GUNTING KAIN",5,5,5
1013,GUNTING BEBEK,,4,0,true,A005-03-04-02,02,true,true,0005000200040002,212,GUNTING JAHIT,"Hobi, Ibadah, dan Olahraga > MENJAHIT > GUNTING JAHIT","Hobi, Ibadah, dan Olahraga > MENJAHIT > GUNTING JAHIT > GUNTING BEBEK",0,0,0
1014,GUNTING BENANG,,4,0,true,A005-03-04-03,03,true,true,0005000200040003,212,GUNTING JAHIT,"Hobi, Ibadah, dan Olahraga > MENJAHIT > GUNTING JAHIT","Hobi, Ibadah, dan Olahraga > MENJAHIT > GUNTING JAHIT > GUNTING BENANG",2,1,2
1015,GUNTING BORDIR,,4,0,true,A005-03-04-04,04,true,true,0005000200040004,212,GUNTING JAHIT,"Hobi, Ibadah, dan Olahraga > MENJAHIT > GUNTING JAHIT","Hobi, Ibadah, dan Olahraga > MENJAHIT > GUNTING JAHIT > GUNTING BORDIR",1,1,1
213,JARUM,,3,3,false,A005-03-05,05,true,true,000500020005,29,MENJAHIT,"Hobi, Ibadah, dan Olahraga > MENJAHIT","Hobi, Ibadah, dan Olahraga > MENJAHIT > JARUM",2,2,43
1016,JARUM JAHIT,,4,0,true,A005-03-05-01,01,true,true,0005000200050001,213,JARUM,"Hobi, Ibadah, dan Olahraga > MENJAHIT > JARUM","Hobi, Ibadah, dan Olahraga > MENJAHIT > JARUM > JARUM JAHIT",3,3,3
1017,JARUM PENTUL,,4,0,true,A005-03-05-02,02,true,true,0005000200050002,213,JARUM,"Hobi, Ibadah, dan Olahraga > MENJAHIT > JARUM","Hobi, Ibadah, dan Olahraga > MENJAHIT > JARUM > JARUM PENTUL",14,13,14
1018,JARUM RAJUT / SULAM (HAKPEN),,4,0,true,A005-03-05-03,03,true,true,0005000200050003,213,JARUM,"Hobi, Ibadah, dan Olahraga > MENJAHIT > JARUM","Hobi, Ibadah, dan Olahraga > MENJAHIT > JARUM > JARUM RAJUT / SULAM (HAKPEN)",24,22,24
214,KAIN FELT,,3,0,true,A005-03-06,06,true,true,000500020006,29,MENJAHIT,"Hobi, Ibadah, dan Olahraga > MENJAHIT","Hobi, Ibadah, dan Olahraga > MENJAHIT > KAIN FELT",38,33,38
215,KAPUR JAHIT,,3,0,true,A005-03-07,07,true,true,000500020007,29,MENJAHIT,"Hobi, Ibadah, dan Olahraga > MENJAHIT","Hobi, Ibadah, dan Olahraga > MENJAHIT > KAPUR JAHIT",4,4,4
216,MATA PLASTIK UNTUK PRAKARYA,,3,0,true,A005-03-08,08,true,true,000500020008,29,MENJAHIT,"Hobi, Ibadah, dan Olahraga > MENJAHIT","Hobi, Ibadah, dan Olahraga > MENJAHIT > MATA PLASTIK UNTUK PRAKARYA",4,3,4
217,NEEDLE THREADER (MATA NENEK),,3,0,true,A005-03-09,09,true,true,000500020009,29,MENJAHIT,"Hobi, Ibadah, dan Olahraga > MENJAHIT","Hobi, Ibadah, dan Olahraga > MENJAHIT > NEEDLE THREADER (MATA NENEK)",2,2,2
218,PENDEDEL,,3,0,true,A005-03-10,10,true,true,00050002000A,29,MENJAHIT,"Hobi, Ibadah, dan Olahraga > MENJAHIT","Hobi, Ibadah, dan Olahraga > MENJAHIT > PENDEDEL",3,3,3
219,PENITI,,3,0,true,A005-03-11,11,true,true,00050002000B,29,MENJAHIT,"Hobi, Ibadah, dan Olahraga > MENJAHIT","Hobi, Ibadah, dan Olahraga > MENJAHIT > PENITI",36,35,36
220,PITA,,3,7,false,A005-03-12,12,true,true,00050002000C,29,MENJAHIT,"Hobi, Ibadah, dan Olahraga > MENJAHIT","Hobi, Ibadah, dan Olahraga > MENJAHIT > PITA",35,31,235
1019,PITA GROSS GRAIN,,4,0,true,A005-03-12-01,01,true,true,00050002000C0001,220,PITA,"Hobi, Ibadah, dan Olahraga > MENJAHIT > PITA","Hobi, Ibadah, dan Olahraga > MENJAHIT > PITA > PITA GROSS GRAIN",24,18,24
1020,PITA JACQUARD,,4,0,true,A005-03-12-02,02,true,true,00050002000C0002,220,PITA,"Hobi, Ibadah, dan Olahraga > MENJAHIT > PITA","Hobi, Ibadah, dan Olahraga > MENJAHIT > PITA > PITA JACQUARD",0,0,0
1021,PITA KERTAS,,4,0,true,A005-03-12-03,03,true,true,00050002000C0003,220,PITA,"Hobi, Ibadah, dan Olahraga > MENJAHIT > PITA","Hobi, Ibadah, dan Olahraga > MENJAHIT > PITA > PITA KERTAS",1,1,1
1022,PITA ORGANZA,,4,0,true,A005-03-12-04,04,true,true,00050002000C0004,220,PITA,"Hobi, Ibadah, dan Olahraga > MENJAHIT > PITA","Hobi, Ibadah, dan Olahraga > MENJAHIT > PITA > PITA ORGANZA",20,3,20
1023,PITA RENDA,,4,0,true,A005-03-12-05,05,true,true,00050002000C0005,220,PITA,"Hobi, Ibadah, dan Olahraga > MENJAHIT > PITA","Hobi, Ibadah, dan Olahraga > MENJAHIT > PITA > PITA RENDA",15,2,15
1024,PITA SATIN,,4,0,true,A005-03-12-06,06,true,true,00050002000C0006,220,PITA,"Hobi, Ibadah, dan Olahraga > MENJAHIT > PITA","Hobi, Ibadah, dan Olahraga > MENJAHIT > PITA > PITA SATIN",126,123,126
1025,PITA UKUR,,4,0,true,A005-03-12-07,07,true,true,00050002000C0007,220,PITA,"Hobi, Ibadah, dan Olahraga > MENJAHIT > PITA","Hobi, Ibadah, dan Olahraga > MENJAHIT > PITA > PITA UKUR",14,11,14
221,RADER,,3,0,true,A005-03-13,13,true,true,00050002000D,29,MENJAHIT,"Hobi, Ibadah, dan Olahraga > MENJAHIT","Hobi, Ibadah, dan Olahraga > MENJAHIT > RADER",0,0,0
222,RESLETING / SELETING / RITSLETING,,3,0,true,A005-03-14,14,true,true,00050002000E,29,MENJAHIT,"Hobi, Ibadah, dan Olahraga > MENJAHIT","Hobi, Ibadah, dan Olahraga > MENJAHIT > RESLETING / SELETING / RITSLETING",79,54,79
223,VETERBAN,,3,0,true,A005-03-15,15,true,true,00050002000F,29,MENJAHIT,"Hobi, Ibadah, dan Olahraga > MENJAHIT","Hobi, Ibadah, dan Olahraga > MENJAHIT > VETERBAN",4,1,4
30,MEMANCING,,2,3,false,A005-04,04,true,true,00050003,5,"Hobi, Ibadah, dan Olahraga","Hobi, Ibadah, dan Olahraga","Hobi, Ibadah, dan Olahraga > MEMANCING",13,0,19
224,ALAT PANCING (REEL PANCINGAN),,3,0,true,A005-04-01,01,true,true,000500030001,30,MEMANCING,"Hobi, Ibadah, dan Olahraga > MEMANCING","Hobi, Ibadah, dan Olahraga > MEMANCING > ALAT PANCING (REEL PANCINGAN)",4,3,4
225,MATA KAIL,,3,0,true,A005-04-02,02,true,true,000500030002,30,MEMANCING,"Hobi, Ibadah, dan Olahraga > MEMANCING","Hobi, Ibadah, dan Olahraga > MEMANCING > MATA KAIL",2,1,2
226,SENAR PANCING,,3,0,true,A005-04-03,03,true,true,000500030003,30,MEMANCING,"Hobi, Ibadah, dan Olahraga > MEMANCING","Hobi, Ibadah, dan Olahraga > MEMANCING > SENAR PANCING",0,0,0
31,OLAHRAGA,,2,12,false,A005-05,05,true,true,00050004,5,"Hobi, Ibadah, dan Olahraga","Hobi, Ibadah, dan Olahraga","Hobi, Ibadah, dan Olahraga > OLAHRAGA",45,42,536
227,ALAT MUSIK,,3,8,false,A005-05-01,01,true,true,000500040001,31,OLAHRAGA,"Hobi, Ibadah, dan Olahraga > OLAHRAGA","Hobi, Ibadah, dan Olahraga > OLAHRAGA > ALAT MUSIK",10,10,145
1026,DRUM,,4,2,false,A005-05-01-01,01,true,true,0005000400010001,227,ALAT MUSIK,"Hobi, Ibadah, dan Olahraga > OLAHRAGA > ALAT MUSIK","Hobi, Ibadah, dan Olahraga > OLAHRAGA > ALAT MUSIK > DRUM",0,0,7
1443,DRUM,,5,0,true,A005-05-01-01-01,01,true,true,00050004000100010001,1026,DRUM,"Hobi, Ibadah, dan Olahraga > OLAHRAGA > ALAT MUSIK > DRUM","Hobi, Ibadah, dan Olahraga > OLAHRAGA > ALAT MUSIK > DRUM > DRUM",0,0,0
1444,STIK DRUM,,5,0,true,A005-05-01-01-02,02,true,true,00050004000100010002,1026,DRUM,"Hobi, Ibadah, dan Olahraga > OLAHRAGA > ALAT MUSIK > DRUM","Hobi, Ibadah, dan Olahraga > OLAHRAGA > ALAT MUSIK > DRUM > STIK DRUM",7,6,7
1027,GITAR,,4,5,false,A005-05-01-02,02,true,true,0005000400010002,227,ALAT MUSIK,"Hobi, Ibadah, dan Olahraga > OLAHRAGA > ALAT MUSIK","Hobi, Ibadah, dan Olahraga > OLAHRAGA > ALAT MUSIK > GITAR",15,12,102
1445,CAPO GITAR,,5,0,true,A005-05-01-02-01,01,true,true,00050004000100020001,1027,GITAR,"Hobi, Ibadah, dan Olahraga > OLAHRAGA > ALAT MUSIK > GITAR","Hobi, Ibadah, dan Olahraga > OLAHRAGA > ALAT MUSIK > GITAR > CAPO GITAR",7,7,7
1446,GITAR ,,5,0,true,A005-05-01-02-02,02,true,true,00050004000100020002,1027,GITAR,"Hobi, Ibadah, dan Olahraga > OLAHRAGA > ALAT MUSIK > GITAR","Hobi, Ibadah, dan Olahraga > OLAHRAGA > ALAT MUSIK > GITAR > GITAR ",7,7,7
1447,SARUNG GITAR (CASE),,5,0,true,A005-05-01-02-03,03,true,true,00050004000100020003,1027,GITAR,"Hobi, Ibadah, dan Olahraga > OLAHRAGA > ALAT MUSIK > GITAR","Hobi, Ibadah, dan Olahraga > OLAHRAGA > ALAT MUSIK > GITAR > SARUNG GITAR (CASE)",4,4,4
1448,SENAR GITAR,,5,0,true,A005-05-01-02-04,04,true,true,00050004000100020004,1027,GITAR,"Hobi, Ibadah, dan Olahraga > OLAHRAGA > ALAT MUSIK > GITAR","Hobi, Ibadah, dan Olahraga > OLAHRAGA > ALAT MUSIK > GITAR > SENAR GITAR",65,57,65
1449,UKULELE,,5,0,true,A005-05-01-02-05,05,true,true,00050004000100020005,1027,GITAR,"Hobi, Ibadah, dan Olahraga > OLAHRAGA > ALAT MUSIK > GITAR","Hobi, Ibadah, dan Olahraga > OLAHRAGA > ALAT MUSIK > GITAR > UKULELE",4,4,4
1028,HARMONIKA,,4,0,true,A005-05-01-03,03,true,true,0005000400010003,227,ALAT MUSIK,"Hobi, Ibadah, dan Olahraga > OLAHRAGA > ALAT MUSIK","Hobi, Ibadah, dan Olahraga > OLAHRAGA > ALAT MUSIK > HARMONIKA",0,0,0
1029,JIMBE,,4,0,true,A005-05-01-04,04,true,true,0005000400010004,227,ALAT MUSIK,"Hobi, Ibadah, dan Olahraga > OLAHRAGA > ALAT MUSIK","Hobi, Ibadah, dan Olahraga > OLAHRAGA > ALAT MUSIK > JIMBE",5,5,5
1030,PIANIKA,,4,3,false,A005-05-01-05,05,true,true,0005000400010005,227,ALAT MUSIK,"Hobi, Ibadah, dan Olahraga > OLAHRAGA > ALAT MUSIK","Hobi, Ibadah, dan Olahraga > OLAHRAGA > ALAT MUSIK > PIANIKA",0,0,14
1450,PIANIKA,,5,0,true,A005-05-01-05-01,01,true,true,00050004000100050001,1030,PIANIKA,"Hobi, Ibadah, dan Olahraga > OLAHRAGA > ALAT MUSIK > PIANIKA","Hobi, Ibadah, dan Olahraga > OLAHRAGA > ALAT MUSIK > PIANIKA > PIANIKA",12,11,12
1451,SELANG PIANIKA,,5,0,true,A005-05-01-05-02,02,true,true,00050004000100050002,1030,PIANIKA,"Hobi, Ibadah, dan Olahraga > OLAHRAGA > ALAT MUSIK > PIANIKA","Hobi, Ibadah, dan Olahraga > OLAHRAGA > ALAT MUSIK > PIANIKA > SELANG PIANIKA",2,2,2
1452,TAS PIANIKA (CASE),,5,0,true,A005-05-01-05-03,03,true,true,00050004000100050003,1030,PIANIKA,"Hobi, Ibadah, dan Olahraga > OLAHRAGA > ALAT MUSIK > PIANIKA","Hobi, Ibadah, dan Olahraga > OLAHRAGA > ALAT MUSIK > PIANIKA > TAS PIANIKA (CASE)",0,0,0
1031,SERULING / RECORDER,,4,0,true,A005-05-01-06,06,true,true,0005000400010006,227,ALAT MUSIK,"Hobi, Ibadah, dan Olahraga > OLAHRAGA > ALAT MUSIK","Hobi, Ibadah, dan Olahraga > OLAHRAGA > ALAT MUSIK > SERULING / RECORDER",3,3,3
1032,TAMBOURINE,,4,0,true,A005-05-01-07,07,true,true,0005000400010007,227,ALAT MUSIK,"Hobi, Ibadah, dan Olahraga > OLAHRAGA > ALAT MUSIK","Hobi, Ibadah, dan Olahraga > OLAHRAGA > ALAT MUSIK > TAMBOURINE",4,4,4
1033,TAMTAM KULIT,,4,0,true,A005-05-01-08,08,true,true,0005000400010008,227,ALAT MUSIK,"Hobi, Ibadah, dan Olahraga > OLAHRAGA > ALAT MUSIK","Hobi, Ibadah, dan Olahraga > OLAHRAGA > ALAT MUSIK > TAMTAM KULIT",0,0,0
228,PERALATAN & PERLENGKAPAN BADMINTON,,3,5,false,A005-05-02,02,true,true,000500040002,31,OLAHRAGA,"Hobi, Ibadah, dan Olahraga > OLAHRAGA","Hobi, Ibadah, dan Olahraga > OLAHRAGA > PERALATAN & PERLENGKAPAN BADMINTON",0,0,46
1034,GRIP RAKET BADMINTON,,4,0,true,A005-05-02-01,01,true,true,0005000400020001,228,PERALATAN & PERLENGKAPAN BADMINTON,"Hobi, Ibadah, dan Olahraga > OLAHRAGA > PERALATAN & PERLENGKAPAN BADMINTON","Hobi, Ibadah, dan Olahraga > OLAHRAGA > PERALATAN & PERLENGKAPAN BADMINTON > GRIP RAKET BADMINTON",0,0,0
1035,RAKET BADMINTON,,4,0,true,A005-05-02-02,02,true,true,0005000400020002,228,PERALATAN & PERLENGKAPAN BADMINTON,"Hobi, Ibadah, dan Olahraga > OLAHRAGA > PERALATAN & PERLENGKAPAN BADMINTON","Hobi, Ibadah, dan Olahraga > OLAHRAGA > PERALATAN & PERLENGKAPAN BADMINTON > RAKET BADMINTON",27,20,27
1036,SENAR RAKET BADMINTON,,4,0,true,A005-05-02-03,03,true,true,0005000400020003,228,PERALATAN & PERLENGKAPAN BADMINTON,"Hobi, Ibadah, dan Olahraga > OLAHRAGA > PERALATAN & PERLENGKAPAN BADMINTON","Hobi, Ibadah, dan Olahraga > OLAHRAGA > PERALATAN & PERLENGKAPAN BADMINTON > SENAR RAKET BADMINTON",0,0,0
1037,SHUTTLECOCK / KOK BADMINTON,,4,0,true,A005-05-02-04,04,true,true,0005000400020004,228,PERALATAN & PERLENGKAPAN BADMINTON,"Hobi, Ibadah, dan Olahraga > OLAHRAGA > PERALATAN & PERLENGKAPAN BADMINTON","Hobi, Ibadah, dan Olahraga > OLAHRAGA > PERALATAN & PERLENGKAPAN BADMINTON > SHUTTLECOCK / KOK BADMINTON",19,19,19
1038,TAS BADMINTON,,4,0,true,A005-05-02-05,05,true,true,0005000400020005,228,PERALATAN & PERLENGKAPAN BADMINTON,"Hobi, Ibadah, dan Olahraga > OLAHRAGA > PERALATAN & PERLENGKAPAN BADMINTON","Hobi, Ibadah, dan Olahraga > OLAHRAGA > PERALATAN & PERLENGKAPAN BADMINTON > TAS BADMINTON",0,0,0
229,PERALATAN & PERLENGKAPAN BASKET,,3,1,false,A005-05-03,03,true,true,000500040003,31,OLAHRAGA,"Hobi, Ibadah, dan Olahraga > OLAHRAGA","Hobi, Ibadah, dan Olahraga > OLAHRAGA > PERALATAN & PERLENGKAPAN BASKET",0,0,8
1039,BOLA BASKET,,4,0,true,A005-05-03-01,01,true,true,0005000400030001,229,PERALATAN & PERLENGKAPAN BASKET,"Hobi, Ibadah, dan Olahraga > OLAHRAGA > PERALATAN & PERLENGKAPAN BASKET","Hobi, Ibadah, dan Olahraga > OLAHRAGA > PERALATAN & PERLENGKAPAN BASKET > BOLA BASKET",8,8,8
230,PERALATAN & PERLENGKAPAN RENANG,,3,6,false,A005-05-04,04,true,true,000500040004,31,OLAHRAGA,"Hobi, Ibadah, dan Olahraga > OLAHRAGA","Hobi, Ibadah, dan Olahraga > OLAHRAGA > PERALATAN & PERLENGKAPAN RENANG",32,30,99
1040,KACAMATA MENYELAM & SNORKEL,,4,0,true,A005-05-04-01,01,true,true,0005000400040001,230,PERALATAN & PERLENGKAPAN RENANG,"Hobi, Ibadah, dan Olahraga > OLAHRAGA > PERALATAN & PERLENGKAPAN RENANG","Hobi, Ibadah, dan Olahraga > OLAHRAGA > PERALATAN & PERLENGKAPAN RENANG > KACAMATA MENYELAM & SNORKEL",4,3,4
1041,KACAMATA RENANG,,4,0,true,A005-05-04-02,02,true,true,0005000400040002,230,PERALATAN & PERLENGKAPAN RENANG,"Hobi, Ibadah, dan Olahraga > OLAHRAGA > PERALATAN & PERLENGKAPAN RENANG","Hobi, Ibadah, dan Olahraga > OLAHRAGA > PERALATAN & PERLENGKAPAN RENANG > KACAMATA RENANG",34,31,34
1042,PAPAN RENANG,,4,0,true,A005-05-04-03,03,true,true,0005000400040003,230,PERALATAN & PERLENGKAPAN RENANG,"Hobi, Ibadah, dan Olahraga > OLAHRAGA > PERALATAN & PERLENGKAPAN RENANG","Hobi, Ibadah, dan Olahraga > OLAHRAGA > PERALATAN & PERLENGKAPAN RENANG > PAPAN RENANG",5,4,5
1043,PELAMPUNG RENANG,,4,0,true,A005-05-04-04,04,true,true,0005000400040004,230,PERALATAN & PERLENGKAPAN RENANG,"Hobi, Ibadah, dan Olahraga > OLAHRAGA > PERALATAN & PERLENGKAPAN RENANG","Hobi, Ibadah, dan Olahraga > OLAHRAGA > PERALATAN & PERLENGKAPAN RENANG > PELAMPUNG RENANG",20,19,20
1044,PENUTUP KUPING RENANG,,4,0,true,A005-05-04-05,05,true,true,0005000400040005,230,PERALATAN & PERLENGKAPAN RENANG,"Hobi, Ibadah, dan Olahraga > OLAHRAGA > PERALATAN & PERLENGKAPAN RENANG","Hobi, Ibadah, dan Olahraga > OLAHRAGA > PERALATAN & PERLENGKAPAN RENANG > PENUTUP KUPING RENANG",1,1,1
1045,TOPI RENANG,,4,0,true,A005-05-04-06,06,true,true,0005000400040006,230,PERALATAN & PERLENGKAPAN RENANG,"Hobi, Ibadah, dan Olahraga > OLAHRAGA > PERALATAN & PERLENGKAPAN RENANG","Hobi, Ibadah, dan Olahraga > OLAHRAGA > PERALATAN & PERLENGKAPAN RENANG > TOPI RENANG",3,3,3
231,PERALATAN & PERLENGKAPAN FITNESS,,3,7,false,A005-05-05,05,true,true,000500040005,31,OLAHRAGA,"Hobi, Ibadah, dan Olahraga > OLAHRAGA","Hobi, Ibadah, dan Olahraga > OLAHRAGA > PERALATAN & PERLENGKAPAN FITNESS",1,1,57
1046,ALAT PUSH UP,,4,0,true,A005-05-05-01,01,true,true,0005000400050001,231,PERALATAN & PERLENGKAPAN FITNESS,"Hobi, Ibadah, dan Olahraga > OLAHRAGA > PERALATAN & PERLENGKAPAN FITNESS","Hobi, Ibadah, dan Olahraga > OLAHRAGA > PERALATAN & PERLENGKAPAN FITNESS > ALAT PUSH UP",0,0,0
1047,BARBEL / DUMBELL,,4,0,true,A005-05-05-02,02,true,true,0005000400050002,231,PERALATAN & PERLENGKAPAN FITNESS,"Hobi, Ibadah, dan Olahraga > OLAHRAGA > PERALATAN & PERLENGKAPAN FITNESS","Hobi, Ibadah, dan Olahraga > OLAHRAGA > PERALATAN & PERLENGKAPAN FITNESS > BARBEL / DUMBELL",20,20,20
1048,CONE / MANGKOK PLASTIK OLAHRAGA,,4,0,true,A005-05-05-03,03,true,true,0005000400050003,231,PERALATAN & PERLENGKAPAN FITNESS,"Hobi, Ibadah, dan Olahraga > OLAHRAGA > PERALATAN & PERLENGKAPAN FITNESS","Hobi, Ibadah, dan Olahraga > OLAHRAGA > PERALATAN & PERLENGKAPAN FITNESS > CONE / MANGKOK PLASTIK OLAHRAGA",4,4,4
1049,HAND GRIP BUSA,,4,0,true,A005-05-05-04,04,true,true,0005000400050004,231,PERALATAN & PERLENGKAPAN FITNESS,"Hobi, Ibadah, dan Olahraga > OLAHRAGA > PERALATAN & PERLENGKAPAN FITNESS","Hobi, Ibadah, dan Olahraga > OLAHRAGA > PERALATAN & PERLENGKAPAN FITNESS > HAND GRIP BUSA",15,13,15
1050,SARUNG TANGAN OLAHRAGA,,4,0,true,A005-05-05-05,05,true,true,0005000400050005,231,PERALATAN & PERLENGKAPAN FITNESS,"Hobi, Ibadah, dan Olahraga > OLAHRAGA > PERALATAN & PERLENGKAPAN FITNESS","Hobi, Ibadah, dan Olahraga > OLAHRAGA > PERALATAN & PERLENGKAPAN FITNESS > SARUNG TANGAN OLAHRAGA",2,2,2
1051,SKIPROPE (LOMPAT TALI / ALAT SKIPPING),,4,0,true,A005-05-05-06,06,true,true,0005000400050006,231,PERALATAN & PERLENGKAPAN FITNESS,"Hobi, Ibadah, dan Olahraga > OLAHRAGA > PERALATAN & PERLENGKAPAN FITNESS","Hobi, Ibadah, dan Olahraga > OLAHRAGA > PERALATAN & PERLENGKAPAN FITNESS > SKIPROPE (LOMPAT TALI / ALAT SKIPPING)",9,8,9
1052,TIMBANGAN BADAN,,4,0,true,A005-05-05-07,07,true,true,0005000400050007,231,PERALATAN & PERLENGKAPAN FITNESS,"Hobi, Ibadah, dan Olahraga > OLAHRAGA > PERALATAN & PERLENGKAPAN FITNESS","Hobi, Ibadah, dan Olahraga > OLAHRAGA > PERALATAN & PERLENGKAPAN FITNESS > TIMBANGAN BADAN",6,6,6
232,PERALATAN & PERLENGKAPAN PING PONG,,3,3,false,A005-05-06,06,true,true,000500040006,31,OLAHRAGA,"Hobi, Ibadah, dan Olahraga > OLAHRAGA","Hobi, Ibadah, dan Olahraga > OLAHRAGA > PERALATAN & PERLENGKAPAN PING PONG",0,0,17
1053,BET PING PONG,,4,0,true,A005-05-06-01,01,true,true,0005000400060001,232,PERALATAN & PERLENGKAPAN PING PONG,"Hobi, Ibadah, dan Olahraga > OLAHRAGA > PERALATAN & PERLENGKAPAN PING PONG","Hobi, Ibadah, dan Olahraga > OLAHRAGA > PERALATAN & PERLENGKAPAN PING PONG > BET PING PONG",6,6,6
1054,BOLA PING PONG,,4,0,true,A005-05-06-02,02,true,true,0005000400060002,232,PERALATAN & PERLENGKAPAN PING PONG,"Hobi, Ibadah, dan Olahraga > OLAHRAGA > PERALATAN & PERLENGKAPAN PING PONG","Hobi, Ibadah, dan Olahraga > OLAHRAGA > PERALATAN & PERLENGKAPAN PING PONG > BOLA PING PONG",10,10,10
1055,NET PINGPONG,,4,0,true,A005-05-06-03,03,true,true,0005000400060003,232,PERALATAN & PERLENGKAPAN PING PONG,"Hobi, Ibadah, dan Olahraga > OLAHRAGA > PERALATAN & PERLENGKAPAN PING PONG","Hobi, Ibadah, dan Olahraga > OLAHRAGA > PERALATAN & PERLENGKAPAN PING PONG > NET PINGPONG",1,0,1
233,PERALATAN & PERLENGKAPAN SEPAK BOLA,,3,2,false,A005-05-07,07,true,true,000500040007,31,OLAHRAGA,"Hobi, Ibadah, dan Olahraga > OLAHRAGA","Hobi, Ibadah, dan Olahraga > OLAHRAGA > PERALATAN & PERLENGKAPAN SEPAK BOLA",17,16,38
1056,BOLA SEPAK,,4,0,true,A005-05-07-01,01,true,true,0005000400070001,233,PERALATAN & PERLENGKAPAN SEPAK BOLA,"Hobi, Ibadah, dan Olahraga > OLAHRAGA > PERALATAN & PERLENGKAPAN SEPAK BOLA","Hobi, Ibadah, dan Olahraga > OLAHRAGA > PERALATAN & PERLENGKAPAN SEPAK BOLA > BOLA SEPAK",16,11,16
1057,BOLA FUTSAL,,4,0,true,A005-05-07-02,02,true,true,0005000400070002,233,PERALATAN & PERLENGKAPAN SEPAK BOLA,"Hobi, Ibadah, dan Olahraga > OLAHRAGA > PERALATAN & PERLENGKAPAN SEPAK BOLA","Hobi, Ibadah, dan Olahraga > OLAHRAGA > PERALATAN & PERLENGKAPAN SEPAK BOLA > BOLA FUTSAL",5,3,5
234,PERALATAN & PERLENGKAPAN SEPEDA,,3,5,false,A005-05-08,08,true,true,000500040008,31,OLAHRAGA,"Hobi, Ibadah, dan Olahraga > OLAHRAGA","Hobi, Ibadah, dan Olahraga > OLAHRAGA > PERALATAN & PERLENGKAPAN SEPEDA",8,8,48
1058,HELM SEPEDA,,4,0,true,A005-05-08-01,01,true,true,0005000400080001,234,PERALATAN & PERLENGKAPAN SEPEDA,"Hobi, Ibadah, dan Olahraga > OLAHRAGA > PERALATAN & PERLENGKAPAN SEPEDA","Hobi, Ibadah, dan Olahraga > OLAHRAGA > PERALATAN & PERLENGKAPAN SEPEDA > HELM SEPEDA",4,4,4
1059,KUNCI SEPEDA,,4,0,true,A005-05-08-02,02,true,true,0005000400080002,234,PERALATAN & PERLENGKAPAN SEPEDA,"Hobi, Ibadah, dan Olahraga > OLAHRAGA > PERALATAN & PERLENGKAPAN SEPEDA","Hobi, Ibadah, dan Olahraga > OLAHRAGA > PERALATAN & PERLENGKAPAN SEPEDA > KUNCI SEPEDA",12,12,12
1060,KURSI SEPEDA,,4,0,true,A005-05-08-03,03,true,true,0005000400080003,234,PERALATAN & PERLENGKAPAN SEPEDA,"Hobi, Ibadah, dan Olahraga > OLAHRAGA > PERALATAN & PERLENGKAPAN SEPEDA","Hobi, Ibadah, dan Olahraga > OLAHRAGA > PERALATAN & PERLENGKAPAN SEPEDA > KURSI SEPEDA",0,0,0
1061,LAMPU UNTUK SEPEDA,,4,0,true,A005-05-08-04,04,true,true,0005000400080004,234,PERALATAN & PERLENGKAPAN SEPEDA,"Hobi, Ibadah, dan Olahraga > OLAHRAGA > PERALATAN & PERLENGKAPAN SEPEDA","Hobi, Ibadah, dan Olahraga > OLAHRAGA > PERALATAN & PERLENGKAPAN SEPEDA > LAMPU UNTUK SEPEDA",2,2,2
1062,POMPA BAN SEPEDA,,4,0,true,A005-05-08-05,05,true,true,0005000400080005,234,PERALATAN & PERLENGKAPAN SEPEDA,"Hobi, Ibadah, dan Olahraga > OLAHRAGA > PERALATAN & PERLENGKAPAN SEPEDA","Hobi, Ibadah, dan Olahraga > OLAHRAGA > PERALATAN & PERLENGKAPAN SEPEDA > POMPA BAN SEPEDA",22,20,22
235,PERALATAN & PERLENGKAPAN TENNIS,,3,1,false,A005-05-09,09,true,true,000500040009,31,OLAHRAGA,"Hobi, Ibadah, dan Olahraga > OLAHRAGA","Hobi, Ibadah, dan Olahraga > OLAHRAGA > PERALATAN & PERLENGKAPAN TENNIS",1,0,6
1063,BOLA TENNIS,,4,0,true,A005-05-09-01,01,true,true,0005000400090001,235,PERALATAN & PERLENGKAPAN TENNIS,"Hobi, Ibadah, dan Olahraga > OLAHRAGA > PERALATAN & PERLENGKAPAN TENNIS","Hobi, Ibadah, dan Olahraga > OLAHRAGA > PERALATAN & PERLENGKAPAN TENNIS > BOLA TENNIS",5,4,5
236,PERALATAN & PERLENGKAPAN VOLLEY,,3,1,false,A005-05-10,10,true,true,00050004000A,31,OLAHRAGA,"Hobi, Ibadah, dan Olahraga > OLAHRAGA","Hobi, Ibadah, dan Olahraga > OLAHRAGA > PERALATAN & PERLENGKAPAN VOLLEY",0,0,4
1064,BOLA VOLLEY,,4,0,true,A005-05-10-01,01,true,true,00050004000A0001,236,PERALATAN & PERLENGKAPAN VOLLEY,"Hobi, Ibadah, dan Olahraga > OLAHRAGA > PERALATAN & PERLENGKAPAN VOLLEY","Hobi, Ibadah, dan Olahraga > OLAHRAGA > PERALATAN & PERLENGKAPAN VOLLEY > BOLA VOLLEY",4,4,4
237,PERALATAN & PERLENGKAPAN WASIT,,3,2,false,A005-05-11,11,true,true,00050004000B,31,OLAHRAGA,"Hobi, Ibadah, dan Olahraga > OLAHRAGA","Hobi, Ibadah, dan Olahraga > OLAHRAGA > PERALATAN & PERLENGKAPAN WASIT",0,0,5
1065,PELUIT,,4,0,true,A005-05-11-01,01,true,true,00050004000B0001,237,PERALATAN & PERLENGKAPAN WASIT,"Hobi, Ibadah, dan Olahraga > OLAHRAGA > PERALATAN & PERLENGKAPAN WASIT","Hobi, Ibadah, dan Olahraga > OLAHRAGA > PERALATAN & PERLENGKAPAN WASIT > PELUIT",2,2,2
1066,STOPWATCH,,4,0,true,A005-05-11-02,02,true,true,00050004000B0002,237,PERALATAN & PERLENGKAPAN WASIT,"Hobi, Ibadah, dan Olahraga > OLAHRAGA > PERALATAN & PERLENGKAPAN WASIT","Hobi, Ibadah, dan Olahraga > OLAHRAGA > PERALATAN & PERLENGKAPAN WASIT > STOPWATCH",3,3,3
238,PERALATAN & PERLENGKAPAN YOGA,,3,1,false,A005-05-12,12,true,true,00050004000C,31,OLAHRAGA,"Hobi, Ibadah, dan Olahraga > OLAHRAGA","Hobi, Ibadah, dan Olahraga > OLAHRAGA > PERALATAN & PERLENGKAPAN YOGA",0,0,18
1067,KARPET / MATRAS OLAHRAGA,,4,0,true,A005-05-12-01,01,true,true,00050004000C0001,238,PERALATAN & PERLENGKAPAN YOGA,"Hobi, Ibadah, dan Olahraga > OLAHRAGA > PERALATAN & PERLENGKAPAN YOGA","Hobi, Ibadah, dan Olahraga > OLAHRAGA > PERALATAN & PERLENGKAPAN YOGA > KARPET / MATRAS OLAHRAGA",18,17,18
32,BERKEBUN,,2,15,false,A005-06,06,true,true,00050005,5,"Hobi, Ibadah, dan Olahraga","Hobi, Ibadah, dan Olahraga","Hobi, Ibadah, dan Olahraga > BERKEBUN",2,2,559
239,ALAT SEMPROT TANAMAN,,3,0,true,A005-06-01,01,true,true,000500050001,32,BERKEBUN,"Hobi, Ibadah, dan Olahraga > BERKEBUN","Hobi, Ibadah, dan Olahraga > BERKEBUN > ALAT SEMPROT TANAMAN",22,21,22
240,BUNGA & TANAMAN ARTIFISIAL (BUATAN),,3,0,true,A005-06-02,02,true,true,000500050002,32,BERKEBUN,"Hobi, Ibadah, dan Olahraga > BERKEBUN","Hobi, Ibadah, dan Olahraga > BERKEBUN > BUNGA & TANAMAN ARTIFISIAL (BUATAN)",241,226,241
241,FLORAL FOAM,,3,0,true,A005-06-03,03,true,true,000500050003,32,BERKEBUN,"Hobi, Ibadah, dan Olahraga > BERKEBUN","Hobi, Ibadah, dan Olahraga > BERKEBUN > FLORAL FOAM",3,2,3
242,GACOK,,3,0,true,A005-06-04,04,true,true,000500050004,32,BERKEBUN,"Hobi, Ibadah, dan Olahraga > BERKEBUN","Hobi, Ibadah, dan Olahraga > BERKEBUN > GACOK",1,1,1
243,GUNTING RUMPUT,,3,0,true,A005-06-05,05,true,true,000500050005,32,BERKEBUN,"Hobi, Ibadah, dan Olahraga > BERKEBUN","Hobi, Ibadah, dan Olahraga > BERKEBUN > GUNTING RUMPUT",14,13,14
244,GUNTING TANAMAN,,3,0,true,A005-06-06,06,true,true,000500050006,32,BERKEBUN,"Hobi, Ibadah, dan Olahraga > BERKEBUN","Hobi, Ibadah, dan Olahraga > BERKEBUN > GUNTING TANAMAN",18,18,18
245,INSEKTISIDA,,3,0,true,A005-06-07,07,true,true,000500050007,32,BERKEBUN,"Hobi, Ibadah, dan Olahraga > BERKEBUN","Hobi, Ibadah, dan Olahraga > BERKEBUN > INSEKTISIDA",3,3,3
246,MEDIA TANAM,,3,0,true,A005-06-08,08,true,true,000500050008,32,BERKEBUN,"Hobi, Ibadah, dan Olahraga > BERKEBUN","Hobi, Ibadah, dan Olahraga > BERKEBUN > MEDIA TANAM",8,8,8
247,POT BUNGA,,3,0,true,A005-06-09,09,true,true,000500050009,32,BERKEBUN,"Hobi, Ibadah, dan Olahraga > BERKEBUN","Hobi, Ibadah, dan Olahraga > BERKEBUN > POT BUNGA",144,136,144
248,PUPUK,,3,0,true,A005-06-10,10,true,true,00050005000A,32,BERKEBUN,"Hobi, Ibadah, dan Olahraga > BERKEBUN","Hobi, Ibadah, dan Olahraga > BERKEBUN > PUPUK",17,17,17
249,SEKOP TANAH,,3,0,true,A005-06-11,11,true,true,00050005000B,32,BERKEBUN,"Hobi, Ibadah, dan Olahraga > BERKEBUN","Hobi, Ibadah, dan Olahraga > BERKEBUN > SEKOP TANAH",11,11,11
250,SELANG AIR,,3,0,true,A005-06-12,12,true,true,00050005000C,32,BERKEBUN,"Hobi, Ibadah, dan Olahraga > BERKEBUN","Hobi, Ibadah, dan Olahraga > BERKEBUN > SELANG AIR",43,41,43
251,VAS BUNGA,,3,0,true,A005-06-13,13,true,true,00050005000D,32,BERKEBUN,"Hobi, Ibadah, dan Olahraga > BERKEBUN","Hobi, Ibadah, dan Olahraga > BERKEBUN > VAS BUNGA",9,9,9
252,PERALATAN BERKEBUN LAINNYA,,3,0,true,A005-06-98,98,true,true,00050005000E,32,BERKEBUN,"Hobi, Ibadah, dan Olahraga > BERKEBUN","Hobi, Ibadah, dan Olahraga > BERKEBUN > PERALATAN BERKEBUN LAINNYA",14,13,14
253,PERLENGKAPAN BERKEBUN LAINNYA,,3,0,true,A005-06-99,99,true,true,00050005000F,32,BERKEBUN,"Hobi, Ibadah, dan Olahraga > BERKEBUN","Hobi, Ibadah, dan Olahraga > BERKEBUN > PERLENGKAPAN BERKEBUN LAINNYA",9,9,9
33,BERIBADAH,,2,2,false,A005-07,07,true,true,00050006,5,"Hobi, Ibadah, dan Olahraga","Hobi, Ibadah, dan Olahraga","Hobi, Ibadah, dan Olahraga > BERIBADAH",3,3,91
254,SAJADAH,,3,0,true,A005-07-01,01,true,true,000500060001,33,BERIBADAH,"Hobi, Ibadah, dan Olahraga > BERIBADAH","Hobi, Ibadah, dan Olahraga > BERIBADAH > SAJADAH",58,54,58
255,TASBIH,,3,0,true,A005-07-02,02,true,true,000500060002,33,BERIBADAH,"Hobi, Ibadah, dan Olahraga > BERIBADAH","Hobi, Ibadah, dan Olahraga > BERIBADAH > TASBIH",30,21,30
34,HEWAN PELIHARAAN,,2,2,false,A005-08,08,true,true,00050007,5,"Hobi, Ibadah, dan Olahraga","Hobi, Ibadah, dan Olahraga","Hobi, Ibadah, dan Olahraga > HEWAN PELIHARAAN",24,24,660
256,PERAWATAN HEWAN PELIHARAAN,,3,5,false,A005-08-01,01,true,true,000500070001,34,HEWAN PELIHARAAN,"Hobi, Ibadah, dan Olahraga > HEWAN PELIHARAAN","Hobi, Ibadah, dan Olahraga > HEWAN PELIHARAAN > PERAWATAN HEWAN PELIHARAAN",230,179,398
1068,PERALATAN PERAWATAN ANJING,,4,0,true,A005-08-01-01,01,true,true,0005000700010001,256,PERAWATAN HEWAN PELIHARAAN,"Hobi, Ibadah, dan Olahraga > HEWAN PELIHARAAN > PERAWATAN HEWAN PELIHARAAN","Hobi, Ibadah, dan Olahraga > HEWAN PELIHARAAN > PERAWATAN HEWAN PELIHARAAN > PERALATAN PERAWATAN ANJING",7,5,7
1069,PERALATAN PERAWATAN BURUNG,,4,0,true,A005-08-01-02,02,true,true,0005000700010002,256,PERAWATAN HEWAN PELIHARAAN,"Hobi, Ibadah, dan Olahraga > HEWAN PELIHARAAN > PERAWATAN HEWAN PELIHARAAN","Hobi, Ibadah, dan Olahraga > HEWAN PELIHARAAN > PERAWATAN HEWAN PELIHARAAN > PERALATAN PERAWATAN BURUNG",2,1,2
1070,PERALATAN PERAWATAN HAMSTER,,4,0,true,A005-08-01-03,03,true,true,0005000700010003,256,PERAWATAN HEWAN PELIHARAAN,"Hobi, Ibadah, dan Olahraga > HEWAN PELIHARAAN > PERAWATAN HEWAN PELIHARAAN","Hobi, Ibadah, dan Olahraga > HEWAN PELIHARAAN > PERAWATAN HEWAN PELIHARAAN > PERALATAN PERAWATAN HAMSTER",11,11,11
1071,PERALATAN PERAWATAN IKAN,,4,0,true,A005-08-01-04,04,true,true,0005000700010004,256,PERAWATAN HEWAN PELIHARAAN,"Hobi, Ibadah, dan Olahraga > HEWAN PELIHARAAN > PERAWATAN HEWAN PELIHARAAN","Hobi, Ibadah, dan Olahraga > HEWAN PELIHARAAN > PERAWATAN HEWAN PELIHARAAN > PERALATAN PERAWATAN IKAN",70,66,70
1072,PERALATAN PERAWATAN KUCING,,4,0,true,A005-08-01-05,05,true,true,0005000700010005,256,PERAWATAN HEWAN PELIHARAAN,"Hobi, Ibadah, dan Olahraga > HEWAN PELIHARAAN > PERAWATAN HEWAN PELIHARAAN","Hobi, Ibadah, dan Olahraga > HEWAN PELIHARAAN > PERAWATAN HEWAN PELIHARAAN > PERALATAN PERAWATAN KUCING",78,71,78
258,MAKANAN HEWAN PELIHARAAN,,3,5,false,A005-08-03,03,true,true,000500070003,34,HEWAN PELIHARAAN,"Hobi, Ibadah, dan Olahraga > HEWAN PELIHARAAN","Hobi, Ibadah, dan Olahraga > HEWAN PELIHARAAN > MAKANAN HEWAN PELIHARAAN",13,4,238
1074,MAKANAN ANJING,,4,0,true,A005-08-03-01,01,true,true,0005000700030001,258,MAKANAN HEWAN PELIHARAAN,"Hobi, Ibadah, dan Olahraga > HEWAN PELIHARAAN > MAKANAN HEWAN PELIHARAAN","Hobi, Ibadah, dan Olahraga > HEWAN PELIHARAAN > MAKANAN HEWAN PELIHARAAN > MAKANAN ANJING",49,22,49
1075,MAKANAN HAMSTER,,4,0,true,A005-08-03-02,02,true,true,0005000700030002,258,MAKANAN HEWAN PELIHARAAN,"Hobi, Ibadah, dan Olahraga > HEWAN PELIHARAAN > MAKANAN HEWAN PELIHARAAN","Hobi, Ibadah, dan Olahraga > HEWAN PELIHARAAN > MAKANAN HEWAN PELIHARAAN > MAKANAN HAMSTER",3,2,3
1076,MAKANAN IKAN,,4,0,true,A005-08-03-03,03,true,true,0005000700030003,258,MAKANAN HEWAN PELIHARAAN,"Hobi, Ibadah, dan Olahraga > HEWAN PELIHARAAN > MAKANAN HEWAN PELIHARAAN","Hobi, Ibadah, dan Olahraga > HEWAN PELIHARAAN > MAKANAN HEWAN PELIHARAAN > MAKANAN IKAN",13,12,13
1077,MAKANAN KUCING,,4,0,true,A005-08-03-04,04,true,true,0005000700030004,258,MAKANAN HEWAN PELIHARAAN,"Hobi, Ibadah, dan Olahraga > HEWAN PELIHARAAN > MAKANAN HEWAN PELIHARAAN","Hobi, Ibadah, dan Olahraga > HEWAN PELIHARAAN > MAKANAN HEWAN PELIHARAAN > MAKANAN KUCING",160,113,160
1078,PAKAN BURUNG,,4,0,true,A005-08-03-05,05,true,true,0005000700030005,258,MAKANAN HEWAN PELIHARAAN,"Hobi, Ibadah, dan Olahraga > HEWAN PELIHARAAN > MAKANAN HEWAN PELIHARAAN","Hobi, Ibadah, dan Olahraga > HEWAN PELIHARAAN > MAKANAN HEWAN PELIHARAAN > PAKAN BURUNG",0,0,0
1832,Perawatan & Suku Cadang Motor,,2,3,false,A005-02,02,true,true,00050008,5,"Hobi, Ibadah, dan Olahraga","Hobi, Ibadah, dan Olahraga","Hobi, Ibadah, dan Olahraga > Perawatan & Suku Cadang Motor",1,1,500
206,AKSESORIS MOTOR,,3,4,false,A005-02-01,01,true,true,000500080001,1832,Perawatan & Suku Cadang Motor,"Hobi, Ibadah, dan Olahraga > Perawatan & Suku Cadang Motor","Hobi, Ibadah, dan Olahraga > Perawatan & Suku Cadang Motor > AKSESORIS MOTOR",61,52,321
992,HELM,,4,0,true,A005-02-01-01,01,true,true,0005000800010001,206,AKSESORIS MOTOR,"Hobi, Ibadah, dan Olahraga > Perawatan & Suku Cadang Motor > AKSESORIS MOTOR","Hobi, Ibadah, dan Olahraga > Perawatan & Suku Cadang Motor > AKSESORIS MOTOR > HELM",143,131,143
993,JAS HUJAN/PONCO,,4,0,true,A005-02-01-02,02,true,true,0005000800010002,206,AKSESORIS MOTOR,"Hobi, Ibadah, dan Olahraga > Perawatan & Suku Cadang Motor > AKSESORIS MOTOR","Hobi, Ibadah, dan Olahraga > Perawatan & Suku Cadang Motor > AKSESORIS MOTOR > JAS HUJAN/PONCO",69,49,69
994,KARET / GRIP STANG MOTOR,,4,0,true,A005-02-01-03,03,true,true,0005000800010003,206,AKSESORIS MOTOR,"Hobi, Ibadah, dan Olahraga > Perawatan & Suku Cadang Motor > AKSESORIS MOTOR","Hobi, Ibadah, dan Olahraga > Perawatan & Suku Cadang Motor > AKSESORIS MOTOR > KARET / GRIP STANG MOTOR",3,3,3
995,SARUNG TANGAN UNTUK MOTOR,,4,0,true,A005-02-01-04,04,true,true,0005000800010004,206,AKSESORIS MOTOR,"Hobi, Ibadah, dan Olahraga > Perawatan & Suku Cadang Motor > AKSESORIS MOTOR","Hobi, Ibadah, dan Olahraga > Perawatan & Suku Cadang Motor > AKSESORIS MOTOR > SARUNG TANGAN UNTUK MOTOR",45,39,45
207,SUKU CADANG MOTOR,,3,5,false,A005-02-02,02,true,true,000500080002,1832,Perawatan & Suku Cadang Motor,"Hobi, Ibadah, dan Olahraga > Perawatan & Suku Cadang Motor","Hobi, Ibadah, dan Olahraga > Perawatan & Suku Cadang Motor > SUKU CADANG MOTOR",8,6,50
996,BOHLAM LAMPU MOTOR,,4,0,true,A005-02-02-01,01,true,true,0005000800020001,207,SUKU CADANG MOTOR,"Hobi, Ibadah, dan Olahraga > Perawatan & Suku Cadang Motor > SUKU CADANG MOTOR","Hobi, Ibadah, dan Olahraga > Perawatan & Suku Cadang Motor > SUKU CADANG MOTOR > BOHLAM LAMPU MOTOR",16,15,16
997,BUSI MOTOR,,4,0,true,A005-02-02-02,02,true,true,0005000800020002,207,SUKU CADANG MOTOR,"Hobi, Ibadah, dan Olahraga > Perawatan & Suku Cadang Motor > SUKU CADANG MOTOR","Hobi, Ibadah, dan Olahraga > Perawatan & Suku Cadang Motor > SUKU CADANG MOTOR > BUSI MOTOR",6,6,6
998,PENTIL BAN MOTOR,,4,0,true,A005-02-02-03,03,true,true,0005000800020003,207,SUKU CADANG MOTOR,"Hobi, Ibadah, dan Olahraga > Perawatan & Suku Cadang Motor > SUKU CADANG MOTOR","Hobi, Ibadah, dan Olahraga > Perawatan & Suku Cadang Motor > SUKU CADANG MOTOR > PENTIL BAN MOTOR",0,0,0
999,SPION MOTOR,,4,0,true,A005-02-02-04,04,true,true,0005000800020004,207,SUKU CADANG MOTOR,"Hobi, Ibadah, dan Olahraga > Perawatan & Suku Cadang Motor > SUKU CADANG MOTOR","Hobi, Ibadah, dan Olahraga > Perawatan & Suku Cadang Motor > SUKU CADANG MOTOR > SPION MOTOR",20,19,20
1000,TUTUP PENTIL MOTOR,,4,0,true,A005-02-02-05,05,true,true,0005000800020005,207,SUKU CADANG MOTOR,"Hobi, Ibadah, dan Olahraga > Perawatan & Suku Cadang Motor > SUKU CADANG MOTOR","Hobi, Ibadah, dan Olahraga > Perawatan & Suku Cadang Motor > SUKU CADANG MOTOR > TUTUP PENTIL MOTOR",0,0,0
208,PERAWATAN MOTOR,,3,6,false,A005-02-03,03,true,true,000500080003,1832,Perawatan & Suku Cadang Motor,"Hobi, Ibadah, dan Olahraga > Perawatan & Suku Cadang Motor","Hobi, Ibadah, dan Olahraga > Perawatan & Suku Cadang Motor > PERAWATAN MOTOR",28,28,128
1001,KAMPAS REM MOTOR,,4,0,true,A005-02-03-01,01,true,true,0005000800030001,208,PERAWATAN MOTOR,"Hobi, Ibadah, dan Olahraga > Perawatan & Suku Cadang Motor > PERAWATAN MOTOR","Hobi, Ibadah, dan Olahraga > Perawatan & Suku Cadang Motor > PERAWATAN MOTOR > KAMPAS REM MOTOR",1,1,1
1002,KOMPON MOTOR,,4,0,true,A005-02-03-02,02,true,true,0005000800030002,208,PERAWATAN MOTOR,"Hobi, Ibadah, dan Olahraga > Perawatan & Suku Cadang Motor > PERAWATAN MOTOR","Hobi, Ibadah, dan Olahraga > Perawatan & Suku Cadang Motor > PERAWATAN MOTOR > KOMPON MOTOR",2,1,2
1003,MINYAK REM,,4,0,true,A005-02-03-03,03,true,true,0005000800030003,208,PERAWATAN MOTOR,"Hobi, Ibadah, dan Olahraga > Perawatan & Suku Cadang Motor > PERAWATAN MOTOR","Hobi, Ibadah, dan Olahraga > Perawatan & Suku Cadang Motor > PERAWATAN MOTOR > MINYAK REM",7,7,7
1004,OLI MOTOR,,4,0,true,A005-02-03-04,04,true,true,0005000800030004,208,PERAWATAN MOTOR,"Hobi, Ibadah, dan Olahraga > Perawatan & Suku Cadang Motor > PERAWATAN MOTOR","Hobi, Ibadah, dan Olahraga > Perawatan & Suku Cadang Motor > PERAWATAN MOTOR > OLI MOTOR",81,69,81
1005,SABUN CUCI MOTOR,,4,0,true,A005-02-03-05,05,true,true,0005000800030005,208,PERAWATAN MOTOR,"Hobi, Ibadah, dan Olahraga > Perawatan & Suku Cadang Motor > PERAWATAN MOTOR","Hobi, Ibadah, dan Olahraga > Perawatan & Suku Cadang Motor > PERAWATAN MOTOR > SABUN CUCI MOTOR",5,5,5
1006,SEMIR BAN MOTOR,,4,0,true,A005-02-03-06,06,true,true,0005000800030006,208,PERAWATAN MOTOR,"Hobi, Ibadah, dan Olahraga > Perawatan & Suku Cadang Motor > PERAWATAN MOTOR","Hobi, Ibadah, dan Olahraga > Perawatan & Suku Cadang Motor > PERAWATAN MOTOR > SEMIR BAN MOTOR",4,3,4
6,Elektronik,Electronics,1,3,false,A006,A006,true,true,0006,,,,Elektronik,43,37,2443
35,ALAT ELEKTRONIK DAPUR,,2,11,false,A006-01,01,true,true,00060001,6,Elektronik,Elektronik,Elektronik > ALAT ELEKTRONIK DAPUR,2,2,228
259,BLENDER,,3,0,true,A006-01-01,01,true,true,000600010001,35,ALAT ELEKTRONIK DAPUR,Elektronik > ALAT ELEKTRONIK DAPUR,Elektronik > ALAT ELEKTRONIK DAPUR > BLENDER,48,45,48
260,DISPENSER,,3,0,true,A006-01-02,02,true,true,000600010002,35,ALAT ELEKTRONIK DAPUR,Elektronik > ALAT ELEKTRONIK DAPUR,Elektronik > ALAT ELEKTRONIK DAPUR > DISPENSER,30,25,30
261,JUICER,,3,0,true,A006-01-03,03,true,true,000600010003,35,ALAT ELEKTRONIK DAPUR,Elektronik > ALAT ELEKTRONIK DAPUR,Elektronik > ALAT ELEKTRONIK DAPUR > JUICER,0,0,0
262,KETEL AIR LISTRIK,,3,0,true,A006-01-04,04,true,true,000600010004,35,ALAT ELEKTRONIK DAPUR,Elektronik > ALAT ELEKTRONIK DAPUR,Elektronik > ALAT ELEKTRONIK DAPUR > KETEL AIR LISTRIK,20,19,20
263,KOMPOR LISTRIK,,3,0,true,A006-01-05,05,true,true,000600010005,35,ALAT ELEKTRONIK DAPUR,Elektronik > ALAT ELEKTRONIK DAPUR,Elektronik > ALAT ELEKTRONIK DAPUR > KOMPOR LISTRIK,6,6,6
264,MIXER,,3,0,true,A006-01-06,06,true,true,000600010006,35,ALAT ELEKTRONIK DAPUR,Elektronik > ALAT ELEKTRONIK DAPUR,Elektronik > ALAT ELEKTRONIK DAPUR > MIXER,11,11,11
265,OVEN KECIL,,3,0,true,A006-01-07,07,true,true,000600010007,35,ALAT ELEKTRONIK DAPUR,Elektronik > ALAT ELEKTRONIK DAPUR,Elektronik > ALAT ELEKTRONIK DAPUR > OVEN KECIL,5,4,5
266,PANCI ELEKTRIK,,3,0,true,A006-01-08,08,true,true,000600010008,35,ALAT ELEKTRONIK DAPUR,Elektronik > ALAT ELEKTRONIK DAPUR,Elektronik > ALAT ELEKTRONIK DAPUR > PANCI ELEKTRIK,8,8,8
267,PEMANGGANG ROTI,,3,0,true,A006-01-09,09,true,true,000600010009,35,ALAT ELEKTRONIK DAPUR,Elektronik > ALAT ELEKTRONIK DAPUR,Elektronik > ALAT ELEKTRONIK DAPUR > PEMANGGANG ROTI,2,1,2
268,RICE COOKER,,3,0,true,A006-01-10,10,true,true,00060001000A,35,ALAT ELEKTRONIK DAPUR,Elektronik > ALAT ELEKTRONIK DAPUR,Elektronik > ALAT ELEKTRONIK DAPUR > RICE COOKER,96,66,96
269,STEAMER (PENGUKUS) ELEKTRIK,,3,0,true,A006-01-11,11,true,true,00060001000B,35,ALAT ELEKTRONIK DAPUR,Elektronik > ALAT ELEKTRONIK DAPUR,Elektronik > ALAT ELEKTRONIK DAPUR > STEAMER (PENGUKUS) ELEKTRIK,0,0,0
36,ALAT ELEKTRONIK KANTOR & GADGET,,2,4,false,A006-02,02,true,true,00060002,6,Elektronik,Elektronik,Elektronik > ALAT ELEKTRONIK KANTOR & GADGET,14,14,1046
270,PERLENGKAPAN KOMPUTER,,3,14,false,A006-02-01,01,true,true,000600020001,36,ALAT ELEKTRONIK KANTOR & GADGET,Elektronik > ALAT ELEKTRONIK KANTOR & GADGET,Elektronik > ALAT ELEKTRONIK KANTOR & GADGET > PERLENGKAPAN KOMPUTER,104,84,487
1079,ALAT PEMBERSIH KOMPUTER (LCD CLEANER),,4,0,true,A006-02-01-01,01,true,true,0006000200010001,270,PERLENGKAPAN KOMPUTER,Elektronik > ALAT ELEKTRONIK KANTOR & GADGET > PERLENGKAPAN KOMPUTER,Elektronik > ALAT ELEKTRONIK KANTOR & GADGET > PERLENGKAPAN KOMPUTER > ALAT PEMBERSIH KOMPUTER (LCD CLEANER),5,4,5
1080,BLUETOOTH DONGLE,,4,0,true,A006-02-01-02,02,true,true,0006000200010002,270,PERLENGKAPAN KOMPUTER,Elektronik > ALAT ELEKTRONIK KANTOR & GADGET > PERLENGKAPAN KOMPUTER,Elektronik > ALAT ELEKTRONIK KANTOR & GADGET > PERLENGKAPAN KOMPUTER > BLUETOOTH DONGLE,6,5,6
1081,CD DVD,,4,0,true,A006-02-01-03,03,true,true,0006000200010003,270,PERLENGKAPAN KOMPUTER,Elektronik > ALAT ELEKTRONIK KANTOR & GADGET > PERLENGKAPAN KOMPUTER,Elektronik > ALAT ELEKTRONIK KANTOR & GADGET > PERLENGKAPAN KOMPUTER > CD DVD,6,4,6
1082,GAMING PAD (STICK UNTUK MAIN GAME),,4,0,true,A006-02-01-04,04,true,true,0006000200010004,270,PERLENGKAPAN KOMPUTER,Elektronik > ALAT ELEKTRONIK KANTOR & GADGET > PERLENGKAPAN KOMPUTER,Elektronik > ALAT ELEKTRONIK KANTOR & GADGET > PERLENGKAPAN KOMPUTER > GAMING PAD (STICK UNTUK MAIN GAME),24,16,24
1083,HARD DISK EXTERNAL,,4,0,true,A006-02-01-05,05,true,true,0006000200010005,270,PERLENGKAPAN KOMPUTER,Elektronik > ALAT ELEKTRONIK KANTOR & GADGET > PERLENGKAPAN KOMPUTER,Elektronik > ALAT ELEKTRONIK KANTOR & GADGET > PERLENGKAPAN KOMPUTER > HARD DISK EXTERNAL,6,0,6
1084,HEADPHONE,,4,0,true,A006-02-01-06,06,true,true,0006000200010006,270,PERLENGKAPAN KOMPUTER,Elektronik > ALAT ELEKTRONIK KANTOR & GADGET > PERLENGKAPAN KOMPUTER,Elektronik > ALAT ELEKTRONIK KANTOR & GADGET > PERLENGKAPAN KOMPUTER > HEADPHONE,4,3,4
1085,HEADSET,,4,0,true,A006-02-01-07,07,true,true,0006000200010007,270,PERLENGKAPAN KOMPUTER,Elektronik > ALAT ELEKTRONIK KANTOR & GADGET > PERLENGKAPAN KOMPUTER,Elektronik > ALAT ELEKTRONIK KANTOR & GADGET > PERLENGKAPAN KOMPUTER > HEADSET,73,61,73
1086,KEYBOARD,,4,0,true,A006-02-01-08,08,true,true,0006000200010008,270,PERLENGKAPAN KOMPUTER,Elektronik > ALAT ELEKTRONIK KANTOR & GADGET > PERLENGKAPAN KOMPUTER,Elektronik > ALAT ELEKTRONIK KANTOR & GADGET > PERLENGKAPAN KOMPUTER > KEYBOARD,41,32,41
1087,MOUSE,,4,0,true,A006-02-01-09,09,true,true,0006000200010009,270,PERLENGKAPAN KOMPUTER,Elektronik > ALAT ELEKTRONIK KANTOR & GADGET > PERLENGKAPAN KOMPUTER,Elektronik > ALAT ELEKTRONIK KANTOR & GADGET > PERLENGKAPAN KOMPUTER > MOUSE,88,61,88
1088,MOUSE MAT,,4,0,true,A006-02-01-10,10,true,true,000600020001000A,270,PERLENGKAPAN KOMPUTER,Elektronik > ALAT ELEKTRONIK KANTOR & GADGET > PERLENGKAPAN KOMPUTER,Elektronik > ALAT ELEKTRONIK KANTOR & GADGET > PERLENGKAPAN KOMPUTER > MOUSE MAT,22,15,22
1089,PENGUAT SINYAL WIFI (WIFI BOOSTER/EXTENDER),,4,0,true,A006-02-01-11,11,true,true,000600020001000B,270,PERLENGKAPAN KOMPUTER,Elektronik > ALAT ELEKTRONIK KANTOR & GADGET > PERLENGKAPAN KOMPUTER,Elektronik > ALAT ELEKTRONIK KANTOR & GADGET > PERLENGKAPAN KOMPUTER > PENGUAT SINYAL WIFI (WIFI BOOSTER/EXTENDER),8,7,8
1090,ROUTER WIFI,,4,0,true,A006-02-01-12,12,true,true,000600020001000C,270,PERLENGKAPAN KOMPUTER,Elektronik > ALAT ELEKTRONIK KANTOR & GADGET > PERLENGKAPAN KOMPUTER,Elektronik > ALAT ELEKTRONIK KANTOR & GADGET > PERLENGKAPAN KOMPUTER > ROUTER WIFI,4,4,4
1091,SPEAKER,,4,0,true,A006-02-01-13,13,true,true,000600020001000D,270,PERLENGKAPAN KOMPUTER,Elektronik > ALAT ELEKTRONIK KANTOR & GADGET > PERLENGKAPAN KOMPUTER,Elektronik > ALAT ELEKTRONIK KANTOR & GADGET > PERLENGKAPAN KOMPUTER > SPEAKER,49,31,49
1092,TINTA PRINTER,,4,0,true,A006-02-01-14,14,true,true,000600020001000E,270,PERLENGKAPAN KOMPUTER,Elektronik > ALAT ELEKTRONIK KANTOR & GADGET > PERLENGKAPAN KOMPUTER,Elektronik > ALAT ELEKTRONIK KANTOR & GADGET > PERLENGKAPAN KOMPUTER > TINTA PRINTER,47,37,47
271,SUKU CADANG KOMPUTER,,3,10,false,A006-02-02,02,true,true,000600020002,36,ALAT ELEKTRONIK KANTOR & GADGET,Elektronik > ALAT ELEKTRONIK KANTOR & GADGET,Elektronik > ALAT ELEKTRONIK KANTOR & GADGET > SUKU CADANG KOMPUTER,0,0,249
1093,COOLER FAN,,4,0,true,A006-02-02-01,01,true,true,0006000200020001,271,SUKU CADANG KOMPUTER,Elektronik > ALAT ELEKTRONIK KANTOR & GADGET > SUKU CADANG KOMPUTER,Elektronik > ALAT ELEKTRONIK KANTOR & GADGET > SUKU CADANG KOMPUTER > COOLER FAN,11,10,11
1094,KABEL AUDIO,,4,0,true,A006-02-02-02,02,true,true,0006000200020002,271,SUKU CADANG KOMPUTER,Elektronik > ALAT ELEKTRONIK KANTOR & GADGET > SUKU CADANG KOMPUTER,Elektronik > ALAT ELEKTRONIK KANTOR & GADGET > SUKU CADANG KOMPUTER > KABEL AUDIO,45,37,45
1095,KABEL CONVERTER,,4,0,true,A006-02-02-03,03,true,true,0006000200020003,271,SUKU CADANG KOMPUTER,Elektronik > ALAT ELEKTRONIK KANTOR & GADGET > SUKU CADANG KOMPUTER,Elektronik > ALAT ELEKTRONIK KANTOR & GADGET > SUKU CADANG KOMPUTER > KABEL CONVERTER,23,19,23
1096,KABEL HDMI,,4,0,true,A006-02-02-04,04,true,true,0006000200020004,271,SUKU CADANG KOMPUTER,Elektronik > ALAT ELEKTRONIK KANTOR & GADGET > SUKU CADANG KOMPUTER,Elektronik > ALAT ELEKTRONIK KANTOR & GADGET > SUKU CADANG KOMPUTER > KABEL HDMI,51,43,51
1097,KABEL LAN,,4,0,true,A006-02-02-05,05,true,true,0006000200020005,271,SUKU CADANG KOMPUTER,Elektronik > ALAT ELEKTRONIK KANTOR & GADGET > SUKU CADANG KOMPUTER,Elektronik > ALAT ELEKTRONIK KANTOR & GADGET > SUKU CADANG KOMPUTER > KABEL LAN,40,30,40
1098,KABEL POWER,,4,0,true,A006-02-02-06,06,true,true,0006000200020006,271,SUKU CADANG KOMPUTER,Elektronik > ALAT ELEKTRONIK KANTOR & GADGET > SUKU CADANG KOMPUTER,Elektronik > ALAT ELEKTRONIK KANTOR & GADGET > SUKU CADANG KOMPUTER > KABEL POWER,14,13,14
1099,KABEL PRINTER,,4,0,true,A006-02-02-07,07,true,true,0006000200020007,271,SUKU CADANG KOMPUTER,Elektronik > ALAT ELEKTRONIK KANTOR & GADGET > SUKU CADANG KOMPUTER,Elektronik > ALAT ELEKTRONIK KANTOR & GADGET > SUKU CADANG KOMPUTER > KABEL PRINTER,6,5,6
1100,KABEL VGA,,4,0,true,A006-02-02-08,08,true,true,0006000200020008,271,SUKU CADANG KOMPUTER,Elektronik > ALAT ELEKTRONIK KANTOR & GADGET > SUKU CADANG KOMPUTER,Elektronik > ALAT ELEKTRONIK KANTOR & GADGET > SUKU CADANG KOMPUTER > KABEL VGA,9,9,9
1101,POWER SUPPLY UNIT (PSU),,4,0,true,A006-02-02-09,09,true,true,0006000200020009,271,SUKU CADANG KOMPUTER,Elektronik > ALAT ELEKTRONIK KANTOR & GADGET > SUKU CADANG KOMPUTER,Elektronik > ALAT ELEKTRONIK KANTOR & GADGET > SUKU CADANG KOMPUTER > POWER SUPPLY UNIT (PSU),2,0,2
1102,USB EXTENSION ,,4,0,true,A006-02-02-10,10,true,true,000600020002000A,271,SUKU CADANG KOMPUTER,Elektronik > ALAT ELEKTRONIK KANTOR & GADGET > SUKU CADANG KOMPUTER,Elektronik > ALAT ELEKTRONIK KANTOR & GADGET > SUKU CADANG KOMPUTER > USB EXTENSION ,48,37,48
272,PERLENGKAPAN & SUKU CADANG GADGET,,3,9,false,A006-02-03,03,true,true,000600020003,36,ALAT ELEKTRONIK KANTOR & GADGET,Elektronik > ALAT ELEKTRONIK KANTOR & GADGET,Elektronik > ALAT ELEKTRONIK KANTOR & GADGET > PERLENGKAPAN & SUKU CADANG GADGET,19,15,277
1103,CASING HP,,4,0,true,A006-02-03-01,01,true,true,0006000200030001,272,PERLENGKAPAN & SUKU CADANG GADGET,Elektronik > ALAT ELEKTRONIK KANTOR & GADGET > PERLENGKAPAN & SUKU CADANG GADGET,Elektronik > ALAT ELEKTRONIK KANTOR & GADGET > PERLENGKAPAN & SUKU CADANG GADGET > CASING HP,5,3,5
1104,CHARGER HP,,4,0,true,A006-02-03-02,02,true,true,0006000200030002,272,PERLENGKAPAN & SUKU CADANG GADGET,Elektronik > ALAT ELEKTRONIK KANTOR & GADGET > PERLENGKAPAN & SUKU CADANG GADGET,Elektronik > ALAT ELEKTRONIK KANTOR & GADGET > PERLENGKAPAN & SUKU CADANG GADGET > CHARGER HP,52,49,52
1105,CHARGER HP UNTUK MOBIL,,4,0,true,A006-02-03-03,03,true,true,0006000200030003,272,PERLENGKAPAN & SUKU CADANG GADGET,Elektronik > ALAT ELEKTRONIK KANTOR & GADGET > PERLENGKAPAN & SUKU CADANG GADGET,Elektronik > ALAT ELEKTRONIK KANTOR & GADGET > PERLENGKAPAN & SUKU CADANG GADGET > CHARGER HP UNTUK MOBIL,20,19,20
1106,KABEL CHARGER,,4,0,true,A006-02-03-04,04,true,true,0006000200030004,272,PERLENGKAPAN & SUKU CADANG GADGET,Elektronik > ALAT ELEKTRONIK KANTOR & GADGET > PERLENGKAPAN & SUKU CADANG GADGET,Elektronik > ALAT ELEKTRONIK KANTOR & GADGET > PERLENGKAPAN & SUKU CADANG GADGET > KABEL CHARGER,15,14,15
1107,KABEL DATA,,4,0,true,A006-02-03-05,05,true,true,0006000200030005,272,PERLENGKAPAN & SUKU CADANG GADGET,Elektronik > ALAT ELEKTRONIK KANTOR & GADGET > PERLENGKAPAN & SUKU CADANG GADGET,Elektronik > ALAT ELEKTRONIK KANTOR & GADGET > PERLENGKAPAN & SUKU CADANG GADGET > KABEL DATA,94,82,94
1108,KABEL MULTI,,4,0,true,A006-02-03-06,06,true,true,0006000200030006,272,PERLENGKAPAN & SUKU CADANG GADGET,Elektronik > ALAT ELEKTRONIK KANTOR & GADGET > PERLENGKAPAN & SUKU CADANG GADGET,Elektronik > ALAT ELEKTRONIK KANTOR & GADGET > PERLENGKAPAN & SUKU CADANG GADGET > KABEL MULTI,0,0,0
1109,MEMORY CARD,,4,0,true,A006-02-03-07,07,true,true,0006000200030007,272,PERLENGKAPAN & SUKU CADANG GADGET,Elektronik > ALAT ELEKTRONIK KANTOR & GADGET > PERLENGKAPAN & SUKU CADANG GADGET,Elektronik > ALAT ELEKTRONIK KANTOR & GADGET > PERLENGKAPAN & SUKU CADANG GADGET > MEMORY CARD,14,10,14
1110,POWER BANK,,4,0,true,A006-02-03-08,08,true,true,0006000200030008,272,PERLENGKAPAN & SUKU CADANG GADGET,Elektronik > ALAT ELEKTRONIK KANTOR & GADGET > PERLENGKAPAN & SUKU CADANG GADGET,Elektronik > ALAT ELEKTRONIK KANTOR & GADGET > PERLENGKAPAN & SUKU CADANG GADGET > POWER BANK,25,22,25
1111,SANDARAN HP UNTUK DI MOBIL / MOTOR,,4,0,true,A006-02-03-09,09,true,true,0006000200030009,272,PERLENGKAPAN & SUKU CADANG GADGET,Elektronik > ALAT ELEKTRONIK KANTOR & GADGET > PERLENGKAPAN & SUKU CADANG GADGET,Elektronik > ALAT ELEKTRONIK KANTOR & GADGET > PERLENGKAPAN & SUKU CADANG GADGET > SANDARAN HP UNTUK DI MOBIL / MOTOR,33,26,33
273,GADGET LAINNYA,,3,0,true,A006-02-04,04,true,true,000600020004,36,ALAT ELEKTRONIK KANTOR & GADGET,Elektronik > ALAT ELEKTRONIK KANTOR & GADGET,Elektronik > ALAT ELEKTRONIK KANTOR & GADGET > GADGET LAINNYA,19,19,19
37,ALAT ELEKTRONIK RUMAH LAINNYA,,2,23,false,A006-03,03,true,true,00060003,6,Elektronik,Elektronik,Elektronik > ALAT ELEKTRONIK RUMAH LAINNYA,107,102,1126
274,ALAT PRESS PLASTIK (IMPULSE SEALER),,3,0,true,A006-03-01,01,true,true,000600030001,37,ALAT ELEKTRONIK RUMAH LAINNYA,Elektronik > ALAT ELEKTRONIK RUMAH LAINNYA,Elektronik > ALAT ELEKTRONIK RUMAH LAINNYA > ALAT PRESS PLASTIK (IMPULSE SEALER),1,1,1
275,AMPEREMETER,,3,0,true,A006-03-02,02,true,true,000600030002,37,ALAT ELEKTRONIK RUMAH LAINNYA,Elektronik > ALAT ELEKTRONIK RUMAH LAINNYA,Elektronik > ALAT ELEKTRONIK RUMAH LAINNYA > AMPEREMETER,2,2,2
276,ANTENA TV,,3,0,true,A006-03-03,03,true,true,000600030003,37,ALAT ELEKTRONIK RUMAH LAINNYA,Elektronik > ALAT ELEKTRONIK RUMAH LAINNYA,Elektronik > ALAT ELEKTRONIK RUMAH LAINNYA > ANTENA TV,35,33,35
277,BATERAI,,3,0,true,A006-03-04,04,true,true,000600030004,37,ALAT ELEKTRONIK RUMAH LAINNYA,Elektronik > ALAT ELEKTRONIK RUMAH LAINNYA,Elektronik > ALAT ELEKTRONIK RUMAH LAINNYA > BATERAI,84,81,84
278,BOHLAM,,3,0,true,A006-03-05,05,true,true,000600030005,37,ALAT ELEKTRONIK RUMAH LAINNYA,Elektronik > ALAT ELEKTRONIK RUMAH LAINNYA,Elektronik > ALAT ELEKTRONIK RUMAH LAINNYA > BOHLAM,323,242,323
279,DOOR BELL (BEL RUMAH),,3,0,true,A006-03-06,06,true,true,000600030006,37,ALAT ELEKTRONIK RUMAH LAINNYA,Elektronik > ALAT ELEKTRONIK RUMAH LAINNYA,Elektronik > ALAT ELEKTRONIK RUMAH LAINNYA > DOOR BELL (BEL RUMAH),9,9,9
280,EMERGENCY LAMP (LAMPU DARURAT),,3,0,true,A006-03-07,07,true,true,000600030007,37,ALAT ELEKTRONIK RUMAH LAINNYA,Elektronik > ALAT ELEKTRONIK RUMAH LAINNYA,Elektronik > ALAT ELEKTRONIK RUMAH LAINNYA > EMERGENCY LAMP (LAMPU DARURAT),14,14,14
281,GLUE GUN,,3,0,true,A006-03-08,08,true,true,000600030008,37,ALAT ELEKTRONIK RUMAH LAINNYA,Elektronik > ALAT ELEKTRONIK RUMAH LAINNYA,Elektronik > ALAT ELEKTRONIK RUMAH LAINNYA > GLUE GUN,12,11,12
282,HAIR CLIPPER,,3,0,true,A006-03-09,09,true,true,000600030009,37,ALAT ELEKTRONIK RUMAH LAINNYA,Elektronik > ALAT ELEKTRONIK RUMAH LAINNYA,Elektronik > ALAT ELEKTRONIK RUMAH LAINNYA > HAIR CLIPPER,0,0,0
283,HAIR CURLING ,,3,0,true,A006-03-10,10,true,true,00060003000A,37,ALAT ELEKTRONIK RUMAH LAINNYA,Elektronik > ALAT ELEKTRONIK RUMAH LAINNYA,Elektronik > ALAT ELEKTRONIK RUMAH LAINNYA > HAIR CURLING ,2,2,2
284,HAIR DRYER,,3,0,true,A006-03-11,11,true,true,00060003000B,37,ALAT ELEKTRONIK RUMAH LAINNYA,Elektronik > ALAT ELEKTRONIK RUMAH LAINNYA,Elektronik > ALAT ELEKTRONIK RUMAH LAINNYA > HAIR DRYER,18,15,18
285,HAIR STRAIGHTENER (CATOKAN RAMBUT),,3,0,true,A006-03-12,12,true,true,00060003000C,37,ALAT ELEKTRONIK RUMAH LAINNYA,Elektronik > ALAT ELEKTRONIK RUMAH LAINNYA,Elektronik > ALAT ELEKTRONIK RUMAH LAINNYA > HAIR STRAIGHTENER (CATOKAN RAMBUT),10,9,10
286,KABEL GULUNG,,3,0,true,A006-03-13,13,true,true,00060003000D,37,ALAT ELEKTRONIK RUMAH LAINNYA,Elektronik > ALAT ELEKTRONIK RUMAH LAINNYA,Elektronik > ALAT ELEKTRONIK RUMAH LAINNYA > KABEL GULUNG,75,67,75
287,KIPAS ANGIN,,3,0,true,A006-03-14,14,true,true,00060003000E,37,ALAT ELEKTRONIK RUMAH LAINNYA,Elektronik > ALAT ELEKTRONIK RUMAH LAINNYA,Elektronik > ALAT ELEKTRONIK RUMAH LAINNYA > KIPAS ANGIN,158,144,158
288,LAMPU PERANGKAP NYAMUK,,3,2,false,A006-03-15,15,true,true,00060003000F,37,ALAT ELEKTRONIK RUMAH LAINNYA,Elektronik > ALAT ELEKTRONIK RUMAH LAINNYA,Elektronik > ALAT ELEKTRONIK RUMAH LAINNYA > LAMPU PERANGKAP NYAMUK,1,0,35
1112,SETRIKA LISTRIK BIASA,,4,0,true,A006-03-15-01,01,true,true,00060003000F0001,288,LAMPU PERANGKAP NYAMUK,Elektronik > ALAT ELEKTRONIK RUMAH LAINNYA > LAMPU PERANGKAP NYAMUK,Elektronik > ALAT ELEKTRONIK RUMAH LAINNYA > LAMPU PERANGKAP NYAMUK > SETRIKA LISTRIK BIASA,29,28,29
1113,SETRIKA LISTRIK UAP,,4,0,true,A006-03-15-02,02,true,true,00060003000F0002,288,LAMPU PERANGKAP NYAMUK,Elektronik > ALAT ELEKTRONIK RUMAH LAINNYA > LAMPU PERANGKAP NYAMUK,Elektronik > ALAT ELEKTRONIK RUMAH LAINNYA > LAMPU PERANGKAP NYAMUK > SETRIKA LISTRIK UAP,5,5,5
289,POMPA AIR,,3,0,true,A006-03-16,16,true,true,00060003000G,37,ALAT ELEKTRONIK RUMAH LAINNYA,Elektronik > ALAT ELEKTRONIK RUMAH LAINNYA,Elektronik > ALAT ELEKTRONIK RUMAH LAINNYA > POMPA AIR,12,10,12
290,POMPA GALON ELEKTRIK,,3,0,true,A006-03-17,17,true,true,00060003000H,37,ALAT ELEKTRONIK RUMAH LAINNYA,Elektronik > ALAT ELEKTRONIK RUMAH LAINNYA,Elektronik > ALAT ELEKTRONIK RUMAH LAINNYA > POMPA GALON ELEKTRIK,24,22,24
291,RAKET NYAMUK LISTRIK,,3,0,true,A006-03-18,18,true,true,00060003000I,37,ALAT ELEKTRONIK RUMAH LAINNYA,Elektronik > ALAT ELEKTRONIK RUMAH LAINNYA,Elektronik > ALAT ELEKTRONIK RUMAH LAINNYA > RAKET NYAMUK LISTRIK,16,15,16
292,SENTER,,3,0,true,A006-03-19,19,true,true,00060003000J,37,ALAT ELEKTRONIK RUMAH LAINNYA,Elektronik > ALAT ELEKTRONIK RUMAH LAINNYA,Elektronik > ALAT ELEKTRONIK RUMAH LAINNYA > SENTER,78,68,78
293,SETRIKA LISTRIK,,3,0,true,A006-03-20,20,true,true,00060003000K,37,ALAT ELEKTRONIK RUMAH LAINNYA,Elektronik > ALAT ELEKTRONIK RUMAH LAINNYA,Elektronik > ALAT ELEKTRONIK RUMAH LAINNYA > SETRIKA LISTRIK,8,8,8
294,STEKER,,3,0,true,A006-03-21,21,true,true,00060003000L,37,ALAT ELEKTRONIK RUMAH LAINNYA,Elektronik > ALAT ELEKTRONIK RUMAH LAINNYA,Elektronik > ALAT ELEKTRONIK RUMAH LAINNYA > STEKER,100,96,100
295,TELEPON,,3,0,true,A006-03-22,22,true,true,00060003000M,37,ALAT ELEKTRONIK RUMAH LAINNYA,Elektronik > ALAT ELEKTRONIK RUMAH LAINNYA,Elektronik > ALAT ELEKTRONIK RUMAH LAINNYA > TELEPON,1,1,1
296,VACUUM CLEANER,,3,0,true,A006-03-23,23,true,true,00060003000N,37,ALAT ELEKTRONIK RUMAH LAINNYA,Elektronik > ALAT ELEKTRONIK RUMAH LAINNYA,Elektronik > ALAT ELEKTRONIK RUMAH LAINNYA > VACUUM CLEANER,2,2,2
7,Alat dan Buku Tulis,Stationary and Books,1,9,false,A007,A007,true,true,0007,,,,Alat dan Buku Tulis,241,209,6470
38,ALAT MENGGAMBAR / MELUKIS,,2,8,false,A007-01,01,true,true,00070001,7,Alat dan Buku Tulis,Alat dan Buku Tulis,Alat dan Buku Tulis > ALAT MENGGAMBAR / MELUKIS,32,24,405
297,BUSUR,,3,0,true,A007-01-01,01,true,true,000700010001,38,ALAT MENGGAMBAR / MELUKIS,Alat dan Buku Tulis > ALAT MENGGAMBAR / MELUKIS,Alat dan Buku Tulis > ALAT MENGGAMBAR / MELUKIS > BUSUR,9,7,9
298,CAT UNTUK MENGGAMBAR / MELUKIS,,3,0,true,A007-01-02,02,true,true,000700010002,38,ALAT MENGGAMBAR / MELUKIS,Alat dan Buku Tulis > ALAT MENGGAMBAR / MELUKIS,Alat dan Buku Tulis > ALAT MENGGAMBAR / MELUKIS > CAT UNTUK MENGGAMBAR / MELUKIS,72,56,72
299,CRAYON,,3,0,true,A007-01-03,03,true,true,000700010003,38,ALAT MENGGAMBAR / MELUKIS,Alat dan Buku Tulis > ALAT MENGGAMBAR / MELUKIS,Alat dan Buku Tulis > ALAT MENGGAMBAR / MELUKIS > CRAYON,49,36,49
300,JANGKA,,3,0,true,A007-01-04,04,true,true,000700010004,38,ALAT MENGGAMBAR / MELUKIS,Alat dan Buku Tulis > ALAT MENGGAMBAR / MELUKIS,Alat dan Buku Tulis > ALAT MENGGAMBAR / MELUKIS > JANGKA,16,11,16
301,KANVAS,,3,0,true,A007-01-05,05,true,true,000700010005,38,ALAT MENGGAMBAR / MELUKIS,Alat dan Buku Tulis > ALAT MENGGAMBAR / MELUKIS,Alat dan Buku Tulis > ALAT MENGGAMBAR / MELUKIS > KANVAS,7,6,7
302,KUAS CAT UNTUK MENGGAMBAR / MELUKIS,,3,0,true,A007-01-06,06,true,true,000700010006,38,ALAT MENGGAMBAR / MELUKIS,Alat dan Buku Tulis > ALAT MENGGAMBAR / MELUKIS,Alat dan Buku Tulis > ALAT MENGGAMBAR / MELUKIS > KUAS CAT UNTUK MENGGAMBAR / MELUKIS,31,25,31
303,PEN WARNA WARNI,,3,0,true,A007-01-07,07,true,true,000700010007,38,ALAT MENGGAMBAR / MELUKIS,Alat dan Buku Tulis > ALAT MENGGAMBAR / MELUKIS,Alat dan Buku Tulis > ALAT MENGGAMBAR / MELUKIS > PEN WARNA WARNI,123,98,123
304,PENSIL WARNA WARNI,,3,0,true,A007-01-08,08,true,true,000700010008,38,ALAT MENGGAMBAR / MELUKIS,Alat dan Buku Tulis > ALAT MENGGAMBAR / MELUKIS,Alat dan Buku Tulis > ALAT MENGGAMBAR / MELUKIS > PENSIL WARNA WARNI,66,46,66
39,ALAT TULIS,,2,8,false,A007-02,02,true,true,00070002,7,Alat dan Buku Tulis,Alat dan Buku Tulis,Alat dan Buku Tulis > ALAT TULIS,77,69,1038
305,PEN,,3,0,true,A007-02-01,01,true,true,000700020001,39,ALAT TULIS,Alat dan Buku Tulis > ALAT TULIS,Alat dan Buku Tulis > ALAT TULIS > PEN,266,228,266
306,PENGHAPUS,,3,0,true,A007-02-02,02,true,true,000700020002,39,ALAT TULIS,Alat dan Buku Tulis > ALAT TULIS,Alat dan Buku Tulis > ALAT TULIS > PENGHAPUS,106,91,106
307,PENSIL,,3,0,true,A007-02-03,03,true,true,000700020003,39,ALAT TULIS,Alat dan Buku Tulis > ALAT TULIS,Alat dan Buku Tulis > ALAT TULIS > PENSIL,181,152,181
308,SPIDOL,,3,0,true,A007-02-04,04,true,true,000700020004,39,ALAT TULIS,Alat dan Buku Tulis > ALAT TULIS,Alat dan Buku Tulis > ALAT TULIS > SPIDOL,129,91,129
309,STABILO,,3,0,true,A007-02-05,05,true,true,000700020005,39,ALAT TULIS,Alat dan Buku Tulis > ALAT TULIS,Alat dan Buku Tulis > ALAT TULIS > STABILO,83,65,83
310,TIPPEX,,3,0,true,A007-02-06,06,true,true,000700020006,39,ALAT TULIS,Alat dan Buku Tulis > ALAT TULIS,Alat dan Buku Tulis > ALAT TULIS > TIPPEX,103,64,103
1840,SERUTAN,,3,0,true,A007-02-07,07,true,true,000700020008,39,ALAT TULIS,Alat dan Buku Tulis > ALAT TULIS,Alat dan Buku Tulis > ALAT TULIS > SERUTAN,56,44,56
1841,CLIPBOARD,,3,0,true,A007-02-08,08,true,true,000700020009,39,ALAT TULIS,Alat dan Buku Tulis > ALAT TULIS,Alat dan Buku Tulis > ALAT TULIS > CLIPBOARD,37,32,37
40,BUKU BACAAN,,2,4,false,A007-03,03,true,true,00070003,7,Alat dan Buku Tulis,Alat dan Buku Tulis,Alat dan Buku Tulis > BUKU BACAAN,252,249,812
311,BUKU ANAK-ANAK,,3,0,true,A007-03-01,01,true,true,000700030001,40,BUKU BACAAN,Alat dan Buku Tulis > BUKU BACAAN,Alat dan Buku Tulis > BUKU BACAAN > BUKU ANAK-ANAK,267,238,267
312,BUKU FIKSI,,3,0,true,A007-03-02,02,true,true,000700030002,40,BUKU BACAAN,Alat dan Buku Tulis > BUKU BACAAN,Alat dan Buku Tulis > BUKU BACAAN > BUKU FIKSI,190,115,190
313,BUKU NON FIKSI,,3,0,true,A007-03-03,03,true,true,000700030003,40,BUKU BACAAN,Alat dan Buku Tulis > BUKU BACAAN,Alat dan Buku Tulis > BUKU BACAAN > BUKU NON FIKSI,67,22,67
314,BUKU ROHANI,,3,0,true,A007-03-04,04,true,true,000700030004,40,BUKU BACAAN,Alat dan Buku Tulis > BUKU BACAAN,Alat dan Buku Tulis > BUKU BACAAN > BUKU ROHANI,36,32,36
41,BUKU TULIS,,2,7,false,A007-04,04,true,true,00070004,7,Alat dan Buku Tulis,Alat dan Buku Tulis,Alat dan Buku Tulis > BUKU TULIS,219,172,527
315,BUKU AGENDA / JURNAL,,3,0,true,A007-04-01,01,true,true,000700040001,41,BUKU TULIS,Alat dan Buku Tulis > BUKU TULIS,Alat dan Buku Tulis > BUKU TULIS > BUKU AGENDA / JURNAL,30,20,30
316,BUKU FOLIO,,3,0,true,A007-04-02,02,true,true,000700040002,41,BUKU TULIS,Alat dan Buku Tulis > BUKU TULIS,Alat dan Buku Tulis > BUKU TULIS > BUKU FOLIO,14,13,14
317,BUKU GAMBAR,,3,0,true,A007-04-03,03,true,true,000700040003,41,BUKU TULIS,Alat dan Buku Tulis > BUKU TULIS,Alat dan Buku Tulis > BUKU TULIS > BUKU GAMBAR,111,88,111
318,BUKU KAS,,3,0,true,A007-04-04,04,true,true,000700040004,41,BUKU TULIS,Alat dan Buku Tulis > BUKU TULIS,Alat dan Buku Tulis > BUKU TULIS > BUKU KAS,9,8,9
319,BUKU KWITANSI,,3,0,true,A007-04-05,05,true,true,000700040005,41,BUKU TULIS,Alat dan Buku Tulis > BUKU TULIS,Alat dan Buku Tulis > BUKU TULIS > BUKU KWITANSI,11,10,11
320,BUKU NOTA,,3,0,true,A007-04-06,06,true,true,000700040006,41,BUKU TULIS,Alat dan Buku Tulis > BUKU TULIS,Alat dan Buku Tulis > BUKU TULIS > BUKU NOTA,20,15,20
321,BUKU TULIS,,3,0,true,A007-04-07,07,true,true,000700040007,41,BUKU TULIS,Alat dan Buku Tulis > BUKU TULIS,Alat dan Buku Tulis > BUKU TULIS > BUKU TULIS,113,93,113
42,DEKORASI & KELENGKAPAN PESTA,,2,12,false,A007-05,05,true,true,00070005,7,Alat dan Buku Tulis,Alat dan Buku Tulis,Alat dan Buku Tulis > DEKORASI & KELENGKAPAN PESTA,378,338,1021
322,BALON,,3,0,true,A007-05-01,01,true,true,000700050001,42,DEKORASI & KELENGKAPAN PESTA,Alat dan Buku Tulis > DEKORASI & KELENGKAPAN PESTA,Alat dan Buku Tulis > DEKORASI & KELENGKAPAN PESTA > BALON,214,191,214
323,CAPING TOPI PETANI,,3,0,true,A007-05-02,02,true,true,000700050002,42,DEKORASI & KELENGKAPAN PESTA,Alat dan Buku Tulis > DEKORASI & KELENGKAPAN PESTA,Alat dan Buku Tulis > DEKORASI & KELENGKAPAN PESTA > CAPING TOPI PETANI,1,1,1
324,FRAME FOTO,,3,0,true,A007-05-03,03,true,true,000700050003,42,DEKORASI & KELENGKAPAN PESTA,Alat dan Buku Tulis > DEKORASI & KELENGKAPAN PESTA,Alat dan Buku Tulis > DEKORASI & KELENGKAPAN PESTA > FRAME FOTO,38,27,38
325,KEMBANG API,,3,0,true,A007-05-04,04,true,true,000700050004,42,DEKORASI & KELENGKAPAN PESTA,Alat dan Buku Tulis > DEKORASI & KELENGKAPAN PESTA,Alat dan Buku Tulis > DEKORASI & KELENGKAPAN PESTA > KEMBANG API,24,24,24
326,LILIN,,3,2,false,A007-05-05,05,true,true,000700050005,42,DEKORASI & KELENGKAPAN PESTA,Alat dan Buku Tulis > DEKORASI & KELENGKAPAN PESTA,Alat dan Buku Tulis > DEKORASI & KELENGKAPAN PESTA > LILIN,2,0,174
1114,LILIN LAINNYA,,4,0,true,A007-05-05-01,01,true,true,0007000500050001,326,LILIN,Alat dan Buku Tulis > DEKORASI & KELENGKAPAN PESTA > LILIN,Alat dan Buku Tulis > DEKORASI & KELENGKAPAN PESTA > LILIN > LILIN LAINNYA,51,44,51
1115,LILIN ULANG TAHUN,,4,0,true,A007-05-05-02,02,true,true,0007000500050002,326,LILIN,Alat dan Buku Tulis > DEKORASI & KELENGKAPAN PESTA > LILIN,Alat dan Buku Tulis > DEKORASI & KELENGKAPAN PESTA > LILIN > LILIN ULANG TAHUN,121,92,121
327,PELUIT LIDAH,,3,0,true,A007-05-06,06,true,true,000700050006,42,DEKORASI & KELENGKAPAN PESTA,Alat dan Buku Tulis > DEKORASI & KELENGKAPAN PESTA,Alat dan Buku Tulis > DEKORASI & KELENGKAPAN PESTA > PELUIT LIDAH,1,1,1
328,STIKER,,3,0,true,A007-05-07,07,true,true,000700050007,42,DEKORASI & KELENGKAPAN PESTA,Alat dan Buku Tulis > DEKORASI & KELENGKAPAN PESTA,Alat dan Buku Tulis > DEKORASI & KELENGKAPAN PESTA > STIKER,57,52,57
329,STRING SPRAY,,3,0,true,A007-05-08,08,true,true,000700050008,42,DEKORASI & KELENGKAPAN PESTA,Alat dan Buku Tulis > DEKORASI & KELENGKAPAN PESTA,Alat dan Buku Tulis > DEKORASI & KELENGKAPAN PESTA > STRING SPRAY,7,7,7
330,TEROMPET,,3,0,true,A007-05-09,09,true,true,000700050009,42,DEKORASI & KELENGKAPAN PESTA,Alat dan Buku Tulis > DEKORASI & KELENGKAPAN PESTA,Alat dan Buku Tulis > DEKORASI & KELENGKAPAN PESTA > TEROMPET,3,3,3
331,TOPENG PESTA,,3,0,true,A007-05-10,10,true,true,00070005000A,42,DEKORASI & KELENGKAPAN PESTA,Alat dan Buku Tulis > DEKORASI & KELENGKAPAN PESTA,Alat dan Buku Tulis > DEKORASI & KELENGKAPAN PESTA > TOPENG PESTA,1,1,1
332,TOPI PESTA/TOPI ULANG TAHUN,,3,0,true,A007-05-11,11,true,true,00070005000B,42,DEKORASI & KELENGKAPAN PESTA,Alat dan Buku Tulis > DEKORASI & KELENGKAPAN PESTA,Alat dan Buku Tulis > DEKORASI & KELENGKAPAN PESTA > TOPI PESTA/TOPI ULANG TAHUN,21,18,21
333,AKSESORIS ULANG TAHUN LAINNYA,,3,0,true,A007-05-12,12,true,true,00070005000C,42,DEKORASI & KELENGKAPAN PESTA,Alat dan Buku Tulis > DEKORASI & KELENGKAPAN PESTA,Alat dan Buku Tulis > DEKORASI & KELENGKAPAN PESTA > AKSESORIS ULANG TAHUN LAINNYA,102,89,102
43,FILE ORGANIZER,,2,3,false,A007-06,06,true,true,00070006,7,Alat dan Buku Tulis,Alat dan Buku Tulis,Alat dan Buku Tulis > FILE ORGANIZER,43,29,251
334,BOX FILE,,3,0,true,A007-06-01,01,true,true,000700060001,43,FILE ORGANIZER,Alat dan Buku Tulis > FILE ORGANIZER,Alat dan Buku Tulis > FILE ORGANIZER > BOX FILE,49,36,49
335,CLEAR FOLDER,,3,0,true,A007-06-02,02,true,true,000700060002,43,FILE ORGANIZER,Alat dan Buku Tulis > FILE ORGANIZER,Alat dan Buku Tulis > FILE ORGANIZER > CLEAR FOLDER,151,130,151
336,ORDNER,,3,0,true,A007-06-03,03,true,true,000700060003,43,FILE ORGANIZER,Alat dan Buku Tulis > FILE ORGANIZER,Alat dan Buku Tulis > FILE ORGANIZER > ORDNER,8,8,8
44,KERTAS,,2,9,false,A007-07,07,true,true,00070007,7,Alat dan Buku Tulis,Alat dan Buku Tulis,Alat dan Buku Tulis > KERTAS,173,153,446
337,KERTAS CONCORD,,3,0,true,A007-07-01,01,true,true,000700070001,44,KERTAS,Alat dan Buku Tulis > KERTAS,Alat dan Buku Tulis > KERTAS > KERTAS CONCORD,9,9,9
338,KERTAS CREPE,,3,0,true,A007-07-02,02,true,true,000700070002,44,KERTAS,Alat dan Buku Tulis > KERTAS,Alat dan Buku Tulis > KERTAS > KERTAS CREPE,14,14,14
339,KERTAS FOLIO,,3,0,true,A007-07-03,03,true,true,000700070003,44,KERTAS,Alat dan Buku Tulis > KERTAS,Alat dan Buku Tulis > KERTAS > KERTAS FOLIO,3,2,3
340,KERTAS KADO,,3,0,true,A007-07-04,04,true,true,000700070004,44,KERTAS,Alat dan Buku Tulis > KERTAS,Alat dan Buku Tulis > KERTAS > KERTAS KADO,137,116,137
341,KERTAS KARTON,,3,0,true,A007-07-05,05,true,true,000700070005,44,KERTAS,Alat dan Buku Tulis > KERTAS,Alat dan Buku Tulis > KERTAS > KERTAS KARTON,8,6,8
342,KERTAS MANILA,,3,0,true,A007-07-06,06,true,true,000700070006,44,KERTAS,Alat dan Buku Tulis > KERTAS,Alat dan Buku Tulis > KERTAS > KERTAS MANILA,10,10,10
343,KERTAS MINYAK,,3,0,true,A007-07-07,07,true,true,000700070007,44,KERTAS,Alat dan Buku Tulis > KERTAS,Alat dan Buku Tulis > KERTAS > KERTAS MINYAK,7,7,7
344,KERTAS PRINTER,,3,0,true,A007-07-08,08,true,true,000700070008,44,KERTAS,Alat dan Buku Tulis > KERTAS,Alat dan Buku Tulis > KERTAS > KERTAS PRINTER,56,46,56
345,KERTAS STIKER,,3,0,true,A007-07-09,09,true,true,000700070009,44,KERTAS,Alat dan Buku Tulis > KERTAS,Alat dan Buku Tulis > KERTAS > KERTAS STIKER,29,26,29
45,PERALATAN UMUM,,2,30,false,A007-08,08,true,true,00070008,7,Alat dan Buku Tulis,Alat dan Buku Tulis,Alat dan Buku Tulis > PERALATAN UMUM,98,84,1632
346,AMPLOP,,3,2,false,A007-08-01,01,true,true,000700080001,45,PERALATAN UMUM,Alat dan Buku Tulis > PERALATAN UMUM,Alat dan Buku Tulis > PERALATAN UMUM > AMPLOP,45,45,83
1116,AMPLOP DOKUMEN,,4,0,true,A007-08-01-01,01,true,true,0007000800010001,346,AMPLOP,Alat dan Buku Tulis > PERALATAN UMUM > AMPLOP,Alat dan Buku Tulis > PERALATAN UMUM > AMPLOP > AMPLOP DOKUMEN,16,16,16
1117,AMPLOP SURAT,,4,0,true,A007-08-01-02,02,true,true,0007000800010002,346,AMPLOP,Alat dan Buku Tulis > PERALATAN UMUM > AMPLOP,Alat dan Buku Tulis > PERALATAN UMUM > AMPLOP > AMPLOP SURAT,22,21,22
347,BAKI KERTAS (PAPER TRAY),,3,0,true,A007-08-02,02,true,true,000700080002,45,PERALATAN UMUM,Alat dan Buku Tulis > PERALATAN UMUM,Alat dan Buku Tulis > PERALATAN UMUM > BAKI KERTAS (PAPER TRAY),0,0,0
348,BINDER CLIP,,3,0,true,A007-08-03,03,true,true,000700080003,45,PERALATAN UMUM,Alat dan Buku Tulis > PERALATAN UMUM,Alat dan Buku Tulis > PERALATAN UMUM > BINDER CLIP,28,25,28
349,BOOK END (PENYANGGAH BUKU),,3,0,true,A007-08-04,04,true,true,000700080004,45,PERALATAN UMUM,Alat dan Buku Tulis > PERALATAN UMUM,Alat dan Buku Tulis > PERALATAN UMUM > BOOK END (PENYANGGAH BUKU),7,6,7
350,CAP/STEMPEL,,3,3,false,A007-08-05,05,true,true,000700080005,45,PERALATAN UMUM,Alat dan Buku Tulis > PERALATAN UMUM,Alat dan Buku Tulis > PERALATAN UMUM > CAP/STEMPEL,0,0,19
1118,BAK STEMPEL,,4,0,true,A007-08-05-01,01,true,true,0007000800050001,350,CAP/STEMPEL,Alat dan Buku Tulis > PERALATAN UMUM > CAP/STEMPEL,Alat dan Buku Tulis > PERALATAN UMUM > CAP/STEMPEL > BAK STEMPEL,2,2,2
1119,STEMPEL,,4,0,true,A007-08-05-02,02,true,true,0007000800050002,350,CAP/STEMPEL,Alat dan Buku Tulis > PERALATAN UMUM > CAP/STEMPEL,Alat dan Buku Tulis > PERALATAN UMUM > CAP/STEMPEL > STEMPEL,6,6,6
1120,TINTA STEMPEL,,4,0,true,A007-08-05-03,03,true,true,0007000800050003,350,CAP/STEMPEL,Alat dan Buku Tulis > PERALATAN UMUM > CAP/STEMPEL,Alat dan Buku Tulis > PERALATAN UMUM > CAP/STEMPEL > TINTA STEMPEL,11,10,11
351,CELENGAN,,3,0,true,A007-08-06,06,true,true,000700080006,45,PERALATAN UMUM,Alat dan Buku Tulis > PERALATAN UMUM,Alat dan Buku Tulis > PERALATAN UMUM > CELENGAN,137,120,137
352,CUTTER & REFILL,,3,2,false,A007-08-07,07,true,true,000700080007,45,PERALATAN UMUM,Alat dan Buku Tulis > PERALATAN UMUM,Alat dan Buku Tulis > PERALATAN UMUM > CUTTER & REFILL,4,4,52
1121,ALAT CUTTER,,4,0,true,A007-08-07-01,01,true,true,0007000800070001,352,CUTTER & REFILL,Alat dan Buku Tulis > PERALATAN UMUM > CUTTER & REFILL,Alat dan Buku Tulis > PERALATAN UMUM > CUTTER & REFILL > ALAT CUTTER,37,30,37
1122,ISI REFILL CUTTER,,4,0,true,A007-08-07-02,02,true,true,0007000800070002,352,CUTTER & REFILL,Alat dan Buku Tulis > PERALATAN UMUM > CUTTER & REFILL,Alat dan Buku Tulis > PERALATAN UMUM > CUTTER & REFILL > ISI REFILL CUTTER,11,11,11
353,CUTTING MAT,,3,0,true,A007-08-08,08,true,true,000700080008,45,PERALATAN UMUM,Alat dan Buku Tulis > PERALATAN UMUM,Alat dan Buku Tulis > PERALATAN UMUM > CUTTING MAT,2,2,2
354,DESK SET,,3,0,true,A007-08-09,09,true,true,000700080009,45,PERALATAN UMUM,Alat dan Buku Tulis > PERALATAN UMUM,Alat dan Buku Tulis > PERALATAN UMUM > DESK SET,10,6,10
355,GUNTING KERTAS,,3,0,true,A007-08-10,10,true,true,00070008000A,45,PERALATAN UMUM,Alat dan Buku Tulis > PERALATAN UMUM,Alat dan Buku Tulis > PERALATAN UMUM > GUNTING KERTAS,65,55,65
356,HOLE PUNCHER,,3,0,true,A007-08-11,11,true,true,00070008000B,45,PERALATAN UMUM,Alat dan Buku Tulis > PERALATAN UMUM,Alat dan Buku Tulis > PERALATAN UMUM > HOLE PUNCHER,10,6,10
357,KALKULATOR,,3,0,true,A007-08-12,12,true,true,00070008000C,45,PERALATAN UMUM,Alat dan Buku Tulis > PERALATAN UMUM,Alat dan Buku Tulis > PERALATAN UMUM > KALKULATOR,87,75,87
358,KANTONG WARNA WARNI,,3,0,true,A007-08-13,13,true,true,00070008000D,45,PERALATAN UMUM,Alat dan Buku Tulis > PERALATAN UMUM,Alat dan Buku Tulis > PERALATAN UMUM > KANTONG WARNA WARNI,221,198,221
359,KARET GELANG,,3,0,true,A007-08-14,14,true,true,00070008000E,45,PERALATAN UMUM,Alat dan Buku Tulis > PERALATAN UMUM,Alat dan Buku Tulis > PERALATAN UMUM > KARET GELANG,5,5,5
360,KOTAK KADO,,3,0,true,A007-08-15,15,true,true,00070008000F,45,PERALATAN UMUM,Alat dan Buku Tulis > PERALATAN UMUM,Alat dan Buku Tulis > PERALATAN UMUM > KOTAK KADO,93,79,93
361,KOTAK PENSIL (PENCIL CASE),,3,0,true,A007-08-16,16,true,true,00070008000G,45,PERALATAN UMUM,Alat dan Buku Tulis > PERALATAN UMUM,Alat dan Buku Tulis > PERALATAN UMUM > KOTAK PENSIL (PENCIL CASE),214,189,214
362,LAKBAN,,3,0,true,A007-08-17,17,true,true,00070008000H,45,PERALATAN UMUM,Alat dan Buku Tulis > PERALATAN UMUM,Alat dan Buku Tulis > PERALATAN UMUM > LAKBAN,73,68,73
363,LEM KERTAS,,3,2,false,A007-08-18,18,true,true,00070008000I,45,PERALATAN UMUM,Alat dan Buku Tulis > PERALATAN UMUM,Alat dan Buku Tulis > PERALATAN UMUM > LEM KERTAS,8,6,59
1123,LEM KERTAS CAIR,,4,0,true,A007-08-18-01,01,true,true,00070008000I0001,363,LEM KERTAS,Alat dan Buku Tulis > PERALATAN UMUM > LEM KERTAS,Alat dan Buku Tulis > PERALATAN UMUM > LEM KERTAS > LEM KERTAS CAIR,20,15,20
1124,LEM KERTAS STIK,,4,0,true,A007-08-18-02,02,true,true,00070008000I0002,363,LEM KERTAS,Alat dan Buku Tulis > PERALATAN UMUM > LEM KERTAS,Alat dan Buku Tulis > PERALATAN UMUM > LEM KERTAS > LEM KERTAS STIK,31,25,31
364,MESIN PENEMPEL LABEL,,3,0,true,A007-08-19,19,true,true,00070008000J,45,PERALATAN UMUM,Alat dan Buku Tulis > PERALATAN UMUM,Alat dan Buku Tulis > PERALATAN UMUM > MESIN PENEMPEL LABEL,1,1,1
365,PAPER CLIP,,3,0,true,A007-08-20,20,true,true,00070008000K,45,PERALATAN UMUM,Alat dan Buku Tulis > PERALATAN UMUM,Alat dan Buku Tulis > PERALATAN UMUM > PAPER CLIP,25,17,25
366,PENGGARIS,,3,0,true,A007-08-21,21,true,true,00070008000L,45,PERALATAN UMUM,Alat dan Buku Tulis > PERALATAN UMUM,Alat dan Buku Tulis > PERALATAN UMUM > PENGGARIS,53,49,53
367,SAMPUL BUKU,,3,0,true,A007-08-22,22,true,true,00070008000M,45,PERALATAN UMUM,Alat dan Buku Tulis > PERALATAN UMUM,Alat dan Buku Tulis > PERALATAN UMUM > SAMPUL BUKU,41,38,41
368,SELOTIP,,3,0,true,A007-08-23,23,true,true,00070008000N,45,PERALATAN UMUM,Alat dan Buku Tulis > PERALATAN UMUM,Alat dan Buku Tulis > PERALATAN UMUM > SELOTIP,39,39,39
369,STAPLER & REFILL,,3,2,false,A007-08-24,24,true,true,00070008000O,45,PERALATAN UMUM,Alat dan Buku Tulis > PERALATAN UMUM,Alat dan Buku Tulis > PERALATAN UMUM > STAPLER & REFILL,1,1,35
1125,ALAT STAPLER,,4,0,true,A007-08-24-01,01,true,true,00070008000O0001,369,STAPLER & REFILL,Alat dan Buku Tulis > PERALATAN UMUM > STAPLER & REFILL,Alat dan Buku Tulis > PERALATAN UMUM > STAPLER & REFILL > ALAT STAPLER,23,21,23
1126,REFILL STAPLER,,4,0,true,A007-08-24-02,02,true,true,00070008000O0002,369,STAPLER & REFILL,Alat dan Buku Tulis > PERALATAN UMUM > STAPLER & REFILL,Alat dan Buku Tulis > PERALATAN UMUM > STAPLER & REFILL > REFILL STAPLER,11,11,11
370,STEMPEL & PERLENGKAPAN,,3,0,true,A007-08-25,25,true,true,00070008000P,45,PERALATAN UMUM,Alat dan Buku Tulis > PERALATAN UMUM,Alat dan Buku Tulis > PERALATAN UMUM > STEMPEL & PERLENGKAPAN,0,0,0
371,STICKY NOTES,,3,0,true,A007-08-26,26,true,true,00070008000Q,45,PERALATAN UMUM,Alat dan Buku Tulis > PERALATAN UMUM,Alat dan Buku Tulis > PERALATAN UMUM > STICKY NOTES,108,77,108
372,TAPE DISPENSER,,3,0,true,A007-08-27,27,true,true,00070008000R,45,PERALATAN UMUM,Alat dan Buku Tulis > PERALATAN UMUM,Alat dan Buku Tulis > PERALATAN UMUM > TAPE DISPENSER,11,9,11
373,USB,,3,0,true,A007-08-28,28,true,true,00070008000S,45,PERALATAN UMUM,Alat dan Buku Tulis > PERALATAN UMUM,Alat dan Buku Tulis > PERALATAN UMUM > USB,44,22,44
374,WHITE BOARD,,3,0,true,A007-08-29,29,true,true,00070008000T,45,PERALATAN UMUM,Alat dan Buku Tulis > PERALATAN UMUM,Alat dan Buku Tulis > PERALATAN UMUM > WHITE BOARD,11,11,11
1789,MATERAI,,3,0,true,A007-08-30,30,true,true,00070008000U,45,PERALATAN UMUM,Alat dan Buku Tulis > PERALATAN UMUM,Alat dan Buku Tulis > PERALATAN UMUM > MATERAI,1,1,1
46,KARTU UCAPAN,,2,0,true,A007-09,09,true,true,00070009,7,Alat dan Buku Tulis,Alat dan Buku Tulis,Alat dan Buku Tulis > KARTU UCAPAN,97,95,97
8,Fashion,Fashion,1,16,false,A008,A008,true,true,0008,,,,Fashion,37,36,40887
47,AKSESORIS FASHION ANAK,,2,2,false,A008-01,01,true,true,00080001,8,Fashion,Fashion,Fashion > AKSESORIS FASHION ANAK,49,48,721
375,AKSESORIS RAMBUT ANAK,,3,6,false,A008-01-01,01,true,true,000800010001,47,AKSESORIS FASHION ANAK,Fashion > AKSESORIS FASHION ANAK,Fashion > AKSESORIS FASHION ANAK > AKSESORIS RAMBUT ANAK,16,15,663
1127,BANDO & BANDANA ANAK,,4,0,true,A008-01-01-01,01,true,true,0008000100010001,375,AKSESORIS RAMBUT ANAK,Fashion > AKSESORIS FASHION ANAK > AKSESORIS RAMBUT ANAK,Fashion > AKSESORIS FASHION ANAK > AKSESORIS RAMBUT ANAK > BANDO & BANDANA ANAK,173,145,173
1128,IKAT RAMBUT ANAK,,4,0,true,A008-01-01-02,02,true,true,0008000100010002,375,AKSESORIS RAMBUT ANAK,Fashion > AKSESORIS FASHION ANAK > AKSESORIS RAMBUT ANAK,Fashion > AKSESORIS FASHION ANAK > AKSESORIS RAMBUT ANAK > IKAT RAMBUT ANAK,118,106,118
1129,JEPIT RAMBUT ANAK,,4,0,true,A008-01-01-03,03,true,true,0008000100010003,375,AKSESORIS RAMBUT ANAK,Fashion > AKSESORIS FASHION ANAK > AKSESORIS RAMBUT ANAK,Fashion > AKSESORIS FASHION ANAK > AKSESORIS RAMBUT ANAK > JEPIT RAMBUT ANAK,167,155,167
1130,KUPLUK ANAK,,4,0,true,A008-01-01-04,04,true,true,0008000100010004,375,AKSESORIS RAMBUT ANAK,Fashion > AKSESORIS FASHION ANAK > AKSESORIS RAMBUT ANAK,Fashion > AKSESORIS FASHION ANAK > AKSESORIS RAMBUT ANAK > KUPLUK ANAK,20,20,20
1131,SISIR ANAK,,4,0,true,A008-01-01-05,05,true,true,0008000100010005,375,AKSESORIS RAMBUT ANAK,Fashion > AKSESORIS FASHION ANAK > AKSESORIS RAMBUT ANAK,Fashion > AKSESORIS FASHION ANAK > AKSESORIS RAMBUT ANAK > SISIR ANAK,68,65,68
1132,TOPI ANAK,,4,0,true,A008-01-01-06,06,true,true,0008000100010006,375,AKSESORIS RAMBUT ANAK,Fashion > AKSESORIS FASHION ANAK > AKSESORIS RAMBUT ANAK,Fashion > AKSESORIS FASHION ANAK > AKSESORIS RAMBUT ANAK > TOPI ANAK,101,98,101
376,"DASI, SYAL, DAN TALI SUSPENDER ANAK",,3,0,true,A008-01-02,02,true,true,000800010002,47,AKSESORIS FASHION ANAK,Fashion > AKSESORIS FASHION ANAK,"Fashion > AKSESORIS FASHION ANAK > DASI, SYAL, DAN TALI SUSPENDER ANAK",9,9,9
48,AKSESORIS FASHION DEWASA,,2,12,false,A008-02,02,true,true,00080002,8,Fashion,Fashion,Fashion > AKSESORIS FASHION DEWASA,385,366,3227
377,AKSESORIS FASHION DEWASA LAINNYA,,3,0,true,A008-02-01,01,true,true,000800020001,48,AKSESORIS FASHION DEWASA,Fashion > AKSESORIS FASHION DEWASA,Fashion > AKSESORIS FASHION DEWASA > AKSESORIS FASHION DEWASA LAINNYA,569,492,569
378,AKSESORIS RAMBUT DEWASA,,3,4,false,A008-02-02,02,true,true,000800020002,48,AKSESORIS FASHION DEWASA,Fashion > AKSESORIS FASHION DEWASA,Fashion > AKSESORIS FASHION DEWASA > AKSESORIS RAMBUT DEWASA,75,64,1195
1133,BANDO & BANDANA DEWASA,,4,0,true,A008-02-02-01,01,true,true,0008000200020001,378,AKSESORIS RAMBUT DEWASA,Fashion > AKSESORIS FASHION DEWASA > AKSESORIS RAMBUT DEWASA,Fashion > AKSESORIS FASHION DEWASA > AKSESORIS RAMBUT DEWASA > BANDO & BANDANA DEWASA,173,155,173
1134,IKAT RAMBUT DEWASA,,4,0,true,A008-02-02-02,02,true,true,0008000200020002,378,AKSESORIS RAMBUT DEWASA,Fashion > AKSESORIS FASHION DEWASA > AKSESORIS RAMBUT DEWASA,Fashion > AKSESORIS FASHION DEWASA > AKSESORIS RAMBUT DEWASA > IKAT RAMBUT DEWASA,297,234,297
1135,JEPIT RAMBUT DEWASA,,4,0,true,A008-02-02-03,03,true,true,0008000200020003,378,AKSESORIS RAMBUT DEWASA,Fashion > AKSESORIS FASHION DEWASA > AKSESORIS RAMBUT DEWASA,Fashion > AKSESORIS FASHION DEWASA > AKSESORIS RAMBUT DEWASA > JEPIT RAMBUT DEWASA,358,306,358
1136,SISIR DEWASA,,4,0,true,A008-02-02-04,04,true,true,0008000200020004,378,AKSESORIS RAMBUT DEWASA,Fashion > AKSESORIS FASHION DEWASA > AKSESORIS RAMBUT DEWASA,Fashion > AKSESORIS FASHION DEWASA > AKSESORIS RAMBUT DEWASA > SISIR DEWASA,292,287,292
379,DASI DEWASA,,3,0,true,A008-02-03,03,true,true,000800020003,48,AKSESORIS FASHION DEWASA,Fashion > AKSESORIS FASHION DEWASA,Fashion > AKSESORIS FASHION DEWASA > DASI DEWASA,35,32,35
380,IKAT PINGGANG,,3,0,true,A008-02-04,04,true,true,000800020004,48,AKSESORIS FASHION DEWASA,Fashion > AKSESORIS FASHION DEWASA,Fashion > AKSESORIS FASHION DEWASA > IKAT PINGGANG,294,283,294
381,JEPIT DASI ,,3,0,true,A008-02-05,05,true,true,000800020005,48,AKSESORIS FASHION DEWASA,Fashion > AKSESORIS FASHION DEWASA,Fashion > AKSESORIS FASHION DEWASA > JEPIT DASI ,1,0,1
382,KIPAS TANGAN LIPAT,,3,0,true,A008-02-06,06,true,true,000800020006,48,AKSESORIS FASHION DEWASA,Fashion > AKSESORIS FASHION DEWASA,Fashion > AKSESORIS FASHION DEWASA > KIPAS TANGAN LIPAT,40,37,40
383,KUPLUK DEWASA,,3,0,true,A008-02-07,07,true,true,000800020007,48,AKSESORIS FASHION DEWASA,Fashion > AKSESORIS FASHION DEWASA,Fashion > AKSESORIS FASHION DEWASA > KUPLUK DEWASA,19,19,19
384,UNTUK HUJAN,,3,3,false,A008-02-08,08,true,true,000800020008,48,AKSESORIS FASHION DEWASA,Fashion > AKSESORIS FASHION DEWASA,Fashion > AKSESORIS FASHION DEWASA > UNTUK HUJAN,48,47,384
1137,PAYUNG,,4,0,true,A008-02-08-01,01,true,true,0008000200080001,384,UNTUK HUJAN,Fashion > AKSESORIS FASHION DEWASA > UNTUK HUJAN,Fashion > AKSESORIS FASHION DEWASA > UNTUK HUJAN > PAYUNG,67,64,67
1138,PAYUNG LIPAT,,4,0,true,A008-02-08-02,02,true,true,0008000200080002,384,UNTUK HUJAN,Fashion > AKSESORIS FASHION DEWASA > UNTUK HUJAN,Fashion > AKSESORIS FASHION DEWASA > UNTUK HUJAN > PAYUNG LIPAT,63,53,63
1813,JAS HUJAN,,4,0,true,A008-02-08-03,03,true,true,0008000200080003,384,UNTUK HUJAN,Fashion > AKSESORIS FASHION DEWASA > UNTUK HUJAN,Fashion > AKSESORIS FASHION DEWASA > UNTUK HUJAN > JAS HUJAN,206,155,206
385,ROLL (GULUNGAN) RAMBUT DEWASA,,3,0,true,A008-02-09,09,true,true,00080002000A,48,AKSESORIS FASHION DEWASA,Fashion > AKSESORIS FASHION DEWASA,Fashion > AKSESORIS FASHION DEWASA > ROLL (GULUNGAN) RAMBUT DEWASA,35,28,35
386,SAPU TANGAN DEWASA,,3,0,true,A008-02-10,10,true,true,00080002000B,48,AKSESORIS FASHION DEWASA,Fashion > AKSESORIS FASHION DEWASA,Fashion > AKSESORIS FASHION DEWASA > SAPU TANGAN DEWASA,8,7,8
387,SYAL DEWASA,,3,0,true,A008-02-11,11,true,true,00080002000C,48,AKSESORIS FASHION DEWASA,Fashion > AKSESORIS FASHION DEWASA,Fashion > AKSESORIS FASHION DEWASA > SYAL DEWASA,25,25,25
388,TOPI DEWASA,,3,0,true,A008-02-12,12,true,true,00080002000D,48,AKSESORIS FASHION DEWASA,Fashion > AKSESORIS FASHION DEWASA,Fashion > AKSESORIS FASHION DEWASA > TOPI DEWASA,237,225,237
49,FASHION ANAK & BAYI,,2,3,false,A008-03,03,true,true,00080003,8,Fashion,Fashion,Fashion > FASHION ANAK & BAYI,596,590,6791
389,PAKAIAN ANAK LAKI-LAKI,,3,6,false,A008-03-01,01,true,true,000800030001,49,FASHION ANAK & BAYI,Fashion > FASHION ANAK & BAYI,Fashion > FASHION ANAK & BAYI > PAKAIAN ANAK LAKI-LAKI,48,47,2464
1139,ATASAN ANAK LAKI-LAKI,,4,0,true,A008-03-01-01,01,true,true,0008000300010001,389,PAKAIAN ANAK LAKI-LAKI,Fashion > FASHION ANAK & BAYI > PAKAIAN ANAK LAKI-LAKI,Fashion > FASHION ANAK & BAYI > PAKAIAN ANAK LAKI-LAKI > ATASAN ANAK LAKI-LAKI,734,701,734
1140,BAJU LUARAN ANAK LAKI-LAKI,,4,0,true,A008-03-01-02,02,true,true,0008000300010002,389,PAKAIAN ANAK LAKI-LAKI,Fashion > FASHION ANAK & BAYI > PAKAIAN ANAK LAKI-LAKI,Fashion > FASHION ANAK & BAYI > PAKAIAN ANAK LAKI-LAKI > BAJU LUARAN ANAK LAKI-LAKI,115,115,115
1141,BAWAHAN ANAK LAKI-LAKI,,4,0,true,A008-03-01-03,03,true,true,0008000300010003,389,PAKAIAN ANAK LAKI-LAKI,Fashion > FASHION ANAK & BAYI > PAKAIAN ANAK LAKI-LAKI,Fashion > FASHION ANAK & BAYI > PAKAIAN ANAK LAKI-LAKI > BAWAHAN ANAK LAKI-LAKI,584,579,584
1142,PAKAIAN DALAM ANAK LAKI-LAKI,,4,0,true,A008-03-01-04,04,true,true,0008000300010004,389,PAKAIAN ANAK LAKI-LAKI,Fashion > FASHION ANAK & BAYI > PAKAIAN ANAK LAKI-LAKI,Fashion > FASHION ANAK & BAYI > PAKAIAN ANAK LAKI-LAKI > PAKAIAN DALAM ANAK LAKI-LAKI,121,118,121
1143,PAKAIAN MUSLIM ANAK LAKI-LAKI,,4,0,true,A008-03-01-05,05,true,true,0008000300010005,389,PAKAIAN ANAK LAKI-LAKI,Fashion > FASHION ANAK & BAYI > PAKAIAN ANAK LAKI-LAKI,Fashion > FASHION ANAK & BAYI > PAKAIAN ANAK LAKI-LAKI > PAKAIAN MUSLIM ANAK LAKI-LAKI,293,257,293
1144,SET PAKAIAN ANAK LAKI-LAKI,,4,0,true,A008-03-01-06,06,true,true,0008000300010006,389,PAKAIAN ANAK LAKI-LAKI,Fashion > FASHION ANAK & BAYI > PAKAIAN ANAK LAKI-LAKI,Fashion > FASHION ANAK & BAYI > PAKAIAN ANAK LAKI-LAKI > SET PAKAIAN ANAK LAKI-LAKI,569,562,569
390,PAKAIAN ANAK PEREMPUAN,,3,8,false,A008-03-02,02,true,true,000800030002,49,FASHION ANAK & BAYI,Fashion > FASHION ANAK & BAYI,Fashion > FASHION ANAK & BAYI > PAKAIAN ANAK PEREMPUAN,124,124,2681
1145,ATASAN ANAK PEREMPUAN,,4,0,true,A008-03-02-01,01,true,true,0008000300020001,390,PAKAIAN ANAK PEREMPUAN,Fashion > FASHION ANAK & BAYI > PAKAIAN ANAK PEREMPUAN,Fashion > FASHION ANAK & BAYI > PAKAIAN ANAK PEREMPUAN > ATASAN ANAK PEREMPUAN,541,538,541
1146,BAJU LUARAN ANAK PEREMPUAN,,4,0,true,A008-03-02-02,02,true,true,0008000300020002,390,PAKAIAN ANAK PEREMPUAN,Fashion > FASHION ANAK & BAYI > PAKAIAN ANAK PEREMPUAN,Fashion > FASHION ANAK & BAYI > PAKAIAN ANAK PEREMPUAN > BAJU LUARAN ANAK PEREMPUAN,150,149,150
1147,BAWAHAN ANAK PEREMPUAN,,4,0,true,A008-03-02-03,03,true,true,0008000300020003,390,PAKAIAN ANAK PEREMPUAN,Fashion > FASHION ANAK & BAYI > PAKAIAN ANAK PEREMPUAN,Fashion > FASHION ANAK & BAYI > PAKAIAN ANAK PEREMPUAN > BAWAHAN ANAK PEREMPUAN,521,498,521
1148,PAKAIAN DALAM ANAK PEREMPUAN,,4,0,true,A008-03-02-04,04,true,true,0008000300020004,390,PAKAIAN ANAK PEREMPUAN,Fashion > FASHION ANAK & BAYI > PAKAIAN ANAK PEREMPUAN,Fashion > FASHION ANAK & BAYI > PAKAIAN ANAK PEREMPUAN > PAKAIAN DALAM ANAK PEREMPUAN,243,237,243
1149,PAKAIAN MUSLIM ANAK PEREMPUAN,,4,0,true,A008-03-02-05,05,true,true,0008000300020005,390,PAKAIAN ANAK PEREMPUAN,Fashion > FASHION ANAK & BAYI > PAKAIAN ANAK PEREMPUAN,Fashion > FASHION ANAK & BAYI > PAKAIAN ANAK PEREMPUAN > PAKAIAN MUSLIM ANAK PEREMPUAN,232,207,232
1150,PLAYSUIT / JUMPSUIT ANAK PEREMPUAN,,4,0,true,A008-03-02-06,06,true,true,0008000300020006,390,PAKAIAN ANAK PEREMPUAN,Fashion > FASHION ANAK & BAYI > PAKAIAN ANAK PEREMPUAN,Fashion > FASHION ANAK & BAYI > PAKAIAN ANAK PEREMPUAN > PLAYSUIT / JUMPSUIT ANAK PEREMPUAN,9,9,9
1151,SET PAKAIAN ANAK PEREMPUAN,,4,0,true,A008-03-02-07,07,true,true,0008000300020007,390,PAKAIAN ANAK PEREMPUAN,Fashion > FASHION ANAK & BAYI > PAKAIAN ANAK PEREMPUAN,Fashion > FASHION ANAK & BAYI > PAKAIAN ANAK PEREMPUAN > SET PAKAIAN ANAK PEREMPUAN,485,484,485
1152,TERUSAN ANAK PEREMPUAN,,4,0,true,A008-03-02-08,08,true,true,0008000300020008,390,PAKAIAN ANAK PEREMPUAN,Fashion > FASHION ANAK & BAYI > PAKAIAN ANAK PEREMPUAN,Fashion > FASHION ANAK & BAYI > PAKAIAN ANAK PEREMPUAN > TERUSAN ANAK PEREMPUAN,376,371,376
391,PAKAIAN BAYI,,3,8,false,A008-03-03,03,true,true,000800030003,49,FASHION ANAK & BAYI,Fashion > FASHION ANAK & BAYI,Fashion > FASHION ANAK & BAYI > PAKAIAN BAYI,277,277,1050
1153,ATASAN BAYI,,4,0,true,A008-03-03-01,01,true,true,0008000300030001,391,PAKAIAN BAYI,Fashion > FASHION ANAK & BAYI > PAKAIAN BAYI,Fashion > FASHION ANAK & BAYI > PAKAIAN BAYI > ATASAN BAYI,150,150,150
1154,BAWAHAN BAYI,,4,0,true,A008-03-03-02,02,true,true,0008000300030002,391,PAKAIAN BAYI,Fashion > FASHION ANAK & BAYI > PAKAIAN BAYI,Fashion > FASHION ANAK & BAYI > PAKAIAN BAYI > BAWAHAN BAYI,156,154,156
1155,KAIN ALAS,,4,0,true,A008-03-03-03,03,true,true,0008000300030003,391,PAKAIAN BAYI,Fashion > FASHION ANAK & BAYI > PAKAIAN BAYI,Fashion > FASHION ANAK & BAYI > PAKAIAN BAYI > KAIN ALAS,1,1,1
1156,KAIN BEDONG,,4,0,true,A008-03-03-04,04,true,true,0008000300030004,391,PAKAIAN BAYI,Fashion > FASHION ANAK & BAYI > PAKAIAN BAYI,Fashion > FASHION ANAK & BAYI > PAKAIAN BAYI > KAIN BEDONG,13,12,13
1157,SARUNG KAKI BAYI,,4,0,true,A008-03-03-05,05,true,true,0008000300030005,391,PAKAIAN BAYI,Fashion > FASHION ANAK & BAYI > PAKAIAN BAYI,Fashion > FASHION ANAK & BAYI > PAKAIAN BAYI > SARUNG KAKI BAYI,23,23,23
1158,SARUNG TANGAN BAYI,,4,0,true,A008-03-03-06,06,true,true,0008000300030006,391,PAKAIAN BAYI,Fashion > FASHION ANAK & BAYI > PAKAIAN BAYI,Fashion > FASHION ANAK & BAYI > PAKAIAN BAYI > SARUNG TANGAN BAYI,15,14,15
1159,SETELAN BAYI,,4,0,true,A008-03-03-07,07,true,true,0008000300030007,391,PAKAIAN BAYI,Fashion > FASHION ANAK & BAYI > PAKAIAN BAYI,Fashion > FASHION ANAK & BAYI > PAKAIAN BAYI > SETELAN BAYI,340,318,340
1160,TOPI BAYI,,4,0,true,A008-03-03-08,08,true,true,0008000300030008,391,PAKAIAN BAYI,Fashion > FASHION ANAK & BAYI > PAKAIAN BAYI,Fashion > FASHION ANAK & BAYI > PAKAIAN BAYI > TOPI BAYI,75,73,75
50,FASHION PRIA,,2,7,false,A008-04,04,true,true,00080004,8,Fashion,Fashion,Fashion > FASHION PRIA,105,105,6502
1823,PAKAIAN TIDUR PRIA,,3,0,true,A008-04-07,07,true,true,000800040001,50,FASHION PRIA,Fashion > FASHION PRIA,Fashion > FASHION PRIA > PAKAIAN TIDUR PRIA,8,8,8
392,ATASAN PRIA,,3,3,false,A008-04-01,01,true,true,000800040003,50,FASHION PRIA,Fashion > FASHION PRIA,Fashion > FASHION PRIA > ATASAN PRIA,70,70,2906
1161,KAUS POLO PRIA,,4,0,true,A008-04-01-01,01,true,true,0008000400030002,392,ATASAN PRIA,Fashion > FASHION PRIA > ATASAN PRIA,Fashion > FASHION PRIA > ATASAN PRIA > KAUS POLO PRIA,432,430,432
1162,KAUS PRIA,,4,0,true,A008-04-01-02,02,true,true,0008000400030003,392,ATASAN PRIA,Fashion > FASHION PRIA > ATASAN PRIA,Fashion > FASHION PRIA > ATASAN PRIA > KAUS PRIA,1467,1423,1467
1163,KEMEJA PRIA,,4,0,true,A008-04-01-03,03,true,true,0008000400030004,392,ATASAN PRIA,Fashion > FASHION PRIA > ATASAN PRIA,Fashion > FASHION PRIA > ATASAN PRIA > KEMEJA PRIA,937,931,937
393,BAJU LUARAN PRIA,,3,6,false,A008-04-02,02,true,true,000800040004,50,FASHION PRIA,Fashion > FASHION PRIA,Fashion > FASHION PRIA > BAJU LUARAN PRIA,17,16,329
1164,BLAZER PRIA,,4,0,true,A008-04-02-01,01,true,true,0008000400040001,393,BAJU LUARAN PRIA,Fashion > FASHION PRIA > BAJU LUARAN PRIA,Fashion > FASHION PRIA > BAJU LUARAN PRIA > BLAZER PRIA,13,13,13
1165,JAKET PRIA,,4,0,true,A008-04-02-02,02,true,true,0008000400040002,393,BAJU LUARAN PRIA,Fashion > FASHION PRIA > BAJU LUARAN PRIA,Fashion > FASHION PRIA > BAJU LUARAN PRIA > JAKET PRIA,182,182,182
1166,JAS PRIA,,4,0,true,A008-04-02-03,03,true,true,0008000400040003,393,BAJU LUARAN PRIA,Fashion > FASHION PRIA > BAJU LUARAN PRIA,Fashion > FASHION PRIA > BAJU LUARAN PRIA > JAS PRIA,25,25,25
1167,KARDIGAN PRIA,,4,0,true,A008-04-02-04,04,true,true,0008000400040004,393,BAJU LUARAN PRIA,Fashion > FASHION PRIA > BAJU LUARAN PRIA,Fashion > FASHION PRIA > BAJU LUARAN PRIA > KARDIGAN PRIA,3,3,3
1168,ROMPI PRIA,,4,0,true,A008-04-02-05,05,true,true,0008000400040005,393,BAJU LUARAN PRIA,Fashion > FASHION PRIA > BAJU LUARAN PRIA,Fashion > FASHION PRIA > BAJU LUARAN PRIA > ROMPI PRIA,21,21,21
1169,SWEATER PRIA,,4,0,true,A008-04-02-06,06,true,true,0008000400040006,393,BAJU LUARAN PRIA,Fashion > FASHION PRIA > BAJU LUARAN PRIA,Fashion > FASHION PRIA > BAJU LUARAN PRIA > SWEATER PRIA,68,68,68
394,BAJU MUSLIM PRIA,,3,4,false,A008-04-03,03,true,true,000800040005,50,FASHION PRIA,Fashion > FASHION PRIA,Fashion > FASHION PRIA > BAJU MUSLIM PRIA,75,75,690
1170,BAJU KOKO LENGAN PANJANG PRIA,,4,0,true,A008-04-03-01,01,true,true,0008000400050001,394,BAJU MUSLIM PRIA,Fashion > FASHION PRIA > BAJU MUSLIM PRIA,Fashion > FASHION PRIA > BAJU MUSLIM PRIA > BAJU KOKO LENGAN PANJANG PRIA,107,100,107
1171,BAJU KOKO LENGAN PENDEK PRIA,,4,0,true,A008-04-03-02,02,true,true,0008000400050002,394,BAJU MUSLIM PRIA,Fashion > FASHION PRIA > BAJU MUSLIM PRIA,Fashion > FASHION PRIA > BAJU MUSLIM PRIA > BAJU KOKO LENGAN PENDEK PRIA,135,128,135
1172,PECI,,4,0,true,A008-04-03-03,03,true,true,0008000400050003,394,BAJU MUSLIM PRIA,Fashion > FASHION PRIA > BAJU MUSLIM PRIA,Fashion > FASHION PRIA > BAJU MUSLIM PRIA > PECI,201,180,201
1173,SARUNG,,4,0,true,A008-04-03-04,04,true,true,0008000400050004,394,BAJU MUSLIM PRIA,Fashion > FASHION PRIA > BAJU MUSLIM PRIA,Fashion > FASHION PRIA > BAJU MUSLIM PRIA > SARUNG,172,162,172
395,BATIK PRIA,,3,2,false,A008-04-04,04,true,true,000800040006,50,FASHION PRIA,Fashion > FASHION PRIA,Fashion > FASHION PRIA > BATIK PRIA,123,123,332
1174,BATIK LENGAN PANJANG PRIA,,4,0,true,A008-04-04-01,01,true,true,0008000400060001,395,BATIK PRIA,Fashion > FASHION PRIA > BATIK PRIA,Fashion > FASHION PRIA > BATIK PRIA > BATIK LENGAN PANJANG PRIA,119,117,119
1175,BATIK LENGAN PENDEK PRIA,,4,0,true,A008-04-04-02,02,true,true,0008000400060002,395,BATIK PRIA,Fashion > FASHION PRIA > BATIK PRIA,Fashion > FASHION PRIA > BATIK PRIA > BATIK LENGAN PENDEK PRIA,90,89,90
396,BAWAHAN PRIA,,3,3,false,A008-04-05,05,true,true,000800040007,50,FASHION PRIA,Fashion > FASHION PRIA,Fashion > FASHION PRIA > BAWAHAN PRIA,12,12,1355
1176,CELANA PANJANG PRIA,,4,0,true,A008-04-05-01,01,true,true,0008000400070001,396,BAWAHAN PRIA,Fashion > FASHION PRIA > BAWAHAN PRIA,Fashion > FASHION PRIA > BAWAHAN PRIA > CELANA PANJANG PRIA,885,879,885
1177,CELANA PENDEK PRIA,,4,0,true,A008-04-05-02,02,true,true,0008000400070002,396,BAWAHAN PRIA,Fashion > FASHION PRIA > BAWAHAN PRIA,Fashion > FASHION PRIA > BAWAHAN PRIA > CELANA PENDEK PRIA,368,356,368
1178,JEANS PRIA,,4,0,true,A008-04-05-03,03,true,true,0008000400070003,396,BAWAHAN PRIA,Fashion > FASHION PRIA > BAWAHAN PRIA,Fashion > FASHION PRIA > BAWAHAN PRIA > JEANS PRIA,90,90,90
397,PAKAIAN DALAM PRIA,,3,4,false,A008-04-06,06,true,true,000800040008,50,FASHION PRIA,Fashion > FASHION PRIA,Fashion > FASHION PRIA > PAKAIAN DALAM PRIA,17,17,777
1179,CELANA BOXER,,4,0,true,A008-04-06-01,01,true,true,0008000400080001,397,PAKAIAN DALAM PRIA,Fashion > FASHION PRIA > PAKAIAN DALAM PRIA,Fashion > FASHION PRIA > PAKAIAN DALAM PRIA > CELANA BOXER,36,36,36
1180,CELANA DALAM PRIA,,4,0,true,A008-04-06-02,02,true,true,0008000400080002,397,PAKAIAN DALAM PRIA,Fashion > FASHION PRIA > PAKAIAN DALAM PRIA,Fashion > FASHION PRIA > PAKAIAN DALAM PRIA > CELANA DALAM PRIA,589,589,589
1181,CELANA DALAM PRIA SEKALI PAKAI,,4,0,true,A008-04-06-03,03,true,true,0008000400080003,397,PAKAIAN DALAM PRIA,Fashion > FASHION PRIA > PAKAIAN DALAM PRIA,Fashion > FASHION PRIA > PAKAIAN DALAM PRIA > CELANA DALAM PRIA SEKALI PAKAI,15,9,15
1182,KAOS SINGLET PRIA,,4,0,true,A008-04-06-04,04,true,true,0008000400080004,397,PAKAIAN DALAM PRIA,Fashion > FASHION PRIA > PAKAIAN DALAM PRIA,Fashion > FASHION PRIA > PAKAIAN DALAM PRIA > KAOS SINGLET PRIA,120,120,120
51,FASHION WANITA,,2,9,false,A008-05,05,true,true,00080005,8,Fashion,Fashion,Fashion > FASHION WANITA,252,249,9371
398,ATASAN WANITA,,3,6,false,A008-05-01,01,true,true,000800050001,51,FASHION WANITA,Fashion > FASHION WANITA,Fashion > FASHION WANITA > ATASAN WANITA,523,523,2251
1183,BLOUSE WANITA,,4,0,true,A008-05-01-01,01,true,true,0008000500010001,398,ATASAN WANITA,Fashion > FASHION WANITA > ATASAN WANITA,Fashion > FASHION WANITA > ATASAN WANITA > BLOUSE WANITA,913,909,913
1184,KAMISOL / KEMBEN WANITA,,4,0,true,A008-05-01-02,02,true,true,0008000500010002,398,ATASAN WANITA,Fashion > FASHION WANITA > ATASAN WANITA,Fashion > FASHION WANITA > ATASAN WANITA > KAMISOL / KEMBEN WANITA,6,6,6
1185,KAUS POLO WANITA,,4,0,true,A008-05-01-03,03,true,true,0008000500010003,398,ATASAN WANITA,Fashion > FASHION WANITA > ATASAN WANITA,Fashion > FASHION WANITA > ATASAN WANITA > KAUS POLO WANITA,36,36,36
1186,KAUS WANITA,,4,0,true,A008-05-01-04,04,true,true,0008000500010004,398,ATASAN WANITA,Fashion > FASHION WANITA > ATASAN WANITA,Fashion > FASHION WANITA > ATASAN WANITA > KAUS WANITA,268,249,268
1187,KEMEJA WANITA,,4,0,true,A008-05-01-05,05,true,true,0008000500010005,398,ATASAN WANITA,Fashion > FASHION WANITA > ATASAN WANITA,Fashion > FASHION WANITA > ATASAN WANITA > KEMEJA WANITA,347,342,347
1188,TANK TOP WANITA,,4,0,true,A008-05-01-06,06,true,true,0008000500010006,398,ATASAN WANITA,Fashion > FASHION WANITA > ATASAN WANITA,Fashion > FASHION WANITA > ATASAN WANITA > TANK TOP WANITA,158,150,158
399,BAJU LUARAN WANITA,,3,5,false,A008-05-02,02,true,true,000800050002,51,FASHION WANITA,Fashion > FASHION WANITA,Fashion > FASHION WANITA > BAJU LUARAN WANITA,24,22,523
1189,BLAZER WANITA,,4,0,true,A008-05-02-01,01,true,true,0008000500020001,399,BAJU LUARAN WANITA,Fashion > FASHION WANITA > BAJU LUARAN WANITA,Fashion > FASHION WANITA > BAJU LUARAN WANITA > BLAZER WANITA,47,46,47
1190,JAKET WANITA,,4,0,true,A008-05-02-02,02,true,true,0008000500020002,399,BAJU LUARAN WANITA,Fashion > FASHION WANITA > BAJU LUARAN WANITA,Fashion > FASHION WANITA > BAJU LUARAN WANITA > JAKET WANITA,110,110,110
1191,KARDIGAN WANITA,,4,0,true,A008-05-02-03,03,true,true,0008000500020003,399,BAJU LUARAN WANITA,Fashion > FASHION WANITA > BAJU LUARAN WANITA,Fashion > FASHION WANITA > BAJU LUARAN WANITA > KARDIGAN WANITA,171,170,171
1192,ROMPI WANITA,,4,0,true,A008-05-02-04,04,true,true,0008000500020004,399,BAJU LUARAN WANITA,Fashion > FASHION WANITA > BAJU LUARAN WANITA,Fashion > FASHION WANITA > BAJU LUARAN WANITA > ROMPI WANITA,106,105,106
1193,SWEATER WANITA,,4,0,true,A008-05-02-05,05,true,true,0008000500020005,399,BAJU LUARAN WANITA,Fashion > FASHION WANITA > BAJU LUARAN WANITA,Fashion > FASHION WANITA > BAJU LUARAN WANITA > SWEATER WANITA,65,65,65
400,BAJU MUSLIM WANITA,,3,9,false,A008-05-03,03,true,true,000800050003,51,FASHION WANITA,Fashion > FASHION WANITA,Fashion > FASHION WANITA > BAJU MUSLIM WANITA,22,22,967
1194,ATASAN MUSLIM WANITA,,4,0,true,A008-05-03-01,01,true,true,0008000500030001,400,BAJU MUSLIM WANITA,Fashion > FASHION WANITA > BAJU MUSLIM WANITA,Fashion > FASHION WANITA > BAJU MUSLIM WANITA > ATASAN MUSLIM WANITA,81,77,81
1195,BAWAHAN MUSLIM WANITA,,4,0,true,A008-05-03-02,02,true,true,0008000500030002,400,BAJU MUSLIM WANITA,Fashion > FASHION WANITA > BAJU MUSLIM WANITA,Fashion > FASHION WANITA > BAJU MUSLIM WANITA > BAWAHAN MUSLIM WANITA,0,0,0
1196,CIPUT WANITA,,4,0,true,A008-05-03-03,03,true,true,0008000500030003,400,BAJU MUSLIM WANITA,Fashion > FASHION WANITA > BAJU MUSLIM WANITA,Fashion > FASHION WANITA > BAJU MUSLIM WANITA > CIPUT WANITA,55,55,55
1197,GAUN MUSLIM WANITA,,4,0,true,A008-05-03-04,04,true,true,0008000500030004,400,BAJU MUSLIM WANITA,Fashion > FASHION WANITA > BAJU MUSLIM WANITA,Fashion > FASHION WANITA > BAJU MUSLIM WANITA > GAUN MUSLIM WANITA,270,270,270
1198,JILBAB WANITA,,4,0,true,A008-05-03-05,05,true,true,0008000500030005,400,BAJU MUSLIM WANITA,Fashion > FASHION WANITA > BAJU MUSLIM WANITA,Fashion > FASHION WANITA > BAJU MUSLIM WANITA > JILBAB WANITA,57,55,57
1199,KERUDUNG WANITA,,4,0,true,A008-05-03-06,06,true,true,0008000500030006,400,BAJU MUSLIM WANITA,Fashion > FASHION WANITA > BAJU MUSLIM WANITA,Fashion > FASHION WANITA > BAJU MUSLIM WANITA > KERUDUNG WANITA,314,302,314
1200,LUARAN MUSLIM WANITA,,4,0,true,A008-05-03-07,07,true,true,0008000500030007,400,BAJU MUSLIM WANITA,Fashion > FASHION WANITA > BAJU MUSLIM WANITA,Fashion > FASHION WANITA > BAJU MUSLIM WANITA > LUARAN MUSLIM WANITA,2,2,2
1201,MUKENA WANITA,,4,0,true,A008-05-03-08,08,true,true,0008000500030008,400,BAJU MUSLIM WANITA,Fashion > FASHION WANITA > BAJU MUSLIM WANITA,Fashion > FASHION WANITA > BAJU MUSLIM WANITA > MUKENA WANITA,146,144,146
1202,PASHMINA WANITA,,4,0,true,A008-05-03-09,09,true,true,0008000500030009,400,BAJU MUSLIM WANITA,Fashion > FASHION WANITA > BAJU MUSLIM WANITA,Fashion > FASHION WANITA > BAJU MUSLIM WANITA > PASHMINA WANITA,20,17,20
401,BATIK WANITA,,3,7,false,A008-05-04,04,true,true,000800050004,51,FASHION WANITA,Fashion > FASHION WANITA,Fashion > FASHION WANITA > BATIK WANITA,21,21,197
1203,ATASAN BATIK WANITA,,4,0,true,A008-05-04-01,01,true,true,0008000500040001,401,BATIK WANITA,Fashion > FASHION WANITA > BATIK WANITA,Fashion > FASHION WANITA > BATIK WANITA > ATASAN BATIK WANITA,71,56,71
1204,CELANA BATIK WANITA,,4,0,true,A008-05-04-02,02,true,true,0008000500040002,401,BATIK WANITA,Fashion > FASHION WANITA > BATIK WANITA,Fashion > FASHION WANITA > BATIK WANITA > CELANA BATIK WANITA,4,4,4
1205,GAUN BATIK WANITA,,4,0,true,A008-05-04-03,03,true,true,0008000500040003,401,BATIK WANITA,Fashion > FASHION WANITA > BATIK WANITA,Fashion > FASHION WANITA > BATIK WANITA > GAUN BATIK WANITA,16,16,16
1206,KAIN BATIK WANITA,,4,0,true,A008-05-04-04,04,true,true,0008000500040004,401,BATIK WANITA,Fashion > FASHION WANITA > BATIK WANITA,Fashion > FASHION WANITA > BATIK WANITA > KAIN BATIK WANITA,18,18,18
1207,KEBAYA WANITA,,4,0,true,A008-05-04-05,05,true,true,0008000500040005,401,BATIK WANITA,Fashion > FASHION WANITA > BATIK WANITA,Fashion > FASHION WANITA > BATIK WANITA > KEBAYA WANITA,59,59,59
1208,ROK BATIK WANITA,,4,0,true,A008-05-04-06,06,true,true,0008000500040006,401,BATIK WANITA,Fashion > FASHION WANITA > BATIK WANITA,Fashion > FASHION WANITA > BATIK WANITA > ROK BATIK WANITA,6,6,6
1209,SYAL BATIK WANITA,,4,0,true,A008-05-04-07,07,true,true,0008000500040007,401,BATIK WANITA,Fashion > FASHION WANITA > BATIK WANITA,Fashion > FASHION WANITA > BATIK WANITA > SYAL BATIK WANITA,2,2,2
402,BAWAHAN WANITA,,3,9,false,A008-05-05,05,true,true,000800050005,51,FASHION WANITA,Fashion > FASHION WANITA,Fashion > FASHION WANITA > BAWAHAN WANITA,109,108,1599
1210,CELANA CROP WANITA,,4,0,true,A008-05-05-01,01,true,true,0008000500050001,402,BAWAHAN WANITA,Fashion > FASHION WANITA > BAWAHAN WANITA,Fashion > FASHION WANITA > BAWAHAN WANITA > CELANA CROP WANITA,9,9,9
1211,CELANA PANJANG WANITA,,4,0,true,A008-05-05-02,02,true,true,0008000500050002,402,BAWAHAN WANITA,Fashion > FASHION WANITA > BAWAHAN WANITA,Fashion > FASHION WANITA > BAWAHAN WANITA > CELANA PANJANG WANITA,827,802,827
1212,CELANA PENDEK WANITA,,4,0,true,A008-05-05-03,03,true,true,0008000500050003,402,BAWAHAN WANITA,Fashion > FASHION WANITA > BAWAHAN WANITA,Fashion > FASHION WANITA > BAWAHAN WANITA > CELANA PENDEK WANITA,63,62,63
1213,JEANS WANITA,,4,0,true,A008-05-05-04,04,true,true,0008000500050004,402,BAWAHAN WANITA,Fashion > FASHION WANITA > BAWAHAN WANITA,Fashion > FASHION WANITA > BAWAHAN WANITA > JEANS WANITA,42,40,42
1214,LEGGING WANITA,,4,0,true,A008-05-05-05,05,true,true,0008000500050005,402,BAWAHAN WANITA,Fashion > FASHION WANITA > BAWAHAN WANITA,Fashion > FASHION WANITA > BAWAHAN WANITA > LEGGING WANITA,202,201,202
1215,ROK MAXI WANITA,,4,0,true,A008-05-05-06,06,true,true,0008000500050006,402,BAWAHAN WANITA,Fashion > FASHION WANITA > BAWAHAN WANITA,Fashion > FASHION WANITA > BAWAHAN WANITA > ROK MAXI WANITA,280,276,280
1216,ROK MIDI WANITA,,4,0,true,A008-05-05-07,07,true,true,0008000500050007,402,BAWAHAN WANITA,Fashion > FASHION WANITA > BAWAHAN WANITA,Fashion > FASHION WANITA > BAWAHAN WANITA > ROK MIDI WANITA,25,24,25
1217,ROK MINI WANITA,,4,0,true,A008-05-05-08,08,true,true,0008000500050008,402,BAWAHAN WANITA,Fashion > FASHION WANITA > BAWAHAN WANITA,Fashion > FASHION WANITA > BAWAHAN WANITA > ROK MINI WANITA,3,3,3
1218,STOCKING WANITA,,4,0,true,A008-05-05-09,09,true,true,0008000500050009,402,BAWAHAN WANITA,Fashion > FASHION WANITA > BAWAHAN WANITA,Fashion > FASHION WANITA > BAWAHAN WANITA > STOCKING WANITA,39,34,39
403,GAUN,,3,4,false,A008-05-06,06,true,true,000800050006,51,FASHION WANITA,Fashion > FASHION WANITA,Fashion > FASHION WANITA > GAUN,83,83,87
1219,GAUN KASUAL,,4,0,true,A008-05-06-01,01,true,true,0008000500060001,403,GAUN,Fashion > FASHION WANITA > GAUN,Fashion > FASHION WANITA > GAUN > GAUN KASUAL,2,2,2
1220,GAUN KERJA,,4,0,true,A008-05-06-02,02,true,true,0008000500060002,403,GAUN,Fashion > FASHION WANITA > GAUN,Fashion > FASHION WANITA > GAUN > GAUN KERJA,0,0,0
1221,GAUN MALAM,,4,0,true,A008-05-06-03,03,true,true,0008000500060003,403,GAUN,Fashion > FASHION WANITA > GAUN,Fashion > FASHION WANITA > GAUN > GAUN MALAM,0,0,0
1222,GAUN PESTA,,4,0,true,A008-05-06-04,04,true,true,0008000500060004,403,GAUN,Fashion > FASHION WANITA > GAUN,Fashion > FASHION WANITA > GAUN > GAUN PESTA,2,2,2
404,PAKAIAN DALAM WANITA,,3,4,false,A008-05-07,07,true,true,000800050007,51,FASHION WANITA,Fashion > FASHION WANITA,Fashion > FASHION WANITA > PAKAIAN DALAM WANITA,299,288,2839
1223,BRA WANITA,,4,0,true,A008-05-07-01,01,true,true,0008000500070001,404,PAKAIAN DALAM WANITA,Fashion > FASHION WANITA > PAKAIAN DALAM WANITA,Fashion > FASHION WANITA > PAKAIAN DALAM WANITA > BRA WANITA,1022,984,1022
1224,CELANA DALAM WANITA,,4,0,true,A008-05-07-02,02,true,true,0008000500070002,404,PAKAIAN DALAM WANITA,Fashion > FASHION WANITA > PAKAIAN DALAM WANITA,Fashion > FASHION WANITA > PAKAIAN DALAM WANITA > CELANA DALAM WANITA,1427,1406,1427
1225,KORSET WANITA,,4,0,true,A008-05-07-03,03,true,true,0008000500070003,404,PAKAIAN DALAM WANITA,Fashion > FASHION WANITA > PAKAIAN DALAM WANITA,Fashion > FASHION WANITA > PAKAIAN DALAM WANITA > KORSET WANITA,70,65,70
1226,SET BRA WANITA,,4,0,true,A008-05-07-04,04,true,true,0008000500070004,404,PAKAIAN DALAM WANITA,Fashion > FASHION WANITA > PAKAIAN DALAM WANITA,Fashion > FASHION WANITA > PAKAIAN DALAM WANITA > SET BRA WANITA,21,21,21
405,PAKAIAN HAMIL & MENYUSUI WANITA,,3,2,false,A008-05-08,08,true,true,000800050008,51,FASHION WANITA,Fashion > FASHION WANITA,Fashion > FASHION WANITA > PAKAIAN HAMIL & MENYUSUI WANITA,2,2,28
1227,BAJU HAMIL & MENYUSUI WANITA,,4,0,true,A008-05-08-01,01,true,true,0008000500080001,405,PAKAIAN HAMIL & MENYUSUI WANITA,Fashion > FASHION WANITA > PAKAIAN HAMIL & MENYUSUI WANITA,Fashion > FASHION WANITA > PAKAIAN HAMIL & MENYUSUI WANITA > BAJU HAMIL & MENYUSUI WANITA,0,0,0
1228,PAKAIAN DALAM HAMIL & MENYUSUI WANITA,,4,0,true,A008-05-08-02,02,true,true,0008000500080002,405,PAKAIAN HAMIL & MENYUSUI WANITA,Fashion > FASHION WANITA > PAKAIAN HAMIL & MENYUSUI WANITA,Fashion > FASHION WANITA > PAKAIAN HAMIL & MENYUSUI WANITA > PAKAIAN DALAM HAMIL & MENYUSUI WANITA,26,26,26
406,PAKAIAN TIDUR WANITA,,3,4,false,A008-05-09,09,true,true,000800050009,51,FASHION WANITA,Fashion > FASHION WANITA,Fashion > FASHION WANITA > PAKAIAN TIDUR WANITA,96,96,628
1229,DASTER WANITA,,4,0,true,A008-05-09-01,01,true,true,0008000500090001,406,PAKAIAN TIDUR WANITA,Fashion > FASHION WANITA > PAKAIAN TIDUR WANITA,Fashion > FASHION WANITA > PAKAIAN TIDUR WANITA > DASTER WANITA,380,370,380
1230,PIYAMA ATASAN WANITA,,4,0,true,A008-05-09-02,02,true,true,0008000500090002,406,PAKAIAN TIDUR WANITA,Fashion > FASHION WANITA > PAKAIAN TIDUR WANITA,Fashion > FASHION WANITA > PAKAIAN TIDUR WANITA > PIYAMA ATASAN WANITA,0,0,0
1231,PIYAMA BAWAHAN WANITA,,4,0,true,A008-05-09-03,03,true,true,0008000500090003,406,PAKAIAN TIDUR WANITA,Fashion > FASHION WANITA > PAKAIAN TIDUR WANITA,Fashion > FASHION WANITA > PAKAIAN TIDUR WANITA > PIYAMA BAWAHAN WANITA,7,5,7
1232,PIYAMA SET WANITA,,4,0,true,A008-05-09-04,04,true,true,0008000500090004,406,PAKAIAN TIDUR WANITA,Fashion > FASHION WANITA > PAKAIAN TIDUR WANITA,Fashion > FASHION WANITA > PAKAIAN TIDUR WANITA > PIYAMA SET WANITA,145,145,145
52,JAM TANGAN,,2,3,false,A008-06,06,true,true,00080006,8,Fashion,Fashion,Fashion > JAM TANGAN,68,51,452
407,JAM TANGAN ANAK,,3,0,true,A008-06-01,01,true,true,000800060001,52,JAM TANGAN,Fashion > JAM TANGAN,Fashion > JAM TANGAN > JAM TANGAN ANAK,75,70,75
408,JAM TANGAN PRIA,,3,0,true,A008-06-02,02,true,true,000800060002,52,JAM TANGAN,Fashion > JAM TANGAN,Fashion > JAM TANGAN > JAM TANGAN PRIA,85,81,85
409,JAM TANGAN WANITA,,3,0,true,A008-06-03,03,true,true,000800060003,52,JAM TANGAN,Fashion > JAM TANGAN,Fashion > JAM TANGAN > JAM TANGAN WANITA,224,179,224
53,KACAMATA,,2,3,false,A008-07,07,true,true,00080007,8,Fashion,Fashion,Fashion > KACAMATA,642,636,1038
410,KACAMATA ANAK,,3,0,true,A008-07-01,01,true,true,000800070001,53,KACAMATA,Fashion > KACAMATA,Fashion > KACAMATA > KACAMATA ANAK,40,39,40
411,KACAMATA BACA,,3,0,true,A008-07-02,02,true,true,000800070002,53,KACAMATA,Fashion > KACAMATA,Fashion > KACAMATA > KACAMATA BACA,290,250,290
412,KACAMATA HITAM,,3,0,true,A008-07-03,03,true,true,000800070003,53,KACAMATA,Fashion > KACAMATA,Fashion > KACAMATA > KACAMATA HITAM,66,65,66
54,PAKAIAN OLAHRAGA,,2,3,false,A008-08,08,true,true,00080008,8,Fashion,Fashion,Fashion > PAKAIAN OLAHRAGA,56,56,590
413,PAKAIAN OLAHRAGA PRIA,,3,2,false,A008-08-01,01,true,true,000800080001,54,PAKAIAN OLAHRAGA,Fashion > PAKAIAN OLAHRAGA,Fashion > PAKAIAN OLAHRAGA > PAKAIAN OLAHRAGA PRIA,3,3,404
1233,ATASAN OLAHRAGA PRIA,,4,2,false,A008-08-01-01,01,true,true,0008000800010001,413,PAKAIAN OLAHRAGA PRIA,Fashion > PAKAIAN OLAHRAGA > PAKAIAN OLAHRAGA PRIA,Fashion > PAKAIAN OLAHRAGA > PAKAIAN OLAHRAGA PRIA > ATASAN OLAHRAGA PRIA,16,16,24
1453,KAUS OLAHRAGA PRIA,,5,0,true,A008-08-01-01-01,01,true,true,00080008000100010001,1233,ATASAN OLAHRAGA PRIA,Fashion > PAKAIAN OLAHRAGA > PAKAIAN OLAHRAGA PRIA > ATASAN OLAHRAGA PRIA,Fashion > PAKAIAN OLAHRAGA > PAKAIAN OLAHRAGA PRIA > ATASAN OLAHRAGA PRIA > KAUS OLAHRAGA PRIA,5,5,5
1454,JAKET OLAHRAGA PRIA,,5,0,true,A008-08-01-01-02,02,true,true,00080008000100010002,1233,ATASAN OLAHRAGA PRIA,Fashion > PAKAIAN OLAHRAGA > PAKAIAN OLAHRAGA PRIA > ATASAN OLAHRAGA PRIA,Fashion > PAKAIAN OLAHRAGA > PAKAIAN OLAHRAGA PRIA > ATASAN OLAHRAGA PRIA > JAKET OLAHRAGA PRIA,3,3,3
1234,BAWAHAN OLAHRAGA PRIA,,4,2,false,A008-08-01-02,02,true,true,0008000800010002,413,PAKAIAN OLAHRAGA PRIA,Fashion > PAKAIAN OLAHRAGA > PAKAIAN OLAHRAGA PRIA,Fashion > PAKAIAN OLAHRAGA > PAKAIAN OLAHRAGA PRIA > BAWAHAN OLAHRAGA PRIA,10,10,377
1455,CELANA OLAHRAGA PRIA,,5,0,true,A008-08-01-02-01,01,true,true,00080008000100020001,1234,BAWAHAN OLAHRAGA PRIA,Fashion > PAKAIAN OLAHRAGA > PAKAIAN OLAHRAGA PRIA > BAWAHAN OLAHRAGA PRIA,Fashion > PAKAIAN OLAHRAGA > PAKAIAN OLAHRAGA PRIA > BAWAHAN OLAHRAGA PRIA > CELANA OLAHRAGA PRIA,342,342,342
1456,CELANA RENANG PRIA,,5,0,true,A008-08-01-02-02,02,true,true,00080008000100020002,1234,BAWAHAN OLAHRAGA PRIA,Fashion > PAKAIAN OLAHRAGA > PAKAIAN OLAHRAGA PRIA > BAWAHAN OLAHRAGA PRIA,Fashion > PAKAIAN OLAHRAGA > PAKAIAN OLAHRAGA PRIA > BAWAHAN OLAHRAGA PRIA > CELANA RENANG PRIA,25,25,25
414,PAKAIAN OLAHRAGA WANITA,,3,3,false,A008-08-02,02,true,true,000800080002,54,PAKAIAN OLAHRAGA,Fashion > PAKAIAN OLAHRAGA,Fashion > PAKAIAN OLAHRAGA > PAKAIAN OLAHRAGA WANITA,1,1,116
1235,ATASAN OLAHRAGA WANITA,,4,2,false,A008-08-02-01,01,true,true,0008000800020001,414,PAKAIAN OLAHRAGA WANITA,Fashion > PAKAIAN OLAHRAGA > PAKAIAN OLAHRAGA WANITA,Fashion > PAKAIAN OLAHRAGA > PAKAIAN OLAHRAGA WANITA > ATASAN OLAHRAGA WANITA,2,2,2
1457,KAUS OLAHRAGA WANITA,,5,0,true,A008-08-02-01-01,01,true,true,00080008000200010001,1235,ATASAN OLAHRAGA WANITA,Fashion > PAKAIAN OLAHRAGA > PAKAIAN OLAHRAGA WANITA > ATASAN OLAHRAGA WANITA,Fashion > PAKAIAN OLAHRAGA > PAKAIAN OLAHRAGA WANITA > ATASAN OLAHRAGA WANITA > KAUS OLAHRAGA WANITA,0,0,0
1458,JAKET OLAHRAGA WANITA,,5,0,true,A008-08-02-01-02,02,true,true,00080008000200010002,1235,ATASAN OLAHRAGA WANITA,Fashion > PAKAIAN OLAHRAGA > PAKAIAN OLAHRAGA WANITA > ATASAN OLAHRAGA WANITA,Fashion > PAKAIAN OLAHRAGA > PAKAIAN OLAHRAGA WANITA > ATASAN OLAHRAGA WANITA > JAKET OLAHRAGA WANITA,0,0,0
1236,BAWAHAN OLAHRAGA WANITA,,4,2,false,A008-08-02-02,02,true,true,0008000800020002,414,PAKAIAN OLAHRAGA WANITA,Fashion > PAKAIAN OLAHRAGA > PAKAIAN OLAHRAGA WANITA,Fashion > PAKAIAN OLAHRAGA > PAKAIAN OLAHRAGA WANITA > BAWAHAN OLAHRAGA WANITA,30,30,32
1459,CELANA OLAHRAGA PENDEK WANITA,,5,0,true,A008-08-02-02-01,01,true,true,00080008000200020001,1236,BAWAHAN OLAHRAGA WANITA,Fashion > PAKAIAN OLAHRAGA > PAKAIAN OLAHRAGA WANITA > BAWAHAN OLAHRAGA WANITA,Fashion > PAKAIAN OLAHRAGA > PAKAIAN OLAHRAGA WANITA > BAWAHAN OLAHRAGA WANITA > CELANA OLAHRAGA PENDEK WANITA,1,1,1
1460,LEGGING OLAHRAGA WANITA,,5,0,true,A008-08-02-02-02,02,true,true,00080008000200020002,1236,BAWAHAN OLAHRAGA WANITA,Fashion > PAKAIAN OLAHRAGA > PAKAIAN OLAHRAGA WANITA > BAWAHAN OLAHRAGA WANITA,Fashion > PAKAIAN OLAHRAGA > PAKAIAN OLAHRAGA WANITA > BAWAHAN OLAHRAGA WANITA > LEGGING OLAHRAGA WANITA,1,1,1
1237,PAKAIAN DALAM OLAHRAGA WANITA,,4,2,false,A008-08-02-03,03,true,true,0008000800020003,414,PAKAIAN OLAHRAGA WANITA,Fashion > PAKAIAN OLAHRAGA > PAKAIAN OLAHRAGA WANITA,Fashion > PAKAIAN OLAHRAGA > PAKAIAN OLAHRAGA WANITA > PAKAIAN DALAM OLAHRAGA WANITA,0,0,81
1461,PAKAIAN RENANG WANITA,,5,0,true,A008-08-02-03-01,01,true,true,00080008000200030001,1237,PAKAIAN DALAM OLAHRAGA WANITA,Fashion > PAKAIAN OLAHRAGA > PAKAIAN OLAHRAGA WANITA > PAKAIAN DALAM OLAHRAGA WANITA,Fashion > PAKAIAN OLAHRAGA > PAKAIAN OLAHRAGA WANITA > PAKAIAN DALAM OLAHRAGA WANITA > PAKAIAN RENANG WANITA,81,81,81
1462,PAKAIAN DALAM OLAHRAGA WANITA,,5,0,true,A008-08-02-03-02,02,true,true,00080008000200030002,1237,PAKAIAN DALAM OLAHRAGA WANITA,Fashion > PAKAIAN OLAHRAGA > PAKAIAN OLAHRAGA WANITA > PAKAIAN DALAM OLAHRAGA WANITA,Fashion > PAKAIAN OLAHRAGA > PAKAIAN OLAHRAGA WANITA > PAKAIAN DALAM OLAHRAGA WANITA > PAKAIAN DALAM OLAHRAGA WANITA,0,0,0
415,PAKAIAN PELINDUNG OLAHRAGA,,3,7,false,A008-08-03,03,true,true,000800080003,54,PAKAIAN OLAHRAGA,Fashion > PAKAIAN OLAHRAGA,Fashion > PAKAIAN OLAHRAGA > PAKAIAN PELINDUNG OLAHRAGA,0,0,14
1238,ANKLE SUPPORT (PERGELANGAN KAKI),,4,0,true,A008-08-03-01,01,true,true,0008000800030001,415,PAKAIAN PELINDUNG OLAHRAGA,Fashion > PAKAIAN OLAHRAGA > PAKAIAN PELINDUNG OLAHRAGA,Fashion > PAKAIAN OLAHRAGA > PAKAIAN PELINDUNG OLAHRAGA > ANKLE SUPPORT (PERGELANGAN KAKI),6,6,6
1239,BACK SUPPORT (PUNGGUNG),,4,0,true,A008-08-03-02,02,true,true,0008000800030002,415,PAKAIAN PELINDUNG OLAHRAGA,Fashion > PAKAIAN OLAHRAGA > PAKAIAN PELINDUNG OLAHRAGA,Fashion > PAKAIAN OLAHRAGA > PAKAIAN PELINDUNG OLAHRAGA > BACK SUPPORT (PUNGGUNG),0,0,0
1240,ELBOW SUPPORT (SIKU),,4,0,true,A008-08-03-03,03,true,true,0008000800030003,415,PAKAIAN PELINDUNG OLAHRAGA,Fashion > PAKAIAN OLAHRAGA > PAKAIAN PELINDUNG OLAHRAGA,Fashion > PAKAIAN OLAHRAGA > PAKAIAN PELINDUNG OLAHRAGA > ELBOW SUPPORT (SIKU),0,0,0
1241,KNEE SUPPORT (LUTUT),,4,0,true,A008-08-03-04,04,true,true,0008000800030004,415,PAKAIAN PELINDUNG OLAHRAGA,Fashion > PAKAIAN OLAHRAGA > PAKAIAN PELINDUNG OLAHRAGA,Fashion > PAKAIAN OLAHRAGA > PAKAIAN PELINDUNG OLAHRAGA > KNEE SUPPORT (LUTUT),8,8,8
1242,SHIN SUPPORT (TULANG KERING KAKI),,4,0,true,A008-08-03-05,05,true,true,0008000800030005,415,PAKAIAN PELINDUNG OLAHRAGA,Fashion > PAKAIAN OLAHRAGA > PAKAIAN PELINDUNG OLAHRAGA,Fashion > PAKAIAN OLAHRAGA > PAKAIAN PELINDUNG OLAHRAGA > SHIN SUPPORT (TULANG KERING KAKI),0,0,0
1243,SHOULDER SUPPORT (BAHU),,4,0,true,A008-08-03-06,06,true,true,0008000800030006,415,PAKAIAN PELINDUNG OLAHRAGA,Fashion > PAKAIAN OLAHRAGA > PAKAIAN PELINDUNG OLAHRAGA,Fashion > PAKAIAN OLAHRAGA > PAKAIAN PELINDUNG OLAHRAGA > SHOULDER SUPPORT (BAHU),0,0,0
1244,WRIST SUPPORT (PERGELANGAN TANGAN),,4,0,true,A008-08-03-07,07,true,true,0008000800030007,415,PAKAIAN PELINDUNG OLAHRAGA,Fashion > PAKAIAN OLAHRAGA > PAKAIAN PELINDUNG OLAHRAGA,Fashion > PAKAIAN OLAHRAGA > PAKAIAN PELINDUNG OLAHRAGA > WRIST SUPPORT (PERGELANGAN TANGAN),0,0,0
55,PERHIASAN ANAK,,2,6,false,A008-09,09,true,true,00080009,8,Fashion,Fashion,Fashion > PERHIASAN ANAK,0,0,36
416,ANTING ANAK-ANAK,,3,0,true,A008-09-01,01,true,true,000800090001,55,PERHIASAN ANAK,Fashion > PERHIASAN ANAK,Fashion > PERHIASAN ANAK > ANTING ANAK-ANAK,2,2,2
417,BROS ANAK-ANAK,,3,0,true,A008-09-02,02,true,true,000800090002,55,PERHIASAN ANAK,Fashion > PERHIASAN ANAK,Fashion > PERHIASAN ANAK > BROS ANAK-ANAK,6,6,6
418,CINCIN ANAK-ANAK,,3,0,true,A008-09-03,03,true,true,000800090003,55,PERHIASAN ANAK,Fashion > PERHIASAN ANAK,Fashion > PERHIASAN ANAK > CINCIN ANAK-ANAK,9,4,9
419,GELANG ANAK-ANAK,,3,0,true,A008-09-04,04,true,true,000800090004,55,PERHIASAN ANAK,Fashion > PERHIASAN ANAK,Fashion > PERHIASAN ANAK > GELANG ANAK-ANAK,10,5,10
420,KALUNG ANAK-ANAK,,3,0,true,A008-09-05,05,true,true,000800090005,55,PERHIASAN ANAK,Fashion > PERHIASAN ANAK,Fashion > PERHIASAN ANAK > KALUNG ANAK-ANAK,9,9,9
421,LIONTIN ANAK-ANAK,,3,0,true,A008-09-06,06,true,true,000800090006,55,PERHIASAN ANAK,Fashion > PERHIASAN ANAK,Fashion > PERHIASAN ANAK > LIONTIN ANAK-ANAK,0,0,0
56,PERHIASAN DEWASA,,2,6,false,A008-10,10,true,true,0008000A,8,Fashion,Fashion,Fashion > PERHIASAN DEWASA,8,7,316
422,ANTING DEWASA,,3,0,true,A008-10-01,01,true,true,0008000A0001,56,PERHIASAN DEWASA,Fashion > PERHIASAN DEWASA,Fashion > PERHIASAN DEWASA > ANTING DEWASA,49,40,49
423,BROS DEWASA,,3,0,true,A008-10-02,02,true,true,0008000A0002,56,PERHIASAN DEWASA,Fashion > PERHIASAN DEWASA,Fashion > PERHIASAN DEWASA > BROS DEWASA,117,95,117
424,CINCIN DEWASA,,3,0,true,A008-10-03,03,true,true,0008000A0003,56,PERHIASAN DEWASA,Fashion > PERHIASAN DEWASA,Fashion > PERHIASAN DEWASA > CINCIN DEWASA,59,39,59
425,GELANG DEWASA,,3,0,true,A008-10-04,04,true,true,0008000A0004,56,PERHIASAN DEWASA,Fashion > PERHIASAN DEWASA,Fashion > PERHIASAN DEWASA > GELANG DEWASA,39,19,39
426,KALUNG DEWASA,,3,0,true,A008-10-05,05,true,true,0008000A0005,56,PERHIASAN DEWASA,Fashion > PERHIASAN DEWASA,Fashion > PERHIASAN DEWASA > KALUNG DEWASA,41,27,41
427,LIONTIN DEWASA,,3,0,true,A008-10-06,06,true,true,0008000A0006,56,PERHIASAN DEWASA,Fashion > PERHIASAN DEWASA,Fashion > PERHIASAN DEWASA > LIONTIN DEWASA,3,3,3
57,SEPATU ANAK & BAYI,,2,2,false,A008-11,11,true,true,0008000B,8,Fashion,Fashion,Fashion > SEPATU ANAK & BAYI,379,374,1857
428,SEPATU ANAK & BAYI LAKI-LAKI,,3,7,false,A008-11-01,01,true,true,0008000B0001,57,SEPATU ANAK & BAYI,Fashion > SEPATU ANAK & BAYI,Fashion > SEPATU ANAK & BAYI > SEPATU ANAK & BAYI LAKI-LAKI,168,161,886
1245,KAUS KAKI ANAK & BAYI LAKI-LAKI,,4,0,true,A008-11-01-01,01,true,true,0008000B00010001,428,SEPATU ANAK & BAYI LAKI-LAKI,Fashion > SEPATU ANAK & BAYI > SEPATU ANAK & BAYI LAKI-LAKI,Fashion > SEPATU ANAK & BAYI > SEPATU ANAK & BAYI LAKI-LAKI > KAUS KAKI ANAK & BAYI LAKI-LAKI,203,198,203
1246,SANDAL ANAK LAKI-LAKI,,4,0,true,A008-11-01-02,02,true,true,0008000B00010002,428,SEPATU ANAK & BAYI LAKI-LAKI,Fashion > SEPATU ANAK & BAYI > SEPATU ANAK & BAYI LAKI-LAKI,Fashion > SEPATU ANAK & BAYI > SEPATU ANAK & BAYI LAKI-LAKI > SANDAL ANAK LAKI-LAKI,298,290,298
1247,SANDAL GUNUNG ANAK LAKI-LAKI,,4,0,true,A008-11-01-03,03,true,true,0008000B00010003,428,SEPATU ANAK & BAYI LAKI-LAKI,Fashion > SEPATU ANAK & BAYI > SEPATU ANAK & BAYI LAKI-LAKI,Fashion > SEPATU ANAK & BAYI > SEPATU ANAK & BAYI LAKI-LAKI > SANDAL GUNUNG ANAK LAKI-LAKI,11,11,11
1248,SEPATU BOOTS ANAK LAKI-LAKI,,4,0,true,A008-11-01-04,04,true,true,0008000B00010004,428,SEPATU ANAK & BAYI LAKI-LAKI,Fashion > SEPATU ANAK & BAYI > SEPATU ANAK & BAYI LAKI-LAKI,Fashion > SEPATU ANAK & BAYI > SEPATU ANAK & BAYI LAKI-LAKI > SEPATU BOOTS ANAK LAKI-LAKI,1,1,1
1249,SEPATU OLAHRAGA ANAK LAKI-LAKI,,4,0,true,A008-11-01-05,05,true,true,0008000B00010005,428,SEPATU ANAK & BAYI LAKI-LAKI,Fashion > SEPATU ANAK & BAYI > SEPATU ANAK & BAYI LAKI-LAKI,Fashion > SEPATU ANAK & BAYI > SEPATU ANAK & BAYI LAKI-LAKI > SEPATU OLAHRAGA ANAK LAKI-LAKI,77,77,77
1250,SEPATU SLIP ON ANAK LAKI-LAKI,,4,0,true,A008-11-01-06,06,true,true,0008000B00010006,428,SEPATU ANAK & BAYI LAKI-LAKI,Fashion > SEPATU ANAK & BAYI > SEPATU ANAK & BAYI LAKI-LAKI,Fashion > SEPATU ANAK & BAYI > SEPATU ANAK & BAYI LAKI-LAKI > SEPATU SLIP ON ANAK LAKI-LAKI,0,0,0
1251,SEPATU SNEAKERS ANAK LAKI-LAKI,,4,0,true,A008-11-01-07,07,true,true,0008000B00010007,428,SEPATU ANAK & BAYI LAKI-LAKI,Fashion > SEPATU ANAK & BAYI > SEPATU ANAK & BAYI LAKI-LAKI,Fashion > SEPATU ANAK & BAYI > SEPATU ANAK & BAYI LAKI-LAKI > SEPATU SNEAKERS ANAK LAKI-LAKI,128,128,128
429,SEPATU ANAK & BAYI PEREMPUAN,,3,9,false,A008-11-02,02,true,true,0008000B0002,57,SEPATU ANAK & BAYI,Fashion > SEPATU ANAK & BAYI,Fashion > SEPATU ANAK & BAYI > SEPATU ANAK & BAYI PEREMPUAN,104,98,592
1252,KAUS KAKI ANAK & BAYI PEREMPUAN,,4,0,true,A008-11-02-01,01,true,true,0008000B00020001,429,SEPATU ANAK & BAYI PEREMPUAN,Fashion > SEPATU ANAK & BAYI > SEPATU ANAK & BAYI PEREMPUAN,Fashion > SEPATU ANAK & BAYI > SEPATU ANAK & BAYI PEREMPUAN > KAUS KAKI ANAK & BAYI PEREMPUAN,60,58,60
1253,SANDAL ANAK PEREMPUAN,,4,0,true,A008-11-02-02,02,true,true,0008000B00020002,429,SEPATU ANAK & BAYI PEREMPUAN,Fashion > SEPATU ANAK & BAYI > SEPATU ANAK & BAYI PEREMPUAN,Fashion > SEPATU ANAK & BAYI > SEPATU ANAK & BAYI PEREMPUAN > SANDAL ANAK PEREMPUAN,334,318,334
1254,SANDAL GUNUNG ANAK PEREMPUAN,,4,0,true,A008-11-02-03,03,true,true,0008000B00020003,429,SEPATU ANAK & BAYI PEREMPUAN,Fashion > SEPATU ANAK & BAYI > SEPATU ANAK & BAYI PEREMPUAN,Fashion > SEPATU ANAK & BAYI > SEPATU ANAK & BAYI PEREMPUAN > SANDAL GUNUNG ANAK PEREMPUAN,1,1,1
1255,SEPATU BOOTS ANAK PEREMPUAN,,4,0,true,A008-11-02-04,04,true,true,0008000B00020004,429,SEPATU ANAK & BAYI PEREMPUAN,Fashion > SEPATU ANAK & BAYI > SEPATU ANAK & BAYI PEREMPUAN,Fashion > SEPATU ANAK & BAYI > SEPATU ANAK & BAYI PEREMPUAN > SEPATU BOOTS ANAK PEREMPUAN,0,0,0
1256,SEPATU FLAT DAN SEPATU BALET ANAK PEREMPUAN,,4,0,true,A008-11-02-05,05,true,true,0008000B00020005,429,SEPATU ANAK & BAYI PEREMPUAN,Fashion > SEPATU ANAK & BAYI > SEPATU ANAK & BAYI PEREMPUAN,Fashion > SEPATU ANAK & BAYI > SEPATU ANAK & BAYI PEREMPUAN > SEPATU FLAT DAN SEPATU BALET ANAK PEREMPUAN,35,35,35
1257,SEPATU OLAHRAGA ANAK PEREMPUAN,,4,0,true,A008-11-02-06,06,true,true,0008000B00020006,429,SEPATU ANAK & BAYI PEREMPUAN,Fashion > SEPATU ANAK & BAYI > SEPATU ANAK & BAYI PEREMPUAN,Fashion > SEPATU ANAK & BAYI > SEPATU ANAK & BAYI PEREMPUAN > SEPATU OLAHRAGA ANAK PEREMPUAN,13,13,13
1258,SEPATU SLIP ON ANAK PEREMPUAN,,4,0,true,A008-11-02-07,07,true,true,0008000B00020007,429,SEPATU ANAK & BAYI PEREMPUAN,Fashion > SEPATU ANAK & BAYI > SEPATU ANAK & BAYI PEREMPUAN,Fashion > SEPATU ANAK & BAYI > SEPATU ANAK & BAYI PEREMPUAN > SEPATU SLIP ON ANAK PEREMPUAN,0,0,0
1259,SEPATU SNEAKERS ANAK PEREMPUAN,,4,0,true,A008-11-02-08,08,true,true,0008000B00020008,429,SEPATU ANAK & BAYI PEREMPUAN,Fashion > SEPATU ANAK & BAYI > SEPATU ANAK & BAYI PEREMPUAN,Fashion > SEPATU ANAK & BAYI > SEPATU ANAK & BAYI PEREMPUAN > SEPATU SNEAKERS ANAK PEREMPUAN,45,45,45
1260,SEPATU WEDGES ANAK PEREMPUAN,,4,0,true,A008-11-02-09,09,true,true,0008000B00020009,429,SEPATU ANAK & BAYI PEREMPUAN,Fashion > SEPATU ANAK & BAYI > SEPATU ANAK & BAYI PEREMPUAN,Fashion > SEPATU ANAK & BAYI > SEPATU ANAK & BAYI PEREMPUAN > SEPATU WEDGES ANAK PEREMPUAN,0,0,0
58,SEPATU PRIA,,2,8,false,A008-12,12,true,true,0008000C,8,Fashion,Fashion,Fashion > SEPATU PRIA,558,555,1924
430,KAUS KAKI PRIA,,3,0,true,A008-12-01,01,true,true,0008000C0001,58,SEPATU PRIA,Fashion > SEPATU PRIA,Fashion > SEPATU PRIA > KAUS KAKI PRIA,244,232,244
431,SANDAL GUNUNG PRIA,,3,0,true,A008-12-02,02,true,true,0008000C0002,58,SEPATU PRIA,Fashion > SEPATU PRIA,Fashion > SEPATU PRIA > SANDAL GUNUNG PRIA,55,54,55
432,SANDAL PRIA,,3,0,true,A008-12-03,03,true,true,0008000C0003,58,SEPATU PRIA,Fashion > SEPATU PRIA,Fashion > SEPATU PRIA > SANDAL PRIA,782,762,782
433,SEPATU BOOTS PRIA,,3,0,true,A008-12-04,04,true,true,0008000C0004,58,SEPATU PRIA,Fashion > SEPATU PRIA,Fashion > SEPATU PRIA > SEPATU BOOTS PRIA,6,6,6
434,SEPATU FORMAL PRIA,,3,0,true,A008-12-05,05,true,true,0008000C0005,58,SEPATU PRIA,Fashion > SEPATU PRIA,Fashion > SEPATU PRIA > SEPATU FORMAL PRIA,26,26,26
435,SEPATU LOAFER PRIA,,3,0,true,A008-12-06,06,true,true,0008000C0006,58,SEPATU PRIA,Fashion > SEPATU PRIA,Fashion > SEPATU PRIA > SEPATU LOAFER PRIA,0,0,0
436,SEPATU SLIP ON PRIA,,3,0,true,A008-12-07,07,true,true,0008000C0007,58,SEPATU PRIA,Fashion > SEPATU PRIA,Fashion > SEPATU PRIA > SEPATU SLIP ON PRIA,17,17,17
437,SEPATU SNEAKERS PRIA,,3,0,true,A008-12-08,08,true,true,0008000C0008,58,SEPATU PRIA,Fashion > SEPATU PRIA,Fashion > SEPATU PRIA > SEPATU SNEAKERS PRIA,236,236,236
59,SEPATU WANITA,,2,9,false,A008-13,13,true,true,0008000D,8,Fashion,Fashion,Fashion > SEPATU WANITA,481,472,2046
438,KAUS KAKI WANITA,,3,0,true,A008-13-01,01,true,true,0008000D0001,59,SEPATU WANITA,Fashion > SEPATU WANITA,Fashion > SEPATU WANITA > KAUS KAKI WANITA,236,228,236
439,SANDAL GUNUNG WANITA,,3,0,true,A008-13-02,02,true,true,0008000D0002,59,SEPATU WANITA,Fashion > SEPATU WANITA,Fashion > SEPATU WANITA > SANDAL GUNUNG WANITA,7,7,7
440,SANDAL WANITA,,3,0,true,A008-13-03,03,true,true,0008000D0003,59,SEPATU WANITA,Fashion > SEPATU WANITA,Fashion > SEPATU WANITA > SANDAL WANITA,1086,1074,1086
441,SEPATU BOOTS WANITA,,3,0,true,A008-13-04,04,true,true,0008000D0004,59,SEPATU WANITA,Fashion > SEPATU WANITA,Fashion > SEPATU WANITA > SEPATU BOOTS WANITA,0,0,0
442,SEPATU FLAT DAN SEPATU BALET WANITA,,3,0,true,A008-13-05,05,true,true,0008000D0005,59,SEPATU WANITA,Fashion > SEPATU WANITA,Fashion > SEPATU WANITA > SEPATU FLAT DAN SEPATU BALET WANITA,62,60,62
443,SEPATU HAK TINGGI WANITA,,3,0,true,A008-13-06,06,true,true,0008000D0006,59,SEPATU WANITA,Fashion > SEPATU WANITA,Fashion > SEPATU WANITA > SEPATU HAK TINGGI WANITA,24,24,24
444,SEPATU SLIP ON WANITA,,3,0,true,A008-13-07,07,true,true,0008000D0007,59,SEPATU WANITA,Fashion > SEPATU WANITA,Fashion > SEPATU WANITA > SEPATU SLIP ON WANITA,59,59,59
445,SEPATU SNEAKERS WANITA,,3,0,true,A008-13-08,08,true,true,0008000D0008,59,SEPATU WANITA,Fashion > SEPATU WANITA,Fashion > SEPATU WANITA > SEPATU SNEAKERS WANITA,82,82,82
446,SEPATU WEDGES WANITA,,3,0,true,A008-13-09,09,true,true,0008000D0009,59,SEPATU WANITA,Fashion > SEPATU WANITA,Fashion > SEPATU WANITA > SEPATU WEDGES WANITA,9,9,9
60,TAS & KOPER,,2,4,false,A008-14,14,true,true,0008000E,8,Fashion,Fashion,Fashion > TAS & KOPER,456,417,4839
447,TAS ANAK,,3,3,false,A008-14-01,01,true,true,0008000E0001,60,TAS & KOPER,Fashion > TAS & KOPER,Fashion > TAS & KOPER > TAS ANAK,53,48,859
1261,TAS SELEMPANG ANAK,,4,0,true,A008-14-01-01,01,true,true,0008000E00010001,447,TAS ANAK,Fashion > TAS & KOPER > TAS ANAK,Fashion > TAS & KOPER > TAS ANAK > TAS SELEMPANG ANAK,122,66,122
1262,TAS RANSEL / PUNGGUNG ANAK,,4,0,true,A008-14-01-02,02,true,true,0008000E00010002,447,TAS ANAK,Fashion > TAS & KOPER > TAS ANAK,Fashion > TAS & KOPER > TAS ANAK > TAS RANSEL / PUNGGUNG ANAK,638,613,638
1263,DOMPET ANAK,,4,0,true,A008-14-01-03,03,true,true,0008000E00010003,447,TAS ANAK,Fashion > TAS & KOPER > TAS ANAK,Fashion > TAS & KOPER > TAS ANAK > DOMPET ANAK,46,34,46
448,TAS PRIA,,3,9,false,A008-14-02,02,true,true,0008000E0002,60,TAS & KOPER,Fashion > TAS & KOPER,Fashion > TAS & KOPER > TAS PRIA,142,133,1216
1264,DOMPET PRIA,,4,0,true,A008-14-02-01,01,true,true,0008000E00020001,448,TAS PRIA,Fashion > TAS & KOPER > TAS PRIA,Fashion > TAS & KOPER > TAS PRIA > DOMPET PRIA,104,103,104
1265,TAS CLUTCH PRIA,,4,0,true,A008-14-02-02,02,true,true,0008000E00020002,448,TAS PRIA,Fashion > TAS & KOPER > TAS PRIA,Fashion > TAS & KOPER > TAS PRIA > TAS CLUTCH PRIA,12,12,12
1266,TAS DUFFLE PRIA,,4,0,true,A008-14-02-03,03,true,true,0008000E00020003,448,TAS PRIA,Fashion > TAS & KOPER > TAS PRIA,Fashion > TAS & KOPER > TAS PRIA > TAS DUFFLE PRIA,22,21,22
1267,TAS KANTOR PRIA,,4,0,true,A008-14-02-04,04,true,true,0008000E00020004,448,TAS PRIA,Fashion > TAS & KOPER > TAS PRIA,Fashion > TAS & KOPER > TAS PRIA > TAS KANTOR PRIA,0,0,0
1268,TAS MESSENGER PRIA,,4,0,true,A008-14-02-05,05,true,true,0008000E00020005,448,TAS PRIA,Fashion > TAS & KOPER > TAS PRIA,Fashion > TAS & KOPER > TAS PRIA > TAS MESSENGER PRIA,1,0,1
1269,TAS PINGGANG PRIA,,4,0,true,A008-14-02-06,06,true,true,0008000E00020006,448,TAS PRIA,Fashion > TAS & KOPER > TAS PRIA,Fashion > TAS & KOPER > TAS PRIA > TAS PINGGANG PRIA,104,104,104
1270,TAS RANSEL LAPTOP PRIA,,4,0,true,A008-14-02-07,07,true,true,0008000E00020007,448,TAS PRIA,Fashion > TAS & KOPER > TAS PRIA,Fashion > TAS & KOPER > TAS PRIA > TAS RANSEL LAPTOP PRIA,41,41,41
1271,TAS RANSEL PRIA,,4,0,true,A008-14-02-08,08,true,true,0008000E00020008,448,TAS PRIA,Fashion > TAS & KOPER > TAS PRIA,Fashion > TAS & KOPER > TAS PRIA > TAS RANSEL PRIA,661,624,661
1272,TAS SELEMPANG PRIA,,4,0,true,A008-14-02-09,09,true,true,0008000E00020009,448,TAS PRIA,Fashion > TAS & KOPER > TAS PRIA,Fashion > TAS & KOPER > TAS PRIA > TAS SELEMPANG PRIA,129,128,129
449,TAS TRAVEL & KOPER,,3,3,false,A008-14-03,03,true,true,0008000E0003,60,TAS & KOPER,Fashion > TAS & KOPER,Fashion > TAS & KOPER > TAS TRAVEL & KOPER,199,197,392
1273,AKSESORIS TRAVEL & KOPER,,4,2,false,A008-14-03-01,01,true,true,0008000E00030001,449,TAS TRAVEL & KOPER,Fashion > TAS & KOPER > TAS TRAVEL & KOPER,Fashion > TAS & KOPER > TAS TRAVEL & KOPER > AKSESORIS TRAVEL & KOPER,25,19,29
1463,BANTAL TRAVEL,,5,0,true,A008-14-03-01-01,01,true,true,0008000E000300010001,1273,AKSESORIS TRAVEL & KOPER,Fashion > TAS & KOPER > TAS TRAVEL & KOPER > AKSESORIS TRAVEL & KOPER,Fashion > TAS & KOPER > TAS TRAVEL & KOPER > AKSESORIS TRAVEL & KOPER > BANTAL TRAVEL,3,3,3
1464,GEMBOK & TALI PENGIKAT KOPER,,5,0,true,A008-14-03-01-02,02,true,true,0008000E000300010002,1273,AKSESORIS TRAVEL & KOPER,Fashion > TAS & KOPER > TAS TRAVEL & KOPER > AKSESORIS TRAVEL & KOPER,Fashion > TAS & KOPER > TAS TRAVEL & KOPER > AKSESORIS TRAVEL & KOPER > GEMBOK & TALI PENGIKAT KOPER,1,1,1
1274,KOPER KABIN,,4,2,false,A008-14-03-02,02,true,true,0008000E00030002,449,TAS TRAVEL & KOPER,Fashion > TAS & KOPER > TAS TRAVEL & KOPER,Fashion > TAS & KOPER > TAS TRAVEL & KOPER > KOPER KABIN,64,64,64
1465,KOPER KABIN HARD CASE,,5,0,true,A008-14-03-02-01,01,true,true,0008000E000300020001,1274,KOPER KABIN,Fashion > TAS & KOPER > TAS TRAVEL & KOPER > KOPER KABIN,Fashion > TAS & KOPER > TAS TRAVEL & KOPER > KOPER KABIN > KOPER KABIN HARD CASE,0,0,0
1466,KOPER KABIN SOFT CASE,,5,0,true,A008-14-03-02-02,02,true,true,0008000E000300020002,1274,KOPER KABIN,Fashion > TAS & KOPER > TAS TRAVEL & KOPER > KOPER KABIN,Fashion > TAS & KOPER > TAS TRAVEL & KOPER > KOPER KABIN > KOPER KABIN SOFT CASE,0,0,0
1275,KOPER BAGASI,,4,2,false,A008-14-03-03,03,true,true,0008000E00030003,449,TAS TRAVEL & KOPER,Fashion > TAS & KOPER > TAS TRAVEL & KOPER,Fashion > TAS & KOPER > TAS TRAVEL & KOPER > KOPER BAGASI,100,91,100
1467,KOPER BAGASI HARD CASE,,5,0,true,A008-14-03-03-01,01,true,true,0008000E000300030001,1275,KOPER BAGASI,Fashion > TAS & KOPER > TAS TRAVEL & KOPER > KOPER BAGASI,Fashion > TAS & KOPER > TAS TRAVEL & KOPER > KOPER BAGASI > KOPER BAGASI HARD CASE,0,0,0
1468,KOPER BAGASI SOFT CASE,,5,0,true,A008-14-03-03-02,02,true,true,0008000E000300030002,1275,KOPER BAGASI,Fashion > TAS & KOPER > TAS TRAVEL & KOPER > KOPER BAGASI,Fashion > TAS & KOPER > TAS TRAVEL & KOPER > KOPER BAGASI > KOPER BAGASI SOFT CASE,0,0,0
450,TAS WANITA,,3,10,false,A008-14-04,04,true,true,0008000E0004,60,TAS & KOPER,Fashion > TAS & KOPER,Fashion > TAS & KOPER > TAS WANITA,784,742,1916
1276,DOMPET WANITA,,4,0,true,A008-14-04-01,01,true,true,0008000E00040001,450,TAS WANITA,Fashion > TAS & KOPER > TAS WANITA,Fashion > TAS & KOPER > TAS WANITA > DOMPET WANITA,320,302,320
1277,TAS ANYAMAN,,4,0,true,A008-14-04-02,02,true,true,0008000E00040002,450,TAS WANITA,Fashion > TAS & KOPER > TAS WANITA,Fashion > TAS & KOPER > TAS WANITA > TAS ANYAMAN,3,3,3
1278,TAS BAHU WANITA,,4,0,true,A008-14-04-03,03,true,true,0008000E00040003,450,TAS WANITA,Fashion > TAS & KOPER > TAS WANITA,Fashion > TAS & KOPER > TAS WANITA > TAS BAHU WANITA,49,42,49
1279,TAS CLUTCHES WANITA,,4,0,true,A008-14-04-04,04,true,true,0008000E00040004,450,TAS WANITA,Fashion > TAS & KOPER > TAS WANITA,Fashion > TAS & KOPER > TAS WANITA > TAS CLUTCHES WANITA,1,0,1
1280,TAS LAPTOP WANITA,,4,0,true,A008-14-04-05,05,true,true,0008000E00040005,450,TAS WANITA,Fashion > TAS & KOPER > TAS WANITA,Fashion > TAS & KOPER > TAS WANITA > TAS LAPTOP WANITA,12,12,12
1281,TAS POUCH WANITA,,4,0,true,A008-14-04-06,06,true,true,0008000E00040006,450,TAS WANITA,Fashion > TAS & KOPER > TAS WANITA,Fashion > TAS & KOPER > TAS WANITA > TAS POUCH WANITA,165,165,165
1282,TAS RANSEL WANITA,,4,0,true,A008-14-04-07,07,true,true,0008000E00040007,450,TAS WANITA,Fashion > TAS & KOPER > TAS WANITA,Fashion > TAS & KOPER > TAS WANITA > TAS RANSEL WANITA,513,494,513
1283,TAS SATCHEL WANITA,,4,0,true,A008-14-04-08,08,true,true,0008000E00040008,450,TAS WANITA,Fashion > TAS & KOPER > TAS WANITA,Fashion > TAS & KOPER > TAS WANITA > TAS SATCHEL WANITA,5,2,5
1284,TAS TANGAN WANITA,,4,0,true,A008-14-04-09,09,true,true,0008000E00040009,450,TAS WANITA,Fashion > TAS & KOPER > TAS WANITA,Fashion > TAS & KOPER > TAS WANITA > TAS TANGAN WANITA,8,8,8
1285,TAS TOTE WANITA,,4,0,true,A008-14-04-10,10,true,true,0008000E0004000A,450,TAS WANITA,Fashion > TAS & KOPER > TAS WANITA,Fashion > TAS & KOPER > TAS WANITA > TAS TOTE WANITA,56,54,56
61,SERAGAM & ATRIBUT SEKOLAH,,2,2,false,A008-15,15,true,true,0008000F,8,Fashion,Fashion,Fashion > SERAGAM & ATRIBUT SEKOLAH,54,48,1140
451,ATRIBUT SEKOLAH & KELENGKAPAN LAINNYA,,3,8,false,A008-15-01,01,true,true,0008000F0001,61,SERAGAM & ATRIBUT SEKOLAH,Fashion > SERAGAM & ATRIBUT SEKOLAH,Fashion > SERAGAM & ATRIBUT SEKOLAH > ATRIBUT SEKOLAH & KELENGKAPAN LAINNYA,67,67,243
1286,ATRIBUT LAINNYA,,4,0,true,A008-15-01-01,01,true,true,0008000F00010001,451,ATRIBUT SEKOLAH & KELENGKAPAN LAINNYA,Fashion > SERAGAM & ATRIBUT SEKOLAH > ATRIBUT SEKOLAH & KELENGKAPAN LAINNYA,Fashion > SERAGAM & ATRIBUT SEKOLAH > ATRIBUT SEKOLAH & KELENGKAPAN LAINNYA > ATRIBUT LAINNYA,47,47,47
1287,BADGE (BET) ,,4,0,true,A008-15-01-02,02,true,true,0008000F00010002,451,ATRIBUT SEKOLAH & KELENGKAPAN LAINNYA,Fashion > SERAGAM & ATRIBUT SEKOLAH > ATRIBUT SEKOLAH & KELENGKAPAN LAINNYA,Fashion > SERAGAM & ATRIBUT SEKOLAH > ATRIBUT SEKOLAH & KELENGKAPAN LAINNYA > BADGE (BET) ,26,26,26
1288,CINCIN PRAMUKA (RING KACU),,4,0,true,A008-15-01-03,03,true,true,0008000F00010003,451,ATRIBUT SEKOLAH & KELENGKAPAN LAINNYA,Fashion > SERAGAM & ATRIBUT SEKOLAH > ATRIBUT SEKOLAH & KELENGKAPAN LAINNYA,Fashion > SERAGAM & ATRIBUT SEKOLAH > ATRIBUT SEKOLAH & KELENGKAPAN LAINNYA > CINCIN PRAMUKA (RING KACU),10,10,10
1289,DASI,,4,0,true,A008-15-01-04,04,true,true,0008000F00010004,451,ATRIBUT SEKOLAH & KELENGKAPAN LAINNYA,Fashion > SERAGAM & ATRIBUT SEKOLAH > ATRIBUT SEKOLAH & KELENGKAPAN LAINNYA,Fashion > SERAGAM & ATRIBUT SEKOLAH > ATRIBUT SEKOLAH & KELENGKAPAN LAINNYA > DASI,19,19,19
1290,PELUIT,,4,0,true,A008-15-01-05,05,true,true,0008000F00010005,451,ATRIBUT SEKOLAH & KELENGKAPAN LAINNYA,Fashion > SERAGAM & ATRIBUT SEKOLAH > ATRIBUT SEKOLAH & KELENGKAPAN LAINNYA,Fashion > SERAGAM & ATRIBUT SEKOLAH > ATRIBUT SEKOLAH & KELENGKAPAN LAINNYA > PELUIT,11,11,11
1291,TALI PRAMUKA,,4,0,true,A008-15-01-06,06,true,true,0008000F00010006,451,ATRIBUT SEKOLAH & KELENGKAPAN LAINNYA,Fashion > SERAGAM & ATRIBUT SEKOLAH > ATRIBUT SEKOLAH & KELENGKAPAN LAINNYA,Fashion > SERAGAM & ATRIBUT SEKOLAH > ATRIBUT SEKOLAH & KELENGKAPAN LAINNYA > TALI PRAMUKA,16,15,16
1292,TONGKAT PRAMUKA,,4,0,true,A008-15-01-07,07,true,true,0008000F00010007,451,ATRIBUT SEKOLAH & KELENGKAPAN LAINNYA,Fashion > SERAGAM & ATRIBUT SEKOLAH > ATRIBUT SEKOLAH & KELENGKAPAN LAINNYA,Fashion > SERAGAM & ATRIBUT SEKOLAH > ATRIBUT SEKOLAH & KELENGKAPAN LAINNYA > TONGKAT PRAMUKA,4,4,4
1293,TOPI SEKOLAH,,4,0,true,A008-15-01-08,08,true,true,0008000F00010008,451,ATRIBUT SEKOLAH & KELENGKAPAN LAINNYA,Fashion > SERAGAM & ATRIBUT SEKOLAH > ATRIBUT SEKOLAH & KELENGKAPAN LAINNYA,Fashion > SERAGAM & ATRIBUT SEKOLAH > ATRIBUT SEKOLAH & KELENGKAPAN LAINNYA > TOPI SEKOLAH,43,43,43
452,SERAGAM SEKOLAH,,3,5,false,A008-15-02,02,true,true,0008000F0002,61,SERAGAM & ATRIBUT SEKOLAH,Fashion > SERAGAM & ATRIBUT SEKOLAH,Fashion > SERAGAM & ATRIBUT SEKOLAH > SERAGAM SEKOLAH,118,107,843
1294,SERAGAM SD,,4,0,true,A008-15-02-01,01,true,true,0008000F00020001,452,SERAGAM SEKOLAH,Fashion > SERAGAM & ATRIBUT SEKOLAH > SERAGAM SEKOLAH,Fashion > SERAGAM & ATRIBUT SEKOLAH > SERAGAM SEKOLAH > SERAGAM SD,296,283,296
1295,SERAGAM SMP,,4,0,true,A008-15-02-02,02,true,true,0008000F00020002,452,SERAGAM SEKOLAH,Fashion > SERAGAM & ATRIBUT SEKOLAH > SERAGAM SEKOLAH,Fashion > SERAGAM & ATRIBUT SEKOLAH > SERAGAM SEKOLAH > SERAGAM SMP,195,182,195
1296,SERAGAM SMA,,4,0,true,A008-15-02-03,03,true,true,0008000F00020003,452,SERAGAM SEKOLAH,Fashion > SERAGAM & ATRIBUT SEKOLAH > SERAGAM SEKOLAH,Fashion > SERAGAM & ATRIBUT SEKOLAH > SERAGAM SEKOLAH > SERAGAM SMA,116,112,116
1297,SERAGAM PANGSI,,4,0,true,A008-15-02-04,04,true,true,0008000F00020004,452,SERAGAM SEKOLAH,Fashion > SERAGAM & ATRIBUT SEKOLAH > SERAGAM SEKOLAH,Fashion > SERAGAM & ATRIBUT SEKOLAH > SERAGAM SEKOLAH > SERAGAM PANGSI,36,36,36
1298,SERAGAM PRAMUKA,,4,0,true,A008-15-02-05,05,true,true,0008000F00020005,452,SERAGAM SEKOLAH,Fashion > SERAGAM & ATRIBUT SEKOLAH > SERAGAM SEKOLAH,Fashion > SERAGAM & ATRIBUT SEKOLAH > SERAGAM SEKOLAH > SERAGAM PRAMUKA,82,64,82
1828,-,-,2,0,true,A008-0000,0000,false,true,0008000G,8,Fashion,Fashion,Fashion > -,0,0,0
9,Kosmetik dan Alat Kecantikan,Cosmetics and Beauty,1,5,false,A009,A009,true,true,0009,,,,Kosmetik dan Alat Kecantikan,43,27,1880
62,ALAT KECANTIKAN,,2,2,false,A009-01,01,true,true,00090001,9,Kosmetik dan Alat Kecantikan,Kosmetik dan Alat Kecantikan,Kosmetik dan Alat Kecantikan > ALAT KECANTIKAN,6,4,503
453,KUAS & APLIKATOR MAKE UP,,3,6,false,A009-01-01,01,true,true,000900010001,62,ALAT KECANTIKAN,Kosmetik dan Alat Kecantikan > ALAT KECANTIKAN,Kosmetik dan Alat Kecantikan > ALAT KECANTIKAN > KUAS & APLIKATOR MAKE UP,12,12,210
1299,BRUSH SET,,4,0,true,A009-01-01-01,01,true,true,0009000100010001,453,KUAS & APLIKATOR MAKE UP,Kosmetik dan Alat Kecantikan > ALAT KECANTIKAN > KUAS & APLIKATOR MAKE UP,Kosmetik dan Alat Kecantikan > ALAT KECANTIKAN > KUAS & APLIKATOR MAKE UP > BRUSH SET,21,17,21
1300,KUAS BIBIR,,4,0,true,A009-01-01-02,02,true,true,0009000100010002,453,KUAS & APLIKATOR MAKE UP,Kosmetik dan Alat Kecantikan > ALAT KECANTIKAN > KUAS & APLIKATOR MAKE UP,Kosmetik dan Alat Kecantikan > ALAT KECANTIKAN > KUAS & APLIKATOR MAKE UP > KUAS BIBIR,2,1,2
1301,KUAS MASKER,,4,0,true,A009-01-01-03,03,true,true,0009000100010003,453,KUAS & APLIKATOR MAKE UP,Kosmetik dan Alat Kecantikan > ALAT KECANTIKAN > KUAS & APLIKATOR MAKE UP,Kosmetik dan Alat Kecantikan > ALAT KECANTIKAN > KUAS & APLIKATOR MAKE UP > KUAS MASKER,4,3,4
1302,KUAS MATA,,4,0,true,A009-01-01-04,04,true,true,0009000100010004,453,KUAS & APLIKATOR MAKE UP,Kosmetik dan Alat Kecantikan > ALAT KECANTIKAN > KUAS & APLIKATOR MAKE UP,Kosmetik dan Alat Kecantikan > ALAT KECANTIKAN > KUAS & APLIKATOR MAKE UP > KUAS MATA,1,1,1
1303,KUAS WAJAH,,4,0,true,A009-01-01-05,05,true,true,0009000100010005,453,KUAS & APLIKATOR MAKE UP,Kosmetik dan Alat Kecantikan > ALAT KECANTIKAN > KUAS & APLIKATOR MAKE UP,Kosmetik dan Alat Kecantikan > ALAT KECANTIKAN > KUAS & APLIKATOR MAKE UP > KUAS WAJAH,16,15,16
1304,SPONGE / BLENDER / APLIKATOR MAKE UP,,4,0,true,A009-01-01-06,06,true,true,0009000100010006,453,KUAS & APLIKATOR MAKE UP,Kosmetik dan Alat Kecantikan > ALAT KECANTIKAN > KUAS & APLIKATOR MAKE UP,Kosmetik dan Alat Kecantikan > ALAT KECANTIKAN > KUAS & APLIKATOR MAKE UP > SPONGE / BLENDER / APLIKATOR MAKE UP,154,133,154
454,AKSESORIS ALAT KECANTIKAN,,3,6,false,A009-01-02,02,true,true,000900010002,62,ALAT KECANTIKAN,Kosmetik dan Alat Kecantikan > ALAT KECANTIKAN,Kosmetik dan Alat Kecantikan > ALAT KECANTIKAN > AKSESORIS ALAT KECANTIKAN,31,30,287
1305,KACA & RAUTAN PENSIL ,,4,0,true,A009-01-02-01,01,true,true,0009000100020001,454,AKSESORIS ALAT KECANTIKAN,Kosmetik dan Alat Kecantikan > ALAT KECANTIKAN > AKSESORIS ALAT KECANTIKAN,Kosmetik dan Alat Kecantikan > ALAT KECANTIKAN > AKSESORIS ALAT KECANTIKAN > KACA & RAUTAN PENSIL ,3,3,3
1306,LEM BULU MATA,,4,0,true,A009-01-02-02,02,true,true,0009000100020002,454,AKSESORIS ALAT KECANTIKAN,Kosmetik dan Alat Kecantikan > ALAT KECANTIKAN > AKSESORIS ALAT KECANTIKAN,Kosmetik dan Alat Kecantikan > ALAT KECANTIKAN > AKSESORIS ALAT KECANTIKAN > LEM BULU MATA,12,12,12
1307,MAKEUP & TRAVEL CASE,,4,0,true,A009-01-02-03,03,true,true,0009000100020003,454,AKSESORIS ALAT KECANTIKAN,Kosmetik dan Alat Kecantikan > ALAT KECANTIKAN > AKSESORIS ALAT KECANTIKAN,Kosmetik dan Alat Kecantikan > ALAT KECANTIKAN > AKSESORIS ALAT KECANTIKAN > MAKEUP & TRAVEL CASE,148,139,148
1308,PENJEPIT BULU MATA,,4,0,true,A009-01-02-04,04,true,true,0009000100020004,454,AKSESORIS ALAT KECANTIKAN,Kosmetik dan Alat Kecantikan > ALAT KECANTIKAN > AKSESORIS ALAT KECANTIKAN,Kosmetik dan Alat Kecantikan > ALAT KECANTIKAN > AKSESORIS ALAT KECANTIKAN > PENJEPIT BULU MATA,18,18,18
1309,PERALATAN MANICURE & PEDICURE,,4,0,true,A009-01-02-05,05,true,true,0009000100020005,454,AKSESORIS ALAT KECANTIKAN,Kosmetik dan Alat Kecantikan > ALAT KECANTIKAN > AKSESORIS ALAT KECANTIKAN,Kosmetik dan Alat Kecantikan > ALAT KECANTIKAN > AKSESORIS ALAT KECANTIKAN > PERALATAN MANICURE & PEDICURE,28,24,28
1310,PINSET & PERALATAN ALIS,,4,0,true,A009-01-02-06,06,true,true,0009000100020006,454,AKSESORIS ALAT KECANTIKAN,Kosmetik dan Alat Kecantikan > ALAT KECANTIKAN > AKSESORIS ALAT KECANTIKAN,Kosmetik dan Alat Kecantikan > ALAT KECANTIKAN > AKSESORIS ALAT KECANTIKAN > PINSET & PERALATAN ALIS,47,47,47
63,MAKE UP BIBIR,,2,5,false,A009-02,02,true,true,00090002,9,Kosmetik dan Alat Kecantikan,Kosmetik dan Alat Kecantikan,Kosmetik dan Alat Kecantikan > MAKE UP BIBIR,7,5,558
455,LIP BALM,,3,0,true,A009-02-01,01,true,true,000900020001,63,MAKE UP BIBIR,Kosmetik dan Alat Kecantikan > MAKE UP BIBIR,Kosmetik dan Alat Kecantikan > MAKE UP BIBIR > LIP BALM,46,33,46
456,LIP GLOSS,,3,0,true,A009-02-02,02,true,true,000900020002,63,MAKE UP BIBIR,Kosmetik dan Alat Kecantikan > MAKE UP BIBIR,Kosmetik dan Alat Kecantikan > MAKE UP BIBIR > LIP GLOSS,5,2,5
457,LIP LINER,,3,0,true,A009-02-03,03,true,true,000900020003,63,MAKE UP BIBIR,Kosmetik dan Alat Kecantikan > MAKE UP BIBIR,Kosmetik dan Alat Kecantikan > MAKE UP BIBIR > LIP LINER,1,1,1
458,LIPSTICK,,3,0,true,A009-02-04,04,true,true,000900020004,63,MAKE UP BIBIR,Kosmetik dan Alat Kecantikan > MAKE UP BIBIR,Kosmetik dan Alat Kecantikan > MAKE UP BIBIR > LIPSTICK,482,331,482
459,PERAWATAN BIBIR,,3,0,true,A009-02-05,05,true,true,000900020005,63,MAKE UP BIBIR,Kosmetik dan Alat Kecantikan > MAKE UP BIBIR,Kosmetik dan Alat Kecantikan > MAKE UP BIBIR > PERAWATAN BIBIR,17,16,17
64,MAKE UP KUKU,,2,4,false,A009-03,03,true,true,00090003,9,Kosmetik dan Alat Kecantikan,Kosmetik dan Alat Kecantikan,Kosmetik dan Alat Kecantikan > MAKE UP KUKU,6,6,113
460,DEKORASI PEWARNA KUKU,,3,0,true,A009-03-01,01,true,true,000900030001,64,MAKE UP KUKU,Kosmetik dan Alat Kecantikan > MAKE UP KUKU,Kosmetik dan Alat Kecantikan > MAKE UP KUKU > DEKORASI PEWARNA KUKU,9,9,9
461,PEMBERSIH KUKU,,3,0,true,A009-03-02,02,true,true,000900030002,64,MAKE UP KUKU,Kosmetik dan Alat Kecantikan > MAKE UP KUKU,Kosmetik dan Alat Kecantikan > MAKE UP KUKU > PEMBERSIH KUKU,8,7,8
462,PERAWATAN KUKU,,3,0,true,A009-03-03,03,true,true,000900030003,64,MAKE UP KUKU,Kosmetik dan Alat Kecantikan > MAKE UP KUKU,Kosmetik dan Alat Kecantikan > MAKE UP KUKU > PERAWATAN KUKU,6,6,6
463,PEWARNA KUKU,,3,0,true,A009-03-04,04,true,true,000900030004,64,MAKE UP KUKU,Kosmetik dan Alat Kecantikan > MAKE UP KUKU,Kosmetik dan Alat Kecantikan > MAKE UP KUKU > PEWARNA KUKU,84,71,84
65,MAKE UP MATA,,2,7,false,A009-04,04,true,true,00090004,9,Kosmetik dan Alat Kecantikan,Kosmetik dan Alat Kecantikan,Kosmetik dan Alat Kecantikan > MAKE UP MATA,2,2,182
464,BULU MATA PALSU,,3,0,true,A009-04-01,01,true,true,000900040001,65,MAKE UP MATA,Kosmetik dan Alat Kecantikan > MAKE UP MATA,Kosmetik dan Alat Kecantikan > MAKE UP MATA > BULU MATA PALSU,54,54,54
465,EYE PRIMER,,3,0,true,A009-04-02,02,true,true,000900040002,65,MAKE UP MATA,Kosmetik dan Alat Kecantikan > MAKE UP MATA,Kosmetik dan Alat Kecantikan > MAKE UP MATA > EYE PRIMER,0,0,0
466,EYEBROW,,3,0,true,A009-04-03,03,true,true,000900040003,65,MAKE UP MATA,Kosmetik dan Alat Kecantikan > MAKE UP MATA,Kosmetik dan Alat Kecantikan > MAKE UP MATA > EYEBROW,54,37,54
467,EYELINER,,3,0,true,A009-04-04,04,true,true,000900040004,65,MAKE UP MATA,Kosmetik dan Alat Kecantikan > MAKE UP MATA,Kosmetik dan Alat Kecantikan > MAKE UP MATA > EYELINER,21,18,21
468,EYESHADOW,,3,0,true,A009-04-05,05,true,true,000900040005,65,MAKE UP MATA,Kosmetik dan Alat Kecantikan > MAKE UP MATA,Kosmetik dan Alat Kecantikan > MAKE UP MATA > EYESHADOW,23,17,23
469,MASKARA,,3,0,true,A009-04-06,06,true,true,000900040006,65,MAKE UP MATA,Kosmetik dan Alat Kecantikan > MAKE UP MATA,Kosmetik dan Alat Kecantikan > MAKE UP MATA > MASKARA,26,20,26
470,PALET MATA & SET,,3,0,true,A009-04-07,07,true,true,000900040007,65,MAKE UP MATA,Kosmetik dan Alat Kecantikan > MAKE UP MATA,Kosmetik dan Alat Kecantikan > MAKE UP MATA > PALET MATA & SET,2,2,2
66,MAKE UP WAJAH,,2,10,false,A009-05,05,true,true,00090005,9,Kosmetik dan Alat Kecantikan,Kosmetik dan Alat Kecantikan,Kosmetik dan Alat Kecantikan > MAKE UP WAJAH,2,1,481
471,BB & CC CREAM,,3,0,true,A009-05-01,01,true,true,000900050001,66,MAKE UP WAJAH,Kosmetik dan Alat Kecantikan > MAKE UP WAJAH,Kosmetik dan Alat Kecantikan > MAKE UP WAJAH > BB & CC CREAM,31,18,31
472,BEDAK WAJAH,,3,0,true,A009-05-02,02,true,true,000900050002,66,MAKE UP WAJAH,Kosmetik dan Alat Kecantikan > MAKE UP WAJAH,Kosmetik dan Alat Kecantikan > MAKE UP WAJAH > BEDAK WAJAH,255,186,255
473,BLUSH ON (PERONA PIPI),,3,0,true,A009-05-03,03,true,true,000900050003,66,MAKE UP WAJAH,Kosmetik dan Alat Kecantikan > MAKE UP WAJAH,Kosmetik dan Alat Kecantikan > MAKE UP WAJAH > BLUSH ON (PERONA PIPI),49,33,49
474,BRONZER ,,3,0,true,A009-05-04,04,true,true,000900050004,66,MAKE UP WAJAH,Kosmetik dan Alat Kecantikan > MAKE UP WAJAH,Kosmetik dan Alat Kecantikan > MAKE UP WAJAH > BRONZER ,0,0,0
475,CONCEALER,,3,0,true,A009-05-05,05,true,true,000900050005,66,MAKE UP WAJAH,Kosmetik dan Alat Kecantikan > MAKE UP WAJAH,Kosmetik dan Alat Kecantikan > MAKE UP WAJAH > CONCEALER,14,9,14
476,FACE PAINT,,3,0,true,A009-05-06,06,true,true,000900050006,66,MAKE UP WAJAH,Kosmetik dan Alat Kecantikan > MAKE UP WAJAH,Kosmetik dan Alat Kecantikan > MAKE UP WAJAH > FACE PAINT,0,0,0
477,FOUNDATION (DASAR MAKE UP),,3,0,true,A009-05-07,07,true,true,000900050007,66,MAKE UP WAJAH,Kosmetik dan Alat Kecantikan > MAKE UP WAJAH,Kosmetik dan Alat Kecantikan > MAKE UP WAJAH > FOUNDATION (DASAR MAKE UP),107,68,107
478,HIGHLIGHTER,,3,0,true,A009-05-08,08,true,true,000900050008,66,MAKE UP WAJAH,Kosmetik dan Alat Kecantikan > MAKE UP WAJAH,Kosmetik dan Alat Kecantikan > MAKE UP WAJAH > HIGHLIGHTER,6,1,6
479,PRIMER,,3,0,true,A009-05-09,09,true,true,000900050009,66,MAKE UP WAJAH,Kosmetik dan Alat Kecantikan > MAKE UP WAJAH,Kosmetik dan Alat Kecantikan > MAKE UP WAJAH > PRIMER,5,5,5
1862,SETTING SPRAY,,3,0,true,A009-05-10,10,true,true,00090005000A,66,MAKE UP WAJAH,Kosmetik dan Alat Kecantikan > MAKE UP WAJAH,Kosmetik dan Alat Kecantikan > MAKE UP WAJAH > SETTING SPRAY,12,9,12
10,Mainan dan Alat Lainnya,Toys and Tools,1,8,false,A010,A010,true,true,000A,,,,Mainan dan Alat Lainnya,1048,1040,4528
67,BONEKA ,,2,0,true,A010-01,01,true,true,000A0001,10,Mainan dan Alat Lainnya,Mainan dan Alat Lainnya,Mainan dan Alat Lainnya > BONEKA ,518,460,518
68,MAINAN ANAK LAKI-LAKI,,2,0,true,A010-02,02,true,true,000A0002,10,Mainan dan Alat Lainnya,Mainan dan Alat Lainnya,Mainan dan Alat Lainnya > MAINAN ANAK LAKI-LAKI,1319,1277,1319
69,MAINAN ANAK PEREMPUAN,,2,0,true,A010-03,03,true,true,000A0003,10,Mainan dan Alat Lainnya,Mainan dan Alat Lainnya,Mainan dan Alat Lainnya > MAINAN ANAK PEREMPUAN,496,480,496
70,MAINAN BAYI & BALITA,,2,0,true,A010-04,04,true,true,000A0004,10,Mainan dan Alat Lainnya,Mainan dan Alat Lainnya,Mainan dan Alat Lainnya > MAINAN BAYI & BALITA,95,84,95
71,MAINAN DENGAN PAPAN (BOARD GAME),,2,5,false,A010-05,05,true,true,000A0005,10,Mainan dan Alat Lainnya,Mainan dan Alat Lainnya,Mainan dan Alat Lainnya > MAINAN DENGAN PAPAN (BOARD GAME),16,14,58
480,CATUR,,3,0,true,A010-05-01,01,true,true,000A00050001,71,MAINAN DENGAN PAPAN (BOARD GAME),Mainan dan Alat Lainnya > MAINAN DENGAN PAPAN (BOARD GAME),Mainan dan Alat Lainnya > MAINAN DENGAN PAPAN (BOARD GAME) > CATUR,22,22,22
481,DART,,3,0,true,A010-05-02,02,true,true,000A00050002,71,MAINAN DENGAN PAPAN (BOARD GAME),Mainan dan Alat Lainnya > MAINAN DENGAN PAPAN (BOARD GAME),Mainan dan Alat Lainnya > MAINAN DENGAN PAPAN (BOARD GAME) > DART,1,1,1
482,KARAMBOL,,3,2,false,A010-05-03,03,true,true,000A00050003,71,MAINAN DENGAN PAPAN (BOARD GAME),Mainan dan Alat Lainnya > MAINAN DENGAN PAPAN (BOARD GAME),Mainan dan Alat Lainnya > MAINAN DENGAN PAPAN (BOARD GAME) > KARAMBOL,2,2,16
1311,KOIN KARAMBOL,,4,0,true,A010-05-03-01,01,true,true,000A000500030001,482,KARAMBOL,Mainan dan Alat Lainnya > MAINAN DENGAN PAPAN (BOARD GAME) > KARAMBOL,Mainan dan Alat Lainnya > MAINAN DENGAN PAPAN (BOARD GAME) > KARAMBOL > KOIN KARAMBOL,7,4,7
1312,PAPAN KARAMBOL,,4,0,true,A010-05-03-02,02,true,true,000A000500030002,482,KARAMBOL,Mainan dan Alat Lainnya > MAINAN DENGAN PAPAN (BOARD GAME) > KARAMBOL,Mainan dan Alat Lainnya > MAINAN DENGAN PAPAN (BOARD GAME) > KARAMBOL > PAPAN KARAMBOL,7,7,7
483,LUDO,,3,0,true,A010-05-04,04,true,true,000A00050004,71,MAINAN DENGAN PAPAN (BOARD GAME),Mainan dan Alat Lainnya > MAINAN DENGAN PAPAN (BOARD GAME),Mainan dan Alat Lainnya > MAINAN DENGAN PAPAN (BOARD GAME) > LUDO,0,0,0
484,MONOPOLI,,3,0,true,A010-05-05,05,true,true,000A00050005,71,MAINAN DENGAN PAPAN (BOARD GAME),Mainan dan Alat Lainnya > MAINAN DENGAN PAPAN (BOARD GAME),Mainan dan Alat Lainnya > MAINAN DENGAN PAPAN (BOARD GAME) > MONOPOLI,3,3,3
72,MAINAN OLAHRAGA DAN AKTIVITAS,,2,4,false,A010-06,06,true,true,000A0006,10,Mainan dan Alat Lainnya,Mainan dan Alat Lainnya,Mainan dan Alat Lainnya > MAINAN OLAHRAGA DAN AKTIVITAS,683,669,771
485,KARPET PUZZLE,,3,0,true,A010-06-01,01,true,true,000A00060001,72,MAINAN OLAHRAGA DAN AKTIVITAS,Mainan dan Alat Lainnya > MAINAN OLAHRAGA DAN AKTIVITAS,Mainan dan Alat Lainnya > MAINAN OLAHRAGA DAN AKTIVITAS > KARPET PUZZLE,2,2,2
486,MANDI BOLA,,3,0,true,A010-06-02,02,true,true,000A00060002,72,MAINAN OLAHRAGA DAN AKTIVITAS,Mainan dan Alat Lainnya > MAINAN OLAHRAGA DAN AKTIVITAS,Mainan dan Alat Lainnya > MAINAN OLAHRAGA DAN AKTIVITAS > MANDI BOLA,15,15,15
487,PEROSOTAN,,3,0,true,A010-06-03,03,true,true,000A00060003,72,MAINAN OLAHRAGA DAN AKTIVITAS,Mainan dan Alat Lainnya > MAINAN OLAHRAGA DAN AKTIVITAS,Mainan dan Alat Lainnya > MAINAN OLAHRAGA DAN AKTIVITAS > PEROSOTAN,0,0,0
488,SEPEDA ANAK,,3,0,true,A010-06-04,04,true,true,000A00060004,72,MAINAN OLAHRAGA DAN AKTIVITAS,Mainan dan Alat Lainnya > MAINAN OLAHRAGA DAN AKTIVITAS,Mainan dan Alat Lainnya > MAINAN OLAHRAGA DAN AKTIVITAS > SEPEDA ANAK,71,69,71
73,PERMAINAN KARTU,,2,2,false,A010-07,07,true,true,000A0007,10,Mainan dan Alat Lainnya,Mainan dan Alat Lainnya,Mainan dan Alat Lainnya > PERMAINAN KARTU,21,20,26
489,KARTU DOMINO,,3,0,true,A010-07-01,01,true,true,000A00070001,73,PERMAINAN KARTU,Mainan dan Alat Lainnya > PERMAINAN KARTU,Mainan dan Alat Lainnya > PERMAINAN KARTU > KARTU DOMINO,2,2,2
490,KARTU REMI,,3,0,true,A010-07-02,02,true,true,000A00070002,73,PERMAINAN KARTU,Mainan dan Alat Lainnya > PERMAINAN KARTU,Mainan dan Alat Lainnya > PERMAINAN KARTU > KARTU REMI,3,3,3
74,ALAT LAINNYA,,2,10,false,A010-08,08,true,true,000A0008,10,Mainan dan Alat Lainnya,Mainan dan Alat Lainnya,Mainan dan Alat Lainnya > ALAT LAINNYA,76,76,197
491,ALAT REFLEKSI,,3,0,true,A010-08-01,01,true,true,000A00080001,74,ALAT LAINNYA,Mainan dan Alat Lainnya > ALAT LAINNYA,Mainan dan Alat Lainnya > ALAT LAINNYA > ALAT REFLEKSI,48,44,48
492,BUBBLE WRAP ,,3,0,true,A010-08-02,02,true,true,000A00080002,74,ALAT LAINNYA,Mainan dan Alat Lainnya > ALAT LAINNYA,Mainan dan Alat Lainnya > ALAT LAINNYA > BUBBLE WRAP ,1,1,1
493,KOMPAS,,3,0,true,A010-08-03,03,true,true,000A00080003,74,ALAT LAINNYA,Mainan dan Alat Lainnya > ALAT LAINNYA,Mainan dan Alat Lainnya > ALAT LAINNYA > KOMPAS,1,1,1
494,PENGGARUK PUNGGUNG,,3,0,true,A010-08-04,04,true,true,000A00080004,74,ALAT LAINNYA,Mainan dan Alat Lainnya > ALAT LAINNYA,Mainan dan Alat Lainnya > ALAT LAINNYA > PENGGARUK PUNGGUNG,15,14,15
495,SENDAL KESEHATAN,,3,0,true,A010-08-05,05,true,true,000A00080005,74,ALAT LAINNYA,Mainan dan Alat Lainnya > ALAT LAINNYA,Mainan dan Alat Lainnya > ALAT LAINNYA > SENDAL KESEHATAN,2,2,2
496,SLEEPING BAG,,3,0,true,A010-08-06,06,true,true,000A00080006,74,ALAT LAINNYA,Mainan dan Alat Lainnya > ALAT LAINNYA,Mainan dan Alat Lainnya > ALAT LAINNYA > SLEEPING BAG,4,4,4
497,TENDA,,3,0,true,A010-08-07,07,true,true,000A00080007,74,ALAT LAINNYA,Mainan dan Alat Lainnya > ALAT LAINNYA,Mainan dan Alat Lainnya > ALAT LAINNYA > TENDA,35,32,35
498,TERPAL,,3,0,true,A010-08-08,08,true,true,000A00080008,74,ALAT LAINNYA,Mainan dan Alat Lainnya > ALAT LAINNYA,Mainan dan Alat Lainnya > ALAT LAINNYA > TERPAL,3,3,3
499,TONGKAT JALAN,,3,0,true,A010-08-09,09,true,true,000A00080009,74,ALAT LAINNYA,Mainan dan Alat Lainnya > ALAT LAINNYA,Mainan dan Alat Lainnya > ALAT LAINNYA > TONGKAT JALAN,12,12,12
500,TONGKAT PATROLI,,3,0,true,A010-08-10,10,true,true,000A0008000A,74,ALAT LAINNYA,Mainan dan Alat Lainnya > ALAT LAINNYA,Mainan dan Alat Lainnya > ALAT LAINNYA > TONGKAT PATROLI,0,0,0
23,Perawatan Diri & Rumah Tangga,Personal Care and Household Needs,1,2,false,A003,A003,true,true,000B,,,,Perawatan Diri & Rumah Tangga,23,9,22722
22,Perawatan Diri,Self-Care,2,14,false,A003-01,01,true,true,000B0008,23,Perawatan Diri & Rumah Tangga,Perawatan Diri & Rumah Tangga,Perawatan Diri & Rumah Tangga > Perawatan Diri,9,4,7340
135,PERAWATAN RAMBUT,,3,11,false,A003-01-01,01,true,true,000B00080001,22,Perawatan Diri,Perawatan Diri & Rumah Tangga > Perawatan Diri,Perawatan Diri & Rumah Tangga > Perawatan Diri > PERAWATAN RAMBUT,16,9,1408
872,HAIR MOISTURIZER,,4,0,true,A003-01-01-01,01,true,true,000B000800010001,135,PERAWATAN RAMBUT,Perawatan Diri & Rumah Tangga > Perawatan Diri > PERAWATAN RAMBUT,Perawatan Diri & Rumah Tangga > Perawatan Diri > PERAWATAN RAMBUT > HAIR MOISTURIZER,1,0,1
873,KONDISIONER RAMBUT (HAIR CONDITIONER),,4,0,true,A003-01-01-02,02,true,true,000B000800010002,135,PERAWATAN RAMBUT,Perawatan Diri & Rumah Tangga > Perawatan Diri > PERAWATAN RAMBUT,Perawatan Diri & Rumah Tangga > Perawatan Diri > PERAWATAN RAMBUT > KONDISIONER RAMBUT (HAIR CONDITIONER),136,66,136
874,MASKER RAMBUT (HAIR MASK),,4,0,true,A003-01-01-03,03,true,true,000B000800010003,135,PERAWATAN RAMBUT,Perawatan Diri & Rumah Tangga > Perawatan Diri > PERAWATAN RAMBUT,Perawatan Diri & Rumah Tangga > Perawatan Diri > PERAWATAN RAMBUT > MASKER RAMBUT (HAIR MASK),70,46,70
875,PENATA RAMBUT (WAX/GEL/POMADE/FOAM),,4,0,true,A003-01-01-04,04,true,true,000B000800010004,135,PERAWATAN RAMBUT,Perawatan Diri & Rumah Tangga > Perawatan Diri > PERAWATAN RAMBUT,Perawatan Diri & Rumah Tangga > Perawatan Diri > PERAWATAN RAMBUT > PENATA RAMBUT (WAX/GEL/POMADE/FOAM),112,84,112
876,PENYUBUR RAMBUT,,4,0,true,A003-01-01-05,05,true,true,000B000800010005,135,PERAWATAN RAMBUT,Perawatan Diri & Rumah Tangga > Perawatan Diri > PERAWATAN RAMBUT,Perawatan Diri & Rumah Tangga > Perawatan Diri > PERAWATAN RAMBUT > PENYUBUR RAMBUT,11,11,11
877,PEWARNA RAMBUT,,4,0,true,A003-01-01-06,06,true,true,000B000800010006,135,PERAWATAN RAMBUT,Perawatan Diri & Rumah Tangga > Perawatan Diri > PERAWATAN RAMBUT,Perawatan Diri & Rumah Tangga > Perawatan Diri > PERAWATAN RAMBUT > PEWARNA RAMBUT,201,123,201
878,SERUM RAMBUT,,4,0,true,A003-01-01-07,07,true,true,000B000800010007,135,PERAWATAN RAMBUT,Perawatan Diri & Rumah Tangga > Perawatan Diri > PERAWATAN RAMBUT,Perawatan Diri & Rumah Tangga > Perawatan Diri > PERAWATAN RAMBUT > SERUM RAMBUT,12,9,12
879,SHAMPOO,,4,0,true,A003-01-01-08,08,true,true,000B000800010008,135,PERAWATAN RAMBUT,Perawatan Diri & Rumah Tangga > Perawatan Diri > PERAWATAN RAMBUT,Perawatan Diri & Rumah Tangga > Perawatan Diri > PERAWATAN RAMBUT > SHAMPOO,719,431,719
880,SPRAY RAMBUT,,4,0,true,A003-01-01-09,09,true,true,000B000800010009,135,PERAWATAN RAMBUT,Perawatan Diri & Rumah Tangga > Perawatan Diri > PERAWATAN RAMBUT,Perawatan Diri & Rumah Tangga > Perawatan Diri > PERAWATAN RAMBUT > SPRAY RAMBUT,20,13,20
881,TONIK RAMBUT (HAIR TONIC),,4,0,true,A003-01-01-10,10,true,true,000B00080001000A,135,PERAWATAN RAMBUT,Perawatan Diri & Rumah Tangga > Perawatan Diri > PERAWATAN RAMBUT,Perawatan Diri & Rumah Tangga > Perawatan Diri > PERAWATAN RAMBUT > TONIK RAMBUT (HAIR TONIC),29,18,29
882,VITAMIN RAMBUT,,4,0,true,A003-01-01-11,11,true,true,000B00080001000B,135,PERAWATAN RAMBUT,Perawatan Diri & Rumah Tangga > Perawatan Diri > PERAWATAN RAMBUT,Perawatan Diri & Rumah Tangga > Perawatan Diri > PERAWATAN RAMBUT > VITAMIN RAMBUT,81,64,81
136,PERAWATAN WAJAH,,3,14,false,A003-01-02,02,true,true,000B00080002,22,Perawatan Diri,Perawatan Diri & Rumah Tangga > Perawatan Diri,Perawatan Diri & Rumah Tangga > Perawatan Diri > PERAWATAN WAJAH,29,19,1318
883,FACE MOISTURIZER,,4,0,true,A003-01-02-01,01,true,true,000B000800020001,136,PERAWATAN WAJAH,Perawatan Diri & Rumah Tangga > Perawatan Diri > PERAWATAN WAJAH,Perawatan Diri & Rumah Tangga > Perawatan Diri > PERAWATAN WAJAH > FACE MOISTURIZER,109,83,109
884,KAPAS KECANTIKAN,,4,0,true,A003-01-02-02,02,true,true,000B000800020002,136,PERAWATAN WAJAH,Perawatan Diri & Rumah Tangga > Perawatan Diri > PERAWATAN WAJAH,Perawatan Diri & Rumah Tangga > Perawatan Diri > PERAWATAN WAJAH > KAPAS KECANTIKAN,43,36,43
885,KERTAS MINYAK WAJAH,,4,0,true,A003-01-02-03,03,true,true,000B000800020003,136,PERAWATAN WAJAH,Perawatan Diri & Rumah Tangga > Perawatan Diri > PERAWATAN WAJAH,Perawatan Diri & Rumah Tangga > Perawatan Diri > PERAWATAN WAJAH > KERTAS MINYAK WAJAH,5,3,5
886,KRIM MATA,,4,0,true,A003-01-02-04,04,true,true,000B000800020004,136,PERAWATAN WAJAH,Perawatan Diri & Rumah Tangga > Perawatan Diri > PERAWATAN WAJAH,Perawatan Diri & Rumah Tangga > Perawatan Diri > PERAWATAN WAJAH > KRIM MATA,8,2,8
887,KRIM WAJAH,,4,0,true,A003-01-02-05,05,true,true,000B000800020005,136,PERAWATAN WAJAH,Perawatan Diri & Rumah Tangga > Perawatan Diri > PERAWATAN WAJAH,Perawatan Diri & Rumah Tangga > Perawatan Diri > PERAWATAN WAJAH > KRIM WAJAH,140,68,140
888,LOTION SCRUB WAJAH,,4,0,true,A003-01-02-06,06,true,true,000B000800020006,136,PERAWATAN WAJAH,Perawatan Diri & Rumah Tangga > Perawatan Diri > PERAWATAN WAJAH,Perawatan Diri & Rumah Tangga > Perawatan Diri > PERAWATAN WAJAH > LOTION SCRUB WAJAH,51,37,51
889,MASKER KECANTIKAN,,4,0,true,A003-01-02-07,07,true,true,000B000800020007,136,PERAWATAN WAJAH,Perawatan Diri & Rumah Tangga > Perawatan Diri > PERAWATAN WAJAH,Perawatan Diri & Rumah Tangga > Perawatan Diri > PERAWATAN WAJAH > MASKER KECANTIKAN,212,64,212
890,MICELLAR WATER,,4,0,true,A003-01-02-08,08,true,true,000B000800020008,136,PERAWATAN WAJAH,Perawatan Diri & Rumah Tangga > Perawatan Diri > PERAWATAN WAJAH,Perawatan Diri & Rumah Tangga > Perawatan Diri > PERAWATAN WAJAH > MICELLAR WATER,104,74,104
891,PEMBERSIH WAJAH (FACE WASH),,4,0,true,A003-01-02-09,09,true,true,000B000800020009,136,PERAWATAN WAJAH,Perawatan Diri & Rumah Tangga > Perawatan Diri > PERAWATAN WAJAH,Perawatan Diri & Rumah Tangga > Perawatan Diri > PERAWATAN WAJAH > PEMBERSIH WAJAH (FACE WASH),412,273,412
892,PORE PACK,,4,0,true,A003-01-02-10,10,true,true,000B00080002000A,136,PERAWATAN WAJAH,Perawatan Diri & Rumah Tangga > Perawatan Diri > PERAWATAN WAJAH,Perawatan Diri & Rumah Tangga > Perawatan Diri > PERAWATAN WAJAH > PORE PACK,6,3,6
893,SABUN ANTI JERAWAT,,4,0,true,A003-01-02-11,11,true,true,000B00080002000B,136,PERAWATAN WAJAH,Perawatan Diri & Rumah Tangga > Perawatan Diri > PERAWATAN WAJAH,Perawatan Diri & Rumah Tangga > Perawatan Diri > PERAWATAN WAJAH > SABUN ANTI JERAWAT,3,3,3
894,SERUM WAJAH,,4,0,true,A003-01-02-12,12,true,true,000B00080002000C,136,PERAWATAN WAJAH,Perawatan Diri & Rumah Tangga > Perawatan Diri > PERAWATAN WAJAH,Perawatan Diri & Rumah Tangga > Perawatan Diri > PERAWATAN WAJAH > SERUM WAJAH,99,41,99
895,TONER,,4,0,true,A003-01-02-13,13,true,true,000B00080002000D,136,PERAWATAN WAJAH,Perawatan Diri & Rumah Tangga > Perawatan Diri > PERAWATAN WAJAH,Perawatan Diri & Rumah Tangga > Perawatan Diri > PERAWATAN WAJAH > TONER,79,43,79
1861,KRIM JERAWAT,,4,0,true,A003-01-02-14,14,true,true,000B00080002000E,136,PERAWATAN WAJAH,Perawatan Diri & Rumah Tangga > Perawatan Diri > PERAWATAN WAJAH,Perawatan Diri & Rumah Tangga > Perawatan Diri > PERAWATAN WAJAH > KRIM JERAWAT,18,16,18
137,PERAWATAN BADAN,,3,12,false,A003-01-03,03,true,true,000B00080003,22,Perawatan Diri,Perawatan Diri & Rumah Tangga > Perawatan Diri,Perawatan Diri & Rumah Tangga > Perawatan Diri > PERAWATAN BADAN,4,3,1679
896,ANTI NYAMUK,,4,2,false,A003-01-03-01,01,true,true,000B000800030001,137,PERAWATAN BADAN,Perawatan Diri & Rumah Tangga > Perawatan Diri > PERAWATAN BADAN,Perawatan Diri & Rumah Tangga > Perawatan Diri > PERAWATAN BADAN > ANTI NYAMUK,1,1,29
1360,ANTI NYAMUK LOTION,,5,0,true,A003-01-03-01-01,01,true,true,000B0008000300010001,896,ANTI NYAMUK,Perawatan Diri & Rumah Tangga > Perawatan Diri > PERAWATAN BADAN > ANTI NYAMUK,Perawatan Diri & Rumah Tangga > Perawatan Diri > PERAWATAN BADAN > ANTI NYAMUK > ANTI NYAMUK LOTION,21,16,21
1361,ANTI NYAMUK SPRAY,,5,0,true,A003-01-03-01-02,02,true,true,000B0008000300010002,896,ANTI NYAMUK,Perawatan Diri & Rumah Tangga > Perawatan Diri > PERAWATAN BADAN > ANTI NYAMUK,Perawatan Diri & Rumah Tangga > Perawatan Diri > PERAWATAN BADAN > ANTI NYAMUK > ANTI NYAMUK SPRAY,7,5,7
897,BEDAK,,4,0,true,A003-01-03-02,02,true,true,000B000800030002,137,PERAWATAN BADAN,Perawatan Diri & Rumah Tangga > Perawatan Diri > PERAWATAN BADAN,Perawatan Diri & Rumah Tangga > Perawatan Diri > PERAWATAN BADAN > BEDAK,4,4,4
898,BODY BUTTER,,4,0,true,A003-01-03-03,03,true,true,000B000800030003,137,PERAWATAN BADAN,Perawatan Diri & Rumah Tangga > Perawatan Diri > PERAWATAN BADAN,Perawatan Diri & Rumah Tangga > Perawatan Diri > PERAWATAN BADAN > BODY BUTTER,16,12,16
899,BODY LOTION,,4,0,true,A003-01-03-04,04,true,true,000B000800030004,137,PERAWATAN BADAN,Perawatan Diri & Rumah Tangga > Perawatan Diri > PERAWATAN BADAN,Perawatan Diri & Rumah Tangga > Perawatan Diri > PERAWATAN BADAN > BODY LOTION,320,201,320
900,BODY SCRUB,,4,0,true,A003-01-03-05,05,true,true,000B000800030005,137,PERAWATAN BADAN,Perawatan Diri & Rumah Tangga > Perawatan Diri > PERAWATAN BADAN,Perawatan Diri & Rumah Tangga > Perawatan Diri > PERAWATAN BADAN > BODY SCRUB,55,37,55
901,KRIM STRETCH MARK,,4,0,true,A003-01-03-06,06,true,true,000B000800030006,137,PERAWATAN BADAN,Perawatan Diri & Rumah Tangga > Perawatan Diri > PERAWATAN BADAN,Perawatan Diri & Rumah Tangga > Perawatan Diri > PERAWATAN BADAN > KRIM STRETCH MARK,0,0,0
902,KRIM TANGAN & KAKI,,4,0,true,A003-01-03-07,07,true,true,000B000800030007,137,PERAWATAN BADAN,Perawatan Diri & Rumah Tangga > Perawatan Diri > PERAWATAN BADAN,Perawatan Diri & Rumah Tangga > Perawatan Diri > PERAWATAN BADAN > KRIM TANGAN & KAKI,16,4,16
903,LULUR ,,4,0,true,A003-01-03-08,08,true,true,000B000800030008,137,PERAWATAN BADAN,Perawatan Diri & Rumah Tangga > Perawatan Diri > PERAWATAN BADAN,Perawatan Diri & Rumah Tangga > Perawatan Diri > PERAWATAN BADAN > LULUR ,73,60,73
904,SABUN BADAN,,4,2,false,A003-01-03-09,09,true,true,000B000800030009,137,PERAWATAN BADAN,Perawatan Diri & Rumah Tangga > Perawatan Diri > PERAWATAN BADAN,Perawatan Diri & Rumah Tangga > Perawatan Diri > PERAWATAN BADAN > SABUN BADAN,4,1,902
1362,SABUN BADAN BATANG,,5,0,true,A003-01-03-09-01,01,true,true,000B0008000300090001,904,SABUN BADAN,Perawatan Diri & Rumah Tangga > Perawatan Diri > PERAWATAN BADAN > SABUN BADAN,Perawatan Diri & Rumah Tangga > Perawatan Diri > PERAWATAN BADAN > SABUN BADAN > SABUN BADAN BATANG,270,192,270
1363,SABUN BADAN CAIR,,5,2,false,A003-01-03-09-02,02,true,true,000B0008000300090002,904,SABUN BADAN,Perawatan Diri & Rumah Tangga > Perawatan Diri > PERAWATAN BADAN > SABUN BADAN,Perawatan Diri & Rumah Tangga > Perawatan Diri > PERAWATAN BADAN > SABUN BADAN > SABUN BADAN CAIR,13,3,628
1475,SABUN BADAN CAIR KEMASAN BOTOL,,6,0,true,A003-01-03-09-02-01,01,true,true,000B00080003000900020001,1363,SABUN BADAN CAIR,Perawatan Diri & Rumah Tangga > Perawatan Diri > PERAWATAN BADAN > SABUN BADAN > SABUN BADAN CAIR,Perawatan Diri & Rumah Tangga > Perawatan Diri > PERAWATAN BADAN > SABUN BADAN > SABUN BADAN CAIR > SABUN BADAN CAIR KEMASAN BOTOL,213,92,213
1476,SABUN BADAN CAIR KEMASAN REFILL,,6,0,true,A003-01-03-09-02-02,02,true,true,000B00080003000900020002,1363,SABUN BADAN CAIR,Perawatan Diri & Rumah Tangga > Perawatan Diri > PERAWATAN BADAN > SABUN BADAN > SABUN BADAN CAIR,Perawatan Diri & Rumah Tangga > Perawatan Diri > PERAWATAN BADAN > SABUN BADAN > SABUN BADAN CAIR > SABUN BADAN CAIR KEMASAN REFILL,402,274,402
905,SABUN CUCI TANGAN,,4,3,false,A003-01-03-10,10,true,true,000B00080003000A,137,PERAWATAN BADAN,Perawatan Diri & Rumah Tangga > Perawatan Diri > PERAWATAN BADAN,Perawatan Diri & Rumah Tangga > Perawatan Diri > PERAWATAN BADAN > SABUN CUCI TANGAN,4,1,123
1364,SABUN CUCI TANGAN BATANG,,5,0,true,A003-01-03-10-01,01,true,true,000B00080003000A0001,905,SABUN CUCI TANGAN,Perawatan Diri & Rumah Tangga > Perawatan Diri > PERAWATAN BADAN > SABUN CUCI TANGAN,Perawatan Diri & Rumah Tangga > Perawatan Diri > PERAWATAN BADAN > SABUN CUCI TANGAN > SABUN CUCI TANGAN BATANG,0,0,0
1365,SABUN CUCI TANGAN CAIR,,5,2,false,A003-01-03-10-02,02,true,true,000B00080003000A0002,905,SABUN CUCI TANGAN,Perawatan Diri & Rumah Tangga > Perawatan Diri > PERAWATAN BADAN > SABUN CUCI TANGAN,Perawatan Diri & Rumah Tangga > Perawatan Diri > PERAWATAN BADAN > SABUN CUCI TANGAN > SABUN CUCI TANGAN CAIR,5,3,109
1477,SABUN CUCI TANGAN CAIR KEMASAN BOTOL,,6,0,true,A003-01-03-10-02-01,01,true,true,000B00080003000A00020001,1365,SABUN CUCI TANGAN CAIR,Perawatan Diri & Rumah Tangga > Perawatan Diri > PERAWATAN BADAN > SABUN CUCI TANGAN > SABUN CUCI TANGAN CAIR,Perawatan Diri & Rumah Tangga > Perawatan Diri > PERAWATAN BADAN > SABUN CUCI TANGAN > SABUN CUCI TANGAN CAIR > SABUN CUCI TANGAN CAIR KEMASAN BOTOL,42,20,42
1478,SABUN CUCI TANGAN CAIR KEMASAN REFILL (POUCH),,6,0,true,A003-01-03-10-02-02,02,true,true,000B00080003000A00020002,1365,SABUN CUCI TANGAN CAIR,Perawatan Diri & Rumah Tangga > Perawatan Diri > PERAWATAN BADAN > SABUN CUCI TANGAN > SABUN CUCI TANGAN CAIR,Perawatan Diri & Rumah Tangga > Perawatan Diri > PERAWATAN BADAN > SABUN CUCI TANGAN > SABUN CUCI TANGAN CAIR > SABUN CUCI TANGAN CAIR KEMASAN REFILL (POUCH),62,39,62
1366,SABUN CUCI TANGAN FOAMING,,5,2,false,A003-01-03-10-03,03,true,true,000B00080003000A0003,905,SABUN CUCI TANGAN,Perawatan Diri & Rumah Tangga > Perawatan Diri > PERAWATAN BADAN > SABUN CUCI TANGAN,Perawatan Diri & Rumah Tangga > Perawatan Diri > PERAWATAN BADAN > SABUN CUCI TANGAN > SABUN CUCI TANGAN FOAMING,0,0,10
1479,SABUN CUCI TANGAN FOAMING KEMASAN BOTOL,,6,0,true,A003-01-03-10-03-01,01,true,true,000B00080003000A00030001,1366,SABUN CUCI TANGAN FOAMING,Perawatan Diri & Rumah Tangga > Perawatan Diri > PERAWATAN BADAN > SABUN CUCI TANGAN > SABUN CUCI TANGAN FOAMING,Perawatan Diri & Rumah Tangga > Perawatan Diri > PERAWATAN BADAN > SABUN CUCI TANGAN > SABUN CUCI TANGAN FOAMING > SABUN CUCI TANGAN FOAMING KEMASAN BOTOL,3,2,3
1480,SABUN CUCI TANGAN FOAMING KEMASAN REFILL (POUCH),,6,0,true,A003-01-03-10-03-02,02,true,true,000B00080003000A00030002,1366,SABUN CUCI TANGAN FOAMING,Perawatan Diri & Rumah Tangga > Perawatan Diri > PERAWATAN BADAN > SABUN CUCI TANGAN > SABUN CUCI TANGAN FOAMING,Perawatan Diri & Rumah Tangga > Perawatan Diri > PERAWATAN BADAN > SABUN CUCI TANGAN > SABUN CUCI TANGAN FOAMING > SABUN CUCI TANGAN FOAMING KEMASAN REFILL (POUCH),7,4,7
907,HAND SANITIZER,,4,0,true,A003-01-03-12,12,true,true,000B00080003000C,137,PERAWATAN BADAN,Perawatan Diri & Rumah Tangga > Perawatan Diri > PERAWATAN BADAN,Perawatan Diri & Rumah Tangga > Perawatan Diri > PERAWATAN BADAN > HAND SANITIZER,103,18,103
1859,BODY SERUM,,4,0,true,A003-01-03-11,11,true,true,000B00080003000D,137,PERAWATAN BADAN,Perawatan Diri & Rumah Tangga > Perawatan Diri > PERAWATAN BADAN,Perawatan Diri & Rumah Tangga > Perawatan Diri > PERAWATAN BADAN > BODY SERUM,34,27,34
138,PERAWATAN MULUT & GIGI,,3,8,false,A003-01-04,04,true,true,000B00080004,22,Perawatan Diri,Perawatan Diri & Rumah Tangga > Perawatan Diri,Perawatan Diri & Rumah Tangga > Perawatan Diri > PERAWATAN MULUT & GIGI,2,0,551
908,BENANG GIGI (FLOSS) DEWASA,,4,0,true,A003-01-04-01,01,true,true,000B000800040001,138,PERAWATAN MULUT & GIGI,Perawatan Diri & Rumah Tangga > Perawatan Diri > PERAWATAN MULUT & GIGI,Perawatan Diri & Rumah Tangga > Perawatan Diri > PERAWATAN MULUT & GIGI > BENANG GIGI (FLOSS) DEWASA,5,3,5
909,OBAT KUMUR (MOUTHWASH) DEWASA,,4,0,true,A003-01-04-02,02,true,true,000B000800040002,138,PERAWATAN MULUT & GIGI,Perawatan Diri & Rumah Tangga > Perawatan Diri > PERAWATAN MULUT & GIGI,Perawatan Diri & Rumah Tangga > Perawatan Diri > PERAWATAN MULUT & GIGI > OBAT KUMUR (MOUTHWASH) DEWASA,71,53,71
910,PAKET SIKAT GIGI DAN PASTA GIGI DEWASA,,4,0,true,A003-01-04-03,03,true,true,000B000800040003,138,PERAWATAN MULUT & GIGI,Perawatan Diri & Rumah Tangga > Perawatan Diri > PERAWATAN MULUT & GIGI,Perawatan Diri & Rumah Tangga > Perawatan Diri > PERAWATAN MULUT & GIGI > PAKET SIKAT GIGI DAN PASTA GIGI DEWASA,7,6,7
911,PASTA GIGI DEWASA,,4,0,true,A003-01-04-04,04,true,true,000B000800040004,138,PERAWATAN MULUT & GIGI,Perawatan Diri & Rumah Tangga > Perawatan Diri > PERAWATAN MULUT & GIGI,Perawatan Diri & Rumah Tangga > Perawatan Diri > PERAWATAN MULUT & GIGI > PASTA GIGI DEWASA,202,149,202
912,SIKAT GIGI DEWASA,,4,0,true,A003-01-04-05,05,true,true,000B000800040005,138,PERAWATAN MULUT & GIGI,Perawatan Diri & Rumah Tangga > Perawatan Diri > PERAWATAN MULUT & GIGI,Perawatan Diri & Rumah Tangga > Perawatan Diri > PERAWATAN MULUT & GIGI > SIKAT GIGI DEWASA,240,184,240
913,SPRAY PENYEGAR MULUT,,4,0,true,A003-01-04-06,06,true,true,000B000800040006,138,PERAWATAN MULUT & GIGI,Perawatan Diri & Rumah Tangga > Perawatan Diri > PERAWATAN MULUT & GIGI,Perawatan Diri & Rumah Tangga > Perawatan Diri > PERAWATAN MULUT & GIGI > SPRAY PENYEGAR MULUT,5,2,5
914,TUSUK GIGI ,,4,0,true,A003-01-04-07,07,true,true,000B000800040007,138,PERAWATAN MULUT & GIGI,Perawatan Diri & Rumah Tangga > Perawatan Diri > PERAWATAN MULUT & GIGI,Perawatan Diri & Rumah Tangga > Perawatan Diri > PERAWATAN MULUT & GIGI > TUSUK GIGI ,18,14,18
1863,PEMBERSIH LIDAH,,4,0,true,A003-01-04-08,08,true,true,000B000800040008,138,PERAWATAN MULUT & GIGI,Perawatan Diri & Rumah Tangga > Perawatan Diri > PERAWATAN MULUT & GIGI,Perawatan Diri & Rumah Tangga > Perawatan Diri > PERAWATAN MULUT & GIGI > PEMBERSIH LIDAH,1,1,1
139,FRAGRANCE & DEODORAN,,3,3,false,A003-01-05,05,true,true,000B00080005,22,Perawatan Diri,Perawatan Diri & Rumah Tangga > Perawatan Diri,Perawatan Diri & Rumah Tangga > Perawatan Diri > FRAGRANCE & DEODORAN,0,0,863
915,BODY MIST & COLOGNE DEWASA,,4,0,true,A003-01-05-01,01,true,true,000B000800050001,139,FRAGRANCE & DEODORAN,Perawatan Diri & Rumah Tangga > Perawatan Diri > FRAGRANCE & DEODORAN,Perawatan Diri & Rumah Tangga > Perawatan Diri > FRAGRANCE & DEODORAN > BODY MIST & COLOGNE DEWASA,163,107,163
916,DEODORAN,,4,5,false,A003-01-05-02,02,true,true,000B000800050002,139,FRAGRANCE & DEODORAN,Perawatan Diri & Rumah Tangga > Perawatan Diri > FRAGRANCE & DEODORAN,Perawatan Diri & Rumah Tangga > Perawatan Diri > FRAGRANCE & DEODORAN > DEODORAN,2,2,239
1367,DEODORAN LOTION,,5,0,true,A003-01-05-02-01,01,true,true,000B0008000500020001,916,DEODORAN,Perawatan Diri & Rumah Tangga > Perawatan Diri > FRAGRANCE & DEODORAN > DEODORAN,Perawatan Diri & Rumah Tangga > Perawatan Diri > FRAGRANCE & DEODORAN > DEODORAN > DEODORAN LOTION,20,17,20
1368,DEODORAN POWDER,,5,0,true,A003-01-05-02-02,02,true,true,000B0008000500020002,916,DEODORAN,Perawatan Diri & Rumah Tangga > Perawatan Diri > FRAGRANCE & DEODORAN > DEODORAN,Perawatan Diri & Rumah Tangga > Perawatan Diri > FRAGRANCE & DEODORAN > DEODORAN > DEODORAN POWDER,3,3,3
1369,DEODORAN ROLL-ON,,5,0,true,A003-01-05-02-03,03,true,true,000B0008000500020003,916,DEODORAN,Perawatan Diri & Rumah Tangga > Perawatan Diri > FRAGRANCE & DEODORAN > DEODORAN,Perawatan Diri & Rumah Tangga > Perawatan Diri > FRAGRANCE & DEODORAN > DEODORAN > DEODORAN ROLL-ON,157,124,157
1370,DEODORAN SPRAY,,5,0,true,A003-01-05-02-04,04,true,true,000B0008000500020004,916,DEODORAN,Perawatan Diri & Rumah Tangga > Perawatan Diri > FRAGRANCE & DEODORAN > DEODORAN,Perawatan Diri & Rumah Tangga > Perawatan Diri > FRAGRANCE & DEODORAN > DEODORAN > DEODORAN SPRAY,51,32,51
1371,DEODORAN STICK,,5,0,true,A003-01-05-02-05,05,true,true,000B0008000500020005,916,DEODORAN,Perawatan Diri & Rumah Tangga > Perawatan Diri > FRAGRANCE & DEODORAN > DEODORAN,Perawatan Diri & Rumah Tangga > Perawatan Diri > FRAGRANCE & DEODORAN > DEODORAN > DEODORAN STICK,6,5,6
917,PARFUM (EAU DE TOILETTE),,4,2,false,A003-01-05-03,03,true,true,000B000800050003,139,FRAGRANCE & DEODORAN,Perawatan Diri & Rumah Tangga > Perawatan Diri > FRAGRANCE & DEODORAN,Perawatan Diri & Rumah Tangga > Perawatan Diri > FRAGRANCE & DEODORAN > PARFUM (EAU DE TOILETTE),2,2,461
1372,PARFUM LAKI-LAKI,,5,0,true,A003-01-05-03-01,01,true,true,000B0008000500030001,917,PARFUM (EAU DE TOILETTE),Perawatan Diri & Rumah Tangga > Perawatan Diri > FRAGRANCE & DEODORAN > PARFUM (EAU DE TOILETTE),Perawatan Diri & Rumah Tangga > Perawatan Diri > FRAGRANCE & DEODORAN > PARFUM (EAU DE TOILETTE) > PARFUM LAKI-LAKI,132,76,132
1373,PARFUM WANITA,,5,0,true,A003-01-05-03-02,02,true,true,000B0008000500030002,917,PARFUM (EAU DE TOILETTE),Perawatan Diri & Rumah Tangga > Perawatan Diri > FRAGRANCE & DEODORAN > PARFUM (EAU DE TOILETTE),Perawatan Diri & Rumah Tangga > Perawatan Diri > FRAGRANCE & DEODORAN > PARFUM (EAU DE TOILETTE) > PARFUM WANITA,327,223,327
140,PENCUKUR & PERONTOK RAMBUT,,3,3,false,A003-01-06,06,true,true,000B00080006,22,Perawatan Diri,Perawatan Diri & Rumah Tangga > Perawatan Diri,Perawatan Diri & Rumah Tangga > Perawatan Diri > PENCUKUR & PERONTOK RAMBUT,0,0,87
918,ALAT CUKUR,,4,0,true,A003-01-06-01,01,true,true,000B000800060001,140,PENCUKUR & PERONTOK RAMBUT,Perawatan Diri & Rumah Tangga > Perawatan Diri > PENCUKUR & PERONTOK RAMBUT,Perawatan Diri & Rumah Tangga > Perawatan Diri > PENCUKUR & PERONTOK RAMBUT > ALAT CUKUR,81,64,81
919,KRIM CUKUR,,4,0,true,A003-01-06-02,02,true,true,000B000800060002,140,PENCUKUR & PERONTOK RAMBUT,Perawatan Diri & Rumah Tangga > Perawatan Diri > PENCUKUR & PERONTOK RAMBUT,Perawatan Diri & Rumah Tangga > Perawatan Diri > PENCUKUR & PERONTOK RAMBUT > KRIM CUKUR,5,5,5
920,KRIM PERONTOK RAMBUT,,4,0,true,A003-01-06-03,03,true,true,000B000800060003,140,PENCUKUR & PERONTOK RAMBUT,Perawatan Diri & Rumah Tangga > Perawatan Diri > PENCUKUR & PERONTOK RAMBUT,Perawatan Diri & Rumah Tangga > Perawatan Diri > PENCUKUR & PERONTOK RAMBUT > KRIM PERONTOK RAMBUT,1,1,1
141,KEBUTUHAN KHUSUS WANITA,,3,3,false,A003-01-07,07,true,true,000B00080007,22,Perawatan Diri,Perawatan Diri & Rumah Tangga > Perawatan Diri,Perawatan Diri & Rumah Tangga > Perawatan Diri > KEBUTUHAN KHUSUS WANITA,0,0,359
921,PANTY LINER,,4,0,true,A003-01-07-01,01,true,true,000B000800070001,141,KEBUTUHAN KHUSUS WANITA,Perawatan Diri & Rumah Tangga > Perawatan Diri > KEBUTUHAN KHUSUS WANITA,Perawatan Diri & Rumah Tangga > Perawatan Diri > KEBUTUHAN KHUSUS WANITA > PANTY LINER,61,39,61
922,PEMBALUT,,4,0,true,A003-01-07-02,02,true,true,000B000800070002,141,KEBUTUHAN KHUSUS WANITA,Perawatan Diri & Rumah Tangga > Perawatan Diri > KEBUTUHAN KHUSUS WANITA,Perawatan Diri & Rumah Tangga > Perawatan Diri > KEBUTUHAN KHUSUS WANITA > PEMBALUT,221,159,221
923,PEMBERSIH KEWANITAAN,,4,0,true,A003-01-07-03,03,true,true,000B000800070003,141,KEBUTUHAN KHUSUS WANITA,Perawatan Diri & Rumah Tangga > Perawatan Diri > KEBUTUHAN KHUSUS WANITA,Perawatan Diri & Rumah Tangga > Perawatan Diri > KEBUTUHAN KHUSUS WANITA > PEMBERSIH KEWANITAAN,77,52,77
142,MULTIVITAMIN & SUPLEMEN,,3,2,false,A003-01-08,08,true,true,000B00080008,22,Perawatan Diri,Perawatan Diri & Rumah Tangga > Perawatan Diri,Perawatan Diri & Rumah Tangga > Perawatan Diri > MULTIVITAMIN & SUPLEMEN,3,0,161
924,VITAMIN & MULTIVITAMIN,,4,0,true,A003-01-08-01,01,true,true,000B000800080001,142,MULTIVITAMIN & SUPLEMEN,Perawatan Diri & Rumah Tangga > Perawatan Diri > MULTIVITAMIN & SUPLEMEN,Perawatan Diri & Rumah Tangga > Perawatan Diri > MULTIVITAMIN & SUPLEMEN > VITAMIN & MULTIVITAMIN,113,84,113
925,SUPLEMEN MAKANAN,,4,4,false,A003-01-08-02,02,true,true,000B000800080002,142,MULTIVITAMIN & SUPLEMEN,Perawatan Diri & Rumah Tangga > Perawatan Diri > MULTIVITAMIN & SUPLEMEN,Perawatan Diri & Rumah Tangga > Perawatan Diri > MULTIVITAMIN & SUPLEMEN > SUPLEMEN MAKANAN,0,0,45
1374,JAMU/OBAT HERBAL,,5,0,true,A003-01-08-02-01,01,true,true,000B0008000800020001,925,SUPLEMEN MAKANAN,Perawatan Diri & Rumah Tangga > Perawatan Diri > MULTIVITAMIN & SUPLEMEN > SUPLEMEN MAKANAN,Perawatan Diri & Rumah Tangga > Perawatan Diri > MULTIVITAMIN & SUPLEMEN > SUPLEMEN MAKANAN > JAMU/OBAT HERBAL,21,5,21
1375,MINYAK IKAN,,5,0,true,A003-01-08-02-02,02,true,true,000B0008000800020002,925,SUPLEMEN MAKANAN,Perawatan Diri & Rumah Tangga > Perawatan Diri > MULTIVITAMIN & SUPLEMEN > SUPLEMEN MAKANAN,Perawatan Diri & Rumah Tangga > Perawatan Diri > MULTIVITAMIN & SUPLEMEN > SUPLEMEN MAKANAN > MINYAK IKAN,4,3,4
1376,SUPLEMEN MAKANAN ANAK,,5,0,true,A003-01-08-02-03,03,true,true,000B0008000800020003,925,SUPLEMEN MAKANAN,Perawatan Diri & Rumah Tangga > Perawatan Diri > MULTIVITAMIN & SUPLEMEN > SUPLEMEN MAKANAN,Perawatan Diri & Rumah Tangga > Perawatan Diri > MULTIVITAMIN & SUPLEMEN > SUPLEMEN MAKANAN > SUPLEMEN MAKANAN ANAK,14,6,14
1377,SUPLEMEN MAKANAN DEWASA,,5,0,true,A003-01-08-02-04,04,true,true,000B0008000800020004,925,SUPLEMEN MAKANAN,Perawatan Diri & Rumah Tangga > Perawatan Diri > MULTIVITAMIN & SUPLEMEN > SUPLEMEN MAKANAN,Perawatan Diri & Rumah Tangga > Perawatan Diri > MULTIVITAMIN & SUPLEMEN > SUPLEMEN MAKANAN > SUPLEMEN MAKANAN DEWASA,6,5,6
143,DIET,,3,2,false,A003-01-09,09,true,true,000B00080009,22,Perawatan Diri,Perawatan Diri & Rumah Tangga > Perawatan Diri,Perawatan Diri & Rumah Tangga > Perawatan Diri > DIET,0,0,8
926,MAKANAN UNTUK DIET,,4,0,true,A003-01-09-01,01,true,true,000B000800090001,143,DIET,Perawatan Diri & Rumah Tangga > Perawatan Diri > DIET,Perawatan Diri & Rumah Tangga > Perawatan Diri > DIET > MAKANAN UNTUK DIET,2,2,2
927,MINUMAN UNTUK DIET,,4,0,true,A003-01-09-02,02,true,true,000B000800090002,143,DIET,Perawatan Diri & Rumah Tangga > Perawatan Diri > DIET,Perawatan Diri & Rumah Tangga > Perawatan Diri > DIET > MINUMAN UNTUK DIET,6,2,6
144,OBAT-OBATAN,,3,3,false,A003-01-10,10,true,true,000B0008000A,22,Perawatan Diri,Perawatan Diri & Rumah Tangga > Perawatan Diri,Perawatan Diri & Rumah Tangga > Perawatan Diri > OBAT-OBATAN,32,5,592
928,PEREDA NYERI & OBAT LUAR,,4,13,false,A003-01-10-01,01,true,true,000B0008000A0001,144,OBAT-OBATAN,Perawatan Diri & Rumah Tangga > Perawatan Diri > OBAT-OBATAN,Perawatan Diri & Rumah Tangga > Perawatan Diri > OBAT-OBATAN > PEREDA NYERI & OBAT LUAR,2,1,289
1378,BALSEM,,5,0,true,A003-01-10-01-01,01,true,true,000B0008000A00010001,928,PEREDA NYERI & OBAT LUAR,Perawatan Diri & Rumah Tangga > Perawatan Diri > OBAT-OBATAN > PEREDA NYERI & OBAT LUAR,Perawatan Diri & Rumah Tangga > Perawatan Diri > OBAT-OBATAN > PEREDA NYERI & OBAT LUAR > BALSEM,14,12,14
1379,BEDAK GATAL,,5,0,true,A003-01-10-01-02,02,true,true,000B0008000A00010002,928,PEREDA NYERI & OBAT LUAR,Perawatan Diri & Rumah Tangga > Perawatan Diri > OBAT-OBATAN > PEREDA NYERI & OBAT LUAR,Perawatan Diri & Rumah Tangga > Perawatan Diri > OBAT-OBATAN > PEREDA NYERI & OBAT LUAR > BEDAK GATAL,19,18,19
1380,GEL/KRIM PEREDA NYERI,,5,0,true,A003-01-10-01-03,03,true,true,000B0008000A00010003,928,PEREDA NYERI & OBAT LUAR,Perawatan Diri & Rumah Tangga > Perawatan Diri > OBAT-OBATAN > PEREDA NYERI & OBAT LUAR,Perawatan Diri & Rumah Tangga > Perawatan Diri > OBAT-OBATAN > PEREDA NYERI & OBAT LUAR > GEL/KRIM PEREDA NYERI,35,27,35
1381,INHALER,,5,0,true,A003-01-10-01-04,04,true,true,000B0008000A00010004,928,PEREDA NYERI & OBAT LUAR,Perawatan Diri & Rumah Tangga > Perawatan Diri > OBAT-OBATAN > PEREDA NYERI & OBAT LUAR,Perawatan Diri & Rumah Tangga > Perawatan Diri > OBAT-OBATAN > PEREDA NYERI & OBAT LUAR > INHALER,7,6,7
1382,KOYO,,5,0,true,A003-01-10-01-05,05,true,true,000B0008000A00010005,928,PEREDA NYERI & OBAT LUAR,Perawatan Diri & Rumah Tangga > Perawatan Diri > OBAT-OBATAN > PEREDA NYERI & OBAT LUAR,Perawatan Diri & Rumah Tangga > Perawatan Diri > OBAT-OBATAN > PEREDA NYERI & OBAT LUAR > KOYO,15,14,15
1383,LOTION GATAL,,5,0,true,A003-01-10-01-06,06,true,true,000B0008000A00010006,928,PEREDA NYERI & OBAT LUAR,Perawatan Diri & Rumah Tangga > Perawatan Diri > OBAT-OBATAN > PEREDA NYERI & OBAT LUAR,Perawatan Diri & Rumah Tangga > Perawatan Diri > OBAT-OBATAN > PEREDA NYERI & OBAT LUAR > LOTION GATAL,7,7,7
1384,MINYAK ANGIN,,5,0,true,A003-01-10-01-07,07,true,true,000B0008000A00010007,928,PEREDA NYERI & OBAT LUAR,Perawatan Diri & Rumah Tangga > Perawatan Diri > OBAT-OBATAN > PEREDA NYERI & OBAT LUAR,Perawatan Diri & Rumah Tangga > Perawatan Diri > OBAT-OBATAN > PEREDA NYERI & OBAT LUAR > MINYAK ANGIN,72,63,72
1385,MINYAK KAYU PUTIH,,5,0,true,A003-01-10-01-08,08,true,true,000B0008000A00010008,928,PEREDA NYERI & OBAT LUAR,Perawatan Diri & Rumah Tangga > Perawatan Diri > OBAT-OBATAN > PEREDA NYERI & OBAT LUAR,Perawatan Diri & Rumah Tangga > Perawatan Diri > OBAT-OBATAN > PEREDA NYERI & OBAT LUAR > MINYAK KAYU PUTIH,38,32,38
1386,MINYAK TAWON,,5,0,true,A003-01-10-01-09,09,true,true,000B0008000A00010009,928,PEREDA NYERI & OBAT LUAR,Perawatan Diri & Rumah Tangga > Perawatan Diri > OBAT-OBATAN > PEREDA NYERI & OBAT LUAR,Perawatan Diri & Rumah Tangga > Perawatan Diri > OBAT-OBATAN > PEREDA NYERI & OBAT LUAR > MINYAK TAWON,4,3,4
1387,MINYAK PIJAT / OBAT GOSOK,,5,0,true,A003-01-10-01-10,10,true,true,000B0008000A0001000A,928,PEREDA NYERI & OBAT LUAR,Perawatan Diri & Rumah Tangga > Perawatan Diri > OBAT-OBATAN > PEREDA NYERI & OBAT LUAR,Perawatan Diri & Rumah Tangga > Perawatan Diri > OBAT-OBATAN > PEREDA NYERI & OBAT LUAR > MINYAK PIJAT / OBAT GOSOK,45,31,45
1388,MINYAK KESEHATAN LAINNYA,,5,0,true,A003-01-10-01-11,11,true,true,000B0008000A0001000B,928,PEREDA NYERI & OBAT LUAR,Perawatan Diri & Rumah Tangga > Perawatan Diri > OBAT-OBATAN > PEREDA NYERI & OBAT LUAR,Perawatan Diri & Rumah Tangga > Perawatan Diri > OBAT-OBATAN > PEREDA NYERI & OBAT LUAR > MINYAK KESEHATAN LAINNYA,1,0,1
1389,OBAT LUAR LAINNYA,,5,0,true,A003-01-10-01-12,12,true,true,000B0008000A0001000C,928,PEREDA NYERI & OBAT LUAR,Perawatan Diri & Rumah Tangga > Perawatan Diri > OBAT-OBATAN > PEREDA NYERI & OBAT LUAR,Perawatan Diri & Rumah Tangga > Perawatan Diri > OBAT-OBATAN > PEREDA NYERI & OBAT LUAR > OBAT LUAR LAINNYA,21,16,21
1390,OBAT TETES MATA,,5,0,true,A003-01-10-01-13,13,true,true,000B0008000A0001000D,928,PEREDA NYERI & OBAT LUAR,Perawatan Diri & Rumah Tangga > Perawatan Diri > OBAT-OBATAN > PEREDA NYERI & OBAT LUAR,Perawatan Diri & Rumah Tangga > Perawatan Diri > OBAT-OBATAN > PEREDA NYERI & OBAT LUAR > OBAT TETES MATA,9,9,9
929,OBAT MINUM,,4,6,false,A003-01-10-02,02,true,true,000B0008000A0002,144,OBAT-OBATAN,Perawatan Diri & Rumah Tangga > Perawatan Diri > OBAT-OBATAN,Perawatan Diri & Rumah Tangga > Perawatan Diri > OBAT-OBATAN > OBAT MINUM,6,2,221
1391,OBAT MINUM UNTUK BATUK & PILEK,,5,2,false,A003-01-10-02-01,01,true,true,000B0008000A00020001,929,OBAT MINUM,Perawatan Diri & Rumah Tangga > Perawatan Diri > OBAT-OBATAN > OBAT MINUM,Perawatan Diri & Rumah Tangga > Perawatan Diri > OBAT-OBATAN > OBAT MINUM > OBAT MINUM UNTUK BATUK & PILEK,4,4,95
1481,OBAT BATUK & PILEK ANAK,,6,0,true,A003-01-10-02-01-01,01,true,true,000B0008000A000200010001,1391,OBAT MINUM UNTUK BATUK & PILEK,Perawatan Diri & Rumah Tangga > Perawatan Diri > OBAT-OBATAN > OBAT MINUM > OBAT MINUM UNTUK BATUK & PILEK,Perawatan Diri & Rumah Tangga > Perawatan Diri > OBAT-OBATAN > OBAT MINUM > OBAT MINUM UNTUK BATUK & PILEK > OBAT BATUK & PILEK ANAK,27,22,27
1482,OBAT BATUK & PILEK DEWASA,,6,0,true,A003-01-10-02-01-02,02,true,true,000B0008000A000200010002,1391,OBAT MINUM UNTUK BATUK & PILEK,Perawatan Diri & Rumah Tangga > Perawatan Diri > OBAT-OBATAN > OBAT MINUM > OBAT MINUM UNTUK BATUK & PILEK,Perawatan Diri & Rumah Tangga > Perawatan Diri > OBAT-OBATAN > OBAT MINUM > OBAT MINUM UNTUK BATUK & PILEK > OBAT BATUK & PILEK DEWASA,64,55,64
1392,OBAT MINUM UNTUK DEMAM,,5,0,true,A003-01-10-02-02,02,true,true,000B0008000A00020002,929,OBAT MINUM,Perawatan Diri & Rumah Tangga > Perawatan Diri > OBAT-OBATAN > OBAT MINUM,Perawatan Diri & Rumah Tangga > Perawatan Diri > OBAT-OBATAN > OBAT MINUM > OBAT MINUM UNTUK DEMAM,24,17,24
1393,OBAT MINUM UNTUK PENCERNAAN & MAAG,,5,4,false,A003-01-10-02-03,03,true,true,000B0008000A00020003,929,OBAT MINUM,Perawatan Diri & Rumah Tangga > Perawatan Diri > OBAT-OBATAN > OBAT MINUM,Perawatan Diri & Rumah Tangga > Perawatan Diri > OBAT-OBATAN > OBAT MINUM > OBAT MINUM UNTUK PENCERNAAN & MAAG,0,0,28
1483,OBAT DIARE,,6,0,true,A003-01-10-02-03-01,01,true,true,000B0008000A000200030001,1393,OBAT MINUM UNTUK PENCERNAAN & MAAG,Perawatan Diri & Rumah Tangga > Perawatan Diri > OBAT-OBATAN > OBAT MINUM > OBAT MINUM UNTUK PENCERNAAN & MAAG,Perawatan Diri & Rumah Tangga > Perawatan Diri > OBAT-OBATAN > OBAT MINUM > OBAT MINUM UNTUK PENCERNAAN & MAAG > OBAT DIARE,8,6,8
1484,OBAT LAMBUNG,,6,0,true,A003-01-10-02-03-02,02,true,true,000B0008000A000200030002,1393,OBAT MINUM UNTUK PENCERNAAN & MAAG,Perawatan Diri & Rumah Tangga > Perawatan Diri > OBAT-OBATAN > OBAT MINUM > OBAT MINUM UNTUK PENCERNAAN & MAAG,Perawatan Diri & Rumah Tangga > Perawatan Diri > OBAT-OBATAN > OBAT MINUM > OBAT MINUM UNTUK PENCERNAAN & MAAG > OBAT LAMBUNG,13,13,13
1485,OBAT PENCAHAR,,6,0,true,A003-01-10-02-03-03,03,true,true,000B0008000A000200030003,1393,OBAT MINUM UNTUK PENCERNAAN & MAAG,Perawatan Diri & Rumah Tangga > Perawatan Diri > OBAT-OBATAN > OBAT MINUM > OBAT MINUM UNTUK PENCERNAAN & MAAG,Perawatan Diri & Rumah Tangga > Perawatan Diri > OBAT-OBATAN > OBAT MINUM > OBAT MINUM UNTUK PENCERNAAN & MAAG > OBAT PENCAHAR,2,2,2
1486,OBAT PENCERNAAN LAINNYA,,6,0,true,A003-01-10-02-03-99,99,true,true,000B0008000A000200030004,1393,OBAT MINUM UNTUK PENCERNAAN & MAAG,Perawatan Diri & Rumah Tangga > Perawatan Diri > OBAT-OBATAN > OBAT MINUM > OBAT MINUM UNTUK PENCERNAAN & MAAG,Perawatan Diri & Rumah Tangga > Perawatan Diri > OBAT-OBATAN > OBAT MINUM > OBAT MINUM UNTUK PENCERNAAN & MAAG > OBAT PENCERNAAN LAINNYA,5,4,5
1394,OBAT MINUM UNTUK SAKIT KEPALA,,5,0,true,A003-01-10-02-04,04,true,true,000B0008000A00020004,929,OBAT MINUM,Perawatan Diri & Rumah Tangga > Perawatan Diri > OBAT-OBATAN > OBAT MINUM,Perawatan Diri & Rumah Tangga > Perawatan Diri > OBAT-OBATAN > OBAT MINUM > OBAT MINUM UNTUK SAKIT KEPALA,8,6,8
1395,OBAT MINUM UNTUK SULIT TIDUR,,5,0,true,A003-01-10-02-05,05,true,true,000B0008000A00020005,929,OBAT MINUM,Perawatan Diri & Rumah Tangga > Perawatan Diri > OBAT-OBATAN > OBAT MINUM,Perawatan Diri & Rumah Tangga > Perawatan Diri > OBAT-OBATAN > OBAT MINUM > OBAT MINUM UNTUK SULIT TIDUR,1,1,1
1396,OBAT MINUM LAINNYA,,5,0,true,A003-01-10-02-99,99,true,true,000B0008000A00020006,929,OBAT MINUM,Perawatan Diri & Rumah Tangga > Perawatan Diri > OBAT-OBATAN > OBAT MINUM,Perawatan Diri & Rumah Tangga > Perawatan Diri > OBAT-OBATAN > OBAT MINUM > OBAT MINUM LAINNYA,59,47,59
930,PERTOLONGAN PERTAMA (FIRST AID KIT),,4,6,false,A003-01-10-03,03,true,true,000B0008000A0003,144,OBAT-OBATAN,Perawatan Diri & Rumah Tangga > Perawatan Diri > OBAT-OBATAN,Perawatan Diri & Rumah Tangga > Perawatan Diri > OBAT-OBATAN > PERTOLONGAN PERTAMA (FIRST AID KIT),1,1,50
1397,ALKOHOL ,,5,0,true,A003-01-10-03-01,01,true,true,000B0008000A00030001,930,PERTOLONGAN PERTAMA (FIRST AID KIT),Perawatan Diri & Rumah Tangga > Perawatan Diri > OBAT-OBATAN > PERTOLONGAN PERTAMA (FIRST AID KIT),Perawatan Diri & Rumah Tangga > Perawatan Diri > OBAT-OBATAN > PERTOLONGAN PERTAMA (FIRST AID KIT) > ALKOHOL ,7,2,7
1398,CAIRAN ANTISEPTIC,,5,0,true,A003-01-10-03-02,02,true,true,000B0008000A00030002,930,PERTOLONGAN PERTAMA (FIRST AID KIT),Perawatan Diri & Rumah Tangga > Perawatan Diri > OBAT-OBATAN > PERTOLONGAN PERTAMA (FIRST AID KIT),Perawatan Diri & Rumah Tangga > Perawatan Diri > OBAT-OBATAN > PERTOLONGAN PERTAMA (FIRST AID KIT) > CAIRAN ANTISEPTIC,13,11,13
1399,KASA/PERBAN,,5,0,true,A003-01-10-03-03,03,true,true,000B0008000A00030003,930,PERTOLONGAN PERTAMA (FIRST AID KIT),Perawatan Diri & Rumah Tangga > Perawatan Diri > OBAT-OBATAN > PERTOLONGAN PERTAMA (FIRST AID KIT),Perawatan Diri & Rumah Tangga > Perawatan Diri > OBAT-OBATAN > PERTOLONGAN PERTAMA (FIRST AID KIT) > KASA/PERBAN,1,1,1
1400,PLESTER ANTISEPTIC,,5,0,true,A003-01-10-03-04,04,true,true,000B0008000A00030004,930,PERTOLONGAN PERTAMA (FIRST AID KIT),Perawatan Diri & Rumah Tangga > Perawatan Diri > OBAT-OBATAN > PERTOLONGAN PERTAMA (FIRST AID KIT),Perawatan Diri & Rumah Tangga > Perawatan Diri > OBAT-OBATAN > PERTOLONGAN PERTAMA (FIRST AID KIT) > PLESTER ANTISEPTIC,25,17,25
1401,SALEP ANTISEPTIC,,5,0,true,A003-01-10-03-05,05,true,true,000B0008000A00030005,930,PERTOLONGAN PERTAMA (FIRST AID KIT),Perawatan Diri & Rumah Tangga > Perawatan Diri > OBAT-OBATAN > PERTOLONGAN PERTAMA (FIRST AID KIT),Perawatan Diri & Rumah Tangga > Perawatan Diri > OBAT-OBATAN > PERTOLONGAN PERTAMA (FIRST AID KIT) > SALEP ANTISEPTIC,3,3,3
1402,PERTOLONGAN PERTAMA LAINNYA,,5,0,true,A003-01-10-03-06,06,true,true,000B0008000A00030006,930,PERTOLONGAN PERTAMA (FIRST AID KIT),Perawatan Diri & Rumah Tangga > Perawatan Diri > OBAT-OBATAN > PERTOLONGAN PERTAMA (FIRST AID KIT),Perawatan Diri & Rumah Tangga > Perawatan Diri > OBAT-OBATAN > PERTOLONGAN PERTAMA (FIRST AID KIT) > PERTOLONGAN PERTAMA LAINNYA,0,0,0
145,KESEHATAN SEKSUAL,,3,4,false,A003-01-11,11,true,true,000B0008000B,22,Perawatan Diri,Perawatan Diri & Rumah Tangga > Perawatan Diri,Perawatan Diri & Rumah Tangga > Perawatan Diri > KESEHATAN SEKSUAL,0,0,36
931,ALAT KESEHATAN SEKSUAL LAINNYA,,4,0,true,A003-01-11-01,01,true,true,000B0008000B0001,145,KESEHATAN SEKSUAL,Perawatan Diri & Rumah Tangga > Perawatan Diri > KESEHATAN SEKSUAL,Perawatan Diri & Rumah Tangga > Perawatan Diri > KESEHATAN SEKSUAL > ALAT KESEHATAN SEKSUAL LAINNYA,0,0,0
932,ALAT TES KEHAMILAN,,4,0,true,A003-01-11-02,02,true,true,000B0008000B0002,145,KESEHATAN SEKSUAL,Perawatan Diri & Rumah Tangga > Perawatan Diri > KESEHATAN SEKSUAL,Perawatan Diri & Rumah Tangga > Perawatan Diri > KESEHATAN SEKSUAL > ALAT TES KEHAMILAN,5,5,5
933,KONDOM,,4,0,true,A003-01-11-03,03,true,true,000B0008000B0003,145,KESEHATAN SEKSUAL,Perawatan Diri & Rumah Tangga > Perawatan Diri > KESEHATAN SEKSUAL,Perawatan Diri & Rumah Tangga > Perawatan Diri > KESEHATAN SEKSUAL > KONDOM,27,19,27
934,PELUMAS,,4,0,true,A003-01-11-04,04,true,true,000B0008000B0004,145,KESEHATAN SEKSUAL,Perawatan Diri & Rumah Tangga > Perawatan Diri > KESEHATAN SEKSUAL,Perawatan Diri & Rumah Tangga > Perawatan Diri > KESEHATAN SEKSUAL > PELUMAS,4,2,4
146,KEBUTUHAN KHUSUS LANJUT USIA,,3,2,false,A003-01-12,12,true,true,000B0008000C,22,Perawatan Diri,Perawatan Diri & Rumah Tangga > Perawatan Diri,Perawatan Diri & Rumah Tangga > Perawatan Diri > KEBUTUHAN KHUSUS LANJUT USIA,4,0,155
935,POPOK (DIAPERS) DEWASA,,4,2,false,A003-01-12-01,01,true,true,000B0008000C0001,146,KEBUTUHAN KHUSUS LANJUT USIA,Perawatan Diri & Rumah Tangga > Perawatan Diri > KEBUTUHAN KHUSUS LANJUT USIA,Perawatan Diri & Rumah Tangga > Perawatan Diri > KEBUTUHAN KHUSUS LANJUT USIA > POPOK (DIAPERS) DEWASA,1,1,142
1403,POPOK (DIAPERS) DEWASA SEKALI PAKAI (DISPOSABLE) MODEL CELANA,,5,0,true,A003-01-12-01-01,01,true,true,000B0008000C00010001,935,POPOK (DIAPERS) DEWASA,Perawatan Diri & Rumah Tangga > Perawatan Diri > KEBUTUHAN KHUSUS LANJUT USIA > POPOK (DIAPERS) DEWASA,Perawatan Diri & Rumah Tangga > Perawatan Diri > KEBUTUHAN KHUSUS LANJUT USIA > POPOK (DIAPERS) DEWASA > POPOK (DIAPERS) DEWASA SEKALI PAKAI (DISPOSABLE) MODEL CELANA,80,56,80
1404,POPOK (DIAPERS) DEWASA SEKALI PAKAI (DISPOSABLE) DENGAN PEREKAT,,5,0,true,A003-01-12-01-02,02,true,true,000B0008000C00010002,935,POPOK (DIAPERS) DEWASA,Perawatan Diri & Rumah Tangga > Perawatan Diri > KEBUTUHAN KHUSUS LANJUT USIA > POPOK (DIAPERS) DEWASA,Perawatan Diri & Rumah Tangga > Perawatan Diri > KEBUTUHAN KHUSUS LANJUT USIA > POPOK (DIAPERS) DEWASA > POPOK (DIAPERS) DEWASA SEKALI PAKAI (DISPOSABLE) DENGAN PEREKAT,61,39,61
1864,UNDERPAD,,4,0,true,A003-01-12-02,02,true,true,000B0008000C0002,146,KEBUTUHAN KHUSUS LANJUT USIA,Perawatan Diri & Rumah Tangga > Perawatan Diri > KEBUTUHAN KHUSUS LANJUT USIA,Perawatan Diri & Rumah Tangga > Perawatan Diri > KEBUTUHAN KHUSUS LANJUT USIA > UNDERPAD,9,9,9
147,WELLNESS & RELAXATION,,3,1,false,A003-01-13,13,true,true,000B0008000D,22,Perawatan Diri,Perawatan Diri & Rumah Tangga > Perawatan Diri,Perawatan Diri & Rumah Tangga > Perawatan Diri > WELLNESS & RELAXATION,0,0,22
936,ESSENTIAL OIL,,4,0,true,A003-01-13-01,01,true,true,000B0008000D0001,147,WELLNESS & RELAXATION,Perawatan Diri & Rumah Tangga > Perawatan Diri > WELLNESS & RELAXATION,Perawatan Diri & Rumah Tangga > Perawatan Diri > WELLNESS & RELAXATION > ESSENTIAL OIL,22,12,22
906,SUN BLOCK / SUN SCREEN,,3,0,true,A003-01-14,14,true,true,000B0008000E,22,Perawatan Diri,Perawatan Diri & Rumah Tangga > Perawatan Diri,Perawatan Diri & Rumah Tangga > Perawatan Diri > SUN BLOCK / SUN SCREEN,92,71,92
1829,Rumah Tangga,Househood,2,5,false,A003-02,02,true,true,000B000A,23,Perawatan Diri & Rumah Tangga,Perawatan Diri & Rumah Tangga,Perawatan Diri & Rumah Tangga > Rumah Tangga,5,4,15359
148,ANTI HAMA & SERANGGA,,3,6,false,A003-02-01,01,true,true,000B000A0001,1829,Rumah Tangga,Perawatan Diri & Rumah Tangga > Rumah Tangga,Perawatan Diri & Rumah Tangga > Rumah Tangga > ANTI HAMA & SERANGGA,39,1,382
937,ANTI NYAMUK BAKAR,,4,1,false,A003-02-01-01,01,true,true,000B000A00010001,148,ANTI HAMA & SERANGGA,Perawatan Diri & Rumah Tangga > Rumah Tangga > ANTI HAMA & SERANGGA,Perawatan Diri & Rumah Tangga > Rumah Tangga > ANTI HAMA & SERANGGA > ANTI NYAMUK BAKAR,20,9,21
1830,ANTI NYAMUK BAKAR,,5,0,true,A003-02-01-01-07,07,true,true,000B000A000100010001,937,ANTI NYAMUK BAKAR,Perawatan Diri & Rumah Tangga > Rumah Tangga > ANTI HAMA & SERANGGA > ANTI NYAMUK BAKAR,Perawatan Diri & Rumah Tangga > Rumah Tangga > ANTI HAMA & SERANGGA > ANTI NYAMUK BAKAR > ANTI NYAMUK BAKAR,1,1,1
938,ANTI NYAMUK ELEKTRIK,,4,2,false,A003-02-01-02,02,true,true,000B000A00010002,148,ANTI HAMA & SERANGGA,Perawatan Diri & Rumah Tangga > Rumah Tangga > ANTI HAMA & SERANGGA,Perawatan Diri & Rumah Tangga > Rumah Tangga > ANTI HAMA & SERANGGA > ANTI NYAMUK ELEKTRIK,9,7,47
1405,ANTI NYAMUK ELEKTRIK KEMASAN DENGAN ALAT & ISI,,5,0,true,A003-02-01-02-01,01,true,true,000B000A000100020001,938,ANTI NYAMUK ELEKTRIK,Perawatan Diri & Rumah Tangga > Rumah Tangga > ANTI HAMA & SERANGGA > ANTI NYAMUK ELEKTRIK,Perawatan Diri & Rumah Tangga > Rumah Tangga > ANTI HAMA & SERANGGA > ANTI NYAMUK ELEKTRIK > ANTI NYAMUK ELEKTRIK KEMASAN DENGAN ALAT & ISI,6,5,6
1406,ANTI NYAMUK ELEKTRIK KEMASAN REFILL SAJA,,5,0,true,A003-02-01-02-02,02,true,true,000B000A000100020002,938,ANTI NYAMUK ELEKTRIK,Perawatan Diri & Rumah Tangga > Rumah Tangga > ANTI HAMA & SERANGGA > ANTI NYAMUK ELEKTRIK,Perawatan Diri & Rumah Tangga > Rumah Tangga > ANTI HAMA & SERANGGA > ANTI NYAMUK ELEKTRIK > ANTI NYAMUK ELEKTRIK KEMASAN REFILL SAJA,32,26,32
939,KAMPER / KAPUR BARUS (CAMPHOR/NAPHTALENE BALL),,4,2,false,A003-02-01-03,03,true,true,000B000A00010003,148,ANTI HAMA & SERANGGA,Perawatan Diri & Rumah Tangga > Rumah Tangga > ANTI HAMA & SERANGGA,Perawatan Diri & Rumah Tangga > Rumah Tangga > ANTI HAMA & SERANGGA > KAMPER / KAPUR BARUS (CAMPHOR/NAPHTALENE BALL),97,81,140
1407,KAMPER / KAPUR BARUS (CAMPHOR/NAPHTALENE BALL) DENGAN GANTUNGAN,,5,2,false,A003-02-01-03-01,01,true,true,000B000A000100030001,939,KAMPER / KAPUR BARUS (CAMPHOR/NAPHTALENE BALL),Perawatan Diri & Rumah Tangga > Rumah Tangga > ANTI HAMA & SERANGGA > KAMPER / KAPUR BARUS (CAMPHOR/NAPHTALENE BALL),Perawatan Diri & Rumah Tangga > Rumah Tangga > ANTI HAMA & SERANGGA > KAMPER / KAPUR BARUS (CAMPHOR/NAPHTALENE BALL) > KAMPER / KAPUR BARUS (CAMPHOR/NAPHTALENE BALL) DENGAN GANTUNGAN,30,25,40
1487,KAMPER / KAPUR BARUS (CAMPHOR/NAPHTALENE BALL) DENGAN GANTUNGAN DAN ISI,,6,0,true,A003-02-01-03-01-01,01,true,true,000B000A0001000300010001,1407,KAMPER / KAPUR BARUS (CAMPHOR/NAPHTALENE BALL) DENGAN GANTUNGAN,Perawatan Diri & Rumah Tangga > Rumah Tangga > ANTI HAMA & SERANGGA > KAMPER / KAPUR BARUS (CAMPHOR/NAPHTALENE BALL) > KAMPER / KAPUR BARUS (CAMPHOR/NAPHTALENE BALL) DENGAN GANTUNGAN,Perawatan Diri & Rumah Tangga > Rumah Tangga > ANTI HAMA & SERANGGA > KAMPER / KAPUR BARUS (CAMPHOR/NAPHTALENE BALL) > KAMPER / KAPUR BARUS (CAMPHOR/NAPHTALENE BALL) DENGAN GANTUNGAN > KAMPER / KAPUR BARUS (CAMPHOR/NAPHTALENE BALL) DENGAN GANTUNGAN DAN ISI,8,5,8
1488,KAMPER / KAPUR BARUS (CAMPHOR/NAPHTALENE BALL) DENGAN GANTUNGAN REFILL SAJA,,6,0,true,A003-02-01-03-01-02,02,true,true,000B000A0001000300010002,1407,KAMPER / KAPUR BARUS (CAMPHOR/NAPHTALENE BALL) DENGAN GANTUNGAN,Perawatan Diri & Rumah Tangga > Rumah Tangga > ANTI HAMA & SERANGGA > KAMPER / KAPUR BARUS (CAMPHOR/NAPHTALENE BALL) > KAMPER / KAPUR BARUS (CAMPHOR/NAPHTALENE BALL) DENGAN GANTUNGAN,Perawatan Diri & Rumah Tangga > Rumah Tangga > ANTI HAMA & SERANGGA > KAMPER / KAPUR BARUS (CAMPHOR/NAPHTALENE BALL) > KAMPER / KAPUR BARUS (CAMPHOR/NAPHTALENE BALL) DENGAN GANTUNGAN > KAMPER / KAPUR BARUS (CAMPHOR/NAPHTALENE BALL) DENGAN GANTUNGAN REFILL SAJA,2,2,2
1408,KAMPER / KAPUR BARUS (CAMPHOR/NAPHTALENE BALL) TANPA GANTUNGAN,,5,0,true,A003-02-01-03-02,02,true,true,000B000A000100030002,939,KAMPER / KAPUR BARUS (CAMPHOR/NAPHTALENE BALL),Perawatan Diri & Rumah Tangga > Rumah Tangga > ANTI HAMA & SERANGGA > KAMPER / KAPUR BARUS (CAMPHOR/NAPHTALENE BALL),Perawatan Diri & Rumah Tangga > Rumah Tangga > ANTI HAMA & SERANGGA > KAMPER / KAPUR BARUS (CAMPHOR/NAPHTALENE BALL) > KAMPER / KAPUR BARUS (CAMPHOR/NAPHTALENE BALL) TANPA GANTUNGAN,3,3,3
940,KAPUR ANTI HAMA,,4,0,true,A003-02-01-04,04,true,true,000B000A00010004,148,ANTI HAMA & SERANGGA,Perawatan Diri & Rumah Tangga > Rumah Tangga > ANTI HAMA & SERANGGA,Perawatan Diri & Rumah Tangga > Rumah Tangga > ANTI HAMA & SERANGGA > KAPUR ANTI HAMA,4,4,4
941,LEM/PERANGKAP/JEBAKAN HAMA,,4,0,true,A003-02-01-05,05,true,true,000B000A00010005,148,ANTI HAMA & SERANGGA,Perawatan Diri & Rumah Tangga > Rumah Tangga > ANTI HAMA & SERANGGA,Perawatan Diri & Rumah Tangga > Rumah Tangga > ANTI HAMA & SERANGGA > LEM/PERANGKAP/JEBAKAN HAMA,31,29,31
942,SEMPROTAN PEMBASMI HAMA,,4,0,true,A003-02-01-06,06,true,true,000B000A00010006,148,ANTI HAMA & SERANGGA,Perawatan Diri & Rumah Tangga > Rumah Tangga > ANTI HAMA & SERANGGA,Perawatan Diri & Rumah Tangga > Rumah Tangga > ANTI HAMA & SERANGGA > SEMPROTAN PEMBASMI HAMA,100,84,100
149,BAHAN LAUNDRY,,3,4,false,A003-02-02,02,true,true,000B000A0002,1829,Rumah Tangga,Perawatan Diri & Rumah Tangga > Rumah Tangga,Perawatan Diri & Rumah Tangga > Rumah Tangga > BAHAN LAUNDRY,0,0,812
943,DETERJEN PAKAIAN,,4,3,false,A003-02-02-01,01,true,true,000B000A00020001,149,BAHAN LAUNDRY,Perawatan Diri & Rumah Tangga > Rumah Tangga > BAHAN LAUNDRY,Perawatan Diri & Rumah Tangga > Rumah Tangga > BAHAN LAUNDRY > DETERJEN PAKAIAN,2,0,466
1409,DETERJEN BUBUK,,5,0,true,A003-02-02-01-01,01,true,true,000B000A000200010001,943,DETERJEN PAKAIAN,Perawatan Diri & Rumah Tangga > Rumah Tangga > BAHAN LAUNDRY > DETERJEN PAKAIAN,Perawatan Diri & Rumah Tangga > Rumah Tangga > BAHAN LAUNDRY > DETERJEN PAKAIAN > DETERJEN BUBUK,186,136,186
1410,DETERJEN CAIR,,5,3,false,A003-02-02-01-02,02,true,true,000B000A000200010002,943,DETERJEN PAKAIAN,Perawatan Diri & Rumah Tangga > Rumah Tangga > BAHAN LAUNDRY > DETERJEN PAKAIAN,Perawatan Diri & Rumah Tangga > Rumah Tangga > BAHAN LAUNDRY > DETERJEN PAKAIAN > DETERJEN CAIR,218,147,246
1489,DETERJEN CAIR UNTUK PAKAIAN ANAK ATAU BAYI,,6,0,true,A003-02-02-01-02-01,01,true,true,000B000A0002000100020001,1410,DETERJEN CAIR,Perawatan Diri & Rumah Tangga > Rumah Tangga > BAHAN LAUNDRY > DETERJEN PAKAIAN > DETERJEN CAIR,Perawatan Diri & Rumah Tangga > Rumah Tangga > BAHAN LAUNDRY > DETERJEN PAKAIAN > DETERJEN CAIR > DETERJEN CAIR UNTUK PAKAIAN ANAK ATAU BAYI,17,8,17
1490,DETERJEN CAIR UNTUK PAKAIAN BATIK,,6,0,true,A003-02-02-01-02-02,02,true,true,000B000A0002000100020002,1410,DETERJEN CAIR,Perawatan Diri & Rumah Tangga > Rumah Tangga > BAHAN LAUNDRY > DETERJEN PAKAIAN > DETERJEN CAIR,Perawatan Diri & Rumah Tangga > Rumah Tangga > BAHAN LAUNDRY > DETERJEN PAKAIAN > DETERJEN CAIR > DETERJEN CAIR UNTUK PAKAIAN BATIK,1,1,1
1491,DETERJEN CAIR UNTUK PAKAIAN DEWASA,,6,0,true,A003-02-02-01-02-03,03,true,true,000B000A0002000100020003,1410,DETERJEN CAIR,Perawatan Diri & Rumah Tangga > Rumah Tangga > BAHAN LAUNDRY > DETERJEN PAKAIAN > DETERJEN CAIR,Perawatan Diri & Rumah Tangga > Rumah Tangga > BAHAN LAUNDRY > DETERJEN PAKAIAN > DETERJEN CAIR > DETERJEN CAIR UNTUK PAKAIAN DEWASA,10,6,10
1411,DETERJEN KRIM (SABUN COLEK / SABUN KRIM),,5,0,true,A003-02-02-01-03,03,true,true,000B000A000200010003,943,DETERJEN PAKAIAN,Perawatan Diri & Rumah Tangga > Rumah Tangga > BAHAN LAUNDRY > DETERJEN PAKAIAN,Perawatan Diri & Rumah Tangga > Rumah Tangga > BAHAN LAUNDRY > DETERJEN PAKAIAN > DETERJEN KRIM (SABUN COLEK / SABUN KRIM),32,30,32
944,PELEMBUT & PEWANGI PAKAIAN (SOFTENER),,4,3,false,A003-02-02-02,02,true,true,000B000A00020002,149,BAHAN LAUNDRY,Perawatan Diri & Rumah Tangga > Rumah Tangga > BAHAN LAUNDRY,Perawatan Diri & Rumah Tangga > Rumah Tangga > BAHAN LAUNDRY > PELEMBUT & PEWANGI PAKAIAN (SOFTENER),13,2,231
1412,PELEMBUT & PEWANGI PAKAIAN (SOFTENER) KEMASAN BOTOL,,5,0,true,A003-02-02-02-01,01,true,true,000B000A000200020001,944,PELEMBUT & PEWANGI PAKAIAN (SOFTENER),Perawatan Diri & Rumah Tangga > Rumah Tangga > BAHAN LAUNDRY > PELEMBUT & PEWANGI PAKAIAN (SOFTENER),Perawatan Diri & Rumah Tangga > Rumah Tangga > BAHAN LAUNDRY > PELEMBUT & PEWANGI PAKAIAN (SOFTENER) > PELEMBUT & PEWANGI PAKAIAN (SOFTENER) KEMASAN BOTOL,9,2,9
1413,PELEMBUT & PEWANGI PAKAIAN (SOFTENER) KEMASAN REFILL (POUCH),,5,0,true,A003-02-02-02-02,02,true,true,000B000A000200020002,944,PELEMBUT & PEWANGI PAKAIAN (SOFTENER),Perawatan Diri & Rumah Tangga > Rumah Tangga > BAHAN LAUNDRY > PELEMBUT & PEWANGI PAKAIAN (SOFTENER),Perawatan Diri & Rumah Tangga > Rumah Tangga > BAHAN LAUNDRY > PELEMBUT & PEWANGI PAKAIAN (SOFTENER) > PELEMBUT & PEWANGI PAKAIAN (SOFTENER) KEMASAN REFILL (POUCH),162,104,162
1866,PELEMBUT & PEWANGI PAKAIAN (SOFTENER) KEMASAN SACHET,,5,0,true,A003-02-02-02-03,03,true,true,000B000A000200020003,944,PELEMBUT & PEWANGI PAKAIAN (SOFTENER),Perawatan Diri & Rumah Tangga > Rumah Tangga > BAHAN LAUNDRY > PELEMBUT & PEWANGI PAKAIAN (SOFTENER),Perawatan Diri & Rumah Tangga > Rumah Tangga > BAHAN LAUNDRY > PELEMBUT & PEWANGI PAKAIAN (SOFTENER) > PELEMBUT & PEWANGI PAKAIAN (SOFTENER) KEMASAN SACHET,47,35,47
945,PELICIN PAKAIAN ,,4,3,false,A003-02-02-03,03,true,true,000B000A00020003,149,BAHAN LAUNDRY,Perawatan Diri & Rumah Tangga > Rumah Tangga > BAHAN LAUNDRY,Perawatan Diri & Rumah Tangga > Rumah Tangga > BAHAN LAUNDRY > PELICIN PAKAIAN ,1,0,64
1414,PELICIN PAKAIAN KEMASAN REFILL (POUCH),,5,0,true,A003-02-02-03-01,01,true,true,000B000A000200030001,945,PELICIN PAKAIAN ,Perawatan Diri & Rumah Tangga > Rumah Tangga > BAHAN LAUNDRY > PELICIN PAKAIAN ,Perawatan Diri & Rumah Tangga > Rumah Tangga > BAHAN LAUNDRY > PELICIN PAKAIAN  > PELICIN PAKAIAN KEMASAN REFILL (POUCH),40,30,40
1415,PELICIN PAKAIAN KEMASAN SPRAY,,5,0,true,A003-02-02-03-02,02,true,true,000B000A000200030002,945,PELICIN PAKAIAN ,Perawatan Diri & Rumah Tangga > Rumah Tangga > BAHAN LAUNDRY > PELICIN PAKAIAN ,Perawatan Diri & Rumah Tangga > Rumah Tangga > BAHAN LAUNDRY > PELICIN PAKAIAN  > PELICIN PAKAIAN KEMASAN SPRAY,13,9,13
1867,PELICIN PAKAIAN KEMASAN SACHET,,5,0,true,A003-02-02-03-03,03,true,true,000B000A000200030003,945,PELICIN PAKAIAN ,Perawatan Diri & Rumah Tangga > Rumah Tangga > BAHAN LAUNDRY > PELICIN PAKAIAN ,Perawatan Diri & Rumah Tangga > Rumah Tangga > BAHAN LAUNDRY > PELICIN PAKAIAN  > PELICIN PAKAIAN KEMASAN SACHET,10,10,10
946,PEMUTIH DAN PENGHILANG NODA,,4,3,false,A003-02-02-04,04,true,true,000B000A00020004,149,BAHAN LAUNDRY,Perawatan Diri & Rumah Tangga > Rumah Tangga > BAHAN LAUNDRY,Perawatan Diri & Rumah Tangga > Rumah Tangga > BAHAN LAUNDRY > PEMUTIH DAN PENGHILANG NODA,1,1,51
1416,PEMUTIH DAN PENGHILANG NODA KEMASAN BOTOL,,5,0,true,A003-02-02-04-01,01,true,true,000B000A000200040001,946,PEMUTIH DAN PENGHILANG NODA,Perawatan Diri & Rumah Tangga > Rumah Tangga > BAHAN LAUNDRY > PEMUTIH DAN PENGHILANG NODA,Perawatan Diri & Rumah Tangga > Rumah Tangga > BAHAN LAUNDRY > PEMUTIH DAN PENGHILANG NODA > PEMUTIH DAN PENGHILANG NODA KEMASAN BOTOL,29,18,29
1417,PEMUTIH DAN PENGHILANG NODA KEMASAN REFILL (POUCH),,5,0,true,A003-02-02-04-02,02,true,true,000B000A000200040002,946,PEMUTIH DAN PENGHILANG NODA,Perawatan Diri & Rumah Tangga > Rumah Tangga > BAHAN LAUNDRY > PEMUTIH DAN PENGHILANG NODA,Perawatan Diri & Rumah Tangga > Rumah Tangga > BAHAN LAUNDRY > PEMUTIH DAN PENGHILANG NODA > PEMUTIH DAN PENGHILANG NODA KEMASAN REFILL (POUCH),18,13,18
1868,PEMUTIH DAN PENGHILANG NODA KEMASAN SACHET,,5,0,true,A003-02-02-04-03,03,true,true,000B000A000200040003,946,PEMUTIH DAN PENGHILANG NODA,Perawatan Diri & Rumah Tangga > Rumah Tangga > BAHAN LAUNDRY > PEMUTIH DAN PENGHILANG NODA,Perawatan Diri & Rumah Tangga > Rumah Tangga > BAHAN LAUNDRY > PEMUTIH DAN PENGHILANG NODA > PEMUTIH DAN PENGHILANG NODA KEMASAN SACHET,3,3,3
150,BAHAN PEMBERSIH RUMAH,,3,5,false,A003-02-03,03,true,true,000B000A0003,1829,Rumah Tangga,Perawatan Diri & Rumah Tangga > Rumah Tangga,Perawatan Diri & Rumah Tangga > Rumah Tangga > BAHAN PEMBERSIH RUMAH,1,1,641
947,PEMBERSIH DAPUR,,4,2,false,A003-02-03-01,01,true,true,000B000A00030001,150,BAHAN PEMBERSIH RUMAH,Perawatan Diri & Rumah Tangga > Rumah Tangga > BAHAN PEMBERSIH RUMAH,Perawatan Diri & Rumah Tangga > Rumah Tangga > BAHAN PEMBERSIH RUMAH > PEMBERSIH DAPUR,3,2,156
1418,CAIRAN PEMBERSIH DAPUR,,5,2,false,A003-02-03-01-01,01,true,true,000B000A000300010001,947,PEMBERSIH DAPUR,Perawatan Diri & Rumah Tangga > Rumah Tangga > BAHAN PEMBERSIH RUMAH > PEMBERSIH DAPUR,Perawatan Diri & Rumah Tangga > Rumah Tangga > BAHAN PEMBERSIH RUMAH > PEMBERSIH DAPUR > CAIRAN PEMBERSIH DAPUR,1,0,17
1492,CAIRAN PEMBERSIH DAPUR KEMASAN BOTOL / SPRAY,,6,0,true,A003-02-03-01-01-01,01,true,true,000B000A0003000100010001,1418,CAIRAN PEMBERSIH DAPUR,Perawatan Diri & Rumah Tangga > Rumah Tangga > BAHAN PEMBERSIH RUMAH > PEMBERSIH DAPUR > CAIRAN PEMBERSIH DAPUR,Perawatan Diri & Rumah Tangga > Rumah Tangga > BAHAN PEMBERSIH RUMAH > PEMBERSIH DAPUR > CAIRAN PEMBERSIH DAPUR > CAIRAN PEMBERSIH DAPUR KEMASAN BOTOL / SPRAY,9,4,9
1493,CAIRAN PEMBERSIH DAPUR KEMASAN REFILL (POUCH),,6,0,true,A003-02-03-01-01-02,02,true,true,000B000A0003000100010002,1418,CAIRAN PEMBERSIH DAPUR,Perawatan Diri & Rumah Tangga > Rumah Tangga > BAHAN PEMBERSIH RUMAH > PEMBERSIH DAPUR > CAIRAN PEMBERSIH DAPUR,Perawatan Diri & Rumah Tangga > Rumah Tangga > BAHAN PEMBERSIH RUMAH > PEMBERSIH DAPUR > CAIRAN PEMBERSIH DAPUR > CAIRAN PEMBERSIH DAPUR KEMASAN REFILL (POUCH),7,7,7
1419,CAIRAN PENCUCI PIRING,,5,3,false,A003-02-03-01-02,02,true,true,000B000A000300010002,947,PEMBERSIH DAPUR,Perawatan Diri & Rumah Tangga > Rumah Tangga > BAHAN PEMBERSIH RUMAH > PEMBERSIH DAPUR,Perawatan Diri & Rumah Tangga > Rumah Tangga > BAHAN PEMBERSIH RUMAH > PEMBERSIH DAPUR > CAIRAN PENCUCI PIRING,4,1,136
1494,CAIRAN PENCUCI PIRING KEMASAN BOTOL,,6,0,true,A003-02-03-01-02-01,01,true,true,000B000A0003000100020001,1419,CAIRAN PENCUCI PIRING,Perawatan Diri & Rumah Tangga > Rumah Tangga > BAHAN PEMBERSIH RUMAH > PEMBERSIH DAPUR > CAIRAN PENCUCI PIRING,Perawatan Diri & Rumah Tangga > Rumah Tangga > BAHAN PEMBERSIH RUMAH > PEMBERSIH DAPUR > CAIRAN PENCUCI PIRING > CAIRAN PENCUCI PIRING KEMASAN BOTOL,18,9,18
1495,CAIRAN PENCUCI PIRING KEMASAN JERIGEN,,6,0,true,A003-02-03-01-02-02,02,true,true,000B000A0003000100020002,1419,CAIRAN PENCUCI PIRING,Perawatan Diri & Rumah Tangga > Rumah Tangga > BAHAN PEMBERSIH RUMAH > PEMBERSIH DAPUR > CAIRAN PENCUCI PIRING,Perawatan Diri & Rumah Tangga > Rumah Tangga > BAHAN PEMBERSIH RUMAH > PEMBERSIH DAPUR > CAIRAN PENCUCI PIRING > CAIRAN PENCUCI PIRING KEMASAN JERIGEN,5,5,5
1496,CAIRAN PENCUCI PIRING KEMASAN REFILL (POUCH),,6,0,true,A003-02-03-01-02-03,03,true,true,000B000A0003000100020003,1419,CAIRAN PENCUCI PIRING,Perawatan Diri & Rumah Tangga > Rumah Tangga > BAHAN PEMBERSIH RUMAH > PEMBERSIH DAPUR > CAIRAN PENCUCI PIRING,Perawatan Diri & Rumah Tangga > Rumah Tangga > BAHAN PEMBERSIH RUMAH > PEMBERSIH DAPUR > CAIRAN PENCUCI PIRING > CAIRAN PENCUCI PIRING KEMASAN REFILL (POUCH),109,67,109
948,PEMBERSIH KACA,,4,1,false,A003-02-03-02,02,true,true,000B000A00030002,150,BAHAN PEMBERSIH RUMAH,Perawatan Diri & Rumah Tangga > Rumah Tangga > BAHAN PEMBERSIH RUMAH,Perawatan Diri & Rumah Tangga > Rumah Tangga > BAHAN PEMBERSIH RUMAH > PEMBERSIH KACA,0,0,33
1420,CAIRAN PEMBERSIH KACA,,5,3,false,A003-02-03-02-01,01,true,true,000B000A000300020001,948,PEMBERSIH KACA,Perawatan Diri & Rumah Tangga > Rumah Tangga > BAHAN PEMBERSIH RUMAH > PEMBERSIH KACA,Perawatan Diri & Rumah Tangga > Rumah Tangga > BAHAN PEMBERSIH RUMAH > PEMBERSIH KACA > CAIRAN PEMBERSIH KACA,0,0,33
1497,CAIRAN PEMBERSIH KACA KEMASAN SPRAY,,6,0,true,A003-02-03-02-01-01,01,true,true,000B000A0003000200010001,1420,CAIRAN PEMBERSIH KACA,Perawatan Diri & Rumah Tangga > Rumah Tangga > BAHAN PEMBERSIH RUMAH > PEMBERSIH KACA > CAIRAN PEMBERSIH KACA,Perawatan Diri & Rumah Tangga > Rumah Tangga > BAHAN PEMBERSIH RUMAH > PEMBERSIH KACA > CAIRAN PEMBERSIH KACA > CAIRAN PEMBERSIH KACA KEMASAN SPRAY,15,10,15
1498,CAIRAN PEMBERSIH KACA KEMASAN JERIGEN,,6,0,true,A003-02-03-02-01-02,02,true,true,000B000A0003000200010002,1420,CAIRAN PEMBERSIH KACA,Perawatan Diri & Rumah Tangga > Rumah Tangga > BAHAN PEMBERSIH RUMAH > PEMBERSIH KACA > CAIRAN PEMBERSIH KACA,Perawatan Diri & Rumah Tangga > Rumah Tangga > BAHAN PEMBERSIH RUMAH > PEMBERSIH KACA > CAIRAN PEMBERSIH KACA > CAIRAN PEMBERSIH KACA KEMASAN JERIGEN,2,2,2
1499,CAIRAN PEMBERSIH KACA KEMASAN REFILL (POUCH),,6,0,true,A003-02-03-02-01-03,03,true,true,000B000A0003000200010003,1420,CAIRAN PEMBERSIH KACA,Perawatan Diri & Rumah Tangga > Rumah Tangga > BAHAN PEMBERSIH RUMAH > PEMBERSIH KACA > CAIRAN PEMBERSIH KACA,Perawatan Diri & Rumah Tangga > Rumah Tangga > BAHAN PEMBERSIH RUMAH > PEMBERSIH KACA > CAIRAN PEMBERSIH KACA > CAIRAN PEMBERSIH KACA KEMASAN REFILL (POUCH),16,11,16
949,PEMBERSIH KAMAR MANDI,,4,3,false,A003-02-03-03,03,true,true,000B000A00030003,150,BAHAN PEMBERSIH RUMAH,Perawatan Diri & Rumah Tangga > Rumah Tangga > BAHAN PEMBERSIH RUMAH,Perawatan Diri & Rumah Tangga > Rumah Tangga > BAHAN PEMBERSIH RUMAH > PEMBERSIH KAMAR MANDI,1,0,79
1421,ANTI SUMBAT,,5,0,true,A003-02-03-03-01,01,true,true,000B000A000300030001,949,PEMBERSIH KAMAR MANDI,Perawatan Diri & Rumah Tangga > Rumah Tangga > BAHAN PEMBERSIH RUMAH > PEMBERSIH KAMAR MANDI,Perawatan Diri & Rumah Tangga > Rumah Tangga > BAHAN PEMBERSIH RUMAH > PEMBERSIH KAMAR MANDI > ANTI SUMBAT,2,2,2
1422,CAIRAN PEMBERSIH KAMAR MANDI & KLOSET (PORSTEX),,5,2,false,A003-02-03-03-02,02,true,true,000B000A000300030002,949,PEMBERSIH KAMAR MANDI,Perawatan Diri & Rumah Tangga > Rumah Tangga > BAHAN PEMBERSIH RUMAH > PEMBERSIH KAMAR MANDI,Perawatan Diri & Rumah Tangga > Rumah Tangga > BAHAN PEMBERSIH RUMAH > PEMBERSIH KAMAR MANDI > CAIRAN PEMBERSIH KAMAR MANDI & KLOSET (PORSTEX),1,0,60
1500,CAIRAN PEMBERSIH KAMAR MANDI & KLOSET (PORSTEX) KEMASAN BOTOL,,6,0,true,A003-02-03-03-02-01,01,true,true,000B000A0003000300020001,1422,CAIRAN PEMBERSIH KAMAR MANDI & KLOSET (PORSTEX),Perawatan Diri & Rumah Tangga > Rumah Tangga > BAHAN PEMBERSIH RUMAH > PEMBERSIH KAMAR MANDI > CAIRAN PEMBERSIH KAMAR MANDI & KLOSET (PORSTEX),Perawatan Diri & Rumah Tangga > Rumah Tangga > BAHAN PEMBERSIH RUMAH > PEMBERSIH KAMAR MANDI > CAIRAN PEMBERSIH KAMAR MANDI & KLOSET (PORSTEX) > CAIRAN PEMBERSIH KAMAR MANDI & KLOSET (PORSTEX) KEMASAN BOTOL,43,31,43
1501,CAIRAN PEMBERSIH KAMAR MANDI & KLOSET (PORSTEX) KEMASAN REFILL (POUCH),,6,0,true,A003-02-03-03-02-02,02,true,true,000B000A0003000300020002,1422,CAIRAN PEMBERSIH KAMAR MANDI & KLOSET (PORSTEX),Perawatan Diri & Rumah Tangga > Rumah Tangga > BAHAN PEMBERSIH RUMAH > PEMBERSIH KAMAR MANDI > CAIRAN PEMBERSIH KAMAR MANDI & KLOSET (PORSTEX),Perawatan Diri & Rumah Tangga > Rumah Tangga > BAHAN PEMBERSIH RUMAH > PEMBERSIH KAMAR MANDI > CAIRAN PEMBERSIH KAMAR MANDI & KLOSET (PORSTEX) > CAIRAN PEMBERSIH KAMAR MANDI & KLOSET (PORSTEX) KEMASAN REFILL (POUCH),16,13,16
1423,PENGHARUM FLUSH KLOSET,,5,2,false,A003-02-03-03-03,03,true,true,000B000A000300030003,949,PEMBERSIH KAMAR MANDI,Perawatan Diri & Rumah Tangga > Rumah Tangga > BAHAN PEMBERSIH RUMAH > PEMBERSIH KAMAR MANDI,Perawatan Diri & Rumah Tangga > Rumah Tangga > BAHAN PEMBERSIH RUMAH > PEMBERSIH KAMAR MANDI > PENGHARUM FLUSH KLOSET,1,1,16
1502,PENGHARUM FLUSH KLOSET CAIR,,6,0,true,A003-02-03-03-03-01,01,true,true,000B000A0003000300030001,1423,PENGHARUM FLUSH KLOSET,Perawatan Diri & Rumah Tangga > Rumah Tangga > BAHAN PEMBERSIH RUMAH > PEMBERSIH KAMAR MANDI > PENGHARUM FLUSH KLOSET,Perawatan Diri & Rumah Tangga > Rumah Tangga > BAHAN PEMBERSIH RUMAH > PEMBERSIH KAMAR MANDI > PENGHARUM FLUSH KLOSET > PENGHARUM FLUSH KLOSET CAIR,5,5,5
1503,PENGHARUM FLUSH KLOSET SOLID,,6,0,true,A003-02-03-03-03-02,02,true,true,000B000A0003000300030002,1423,PENGHARUM FLUSH KLOSET,Perawatan Diri & Rumah Tangga > Rumah Tangga > BAHAN PEMBERSIH RUMAH > PEMBERSIH KAMAR MANDI > PENGHARUM FLUSH KLOSET,Perawatan Diri & Rumah Tangga > Rumah Tangga > BAHAN PEMBERSIH RUMAH > PEMBERSIH KAMAR MANDI > PENGHARUM FLUSH KLOSET > PENGHARUM FLUSH KLOSET SOLID,10,10,10
950,PEMBERSIH LANTAI,,4,2,false,A003-02-03-04,04,true,true,000B000A00030004,150,BAHAN PEMBERSIH RUMAH,Perawatan Diri & Rumah Tangga > Rumah Tangga > BAHAN PEMBERSIH RUMAH,Perawatan Diri & Rumah Tangga > Rumah Tangga > BAHAN PEMBERSIH RUMAH > PEMBERSIH LANTAI,1,1,242
1424,CAIRAN PEMBERSIH LANTAI,,5,4,false,A003-02-03-04-01,01,true,true,000B000A000300040001,950,PEMBERSIH LANTAI,Perawatan Diri & Rumah Tangga > Rumah Tangga > BAHAN PEMBERSIH RUMAH > PEMBERSIH LANTAI,Perawatan Diri & Rumah Tangga > Rumah Tangga > BAHAN PEMBERSIH RUMAH > PEMBERSIH LANTAI > CAIRAN PEMBERSIH LANTAI,11,9,180
1504,CAIRAN PEMBERSIH LANTAI KEMASAN BOTOL,,6,0,true,A003-02-03-04-01-01,01,true,true,000B000A0003000400010001,1424,CAIRAN PEMBERSIH LANTAI,Perawatan Diri & Rumah Tangga > Rumah Tangga > BAHAN PEMBERSIH RUMAH > PEMBERSIH LANTAI > CAIRAN PEMBERSIH LANTAI,Perawatan Diri & Rumah Tangga > Rumah Tangga > BAHAN PEMBERSIH RUMAH > PEMBERSIH LANTAI > CAIRAN PEMBERSIH LANTAI > CAIRAN PEMBERSIH LANTAI KEMASAN BOTOL,40,26,40
1505,CAIRAN PEMBERSIH LANTAI KEMASAN JERIGEN,,6,0,true,A003-02-03-04-01-02,02,true,true,000B000A0003000400010002,1424,CAIRAN PEMBERSIH LANTAI,Perawatan Diri & Rumah Tangga > Rumah Tangga > BAHAN PEMBERSIH RUMAH > PEMBERSIH LANTAI > CAIRAN PEMBERSIH LANTAI,Perawatan Diri & Rumah Tangga > Rumah Tangga > BAHAN PEMBERSIH RUMAH > PEMBERSIH LANTAI > CAIRAN PEMBERSIH LANTAI > CAIRAN PEMBERSIH LANTAI KEMASAN JERIGEN,16,15,16
1506,CAIRAN PEMBERSIH LANTAI KEMASAN REFILL (POUCH),,6,0,true,A003-02-03-04-01-03,03,true,true,000B000A0003000400010003,1424,CAIRAN PEMBERSIH LANTAI,Perawatan Diri & Rumah Tangga > Rumah Tangga > BAHAN PEMBERSIH RUMAH > PEMBERSIH LANTAI > CAIRAN PEMBERSIH LANTAI,Perawatan Diri & Rumah Tangga > Rumah Tangga > BAHAN PEMBERSIH RUMAH > PEMBERSIH LANTAI > CAIRAN PEMBERSIH LANTAI > CAIRAN PEMBERSIH LANTAI KEMASAN REFILL (POUCH),106,84,106
1869,CAIRAN PEMBERSIH LANTAI KEMASAN SACHET,,6,0,true,A003-02-03-04-01-04,04,true,true,000B000A0003000400010004,1424,CAIRAN PEMBERSIH LANTAI,Perawatan Diri & Rumah Tangga > Rumah Tangga > BAHAN PEMBERSIH RUMAH > PEMBERSIH LANTAI > CAIRAN PEMBERSIH LANTAI,Perawatan Diri & Rumah Tangga > Rumah Tangga > BAHAN PEMBERSIH RUMAH > PEMBERSIH LANTAI > CAIRAN PEMBERSIH LANTAI > CAIRAN PEMBERSIH LANTAI KEMASAN SACHET,7,7,7
1425,KARBOL,,5,3,false,A003-02-03-04-02,02,true,true,000B000A000300040002,950,PEMBERSIH LANTAI,Perawatan Diri & Rumah Tangga > Rumah Tangga > BAHAN PEMBERSIH RUMAH > PEMBERSIH LANTAI,Perawatan Diri & Rumah Tangga > Rumah Tangga > BAHAN PEMBERSIH RUMAH > PEMBERSIH LANTAI > KARBOL,2,1,61
1507,KARBOL KEMASAN BOTOL,,6,0,true,A003-02-03-04-02-01,01,true,true,000B000A0003000400020001,1425,KARBOL,Perawatan Diri & Rumah Tangga > Rumah Tangga > BAHAN PEMBERSIH RUMAH > PEMBERSIH LANTAI > KARBOL,Perawatan Diri & Rumah Tangga > Rumah Tangga > BAHAN PEMBERSIH RUMAH > PEMBERSIH LANTAI > KARBOL > KARBOL KEMASAN BOTOL,14,10,14
1508,KARBOL KEMASAN REFILL (POUCH),,6,0,true,A003-02-03-04-02-02,02,true,true,000B000A0003000400020002,1425,KARBOL,Perawatan Diri & Rumah Tangga > Rumah Tangga > BAHAN PEMBERSIH RUMAH > PEMBERSIH LANTAI > KARBOL,Perawatan Diri & Rumah Tangga > Rumah Tangga > BAHAN PEMBERSIH RUMAH > PEMBERSIH LANTAI > KARBOL > KARBOL KEMASAN REFILL (POUCH),43,30,43
1871,KARBOL KEMASAN SACHET,,6,0,true,A003-02-03-04-02-03,03,true,true,000B000A0003000400020003,1425,KARBOL,Perawatan Diri & Rumah Tangga > Rumah Tangga > BAHAN PEMBERSIH RUMAH > PEMBERSIH LANTAI > KARBOL,Perawatan Diri & Rumah Tangga > Rumah Tangga > BAHAN PEMBERSIH RUMAH > PEMBERSIH LANTAI > KARBOL > KARBOL KEMASAN SACHET,2,2,2
951,PERAWATAN & PEMBERSIH RUMAH TANGGA LAINNYA,,4,7,false,A003-02-03-05,05,true,true,000B000A00030005,150,BAHAN PEMBERSIH RUMAH,Perawatan Diri & Rumah Tangga > Rumah Tangga > BAHAN PEMBERSIH RUMAH,Perawatan Diri & Rumah Tangga > Rumah Tangga > BAHAN PEMBERSIH RUMAH > PERAWATAN & PEMBERSIH RUMAH TANGGA LAINNYA,31,0,130
1426,PEMBERSIH & SEMIR KAYU UNTUK MEBEL (FURNITURE POLISH),,5,0,true,A003-02-03-05-01,01,true,true,000B000A000300050001,951,PERAWATAN & PEMBERSIH RUMAH TANGGA LAINNYA,Perawatan Diri & Rumah Tangga > Rumah Tangga > BAHAN PEMBERSIH RUMAH > PERAWATAN & PEMBERSIH RUMAH TANGGA LAINNYA,Perawatan Diri & Rumah Tangga > Rumah Tangga > BAHAN PEMBERSIH RUMAH > PERAWATAN & PEMBERSIH RUMAH TANGGA LAINNYA > PEMBERSIH & SEMIR KAYU UNTUK MEBEL (FURNITURE POLISH),5,4,5
1427,PEMBERSIH MULTIFUNGSI,,5,3,false,A003-02-03-05-02,02,true,true,000B000A000300050002,951,PERAWATAN & PEMBERSIH RUMAH TANGGA LAINNYA,Perawatan Diri & Rumah Tangga > Rumah Tangga > BAHAN PEMBERSIH RUMAH > PERAWATAN & PEMBERSIH RUMAH TANGGA LAINNYA,Perawatan Diri & Rumah Tangga > Rumah Tangga > BAHAN PEMBERSIH RUMAH > PERAWATAN & PEMBERSIH RUMAH TANGGA LAINNYA > PEMBERSIH MULTIFUNGSI,3,3,29
1509,PEMBERSIH MULTIFUNGSI BUBUK,,6,0,true,A003-02-03-05-02-01,01,true,true,000B000A0003000500020001,1427,PEMBERSIH MULTIFUNGSI,Perawatan Diri & Rumah Tangga > Rumah Tangga > BAHAN PEMBERSIH RUMAH > PERAWATAN & PEMBERSIH RUMAH TANGGA LAINNYA > PEMBERSIH MULTIFUNGSI,Perawatan Diri & Rumah Tangga > Rumah Tangga > BAHAN PEMBERSIH RUMAH > PERAWATAN & PEMBERSIH RUMAH TANGGA LAINNYA > PEMBERSIH MULTIFUNGSI > PEMBERSIH MULTIFUNGSI BUBUK,3,3,3
1510,PEMBERSIH MULTIFUNGSI CAIR,,6,0,true,A003-02-03-05-02-02,02,true,true,000B000A0003000500020002,1427,PEMBERSIH MULTIFUNGSI,Perawatan Diri & Rumah Tangga > Rumah Tangga > BAHAN PEMBERSIH RUMAH > PERAWATAN & PEMBERSIH RUMAH TANGGA LAINNYA > PEMBERSIH MULTIFUNGSI,Perawatan Diri & Rumah Tangga > Rumah Tangga > BAHAN PEMBERSIH RUMAH > PERAWATAN & PEMBERSIH RUMAH TANGGA LAINNYA > PEMBERSIH MULTIFUNGSI > PEMBERSIH MULTIFUNGSI CAIR,21,7,21
1511,PEMBERSIH MULTIFUNGSI KRIM,,6,0,true,A003-02-03-05-02-03,03,true,true,000B000A0003000500020003,1427,PEMBERSIH MULTIFUNGSI,Perawatan Diri & Rumah Tangga > Rumah Tangga > BAHAN PEMBERSIH RUMAH > PERAWATAN & PEMBERSIH RUMAH TANGGA LAINNYA > PEMBERSIH MULTIFUNGSI,Perawatan Diri & Rumah Tangga > Rumah Tangga > BAHAN PEMBERSIH RUMAH > PERAWATAN & PEMBERSIH RUMAH TANGGA LAINNYA > PEMBERSIH MULTIFUNGSI > PEMBERSIH MULTIFUNGSI KRIM,2,2,2
1428,PEMBERSIH SEPATU,,5,0,true,A003-02-03-05-03,03,true,true,000B000A000300050003,951,PERAWATAN & PEMBERSIH RUMAH TANGGA LAINNYA,Perawatan Diri & Rumah Tangga > Rumah Tangga > BAHAN PEMBERSIH RUMAH > PERAWATAN & PEMBERSIH RUMAH TANGGA LAINNYA,Perawatan Diri & Rumah Tangga > Rumah Tangga > BAHAN PEMBERSIH RUMAH > PERAWATAN & PEMBERSIH RUMAH TANGGA LAINNYA > PEMBERSIH SEPATU,0,0,0
1429,POLES DAN ANTI KARAT UNTUK LOGAM,,5,0,true,A003-02-03-05-04,04,true,true,000B000A000300050004,951,PERAWATAN & PEMBERSIH RUMAH TANGGA LAINNYA,Perawatan Diri & Rumah Tangga > Rumah Tangga > BAHAN PEMBERSIH RUMAH > PERAWATAN & PEMBERSIH RUMAH TANGGA LAINNYA,Perawatan Diri & Rumah Tangga > Rumah Tangga > BAHAN PEMBERSIH RUMAH > PERAWATAN & PEMBERSIH RUMAH TANGGA LAINNYA > POLES DAN ANTI KARAT UNTUK LOGAM,0,0,0
1430,SEMIR SEPATU,,5,2,false,A003-02-03-05-05,05,true,true,000B000A000300050005,951,PERAWATAN & PEMBERSIH RUMAH TANGGA LAINNYA,Perawatan Diri & Rumah Tangga > Rumah Tangga > BAHAN PEMBERSIH RUMAH > PERAWATAN & PEMBERSIH RUMAH TANGGA LAINNYA,Perawatan Diri & Rumah Tangga > Rumah Tangga > BAHAN PEMBERSIH RUMAH > PERAWATAN & PEMBERSIH RUMAH TANGGA LAINNYA > SEMIR SEPATU,0,0,12
1512,SEMIR SEPATU CAIR,,6,0,true,A003-02-03-05-05-01,01,true,true,000B000A0003000500050001,1430,SEMIR SEPATU,Perawatan Diri & Rumah Tangga > Rumah Tangga > BAHAN PEMBERSIH RUMAH > PERAWATAN & PEMBERSIH RUMAH TANGGA LAINNYA > SEMIR SEPATU,Perawatan Diri & Rumah Tangga > Rumah Tangga > BAHAN PEMBERSIH RUMAH > PERAWATAN & PEMBERSIH RUMAH TANGGA LAINNYA > SEMIR SEPATU > SEMIR SEPATU CAIR,7,7,7
1513,SEMIR SEPATU NON CAIR,,6,0,true,A003-02-03-05-05-02,02,true,true,000B000A0003000500050002,1430,SEMIR SEPATU,Perawatan Diri & Rumah Tangga > Rumah Tangga > BAHAN PEMBERSIH RUMAH > PERAWATAN & PEMBERSIH RUMAH TANGGA LAINNYA > SEMIR SEPATU,Perawatan Diri & Rumah Tangga > Rumah Tangga > BAHAN PEMBERSIH RUMAH > PERAWATAN & PEMBERSIH RUMAH TANGGA LAINNYA > SEMIR SEPATU > SEMIR SEPATU NON CAIR,5,5,5
1431,SERAP AIR & PENYERAP BAU,,5,2,false,A003-02-03-05-06,06,true,true,000B000A000300050006,951,PERAWATAN & PEMBERSIH RUMAH TANGGA LAINNYA,Perawatan Diri & Rumah Tangga > Rumah Tangga > BAHAN PEMBERSIH RUMAH > PERAWATAN & PEMBERSIH RUMAH TANGGA LAINNYA,Perawatan Diri & Rumah Tangga > Rumah Tangga > BAHAN PEMBERSIH RUMAH > PERAWATAN & PEMBERSIH RUMAH TANGGA LAINNYA > SERAP AIR & PENYERAP BAU,5,4,40
1514,SERAP AIR & PENYERAP BAU KEMASAN BIASA,,6,0,true,A003-02-03-05-06-01,01,true,true,000B000A0003000500060001,1431,SERAP AIR & PENYERAP BAU,Perawatan Diri & Rumah Tangga > Rumah Tangga > BAHAN PEMBERSIH RUMAH > PERAWATAN & PEMBERSIH RUMAH TANGGA LAINNYA > SERAP AIR & PENYERAP BAU,Perawatan Diri & Rumah Tangga > Rumah Tangga > BAHAN PEMBERSIH RUMAH > PERAWATAN & PEMBERSIH RUMAH TANGGA LAINNYA > SERAP AIR & PENYERAP BAU > SERAP AIR & PENYERAP BAU KEMASAN BIASA,26,25,26
1515,SERAP AIR & PENYERAP BAU KEMASAN REFILL (POUCH),,6,0,true,A003-02-03-05-06-02,02,true,true,000B000A0003000500060002,1431,SERAP AIR & PENYERAP BAU,Perawatan Diri & Rumah Tangga > Rumah Tangga > BAHAN PEMBERSIH RUMAH > PERAWATAN & PEMBERSIH RUMAH TANGGA LAINNYA > SERAP AIR & PENYERAP BAU,Perawatan Diri & Rumah Tangga > Rumah Tangga > BAHAN PEMBERSIH RUMAH > PERAWATAN & PEMBERSIH RUMAH TANGGA LAINNYA > SERAP AIR & PENYERAP BAU > SERAP AIR & PENYERAP BAU KEMASAN REFILL (POUCH),9,8,9
1870,DISINFECTANT,,5,0,true,A003-02-03-05-07,07,true,true,000B000A000300050007,951,PERAWATAN & PEMBERSIH RUMAH TANGGA LAINNYA,Perawatan Diri & Rumah Tangga > Rumah Tangga > BAHAN PEMBERSIH RUMAH > PERAWATAN & PEMBERSIH RUMAH TANGGA LAINNYA,Perawatan Diri & Rumah Tangga > Rumah Tangga > BAHAN PEMBERSIH RUMAH > PERAWATAN & PEMBERSIH RUMAH TANGGA LAINNYA > DISINFECTANT,13,7,13
151,PENGHARUM RUANGAN,,3,3,false,A003-02-04,04,true,true,000B000A0004,1829,Rumah Tangga,Perawatan Diri & Rumah Tangga > Rumah Tangga,Perawatan Diri & Rumah Tangga > Rumah Tangga > PENGHARUM RUANGAN,135,107,258
952,PENGHARUM RUANGAN ELEKTRIK,,4,2,false,A003-02-04-01,01,true,true,000B000A00040001,151,PENGHARUM RUANGAN,Perawatan Diri & Rumah Tangga > Rumah Tangga > PENGHARUM RUANGAN,Perawatan Diri & Rumah Tangga > Rumah Tangga > PENGHARUM RUANGAN > PENGHARUM RUANGAN ELEKTRIK,1,1,57
1432,PENGHARUM RUANGAN ELEKTRIK ALAT & ISINYA,,5,0,true,A003-02-04-01-01,01,true,true,000B000A000400010001,952,PENGHARUM RUANGAN ELEKTRIK,Perawatan Diri & Rumah Tangga > Rumah Tangga > PENGHARUM RUANGAN > PENGHARUM RUANGAN ELEKTRIK,Perawatan Diri & Rumah Tangga > Rumah Tangga > PENGHARUM RUANGAN > PENGHARUM RUANGAN ELEKTRIK > PENGHARUM RUANGAN ELEKTRIK ALAT & ISINYA,14,7,14
1433,PENGHARUM RUANGAN ELEKTRIK REFILL SAJA,,5,0,true,A003-02-04-01-02,02,true,true,000B000A000400010002,952,PENGHARUM RUANGAN ELEKTRIK,Perawatan Diri & Rumah Tangga > Rumah Tangga > PENGHARUM RUANGAN > PENGHARUM RUANGAN ELEKTRIK,Perawatan Diri & Rumah Tangga > Rumah Tangga > PENGHARUM RUANGAN > PENGHARUM RUANGAN ELEKTRIK > PENGHARUM RUANGAN ELEKTRIK REFILL SAJA,42,29,42
953,PENGHARUM RUANGAN GANTUNG,,4,0,true,A003-02-04-02,02,true,true,000B000A00040002,151,PENGHARUM RUANGAN,Perawatan Diri & Rumah Tangga > Rumah Tangga > PENGHARUM RUANGAN,Perawatan Diri & Rumah Tangga > Rumah Tangga > PENGHARUM RUANGAN > PENGHARUM RUANGAN GANTUNG,40,38,40
954,SEMPROTAN PENGHARUM RUANGAN,,4,0,true,A003-02-04-03,03,true,true,000B000A00040003,151,PENGHARUM RUANGAN,Perawatan Diri & Rumah Tangga > Rumah Tangga > PENGHARUM RUANGAN,Perawatan Diri & Rumah Tangga > Rumah Tangga > PENGHARUM RUANGAN > SEMPROTAN PENGHARUM RUANGAN,26,24,26
1831,Peralatan & Perlengkapan Rumah Tangga,,3,2,false,A003-02-05,05,true,true,000B000A0007,1829,Rumah Tangga,Perawatan Diri & Rumah Tangga > Rumah Tangga,Perawatan Diri & Rumah Tangga > Rumah Tangga > Peralatan & Perlengkapan Rumah Tangga,54,52,13261
955,PERALATAN RUMAH TANGGA,,4,4,false,A003-02-05-01,01,true,true,000B000A00070001,1831,Peralatan & Perlengkapan Rumah Tangga,Perawatan Diri & Rumah Tangga > Rumah Tangga > Peralatan & Perlengkapan Rumah Tangga,Perawatan Diri & Rumah Tangga > Rumah Tangga > Peralatan & Perlengkapan Rumah Tangga > PERALATAN RUMAH TANGGA,1143,1113,10280
1434,PERALATAN KEBERSIHAN RUMAH TANGGA,,5,14,false,A003-02-05-01-01,01,true,true,000B000A000700010001,955,PERALATAN RUMAH TANGGA,Perawatan Diri & Rumah Tangga > Rumah Tangga > Peralatan & Perlengkapan Rumah Tangga > PERALATAN RUMAH TANGGA,Perawatan Diri & Rumah Tangga > Rumah Tangga > Peralatan & Perlengkapan Rumah Tangga > PERALATAN RUMAH TANGGA > PERALATAN KEBERSIHAN RUMAH TANGGA,1,1,1346
1516,FLOOR MOP,,6,4,false,A003-02-05-01-01-01,01,true,true,000B000A0007000100010001,1434,PERALATAN KEBERSIHAN RUMAH TANGGA,Perawatan Diri & Rumah Tangga > Rumah Tangga > Peralatan & Perlengkapan Rumah Tangga > PERALATAN RUMAH TANGGA > PERALATAN KEBERSIHAN RUMAH TANGGA,Perawatan Diri & Rumah Tangga > Rumah Tangga > Peralatan & Perlengkapan Rumah Tangga > PERALATAN RUMAH TANGGA > PERALATAN KEBERSIHAN RUMAH TANGGA > FLOOR MOP,10,10,106
1575,FLOOR MOP UNTUK MENYAPU,,7,0,true,A003-02-05-01-01-01-01,01,true,true,000B000A00070001000100010001,1516,FLOOR MOP,Perawatan Diri & Rumah Tangga > Rumah Tangga > Peralatan & Perlengkapan Rumah Tangga > PERALATAN RUMAH TANGGA > PERALATAN KEBERSIHAN RUMAH TANGGA > FLOOR MOP,Perawatan Diri & Rumah Tangga > Rumah Tangga > Peralatan & Perlengkapan Rumah Tangga > PERALATAN RUMAH TANGGA > PERALATAN KEBERSIHAN RUMAH TANGGA > FLOOR MOP > FLOOR MOP UNTUK MENYAPU,4,3,4
1576,FLOOR MOP UNTUK PEL,,7,0,true,A003-02-05-01-01-01-02,02,true,true,000B000A00070001000100010002,1516,FLOOR MOP,Perawatan Diri & Rumah Tangga > Rumah Tangga > Peralatan & Perlengkapan Rumah Tangga > PERALATAN RUMAH TANGGA > PERALATAN KEBERSIHAN RUMAH TANGGA > FLOOR MOP,Perawatan Diri & Rumah Tangga > Rumah Tangga > Peralatan & Perlengkapan Rumah Tangga > PERALATAN RUMAH TANGGA > PERALATAN KEBERSIHAN RUMAH TANGGA > FLOOR MOP > FLOOR MOP UNTUK PEL,57,56,57
1577,REFILL UNTUK FLOOR MOP PEL,,7,0,true,A003-02-05-01-01-01-03,03,true,true,000B000A00070001000100010003,1516,FLOOR MOP,Perawatan Diri & Rumah Tangga > Rumah Tangga > Peralatan & Perlengkapan Rumah Tangga > PERALATAN RUMAH TANGGA > PERALATAN KEBERSIHAN RUMAH TANGGA > FLOOR MOP,Perawatan Diri & Rumah Tangga > Rumah Tangga > Peralatan & Perlengkapan Rumah Tangga > PERALATAN RUMAH TANGGA > PERALATAN KEBERSIHAN RUMAH TANGGA > FLOOR MOP > REFILL UNTUK FLOOR MOP PEL,34,31,34
1578,REFILL UNTUK FLOOR MOP SAPU,,7,0,true,A003-02-05-01-01-01-04,04,true,true,000B000A00070001000100010004,1516,FLOOR MOP,Perawatan Diri & Rumah Tangga > Rumah Tangga > Peralatan & Perlengkapan Rumah Tangga > PERALATAN RUMAH TANGGA > PERALATAN KEBERSIHAN RUMAH TANGGA > FLOOR MOP,Perawatan Diri & Rumah Tangga > Rumah Tangga > Peralatan & Perlengkapan Rumah Tangga > PERALATAN RUMAH TANGGA > PERALATAN KEBERSIHAN RUMAH TANGGA > FLOOR MOP > REFILL UNTUK FLOOR MOP SAPU,1,1,1
1517,KEMOCENG,,6,3,false,A003-02-05-01-01-02,02,true,true,000B000A0007000100010002,1434,PERALATAN KEBERSIHAN RUMAH TANGGA,Perawatan Diri & Rumah Tangga > Rumah Tangga > Peralatan & Perlengkapan Rumah Tangga > PERALATAN RUMAH TANGGA > PERALATAN KEBERSIHAN RUMAH TANGGA,Perawatan Diri & Rumah Tangga > Rumah Tangga > Peralatan & Perlengkapan Rumah Tangga > PERALATAN RUMAH TANGGA > PERALATAN KEBERSIHAN RUMAH TANGGA > KEMOCENG,7,6,24
1579,KEMOCENG BULU AYAM,,7,0,true,A003-02-05-01-01-02-01,01,true,true,000B000A00070001000100020001,1517,KEMOCENG,Perawatan Diri & Rumah Tangga > Rumah Tangga > Peralatan & Perlengkapan Rumah Tangga > PERALATAN RUMAH TANGGA > PERALATAN KEBERSIHAN RUMAH TANGGA > KEMOCENG,Perawatan Diri & Rumah Tangga > Rumah Tangga > Peralatan & Perlengkapan Rumah Tangga > PERALATAN RUMAH TANGGA > PERALATAN KEBERSIHAN RUMAH TANGGA > KEMOCENG > KEMOCENG BULU AYAM,2,2,2
1580,KEMOCENG BULU SINTETIS,,7,0,true,A003-02-05-01-01-02-02,02,true,true,000B000A00070001000100020002,1517,KEMOCENG,Perawatan Diri & Rumah Tangga > Rumah Tangga > Peralatan & Perlengkapan Rumah Tangga > PERALATAN RUMAH TANGGA > PERALATAN KEBERSIHAN RUMAH TANGGA > KEMOCENG,Perawatan Diri & Rumah Tangga > Rumah Tangga > Peralatan & Perlengkapan Rumah Tangga > PERALATAN RUMAH TANGGA > PERALATAN KEBERSIHAN RUMAH TANGGA > KEMOCENG > KEMOCENG BULU SINTETIS,8,5,8
1581,KEMOCENG KAIN MICROFIBER,,7,0,true,A003-02-05-01-01-02-03,03,true,true,000B000A00070001000100020003,1517,KEMOCENG,Perawatan Diri & Rumah Tangga > Rumah Tangga > Peralatan & Perlengkapan Rumah Tangga > PERALATAN RUMAH TANGGA > PERALATAN KEBERSIHAN RUMAH TANGGA > KEMOCENG,Perawatan Diri & Rumah Tangga > Rumah Tangga > Peralatan & Perlengkapan Rumah Tangga > PERALATAN RUMAH TANGGA > PERALATAN KEBERSIHAN RUMAH TANGGA > KEMOCENG > KEMOCENG KAIN MICROFIBER,7,6,7
1518,KAIN UNTUK LAP & PEL,,6,8,false,A003-02-05-01-01-03,03,true,true,000B000A0007000100010003,1434,PERALATAN KEBERSIHAN RUMAH TANGGA,Perawatan Diri & Rumah Tangga > Rumah Tangga > Peralatan & Perlengkapan Rumah Tangga > PERALATAN RUMAH TANGGA > PERALATAN KEBERSIHAN RUMAH TANGGA,Perawatan Diri & Rumah Tangga > Rumah Tangga > Peralatan & Perlengkapan Rumah Tangga > PERALATAN RUMAH TANGGA > PERALATAN KEBERSIHAN RUMAH TANGGA > KAIN UNTUK LAP & PEL,7,7,267
1582,KAIN DUSTER UNTUK MENYAPU,,7,0,true,A003-02-05-01-01-03-01,01,true,true,000B000A00070001000100030001,1518,KAIN UNTUK LAP & PEL,Perawatan Diri & Rumah Tangga > Rumah Tangga > Peralatan & Perlengkapan Rumah Tangga > PERALATAN RUMAH TANGGA > PERALATAN KEBERSIHAN RUMAH TANGGA > KAIN UNTUK LAP & PEL,Perawatan Diri & Rumah Tangga > Rumah Tangga > Peralatan & Perlengkapan Rumah Tangga > PERALATAN RUMAH TANGGA > PERALATAN KEBERSIHAN RUMAH TANGGA > KAIN UNTUK LAP & PEL > KAIN DUSTER UNTUK MENYAPU,0,0,0
1583,KAIN KESET,,7,0,true,A003-02-05-01-01-03-02,02,true,true,000B000A00070001000100030002,1518,KAIN UNTUK LAP & PEL,Perawatan Diri & Rumah Tangga > Rumah Tangga > Peralatan & Perlengkapan Rumah Tangga > PERALATAN RUMAH TANGGA > PERALATAN KEBERSIHAN RUMAH TANGGA > KAIN UNTUK LAP & PEL,Perawatan Diri & Rumah Tangga > Rumah Tangga > Peralatan & Perlengkapan Rumah Tangga > PERALATAN RUMAH TANGGA > PERALATAN KEBERSIHAN RUMAH TANGGA > KAIN UNTUK LAP & PEL > KAIN KESET,99,97,99
1584,KAIN LAP,,7,0,true,A003-02-05-01-01-03-03,03,true,true,000B000A00070001000100030003,1518,KAIN UNTUK LAP & PEL,Perawatan Diri & Rumah Tangga > Rumah Tangga > Peralatan & Perlengkapan Rumah Tangga > PERALATAN RUMAH TANGGA > PERALATAN KEBERSIHAN RUMAH TANGGA > KAIN UNTUK LAP & PEL,Perawatan Diri & Rumah Tangga > Rumah Tangga > Peralatan & Perlengkapan Rumah Tangga > PERALATAN RUMAH TANGGA > PERALATAN KEBERSIHAN RUMAH TANGGA > KAIN UNTUK LAP & PEL > KAIN LAP,5,5,5
1585,KAIN LAP TANGAN,,7,0,true,A003-02-05-01-01-03-04,04,true,true,000B000A00070001000100030004,1518,KAIN UNTUK LAP & PEL,Perawatan Diri & Rumah Tangga > Rumah Tangga > Peralatan & Perlengkapan Rumah Tangga > PERALATAN RUMAH TANGGA > PERALATAN KEBERSIHAN RUMAH TANGGA > KAIN UNTUK LAP & PEL,Perawatan Diri & Rumah Tangga > Rumah Tangga > Peralatan & Perlengkapan Rumah Tangga > PERALATAN RUMAH TANGGA > PERALATAN KEBERSIHAN RUMAH TANGGA > KAIN UNTUK LAP & PEL > KAIN LAP TANGAN,21,19,21
1586,KAIN MICROFIBER,,7,0,true,A003-02-05-01-01-03-05,05,true,true,000B000A00070001000100030005,1518,KAIN UNTUK LAP & PEL,Perawatan Diri & Rumah Tangga > Rumah Tangga > Peralatan & Perlengkapan Rumah Tangga > PERALATAN RUMAH TANGGA > PERALATAN KEBERSIHAN RUMAH TANGGA > KAIN UNTUK LAP & PEL,Perawatan Diri & Rumah Tangga > Rumah Tangga > Peralatan & Perlengkapan Rumah Tangga > PERALATAN RUMAH TANGGA > PERALATAN KEBERSIHAN RUMAH TANGGA > KAIN UNTUK LAP & PEL > KAIN MICROFIBER,36,31,36
1587,KAIN PEL,,7,0,true,A003-02-05-01-01-03-06,06,true,true,000B000A00070001000100030006,1518,KAIN UNTUK LAP & PEL,Perawatan Diri & Rumah Tangga > Rumah Tangga > Peralatan & Perlengkapan Rumah Tangga > PERALATAN RUMAH TANGGA > PERALATAN KEBERSIHAN RUMAH TANGGA > KAIN UNTUK LAP & PEL,Perawatan Diri & Rumah Tangga > Rumah Tangga > Peralatan & Perlengkapan Rumah Tangga > PERALATAN RUMAH TANGGA > PERALATAN KEBERSIHAN RUMAH TANGGA > KAIN UNTUK LAP & PEL > KAIN PEL,14,13,14
1588,KAIN SERBET,,7,0,true,A003-02-05-01-01-03-07,07,true,true,000B000A00070001000100030007,1518,KAIN UNTUK LAP & PEL,Perawatan Diri & Rumah Tangga > Rumah Tangga > Peralatan & Perlengkapan Rumah Tangga > PERALATAN RUMAH TANGGA > PERALATAN KEBERSIHAN RUMAH TANGGA > KAIN UNTUK LAP & PEL,Perawatan Diri & Rumah Tangga > Rumah Tangga > Peralatan & Perlengkapan Rumah Tangga > PERALATAN RUMAH TANGGA > PERALATAN KEBERSIHAN RUMAH TANGGA > KAIN UNTUK LAP & PEL > KAIN SERBET,34,33,34
1589,LAP KANEBO,,7,0,true,A003-02-05-01-01-03-08,08,true,true,000B000A00070001000100030008,1518,KAIN UNTUK LAP & PEL,Perawatan Diri & Rumah Tangga > Rumah Tangga > Peralatan & Perlengkapan Rumah Tangga > PERALATAN RUMAH TANGGA > PERALATAN KEBERSIHAN RUMAH TANGGA > KAIN UNTUK LAP & PEL,Perawatan Diri & Rumah Tangga > Rumah Tangga > Peralatan & Perlengkapan Rumah Tangga > PERALATAN RUMAH TANGGA > PERALATAN KEBERSIHAN RUMAH TANGGA > KAIN UNTUK LAP & PEL > LAP KANEBO,51,49,51
1519,MASKER ANTI DEBU,,6,0,true,A003-02-05-01-01-04,04,true,true,000B000A0007000100010004,1434,PERALATAN KEBERSIHAN RUMAH TANGGA,Perawatan Diri & Rumah Tangga > Rumah Tangga > Peralatan & Perlengkapan Rumah Tangga > PERALATAN RUMAH TANGGA > PERALATAN KEBERSIHAN RUMAH TANGGA,Perawatan Diri & Rumah Tangga > Rumah Tangga > Peralatan & Perlengkapan Rumah Tangga > PERALATAN RUMAH TANGGA > PERALATAN KEBERSIHAN RUMAH TANGGA > MASKER ANTI DEBU,188,97,188
1520,PEMBERSIH KACA (WIPER),,6,0,true,A003-02-05-01-01-05,05,true,true,000B000A0007000100010005,1434,PERALATAN KEBERSIHAN RUMAH TANGGA,Perawatan Diri & Rumah Tangga > Rumah Tangga > Peralatan & Perlengkapan Rumah Tangga > PERALATAN RUMAH TANGGA > PERALATAN KEBERSIHAN RUMAH TANGGA,Perawatan Diri & Rumah Tangga > Rumah Tangga > Peralatan & Perlengkapan Rumah Tangga > PERALATAN RUMAH TANGGA > PERALATAN KEBERSIHAN RUMAH TANGGA > PEMBERSIH KACA (WIPER),9,9,9
1521,PENGANGKAT DEBU PAKAIAN (LINT ROLLER),,6,0,true,A003-02-05-01-01-06,06,true,true,000B000A0007000100010006,1434,PERALATAN KEBERSIHAN RUMAH TANGGA,Perawatan Diri & Rumah Tangga > Rumah Tangga > Peralatan & Perlengkapan Rumah Tangga > PERALATAN RUMAH TANGGA > PERALATAN KEBERSIHAN RUMAH TANGGA,Perawatan Diri & Rumah Tangga > Rumah Tangga > Peralatan & Perlengkapan Rumah Tangga > PERALATAN RUMAH TANGGA > PERALATAN KEBERSIHAN RUMAH TANGGA > PENGANGKAT DEBU PAKAIAN (LINT ROLLER),17,15,17
1522,PENGKI,,6,0,true,A003-02-05-01-01-07,07,true,true,000B000A0007000100010007,1434,PERALATAN KEBERSIHAN RUMAH TANGGA,Perawatan Diri & Rumah Tangga > Rumah Tangga > Peralatan & Perlengkapan Rumah Tangga > PERALATAN RUMAH TANGGA > PERALATAN KEBERSIHAN RUMAH TANGGA,Perawatan Diri & Rumah Tangga > Rumah Tangga > Peralatan & Perlengkapan Rumah Tangga > PERALATAN RUMAH TANGGA > PERALATAN KEBERSIHAN RUMAH TANGGA > PENGKI,30,30,30
1523,SABUT & SPONS,,6,4,false,A003-02-05-01-01-08,08,true,true,000B000A0007000100010008,1434,PERALATAN KEBERSIHAN RUMAH TANGGA,Perawatan Diri & Rumah Tangga > Rumah Tangga > Peralatan & Perlengkapan Rumah Tangga > PERALATAN RUMAH TANGGA > PERALATAN KEBERSIHAN RUMAH TANGGA,Perawatan Diri & Rumah Tangga > Rumah Tangga > Peralatan & Perlengkapan Rumah Tangga > PERALATAN RUMAH TANGGA > PERALATAN KEBERSIHAN RUMAH TANGGA > SABUT & SPONS,7,6,77
1590,SABUT & SPONS DUA SISI UNTUK DAPUR,,7,0,true,A003-02-05-01-01-08-01,01,true,true,000B000A00070001000100080001,1523,SABUT & SPONS,Perawatan Diri & Rumah Tangga > Rumah Tangga > Peralatan & Perlengkapan Rumah Tangga > PERALATAN RUMAH TANGGA > PERALATAN KEBERSIHAN RUMAH TANGGA > SABUT & SPONS,Perawatan Diri & Rumah Tangga > Rumah Tangga > Peralatan & Perlengkapan Rumah Tangga > PERALATAN RUMAH TANGGA > PERALATAN KEBERSIHAN RUMAH TANGGA > SABUT & SPONS > SABUT & SPONS DUA SISI UNTUK DAPUR,22,20,22
1591,SABUT NILON SAJA,,7,0,true,A003-02-05-01-01-08-02,02,true,true,000B000A00070001000100080002,1523,SABUT & SPONS,Perawatan Diri & Rumah Tangga > Rumah Tangga > Peralatan & Perlengkapan Rumah Tangga > PERALATAN RUMAH TANGGA > PERALATAN KEBERSIHAN RUMAH TANGGA > SABUT & SPONS,Perawatan Diri & Rumah Tangga > Rumah Tangga > Peralatan & Perlengkapan Rumah Tangga > PERALATAN RUMAH TANGGA > PERALATAN KEBERSIHAN RUMAH TANGGA > SABUT & SPONS > SABUT NILON SAJA,9,8,9
1592,SABUT STAINLESS STEEL,,7,0,true,A003-02-05-01-01-08-03,03,true,true,000B000A00070001000100080003,1523,SABUT & SPONS,Perawatan Diri & Rumah Tangga > Rumah Tangga > Peralatan & Perlengkapan Rumah Tangga > PERALATAN RUMAH TANGGA > PERALATAN KEBERSIHAN RUMAH TANGGA > SABUT & SPONS,Perawatan Diri & Rumah Tangga > Rumah Tangga > Peralatan & Perlengkapan Rumah Tangga > PERALATAN RUMAH TANGGA > PERALATAN KEBERSIHAN RUMAH TANGGA > SABUT & SPONS > SABUT STAINLESS STEEL,17,16,17
1593,SPON / BUSA SAJA,,7,0,true,A003-02-05-01-01-08-04,04,true,true,000B000A00070001000100080004,1523,SABUT & SPONS,Perawatan Diri & Rumah Tangga > Rumah Tangga > Peralatan & Perlengkapan Rumah Tangga > PERALATAN RUMAH TANGGA > PERALATAN KEBERSIHAN RUMAH TANGGA > SABUT & SPONS,Perawatan Diri & Rumah Tangga > Rumah Tangga > Peralatan & Perlengkapan Rumah Tangga > PERALATAN RUMAH TANGGA > PERALATAN KEBERSIHAN RUMAH TANGGA > SABUT & SPONS > SPON / BUSA SAJA,22,18,22
1524,SAPU,,6,3,false,A003-02-05-01-01-09,09,true,true,000B000A0007000100010009,1434,PERALATAN KEBERSIHAN RUMAH TANGGA,Perawatan Diri & Rumah Tangga > Rumah Tangga > Peralatan & Perlengkapan Rumah Tangga > PERALATAN RUMAH TANGGA > PERALATAN KEBERSIHAN RUMAH TANGGA,Perawatan Diri & Rumah Tangga > Rumah Tangga > Peralatan & Perlengkapan Rumah Tangga > PERALATAN RUMAH TANGGA > PERALATAN KEBERSIHAN RUMAH TANGGA > SAPU,21,21,88
1594,SAPU IJUK,,7,0,true,A003-02-05-01-01-09-01,01,true,true,000B000A00070001000100090001,1524,SAPU,Perawatan Diri & Rumah Tangga > Rumah Tangga > Peralatan & Perlengkapan Rumah Tangga > PERALATAN RUMAH TANGGA > PERALATAN KEBERSIHAN RUMAH TANGGA > SAPU,Perawatan Diri & Rumah Tangga > Rumah Tangga > Peralatan & Perlengkapan Rumah Tangga > PERALATAN RUMAH TANGGA > PERALATAN KEBERSIHAN RUMAH TANGGA > SAPU > SAPU IJUK,8,8,8
1595,SAPU LIDI,,7,0,true,A003-02-05-01-01-09-02,02,true,true,000B000A00070001000100090002,1524,SAPU,Perawatan Diri & Rumah Tangga > Rumah Tangga > Peralatan & Perlengkapan Rumah Tangga > PERALATAN RUMAH TANGGA > PERALATAN KEBERSIHAN RUMAH TANGGA > SAPU,Perawatan Diri & Rumah Tangga > Rumah Tangga > Peralatan & Perlengkapan Rumah Tangga > PERALATAN RUMAH TANGGA > PERALATAN KEBERSIHAN RUMAH TANGGA > SAPU > SAPU LIDI,21,21,21
1596,SAPU NILON,,7,0,true,A003-02-05-01-01-09-03,03,true,true,000B000A00070001000100090003,1524,SAPU,Perawatan Diri & Rumah Tangga > Rumah Tangga > Peralatan & Perlengkapan Rumah Tangga > PERALATAN RUMAH TANGGA > PERALATAN KEBERSIHAN RUMAH TANGGA > SAPU,Perawatan Diri & Rumah Tangga > Rumah Tangga > Peralatan & Perlengkapan Rumah Tangga > PERALATAN RUMAH TANGGA > PERALATAN KEBERSIHAN RUMAH TANGGA > SAPU > SAPU NILON,38,37,38
1525,SARUNG TANGAN,,6,4,false,A003-02-05-01-01-10,10,true,true,000B000A000700010001000A,1434,PERALATAN KEBERSIHAN RUMAH TANGGA,Perawatan Diri & Rumah Tangga > Rumah Tangga > Peralatan & Perlengkapan Rumah Tangga > PERALATAN RUMAH TANGGA > PERALATAN KEBERSIHAN RUMAH TANGGA,Perawatan Diri & Rumah Tangga > Rumah Tangga > Peralatan & Perlengkapan Rumah Tangga > PERALATAN RUMAH TANGGA > PERALATAN KEBERSIHAN RUMAH TANGGA > SARUNG TANGAN,4,4,124
1597,SARUNG TANGAN KAIN,,7,0,true,A003-02-05-01-01-10-01,01,true,true,000B000A000700010001000A0001,1525,SARUNG TANGAN,Perawatan Diri & Rumah Tangga > Rumah Tangga > Peralatan & Perlengkapan Rumah Tangga > PERALATAN RUMAH TANGGA > PERALATAN KEBERSIHAN RUMAH TANGGA > SARUNG TANGAN,Perawatan Diri & Rumah Tangga > Rumah Tangga > Peralatan & Perlengkapan Rumah Tangga > PERALATAN RUMAH TANGGA > PERALATAN KEBERSIHAN RUMAH TANGGA > SARUNG TANGAN > SARUNG TANGAN KAIN,56,53,56
1598,SARUNG TANGAN KARET,,7,0,true,A003-02-05-01-01-10-02,02,true,true,000B000A000700010001000A0002,1525,SARUNG TANGAN,Perawatan Diri & Rumah Tangga > Rumah Tangga > Peralatan & Perlengkapan Rumah Tangga > PERALATAN RUMAH TANGGA > PERALATAN KEBERSIHAN RUMAH TANGGA > SARUNG TANGAN,Perawatan Diri & Rumah Tangga > Rumah Tangga > Peralatan & Perlengkapan Rumah Tangga > PERALATAN RUMAH TANGGA > PERALATAN KEBERSIHAN RUMAH TANGGA > SARUNG TANGAN > SARUNG TANGAN KARET,24,23,24
1599,SARUNG TANGAN LATEX,,7,0,true,A003-02-05-01-01-10-03,03,true,true,000B000A000700010001000A0003,1525,SARUNG TANGAN,Perawatan Diri & Rumah Tangga > Rumah Tangga > Peralatan & Perlengkapan Rumah Tangga > PERALATAN RUMAH TANGGA > PERALATAN KEBERSIHAN RUMAH TANGGA > SARUNG TANGAN,Perawatan Diri & Rumah Tangga > Rumah Tangga > Peralatan & Perlengkapan Rumah Tangga > PERALATAN RUMAH TANGGA > PERALATAN KEBERSIHAN RUMAH TANGGA > SARUNG TANGAN > SARUNG TANGAN LATEX,33,32,33
1875,SARUNG TANGAN PLASTIK,,7,0,true,A003-02-05-01-01-10-04,04,true,true,000B000A000700010001000A0004,1525,SARUNG TANGAN,Perawatan Diri & Rumah Tangga > Rumah Tangga > Peralatan & Perlengkapan Rumah Tangga > PERALATAN RUMAH TANGGA > PERALATAN KEBERSIHAN RUMAH TANGGA > SARUNG TANGAN,Perawatan Diri & Rumah Tangga > Rumah Tangga > Peralatan & Perlengkapan Rumah Tangga > PERALATAN RUMAH TANGGA > PERALATAN KEBERSIHAN RUMAH TANGGA > SARUNG TANGAN > SARUNG TANGAN PLASTIK,7,7,7
1526,SEROK AIR UNTUK LANTAI,,6,0,true,A003-02-05-01-01-11,11,true,true,000B000A000700010001000B,1434,PERALATAN KEBERSIHAN RUMAH TANGGA,Perawatan Diri & Rumah Tangga > Rumah Tangga > Peralatan & Perlengkapan Rumah Tangga > PERALATAN RUMAH TANGGA > PERALATAN KEBERSIHAN RUMAH TANGGA,Perawatan Diri & Rumah Tangga > Rumah Tangga > Peralatan & Perlengkapan Rumah Tangga > PERALATAN RUMAH TANGGA > PERALATAN KEBERSIHAN RUMAH TANGGA > SEROK AIR UNTUK LANTAI,12,12,12
1527,SIKAT,,6,7,false,A003-02-05-01-01-12,12,true,true,000B000A000700010001000C,1434,PERALATAN KEBERSIHAN RUMAH TANGGA,Perawatan Diri & Rumah Tangga > Rumah Tangga > Peralatan & Perlengkapan Rumah Tangga > PERALATAN RUMAH TANGGA > PERALATAN KEBERSIHAN RUMAH TANGGA,Perawatan Diri & Rumah Tangga > Rumah Tangga > Peralatan & Perlengkapan Rumah Tangga > PERALATAN RUMAH TANGGA > PERALATAN KEBERSIHAN RUMAH TANGGA > SIKAT,7,7,159
1600,SIKAT BAJU,,7,0,true,A003-02-05-01-01-12-01,01,true,true,000B000A000700010001000C0001,1527,SIKAT,Perawatan Diri & Rumah Tangga > Rumah Tangga > Peralatan & Perlengkapan Rumah Tangga > PERALATAN RUMAH TANGGA > PERALATAN KEBERSIHAN RUMAH TANGGA > SIKAT,Perawatan Diri & Rumah Tangga > Rumah Tangga > Peralatan & Perlengkapan Rumah Tangga > PERALATAN RUMAH TANGGA > PERALATAN KEBERSIHAN RUMAH TANGGA > SIKAT > SIKAT BAJU,2,1,2
1601,SIKAT CUCI BAJU,,7,0,true,A003-02-05-01-01-12-02,02,true,true,000B000A000700010001000C0002,1527,SIKAT,Perawatan Diri & Rumah Tangga > Rumah Tangga > Peralatan & Perlengkapan Rumah Tangga > PERALATAN RUMAH TANGGA > PERALATAN KEBERSIHAN RUMAH TANGGA > SIKAT,Perawatan Diri & Rumah Tangga > Rumah Tangga > Peralatan & Perlengkapan Rumah Tangga > PERALATAN RUMAH TANGGA > PERALATAN KEBERSIHAN RUMAH TANGGA > SIKAT > SIKAT CUCI BAJU,38,38,38
1602,SIKAT LANTAI DENGAN GAGANG,,7,0,true,A003-02-05-01-01-12-03,03,true,true,000B000A000700010001000C0003,1527,SIKAT,Perawatan Diri & Rumah Tangga > Rumah Tangga > Peralatan & Perlengkapan Rumah Tangga > PERALATAN RUMAH TANGGA > PERALATAN KEBERSIHAN RUMAH TANGGA > SIKAT,Perawatan Diri & Rumah Tangga > Rumah Tangga > Peralatan & Perlengkapan Rumah Tangga > PERALATAN RUMAH TANGGA > PERALATAN KEBERSIHAN RUMAH TANGGA > SIKAT > SIKAT LANTAI DENGAN GAGANG,23,22,23
1603,SIKAT PEMBERSIH PERALATAN DAPUR,,7,0,true,A003-02-05-01-01-12-04,04,true,true,000B000A000700010001000C0004,1527,SIKAT,Perawatan Diri & Rumah Tangga > Rumah Tangga > Peralatan & Perlengkapan Rumah Tangga > PERALATAN RUMAH TANGGA > PERALATAN KEBERSIHAN RUMAH TANGGA > SIKAT,Perawatan Diri & Rumah Tangga > Rumah Tangga > Peralatan & Perlengkapan Rumah Tangga > PERALATAN RUMAH TANGGA > PERALATAN KEBERSIHAN RUMAH TANGGA > SIKAT > SIKAT PEMBERSIH PERALATAN DAPUR,34,30,34
1604,SIKAT SEMIR SEPATU,,7,0,true,A003-02-05-01-01-12-05,05,true,true,000B000A000700010001000C0005,1527,SIKAT,Perawatan Diri & Rumah Tangga > Rumah Tangga > Peralatan & Perlengkapan Rumah Tangga > PERALATAN RUMAH TANGGA > PERALATAN KEBERSIHAN RUMAH TANGGA > SIKAT,Perawatan Diri & Rumah Tangga > Rumah Tangga > Peralatan & Perlengkapan Rumah Tangga > PERALATAN RUMAH TANGGA > PERALATAN KEBERSIHAN RUMAH TANGGA > SIKAT > SIKAT SEMIR SEPATU,3,2,3
1605,SIKAT TANGAN,,7,0,true,A003-02-05-01-01-12-06,06,true,true,000B000A000700010001000C0006,1527,SIKAT,Perawatan Diri & Rumah Tangga > Rumah Tangga > Peralatan & Perlengkapan Rumah Tangga > PERALATAN RUMAH TANGGA > PERALATAN KEBERSIHAN RUMAH TANGGA > SIKAT,Perawatan Diri & Rumah Tangga > Rumah Tangga > Peralatan & Perlengkapan Rumah Tangga > PERALATAN RUMAH TANGGA > PERALATAN KEBERSIHAN RUMAH TANGGA > SIKAT > SIKAT TANGAN,2,2,2
1606,SIKAT TOILET / WC,,7,0,true,A003-02-05-01-01-12-07,07,true,true,000B000A000700010001000C0007,1527,SIKAT,Perawatan Diri & Rumah Tangga > Rumah Tangga > Peralatan & Perlengkapan Rumah Tangga > PERALATAN RUMAH TANGGA > PERALATAN KEBERSIHAN RUMAH TANGGA > SIKAT,Perawatan Diri & Rumah Tangga > Rumah Tangga > Peralatan & Perlengkapan Rumah Tangga > PERALATAN RUMAH TANGGA > PERALATAN KEBERSIHAN RUMAH TANGGA > SIKAT > SIKAT TOILET / WC,50,44,50
1528,TISU,,6,5,false,A003-02-05-01-01-13,13,true,true,000B000A000700010001000D,1434,PERALATAN KEBERSIHAN RUMAH TANGGA,Perawatan Diri & Rumah Tangga > Rumah Tangga > Peralatan & Perlengkapan Rumah Tangga > PERALATAN RUMAH TANGGA > PERALATAN KEBERSIHAN RUMAH TANGGA,Perawatan Diri & Rumah Tangga > Rumah Tangga > Peralatan & Perlengkapan Rumah Tangga > PERALATAN RUMAH TANGGA > PERALATAN KEBERSIHAN RUMAH TANGGA > TISU,6,5,237
1607,TISU BASAH NON BABY,,7,0,true,A003-02-05-01-01-13-01,01,true,true,000B000A000700010001000D0001,1528,TISU,Perawatan Diri & Rumah Tangga > Rumah Tangga > Peralatan & Perlengkapan Rumah Tangga > PERALATAN RUMAH TANGGA > PERALATAN KEBERSIHAN RUMAH TANGGA > TISU,Perawatan Diri & Rumah Tangga > Rumah Tangga > Peralatan & Perlengkapan Rumah Tangga > PERALATAN RUMAH TANGGA > PERALATAN KEBERSIHAN RUMAH TANGGA > TISU > TISU BASAH NON BABY,53,22,53
1608,TISU DAPUR,,7,0,true,A003-02-05-01-01-13-02,02,true,true,000B000A000700010001000D0002,1528,TISU,Perawatan Diri & Rumah Tangga > Rumah Tangga > Peralatan & Perlengkapan Rumah Tangga > PERALATAN RUMAH TANGGA > PERALATAN KEBERSIHAN RUMAH TANGGA > TISU,Perawatan Diri & Rumah Tangga > Rumah Tangga > Peralatan & Perlengkapan Rumah Tangga > PERALATAN RUMAH TANGGA > PERALATAN KEBERSIHAN RUMAH TANGGA > TISU > TISU DAPUR,7,7,7
1609,TISU FACIAL (HALUS),,7,0,true,A003-02-05-01-01-13-03,03,true,true,000B000A000700010001000D0003,1528,TISU,Perawatan Diri & Rumah Tangga > Rumah Tangga > Peralatan & Perlengkapan Rumah Tangga > PERALATAN RUMAH TANGGA > PERALATAN KEBERSIHAN RUMAH TANGGA > TISU,Perawatan Diri & Rumah Tangga > Rumah Tangga > Peralatan & Perlengkapan Rumah Tangga > PERALATAN RUMAH TANGGA > PERALATAN KEBERSIHAN RUMAH TANGGA > TISU > TISU FACIAL (HALUS),124,94,124
1610,TISU GULUNG,,7,0,true,A003-02-05-01-01-13-04,04,true,true,000B000A000700010001000D0004,1528,TISU,Perawatan Diri & Rumah Tangga > Rumah Tangga > Peralatan & Perlengkapan Rumah Tangga > PERALATAN RUMAH TANGGA > PERALATAN KEBERSIHAN RUMAH TANGGA > TISU,Perawatan Diri & Rumah Tangga > Rumah Tangga > Peralatan & Perlengkapan Rumah Tangga > PERALATAN RUMAH TANGGA > PERALATAN KEBERSIHAN RUMAH TANGGA > TISU > TISU GULUNG,38,31,38
1611,TISU NAPKIN (KASAR),,7,0,true,A003-02-05-01-01-13-05,05,true,true,000B000A000700010001000D0005,1528,TISU,Perawatan Diri & Rumah Tangga > Rumah Tangga > Peralatan & Perlengkapan Rumah Tangga > PERALATAN RUMAH TANGGA > PERALATAN KEBERSIHAN RUMAH TANGGA > TISU,Perawatan Diri & Rumah Tangga > Rumah Tangga > Peralatan & Perlengkapan Rumah Tangga > PERALATAN RUMAH TANGGA > PERALATAN KEBERSIHAN RUMAH TANGGA > TISU > TISU NAPKIN (KASAR),9,9,9
1892,POMPA WC,,6,0,true,A003-02-05-01-01-14,14,true,true,000B000A000700010001000E,1434,PERALATAN KEBERSIHAN RUMAH TANGGA,Perawatan Diri & Rumah Tangga > Rumah Tangga > Peralatan & Perlengkapan Rumah Tangga > PERALATAN RUMAH TANGGA > PERALATAN KEBERSIHAN RUMAH TANGGA,Perawatan Diri & Rumah Tangga > Rumah Tangga > Peralatan & Perlengkapan Rumah Tangga > PERALATAN RUMAH TANGGA > PERALATAN KEBERSIHAN RUMAH TANGGA > POMPA WC,7,5,7
1435,PERALATAN DAN PENYIMPANAN DI KAMAR MANDI,,5,12,false,A003-02-05-01-02,02,true,true,000B000A000700010002,955,PERALATAN RUMAH TANGGA,Perawatan Diri & Rumah Tangga > Rumah Tangga > Peralatan & Perlengkapan Rumah Tangga > PERALATAN RUMAH TANGGA,Perawatan Diri & Rumah Tangga > Rumah Tangga > Peralatan & Perlengkapan Rumah Tangga > PERALATAN RUMAH TANGGA > PERALATAN DAN PENYIMPANAN DI KAMAR MANDI,11,5,560
1529,BASKOM AIR,,6,0,true,A003-02-05-01-02-01,01,true,true,000B000A0007000100020001,1435,PERALATAN DAN PENYIMPANAN DI KAMAR MANDI,Perawatan Diri & Rumah Tangga > Rumah Tangga > Peralatan & Perlengkapan Rumah Tangga > PERALATAN RUMAH TANGGA > PERALATAN DAN PENYIMPANAN DI KAMAR MANDI,Perawatan Diri & Rumah Tangga > Rumah Tangga > Peralatan & Perlengkapan Rumah Tangga > PERALATAN RUMAH TANGGA > PERALATAN DAN PENYIMPANAN DI KAMAR MANDI > BASKOM AIR,97,93,97
1530,DISPENSER SABUN CAIR,,6,0,true,A003-02-05-01-02-02,02,true,true,000B000A0007000100020002,1435,PERALATAN DAN PENYIMPANAN DI KAMAR MANDI,Perawatan Diri & Rumah Tangga > Rumah Tangga > Peralatan & Perlengkapan Rumah Tangga > PERALATAN RUMAH TANGGA > PERALATAN DAN PENYIMPANAN DI KAMAR MANDI,Perawatan Diri & Rumah Tangga > Rumah Tangga > Peralatan & Perlengkapan Rumah Tangga > PERALATAN RUMAH TANGGA > PERALATAN DAN PENYIMPANAN DI KAMAR MANDI > DISPENSER SABUN CAIR,17,14,17
1531,EMBER,,6,2,false,A003-02-05-01-02-03,03,true,true,000B000A0007000100020003,1435,PERALATAN DAN PENYIMPANAN DI KAMAR MANDI,Perawatan Diri & Rumah Tangga > Rumah Tangga > Peralatan & Perlengkapan Rumah Tangga > PERALATAN RUMAH TANGGA > PERALATAN DAN PENYIMPANAN DI KAMAR MANDI,Perawatan Diri & Rumah Tangga > Rumah Tangga > Peralatan & Perlengkapan Rumah Tangga > PERALATAN RUMAH TANGGA > PERALATAN DAN PENYIMPANAN DI KAMAR MANDI > EMBER,23,23,118
1612,EMBER DENGAN TUTUP,,7,0,true,A003-02-05-01-02-03-01,01,true,true,000B000A00070001000200030001,1531,EMBER,Perawatan Diri & Rumah Tangga > Rumah Tangga > Peralatan & Perlengkapan Rumah Tangga > PERALATAN RUMAH TANGGA > PERALATAN DAN PENYIMPANAN DI KAMAR MANDI > EMBER,Perawatan Diri & Rumah Tangga > Rumah Tangga > Peralatan & Perlengkapan Rumah Tangga > PERALATAN RUMAH TANGGA > PERALATAN DAN PENYIMPANAN DI KAMAR MANDI > EMBER > EMBER DENGAN TUTUP,14,14,14
1613,EMBER TANPA TUTUP,,7,0,true,A003-02-05-01-02-03-02,02,true,true,000B000A00070001000200030002,1531,EMBER,Perawatan Diri & Rumah Tangga > Rumah Tangga > Peralatan & Perlengkapan Rumah Tangga > PERALATAN RUMAH TANGGA > PERALATAN DAN PENYIMPANAN DI KAMAR MANDI > EMBER,Perawatan Diri & Rumah Tangga > Rumah Tangga > Peralatan & Perlengkapan Rumah Tangga > PERALATAN RUMAH TANGGA > PERALATAN DAN PENYIMPANAN DI KAMAR MANDI > EMBER > EMBER TANPA TUTUP,81,76,81
1532,GAYUNG,,6,0,true,A003-02-05-01-02-04,04,true,true,000B000A0007000100020004,1435,PERALATAN DAN PENYIMPANAN DI KAMAR MANDI,Perawatan Diri & Rumah Tangga > Rumah Tangga > Peralatan & Perlengkapan Rumah Tangga > PERALATAN RUMAH TANGGA > PERALATAN DAN PENYIMPANAN DI KAMAR MANDI,Perawatan Diri & Rumah Tangga > Rumah Tangga > Peralatan & Perlengkapan Rumah Tangga > PERALATAN RUMAH TANGGA > PERALATAN DAN PENYIMPANAN DI KAMAR MANDI > GAYUNG,59,57,59
1533,"HOLDER / RAK PLASTIK DI KAMAR MANDI
",,6,0,true,A003-02-05-01-02-05,05,true,true,000B000A0007000100020005,1435,PERALATAN DAN PENYIMPANAN DI KAMAR MANDI,Perawatan Diri & Rumah Tangga > Rumah Tangga > Peralatan & Perlengkapan Rumah Tangga > PERALATAN RUMAH TANGGA > PERALATAN DAN PENYIMPANAN DI KAMAR MANDI,"Perawatan Diri & Rumah Tangga > Rumah Tangga > Peralatan & Perlengkapan Rumah Tangga > PERALATAN RUMAH TANGGA > PERALATAN DAN PENYIMPANAN DI KAMAR MANDI > HOLDER / RAK PLASTIK DI KAMAR MANDI
",29,28,29
1534,HOLDER SIKAT GIGI,,6,2,false,A003-02-05-01-02-06,06,true,true,000B000A0007000100020006,1435,PERALATAN DAN PENYIMPANAN DI KAMAR MANDI,Perawatan Diri & Rumah Tangga > Rumah Tangga > Peralatan & Perlengkapan Rumah Tangga > PERALATAN RUMAH TANGGA > PERALATAN DAN PENYIMPANAN DI KAMAR MANDI,Perawatan Diri & Rumah Tangga > Rumah Tangga > Peralatan & Perlengkapan Rumah Tangga > PERALATAN RUMAH TANGGA > PERALATAN DAN PENYIMPANAN DI KAMAR MANDI > HOLDER SIKAT GIGI,2,1,4
1614,HOLDER SIKAT GIGI ANAK,,7,0,true,A003-02-05-01-02-06-01,01,true,true,000B000A00070001000200060001,1534,HOLDER SIKAT GIGI,Perawatan Diri & Rumah Tangga > Rumah Tangga > Peralatan & Perlengkapan Rumah Tangga > PERALATAN RUMAH TANGGA > PERALATAN DAN PENYIMPANAN DI KAMAR MANDI > HOLDER SIKAT GIGI,Perawatan Diri & Rumah Tangga > Rumah Tangga > Peralatan & Perlengkapan Rumah Tangga > PERALATAN RUMAH TANGGA > PERALATAN DAN PENYIMPANAN DI KAMAR MANDI > HOLDER SIKAT GIGI > HOLDER SIKAT GIGI ANAK,0,0,0
1615,HOLDER SIKAT GIGI DEWASA,,7,0,true,A003-02-05-01-02-06-02,02,true,true,000B000A00070001000200060002,1534,HOLDER SIKAT GIGI,Perawatan Diri & Rumah Tangga > Rumah Tangga > Peralatan & Perlengkapan Rumah Tangga > PERALATAN RUMAH TANGGA > PERALATAN DAN PENYIMPANAN DI KAMAR MANDI > HOLDER SIKAT GIGI,Perawatan Diri & Rumah Tangga > Rumah Tangga > Peralatan & Perlengkapan Rumah Tangga > PERALATAN RUMAH TANGGA > PERALATAN DAN PENYIMPANAN DI KAMAR MANDI > HOLDER SIKAT GIGI > HOLDER SIKAT GIGI DEWASA,2,2,2
1535,RAK GANTUNG HANDUK,,6,0,true,A003-02-05-01-02-07,07,true,true,000B000A0007000100020007,1435,PERALATAN DAN PENYIMPANAN DI KAMAR MANDI,Perawatan Diri & Rumah Tangga > Rumah Tangga > Peralatan & Perlengkapan Rumah Tangga > PERALATAN RUMAH TANGGA > PERALATAN DAN PENYIMPANAN DI KAMAR MANDI,Perawatan Diri & Rumah Tangga > Rumah Tangga > Peralatan & Perlengkapan Rumah Tangga > PERALATAN RUMAH TANGGA > PERALATAN DAN PENYIMPANAN DI KAMAR MANDI > RAK GANTUNG HANDUK,16,16,16
1536,SHOWER HEAD UNTUK MANDI,,6,0,true,A003-02-05-01-02-08,08,true,true,000B000A0007000100020008,1435,PERALATAN DAN PENYIMPANAN DI KAMAR MANDI,Perawatan Diri & Rumah Tangga > Rumah Tangga > Peralatan & Perlengkapan Rumah Tangga > PERALATAN RUMAH TANGGA > PERALATAN DAN PENYIMPANAN DI KAMAR MANDI,Perawatan Diri & Rumah Tangga > Rumah Tangga > Peralatan & Perlengkapan Rumah Tangga > PERALATAN RUMAH TANGGA > PERALATAN DAN PENYIMPANAN DI KAMAR MANDI > SHOWER HEAD UNTUK MANDI,25,20,25
1537,SHOWER KLOSET,,6,0,true,A003-02-05-01-02-09,09,true,true,000B000A0007000100020009,1435,PERALATAN DAN PENYIMPANAN DI KAMAR MANDI,Perawatan Diri & Rumah Tangga > Rumah Tangga > Peralatan & Perlengkapan Rumah Tangga > PERALATAN RUMAH TANGGA > PERALATAN DAN PENYIMPANAN DI KAMAR MANDI,Perawatan Diri & Rumah Tangga > Rumah Tangga > Peralatan & Perlengkapan Rumah Tangga > PERALATAN RUMAH TANGGA > PERALATAN DAN PENYIMPANAN DI KAMAR MANDI > SHOWER KLOSET,32,28,32
1538,TEMPAT SABUN BATANG,,6,2,false,A003-02-05-01-02-10,10,true,true,000B000A000700010002000A,1435,PERALATAN DAN PENYIMPANAN DI KAMAR MANDI,Perawatan Diri & Rumah Tangga > Rumah Tangga > Peralatan & Perlengkapan Rumah Tangga > PERALATAN RUMAH TANGGA > PERALATAN DAN PENYIMPANAN DI KAMAR MANDI,Perawatan Diri & Rumah Tangga > Rumah Tangga > Peralatan & Perlengkapan Rumah Tangga > PERALATAN RUMAH TANGGA > PERALATAN DAN PENYIMPANAN DI KAMAR MANDI > TEMPAT SABUN BATANG,2,2,25
1616,TEMPAT SABUN BATANG PLASTIK,,7,0,true,A003-02-05-01-02-10-01,01,true,true,000B000A000700010002000A0001,1538,TEMPAT SABUN BATANG,Perawatan Diri & Rumah Tangga > Rumah Tangga > Peralatan & Perlengkapan Rumah Tangga > PERALATAN RUMAH TANGGA > PERALATAN DAN PENYIMPANAN DI KAMAR MANDI > TEMPAT SABUN BATANG,Perawatan Diri & Rumah Tangga > Rumah Tangga > Peralatan & Perlengkapan Rumah Tangga > PERALATAN RUMAH TANGGA > PERALATAN DAN PENYIMPANAN DI KAMAR MANDI > TEMPAT SABUN BATANG > TEMPAT SABUN BATANG PLASTIK,23,22,23
1617,TEMPAT SABUN BATANG STAINLESS STEEL,,7,0,true,A003-02-05-01-02-10-02,02,true,true,000B000A000700010002000A0002,1538,TEMPAT SABUN BATANG,Perawatan Diri & Rumah Tangga > Rumah Tangga > Peralatan & Perlengkapan Rumah Tangga > PERALATAN RUMAH TANGGA > PERALATAN DAN PENYIMPANAN DI KAMAR MANDI > TEMPAT SABUN BATANG,Perawatan Diri & Rumah Tangga > Rumah Tangga > Peralatan & Perlengkapan Rumah Tangga > PERALATAN RUMAH TANGGA > PERALATAN DAN PENYIMPANAN DI KAMAR MANDI > TEMPAT SABUN BATANG > TEMPAT SABUN BATANG STAINLESS STEEL,0,0,0
1539,TEMPAT TISSUE,,6,2,false,A003-02-05-01-02-11,11,true,true,000B000A000700010002000B,1435,PERALATAN DAN PENYIMPANAN DI KAMAR MANDI,Perawatan Diri & Rumah Tangga > Rumah Tangga > Peralatan & Perlengkapan Rumah Tangga > PERALATAN RUMAH TANGGA > PERALATAN DAN PENYIMPANAN DI KAMAR MANDI,Perawatan Diri & Rumah Tangga > Rumah Tangga > Peralatan & Perlengkapan Rumah Tangga > PERALATAN RUMAH TANGGA > PERALATAN DAN PENYIMPANAN DI KAMAR MANDI > TEMPAT TISSUE,17,14,75
1618,TEMPAT TISSUE DINDING,,7,0,true,A003-02-05-01-02-11-01,01,true,true,000B000A000700010002000B0001,1539,TEMPAT TISSUE,Perawatan Diri & Rumah Tangga > Rumah Tangga > Peralatan & Perlengkapan Rumah Tangga > PERALATAN RUMAH TANGGA > PERALATAN DAN PENYIMPANAN DI KAMAR MANDI > TEMPAT TISSUE,Perawatan Diri & Rumah Tangga > Rumah Tangga > Peralatan & Perlengkapan Rumah Tangga > PERALATAN RUMAH TANGGA > PERALATAN DAN PENYIMPANAN DI KAMAR MANDI > TEMPAT TISSUE > TEMPAT TISSUE DINDING,1,1,1
1619,TEMPAT TISSUE MEJA,,7,0,true,A003-02-05-01-02-11-02,02,true,true,000B000A000700010002000B0002,1539,TEMPAT TISSUE,Perawatan Diri & Rumah Tangga > Rumah Tangga > Peralatan & Perlengkapan Rumah Tangga > PERALATAN RUMAH TANGGA > PERALATAN DAN PENYIMPANAN DI KAMAR MANDI > TEMPAT TISSUE,Perawatan Diri & Rumah Tangga > Rumah Tangga > Peralatan & Perlengkapan Rumah Tangga > PERALATAN RUMAH TANGGA > PERALATAN DAN PENYIMPANAN DI KAMAR MANDI > TEMPAT TISSUE > TEMPAT TISSUE MEJA,57,44,57
1540,SPONS MANDI (SHOWER NET),,6,0,true,A003-02-05-01-02-12,12,true,true,000B000A000700010002000C,1435,PERALATAN DAN PENYIMPANAN DI KAMAR MANDI,Perawatan Diri & Rumah Tangga > Rumah Tangga > Peralatan & Perlengkapan Rumah Tangga > PERALATAN RUMAH TANGGA > PERALATAN DAN PENYIMPANAN DI KAMAR MANDI,Perawatan Diri & Rumah Tangga > Rumah Tangga > Peralatan & Perlengkapan Rumah Tangga > PERALATAN RUMAH TANGGA > PERALATAN DAN PENYIMPANAN DI KAMAR MANDI > SPONS MANDI (SHOWER NET),52,41,52
1436,PERALATAN DAN PENYIMPANAN DI DAPUR,,5,6,false,A003-02-05-01-03,03,true,true,000B000A000700010003,955,PERALATAN RUMAH TANGGA,Perawatan Diri & Rumah Tangga > Rumah Tangga > Peralatan & Perlengkapan Rumah Tangga > PERALATAN RUMAH TANGGA,Perawatan Diri & Rumah Tangga > Rumah Tangga > Peralatan & Perlengkapan Rumah Tangga > PERALATAN RUMAH TANGGA > PERALATAN DAN PENYIMPANAN DI DAPUR,20,20,6875
1541,ALAT DAPUR & AKSESORIS DAPUR,,6,47,false,A003-02-05-01-03-01,01,true,true,000B000A0007000100030001,1436,PERALATAN DAN PENYIMPANAN DI DAPUR,Perawatan Diri & Rumah Tangga > Rumah Tangga > Peralatan & Perlengkapan Rumah Tangga > PERALATAN RUMAH TANGGA > PERALATAN DAN PENYIMPANAN DI DAPUR,Perawatan Diri & Rumah Tangga > Rumah Tangga > Peralatan & Perlengkapan Rumah Tangga > PERALATAN RUMAH TANGGA > PERALATAN DAN PENYIMPANAN DI DAPUR > ALAT DAPUR & AKSESORIS DAPUR,361,307,2134
1620,ALAT PEMBUAT KOPI,,7,0,true,A003-02-05-01-03-01-01,01,true,true,000B000A00070001000300010001,1541,ALAT DAPUR & AKSESORIS DAPUR,Perawatan Diri & Rumah Tangga > Rumah Tangga > Peralatan & Perlengkapan Rumah Tangga > PERALATAN RUMAH TANGGA > PERALATAN DAN PENYIMPANAN DI DAPUR > ALAT DAPUR & AKSESORIS DAPUR,Perawatan Diri & Rumah Tangga > Rumah Tangga > Peralatan & Perlengkapan Rumah Tangga > PERALATAN RUMAH TANGGA > PERALATAN DAN PENYIMPANAN DI DAPUR > ALAT DAPUR & AKSESORIS DAPUR > ALAT PEMBUAT KOPI,5,5,5
1621,ASBAK,,7,0,true,A003-02-05-01-03-01-02,02,true,true,000B000A00070001000300010002,1541,ALAT DAPUR & AKSESORIS DAPUR,Perawatan Diri & Rumah Tangga > Rumah Tangga > Peralatan & Perlengkapan Rumah Tangga > PERALATAN RUMAH TANGGA > PERALATAN DAN PENYIMPANAN DI DAPUR > ALAT DAPUR & AKSESORIS DAPUR,Perawatan Diri & Rumah Tangga > Rumah Tangga > Peralatan & Perlengkapan Rumah Tangga > PERALATAN RUMAH TANGGA > PERALATAN DAN PENYIMPANAN DI DAPUR > ALAT DAPUR & AKSESORIS DAPUR > ASBAK,34,33,34
1622,BAKARAN / PANGGANGAN IKAN,,7,0,true,A003-02-05-01-03-01-03,03,true,true,000B000A00070001000300010003,1541,ALAT DAPUR & AKSESORIS DAPUR,Perawatan Diri & Rumah Tangga > Rumah Tangga > Peralatan & Perlengkapan Rumah Tangga > PERALATAN RUMAH TANGGA > PERALATAN DAN PENYIMPANAN DI DAPUR > ALAT DAPUR & AKSESORIS DAPUR,Perawatan Diri & Rumah Tangga > Rumah Tangga > Peralatan & Perlengkapan Rumah Tangga > PERALATAN RUMAH TANGGA > PERALATAN DAN PENYIMPANAN DI DAPUR > ALAT DAPUR & AKSESORIS DAPUR > BAKARAN / PANGGANGAN IKAN,17,17,17
1623,BASKOM SAYUR,,7,0,true,A003-02-05-01-03-01-04,04,true,true,000B000A00070001000300010004,1541,ALAT DAPUR & AKSESORIS DAPUR,Perawatan Diri & Rumah Tangga > Rumah Tangga > Peralatan & Perlengkapan Rumah Tangga > PERALATAN RUMAH TANGGA > PERALATAN DAN PENYIMPANAN DI DAPUR > ALAT DAPUR & AKSESORIS DAPUR,Perawatan Diri & Rumah Tangga > Rumah Tangga > Peralatan & Perlengkapan Rumah Tangga > PERALATAN RUMAH TANGGA > PERALATAN DAN PENYIMPANAN DI DAPUR > ALAT DAPUR & AKSESORIS DAPUR > BASKOM SAYUR,112,101,112
1624,CELEMEK,,7,0,true,A003-02-05-01-03-01-05,05,true,true,000B000A00070001000300010005,1541,ALAT DAPUR & AKSESORIS DAPUR,Perawatan Diri & Rumah Tangga > Rumah Tangga > Peralatan & Perlengkapan Rumah Tangga > PERALATAN RUMAH TANGGA > PERALATAN DAN PENYIMPANAN DI DAPUR > ALAT DAPUR & AKSESORIS DAPUR,Perawatan Diri & Rumah Tangga > Rumah Tangga > Peralatan & Perlengkapan Rumah Tangga > PERALATAN RUMAH TANGGA > PERALATAN DAN PENYIMPANAN DI DAPUR > ALAT DAPUR & AKSESORIS DAPUR > CELEMEK,29,28,29
1625,CEMPAL,,7,0,true,A003-02-05-01-03-01-06,06,true,true,000B000A00070001000300010006,1541,ALAT DAPUR & AKSESORIS DAPUR,Perawatan Diri & Rumah Tangga > Rumah Tangga > Peralatan & Perlengkapan Rumah Tangga > PERALATAN RUMAH TANGGA > PERALATAN DAN PENYIMPANAN DI DAPUR > ALAT DAPUR & AKSESORIS DAPUR,Perawatan Diri & Rumah Tangga > Rumah Tangga > Peralatan & Perlengkapan Rumah Tangga > PERALATAN RUMAH TANGGA > PERALATAN DAN PENYIMPANAN DI DAPUR > ALAT DAPUR & AKSESORIS DAPUR > CEMPAL,28,26,28
1626,CENTONG,,7,2,false,A003-02-05-01-03-01-07,07,true,true,000B000A00070001000300010007,1541,ALAT DAPUR & AKSESORIS DAPUR,Perawatan Diri & Rumah Tangga > Rumah Tangga > Peralatan & Perlengkapan Rumah Tangga > PERALATAN RUMAH TANGGA > PERALATAN DAN PENYIMPANAN DI DAPUR > ALAT DAPUR & AKSESORIS DAPUR,Perawatan Diri & Rumah Tangga > Rumah Tangga > Peralatan & Perlengkapan Rumah Tangga > PERALATAN RUMAH TANGGA > PERALATAN DAN PENYIMPANAN DI DAPUR > ALAT DAPUR & AKSESORIS DAPUR > CENTONG,22,21,114
1697,CENTONG KUAH (SOUP LADLE),,8,0,true,A003-02-05-01-03-01-07-01,01,true,true,000B000A000700010003000100070001,1626,CENTONG,Perawatan Diri & Rumah Tangga > Rumah Tangga > Peralatan & Perlengkapan Rumah Tangga > PERALATAN RUMAH TANGGA > PERALATAN DAN PENYIMPANAN DI DAPUR > ALAT DAPUR & AKSESORIS DAPUR > CENTONG,Perawatan Diri & Rumah Tangga > Rumah Tangga > Peralatan & Perlengkapan Rumah Tangga > PERALATAN RUMAH TANGGA > PERALATAN DAN PENYIMPANAN DI DAPUR > ALAT DAPUR & AKSESORIS DAPUR > CENTONG > CENTONG KUAH (SOUP LADLE),45,35,45
1698,CENTONG NASI,,8,0,true,A003-02-05-01-03-01-07-02,02,true,true,000B000A000700010003000100070002,1626,CENTONG,Perawatan Diri & Rumah Tangga > Rumah Tangga > Peralatan & Perlengkapan Rumah Tangga > PERALATAN RUMAH TANGGA > PERALATAN DAN PENYIMPANAN DI DAPUR > ALAT DAPUR & AKSESORIS DAPUR > CENTONG,Perawatan Diri & Rumah Tangga > Rumah Tangga > Peralatan & Perlengkapan Rumah Tangga > PERALATAN RUMAH TANGGA > PERALATAN DAN PENYIMPANAN DI DAPUR > ALAT DAPUR & AKSESORIS DAPUR > CENTONG > CENTONG NASI,47,43,47
1627,CETAKAN / LOYANG KUE,,7,0,true,A003-02-05-01-03-01-08,08,true,true,000B000A00070001000300010008,1541,ALAT DAPUR & AKSESORIS DAPUR,Perawatan Diri & Rumah Tangga > Rumah Tangga > Peralatan & Perlengkapan Rumah Tangga > PERALATAN RUMAH TANGGA > PERALATAN DAN PENYIMPANAN DI DAPUR > ALAT DAPUR & AKSESORIS DAPUR,Perawatan Diri & Rumah Tangga > Rumah Tangga > Peralatan & Perlengkapan Rumah Tangga > PERALATAN RUMAH TANGGA > PERALATAN DAN PENYIMPANAN DI DAPUR > ALAT DAPUR & AKSESORIS DAPUR > CETAKAN / LOYANG KUE,201,177,201
1628,CETAKAN AGAR/PUDDING,,7,0,true,A003-02-05-01-03-01-09,09,true,true,000B000A00070001000300010009,1541,ALAT DAPUR & AKSESORIS DAPUR,Perawatan Diri & Rumah Tangga > Rumah Tangga > Peralatan & Perlengkapan Rumah Tangga > PERALATAN RUMAH TANGGA > PERALATAN DAN PENYIMPANAN DI DAPUR > ALAT DAPUR & AKSESORIS DAPUR,Perawatan Diri & Rumah Tangga > Rumah Tangga > Peralatan & Perlengkapan Rumah Tangga > PERALATAN RUMAH TANGGA > PERALATAN DAN PENYIMPANAN DI DAPUR > ALAT DAPUR & AKSESORIS DAPUR > CETAKAN AGAR/PUDDING,27,23,27
1629,CETAKAN ES BATU,,7,0,true,A003-02-05-01-03-01-10,10,true,true,000B000A0007000100030001000A,1541,ALAT DAPUR & AKSESORIS DAPUR,Perawatan Diri & Rumah Tangga > Rumah Tangga > Peralatan & Perlengkapan Rumah Tangga > PERALATAN RUMAH TANGGA > PERALATAN DAN PENYIMPANAN DI DAPUR > ALAT DAPUR & AKSESORIS DAPUR,Perawatan Diri & Rumah Tangga > Rumah Tangga > Peralatan & Perlengkapan Rumah Tangga > PERALATAN RUMAH TANGGA > PERALATAN DAN PENYIMPANAN DI DAPUR > ALAT DAPUR & AKSESORIS DAPUR > CETAKAN ES BATU,24,23,24
1630,COBEK/COWET/ULEKAN,,7,0,true,A003-02-05-01-03-01-11,11,true,true,000B000A0007000100030001000B,1541,ALAT DAPUR & AKSESORIS DAPUR,Perawatan Diri & Rumah Tangga > Rumah Tangga > Peralatan & Perlengkapan Rumah Tangga > PERALATAN RUMAH TANGGA > PERALATAN DAN PENYIMPANAN DI DAPUR > ALAT DAPUR & AKSESORIS DAPUR,Perawatan Diri & Rumah Tangga > Rumah Tangga > Peralatan & Perlengkapan Rumah Tangga > PERALATAN RUMAH TANGGA > PERALATAN DAN PENYIMPANAN DI DAPUR > ALAT DAPUR & AKSESORIS DAPUR > COBEK/COWET/ULEKAN,22,22,22
1631,COFFEE PLUNGER (ALAT PENYEDUH BUBUK KOPI),,7,0,true,A003-02-05-01-03-01-12,12,true,true,000B000A0007000100030001000C,1541,ALAT DAPUR & AKSESORIS DAPUR,Perawatan Diri & Rumah Tangga > Rumah Tangga > Peralatan & Perlengkapan Rumah Tangga > PERALATAN RUMAH TANGGA > PERALATAN DAN PENYIMPANAN DI DAPUR > ALAT DAPUR & AKSESORIS DAPUR,Perawatan Diri & Rumah Tangga > Rumah Tangga > Peralatan & Perlengkapan Rumah Tangga > PERALATAN RUMAH TANGGA > PERALATAN DAN PENYIMPANAN DI DAPUR > ALAT DAPUR & AKSESORIS DAPUR > COFFEE PLUNGER (ALAT PENYEDUH BUBUK KOPI),2,2,2
1632,CORONG,,7,0,true,A003-02-05-01-03-01-13,13,true,true,000B000A0007000100030001000D,1541,ALAT DAPUR & AKSESORIS DAPUR,Perawatan Diri & Rumah Tangga > Rumah Tangga > Peralatan & Perlengkapan Rumah Tangga > PERALATAN RUMAH TANGGA > PERALATAN DAN PENYIMPANAN DI DAPUR > ALAT DAPUR & AKSESORIS DAPUR,Perawatan Diri & Rumah Tangga > Rumah Tangga > Peralatan & Perlengkapan Rumah Tangga > PERALATAN RUMAH TANGGA > PERALATAN DAN PENYIMPANAN DI DAPUR > ALAT DAPUR & AKSESORIS DAPUR > CORONG,18,16,18
1633,DISPENSER AIR NON-ELEKTRIK,,7,0,true,A003-02-05-01-03-01-14,14,true,true,000B000A0007000100030001000E,1541,ALAT DAPUR & AKSESORIS DAPUR,Perawatan Diri & Rumah Tangga > Rumah Tangga > Peralatan & Perlengkapan Rumah Tangga > PERALATAN RUMAH TANGGA > PERALATAN DAN PENYIMPANAN DI DAPUR > ALAT DAPUR & AKSESORIS DAPUR,Perawatan Diri & Rumah Tangga > Rumah Tangga > Peralatan & Perlengkapan Rumah Tangga > PERALATAN RUMAH TANGGA > PERALATAN DAN PENYIMPANAN DI DAPUR > ALAT DAPUR & AKSESORIS DAPUR > DISPENSER AIR NON-ELEKTRIK,1,0,1
1634,GELAS UKUR,,7,0,true,A003-02-05-01-03-01-15,15,true,true,000B000A0007000100030001000F,1541,ALAT DAPUR & AKSESORIS DAPUR,Perawatan Diri & Rumah Tangga > Rumah Tangga > Peralatan & Perlengkapan Rumah Tangga > PERALATAN RUMAH TANGGA > PERALATAN DAN PENYIMPANAN DI DAPUR > ALAT DAPUR & AKSESORIS DAPUR,Perawatan Diri & Rumah Tangga > Rumah Tangga > Peralatan & Perlengkapan Rumah Tangga > PERALATAN RUMAH TANGGA > PERALATAN DAN PENYIMPANAN DI DAPUR > ALAT DAPUR & AKSESORIS DAPUR > GELAS UKUR,26,24,26
1635,GULUNGAN ALUMINUM FOIL,,7,0,true,A003-02-05-01-03-01-16,16,true,true,000B000A0007000100030001000G,1541,ALAT DAPUR & AKSESORIS DAPUR,Perawatan Diri & Rumah Tangga > Rumah Tangga > Peralatan & Perlengkapan Rumah Tangga > PERALATAN RUMAH TANGGA > PERALATAN DAN PENYIMPANAN DI DAPUR > ALAT DAPUR & AKSESORIS DAPUR,Perawatan Diri & Rumah Tangga > Rumah Tangga > Peralatan & Perlengkapan Rumah Tangga > PERALATAN RUMAH TANGGA > PERALATAN DAN PENYIMPANAN DI DAPUR > ALAT DAPUR & AKSESORIS DAPUR > GULUNGAN ALUMINUM FOIL,13,11,13
1636,GUNTING DAPUR,,7,0,true,A003-02-05-01-03-01-17,17,true,true,000B000A0007000100030001000H,1541,ALAT DAPUR & AKSESORIS DAPUR,Perawatan Diri & Rumah Tangga > Rumah Tangga > Peralatan & Perlengkapan Rumah Tangga > PERALATAN RUMAH TANGGA > PERALATAN DAN PENYIMPANAN DI DAPUR > ALAT DAPUR & AKSESORIS DAPUR,Perawatan Diri & Rumah Tangga > Rumah Tangga > Peralatan & Perlengkapan Rumah Tangga > PERALATAN RUMAH TANGGA > PERALATAN DAN PENYIMPANAN DI DAPUR > ALAT DAPUR & AKSESORIS DAPUR > GUNTING DAPUR,11,10,11
1637,JEPITAN (TONGS),,7,0,true,A003-02-05-01-03-01-18,18,true,true,000B000A0007000100030001000I,1541,ALAT DAPUR & AKSESORIS DAPUR,Perawatan Diri & Rumah Tangga > Rumah Tangga > Peralatan & Perlengkapan Rumah Tangga > PERALATAN RUMAH TANGGA > PERALATAN DAN PENYIMPANAN DI DAPUR > ALAT DAPUR & AKSESORIS DAPUR,Perawatan Diri & Rumah Tangga > Rumah Tangga > Peralatan & Perlengkapan Rumah Tangga > PERALATAN RUMAH TANGGA > PERALATAN DAN PENYIMPANAN DI DAPUR > ALAT DAPUR & AKSESORIS DAPUR > JEPITAN (TONGS),60,49,60
1638,KANTONG PLASTIK KRESEK,,7,0,true,A003-02-05-01-03-01-19,19,true,true,000B000A0007000100030001000J,1541,ALAT DAPUR & AKSESORIS DAPUR,Perawatan Diri & Rumah Tangga > Rumah Tangga > Peralatan & Perlengkapan Rumah Tangga > PERALATAN RUMAH TANGGA > PERALATAN DAN PENYIMPANAN DI DAPUR > ALAT DAPUR & AKSESORIS DAPUR,Perawatan Diri & Rumah Tangga > Rumah Tangga > Peralatan & Perlengkapan Rumah Tangga > PERALATAN RUMAH TANGGA > PERALATAN DAN PENYIMPANAN DI DAPUR > ALAT DAPUR & AKSESORIS DAPUR > KANTONG PLASTIK KRESEK,74,61,74
1639,KIPAS SATE,,7,0,true,A003-02-05-01-03-01-20,20,true,true,000B000A0007000100030001000K,1541,ALAT DAPUR & AKSESORIS DAPUR,Perawatan Diri & Rumah Tangga > Rumah Tangga > Peralatan & Perlengkapan Rumah Tangga > PERALATAN RUMAH TANGGA > PERALATAN DAN PENYIMPANAN DI DAPUR > ALAT DAPUR & AKSESORIS DAPUR,Perawatan Diri & Rumah Tangga > Rumah Tangga > Peralatan & Perlengkapan Rumah Tangga > PERALATAN RUMAH TANGGA > PERALATAN DAN PENYIMPANAN DI DAPUR > ALAT DAPUR & AKSESORIS DAPUR > KIPAS SATE,10,10,10
1640,KOCOKAN TELUR (EGG BEATER),,7,0,true,A003-02-05-01-03-01-21,21,true,true,000B000A0007000100030001000L,1541,ALAT DAPUR & AKSESORIS DAPUR,Perawatan Diri & Rumah Tangga > Rumah Tangga > Peralatan & Perlengkapan Rumah Tangga > PERALATAN RUMAH TANGGA > PERALATAN DAN PENYIMPANAN DI DAPUR > ALAT DAPUR & AKSESORIS DAPUR,Perawatan Diri & Rumah Tangga > Rumah Tangga > Peralatan & Perlengkapan Rumah Tangga > PERALATAN RUMAH TANGGA > PERALATAN DAN PENYIMPANAN DI DAPUR > ALAT DAPUR & AKSESORIS DAPUR > KOCOKAN TELUR (EGG BEATER),30,25,30
1641,KOREK API,,7,2,false,A003-02-05-01-03-01-22,22,true,true,000B000A0007000100030001000M,1541,ALAT DAPUR & AKSESORIS DAPUR,Perawatan Diri & Rumah Tangga > Rumah Tangga > Peralatan & Perlengkapan Rumah Tangga > PERALATAN RUMAH TANGGA > PERALATAN DAN PENYIMPANAN DI DAPUR > ALAT DAPUR & AKSESORIS DAPUR,Perawatan Diri & Rumah Tangga > Rumah Tangga > Peralatan & Perlengkapan Rumah Tangga > PERALATAN RUMAH TANGGA > PERALATAN DAN PENYIMPANAN DI DAPUR > ALAT DAPUR & AKSESORIS DAPUR > KOREK API,9,8,48
1699,KOREK API GAS,,8,0,true,A003-02-05-01-03-01-22-01,01,true,true,000B000A0007000100030001000M0001,1641,KOREK API,Perawatan Diri & Rumah Tangga > Rumah Tangga > Peralatan & Perlengkapan Rumah Tangga > PERALATAN RUMAH TANGGA > PERALATAN DAN PENYIMPANAN DI DAPUR > ALAT DAPUR & AKSESORIS DAPUR > KOREK API,Perawatan Diri & Rumah Tangga > Rumah Tangga > Peralatan & Perlengkapan Rumah Tangga > PERALATAN RUMAH TANGGA > PERALATAN DAN PENYIMPANAN DI DAPUR > ALAT DAPUR & AKSESORIS DAPUR > KOREK API > KOREK API GAS,39,37,39
1700,KOREK API KAYU,,8,0,true,A003-02-05-01-03-01-22-02,02,true,true,000B000A0007000100030001000M0002,1641,KOREK API,Perawatan Diri & Rumah Tangga > Rumah Tangga > Peralatan & Perlengkapan Rumah Tangga > PERALATAN RUMAH TANGGA > PERALATAN DAN PENYIMPANAN DI DAPUR > ALAT DAPUR & AKSESORIS DAPUR > KOREK API,Perawatan Diri & Rumah Tangga > Rumah Tangga > Peralatan & Perlengkapan Rumah Tangga > PERALATAN RUMAH TANGGA > PERALATAN DAN PENYIMPANAN DI DAPUR > ALAT DAPUR & AKSESORIS DAPUR > KOREK API > KOREK API KAYU,0,0,0
1642,KUAS DAPUR,,7,0,true,A003-02-05-01-03-01-23,23,true,true,000B000A0007000100030001000N,1541,ALAT DAPUR & AKSESORIS DAPUR,Perawatan Diri & Rumah Tangga > Rumah Tangga > Peralatan & Perlengkapan Rumah Tangga > PERALATAN RUMAH TANGGA > PERALATAN DAN PENYIMPANAN DI DAPUR > ALAT DAPUR & AKSESORIS DAPUR,Perawatan Diri & Rumah Tangga > Rumah Tangga > Peralatan & Perlengkapan Rumah Tangga > PERALATAN RUMAH TANGGA > PERALATAN DAN PENYIMPANAN DI DAPUR > ALAT DAPUR & AKSESORIS DAPUR > KUAS DAPUR,32,23,32
1643,NAMPAN,,7,2,false,A003-02-05-01-03-01-24,24,true,true,000B000A0007000100030001000O,1541,ALAT DAPUR & AKSESORIS DAPUR,Perawatan Diri & Rumah Tangga > Rumah Tangga > Peralatan & Perlengkapan Rumah Tangga > PERALATAN RUMAH TANGGA > PERALATAN DAN PENYIMPANAN DI DAPUR > ALAT DAPUR & AKSESORIS DAPUR,Perawatan Diri & Rumah Tangga > Rumah Tangga > Peralatan & Perlengkapan Rumah Tangga > PERALATAN RUMAH TANGGA > PERALATAN DAN PENYIMPANAN DI DAPUR > ALAT DAPUR & AKSESORIS DAPUR > NAMPAN,31,29,73
1701,NAMPAN PLASTIK,,8,0,true,A003-02-05-01-03-01-24-01,01,true,true,000B000A0007000100030001000O0001,1643,NAMPAN,Perawatan Diri & Rumah Tangga > Rumah Tangga > Peralatan & Perlengkapan Rumah Tangga > PERALATAN RUMAH TANGGA > PERALATAN DAN PENYIMPANAN DI DAPUR > ALAT DAPUR & AKSESORIS DAPUR > NAMPAN,Perawatan Diri & Rumah Tangga > Rumah Tangga > Peralatan & Perlengkapan Rumah Tangga > PERALATAN RUMAH TANGGA > PERALATAN DAN PENYIMPANAN DI DAPUR > ALAT DAPUR & AKSESORIS DAPUR > NAMPAN > NAMPAN PLASTIK,39,34,39
1702,NAMPAN KAYU,,8,0,true,A003-02-05-01-03-01-24-02,02,true,true,000B000A0007000100030001000O0002,1643,NAMPAN,Perawatan Diri & Rumah Tangga > Rumah Tangga > Peralatan & Perlengkapan Rumah Tangga > PERALATAN RUMAH TANGGA > PERALATAN DAN PENYIMPANAN DI DAPUR > ALAT DAPUR & AKSESORIS DAPUR > NAMPAN,Perawatan Diri & Rumah Tangga > Rumah Tangga > Peralatan & Perlengkapan Rumah Tangga > PERALATAN RUMAH TANGGA > PERALATAN DAN PENYIMPANAN DI DAPUR > ALAT DAPUR & AKSESORIS DAPUR > NAMPAN > NAMPAN KAYU,3,3,3
1644,PARUTAN,,7,0,true,A003-02-05-01-03-01-25,25,true,true,000B000A0007000100030001000P,1541,ALAT DAPUR & AKSESORIS DAPUR,Perawatan Diri & Rumah Tangga > Rumah Tangga > Peralatan & Perlengkapan Rumah Tangga > PERALATAN RUMAH TANGGA > PERALATAN DAN PENYIMPANAN DI DAPUR > ALAT DAPUR & AKSESORIS DAPUR,Perawatan Diri & Rumah Tangga > Rumah Tangga > Peralatan & Perlengkapan Rumah Tangga > PERALATAN RUMAH TANGGA > PERALATAN DAN PENYIMPANAN DI DAPUR > ALAT DAPUR & AKSESORIS DAPUR > PARUTAN,26,21,26
1645,PEMBUKA BOTOL,,7,0,true,A003-02-05-01-03-01-26,26,true,true,000B000A0007000100030001000Q,1541,ALAT DAPUR & AKSESORIS DAPUR,Perawatan Diri & Rumah Tangga > Rumah Tangga > Peralatan & Perlengkapan Rumah Tangga > PERALATAN RUMAH TANGGA > PERALATAN DAN PENYIMPANAN DI DAPUR > ALAT DAPUR & AKSESORIS DAPUR,Perawatan Diri & Rumah Tangga > Rumah Tangga > Peralatan & Perlengkapan Rumah Tangga > PERALATAN RUMAH TANGGA > PERALATAN DAN PENYIMPANAN DI DAPUR > ALAT DAPUR & AKSESORIS DAPUR > PEMBUKA BOTOL,8,6,8
1646,PEMUKUL DAGING,,7,0,true,A003-02-05-01-03-01-27,27,true,true,000B000A0007000100030001000R,1541,ALAT DAPUR & AKSESORIS DAPUR,Perawatan Diri & Rumah Tangga > Rumah Tangga > Peralatan & Perlengkapan Rumah Tangga > PERALATAN RUMAH TANGGA > PERALATAN DAN PENYIMPANAN DI DAPUR > ALAT DAPUR & AKSESORIS DAPUR,Perawatan Diri & Rumah Tangga > Rumah Tangga > Peralatan & Perlengkapan Rumah Tangga > PERALATAN RUMAH TANGGA > PERALATAN DAN PENYIMPANAN DI DAPUR > ALAT DAPUR & AKSESORIS DAPUR > PEMUKUL DAGING,1,1,1
1647,PENYARING (STRAINER),,7,0,true,A003-02-05-01-03-01-28,28,true,true,000B000A0007000100030001000S,1541,ALAT DAPUR & AKSESORIS DAPUR,Perawatan Diri & Rumah Tangga > Rumah Tangga > Peralatan & Perlengkapan Rumah Tangga > PERALATAN RUMAH TANGGA > PERALATAN DAN PENYIMPANAN DI DAPUR > ALAT DAPUR & AKSESORIS DAPUR,Perawatan Diri & Rumah Tangga > Rumah Tangga > Peralatan & Perlengkapan Rumah Tangga > PERALATAN RUMAH TANGGA > PERALATAN DAN PENYIMPANAN DI DAPUR > ALAT DAPUR & AKSESORIS DAPUR > PENYARING (STRAINER),71,61,71
1648,PERESAN JERUK,,7,0,true,A003-02-05-01-03-01-29,29,true,true,000B000A0007000100030001000T,1541,ALAT DAPUR & AKSESORIS DAPUR,Perawatan Diri & Rumah Tangga > Rumah Tangga > Peralatan & Perlengkapan Rumah Tangga > PERALATAN RUMAH TANGGA > PERALATAN DAN PENYIMPANAN DI DAPUR > ALAT DAPUR & AKSESORIS DAPUR,Perawatan Diri & Rumah Tangga > Rumah Tangga > Peralatan & Perlengkapan Rumah Tangga > PERALATAN RUMAH TANGGA > PERALATAN DAN PENYIMPANAN DI DAPUR > ALAT DAPUR & AKSESORIS DAPUR > PERESAN JERUK,18,17,18
1649,PISAU,,7,3,false,A003-02-05-01-03-01-30,30,true,true,000B000A0007000100030001000U,1541,ALAT DAPUR & AKSESORIS DAPUR,Perawatan Diri & Rumah Tangga > Rumah Tangga > Peralatan & Perlengkapan Rumah Tangga > PERALATAN RUMAH TANGGA > PERALATAN DAN PENYIMPANAN DI DAPUR > ALAT DAPUR & AKSESORIS DAPUR,Perawatan Diri & Rumah Tangga > Rumah Tangga > Peralatan & Perlengkapan Rumah Tangga > PERALATAN RUMAH TANGGA > PERALATAN DAN PENYIMPANAN DI DAPUR > ALAT DAPUR & AKSESORIS DAPUR > PISAU,133,124,195
1703,PISAU BIASA,,8,0,true,A003-02-05-01-03-01-30-01,01,true,true,000B000A0007000100030001000U0001,1649,PISAU,Perawatan Diri & Rumah Tangga > Rumah Tangga > Peralatan & Perlengkapan Rumah Tangga > PERALATAN RUMAH TANGGA > PERALATAN DAN PENYIMPANAN DI DAPUR > ALAT DAPUR & AKSESORIS DAPUR > PISAU,Perawatan Diri & Rumah Tangga > Rumah Tangga > Peralatan & Perlengkapan Rumah Tangga > PERALATAN RUMAH TANGGA > PERALATAN DAN PENYIMPANAN DI DAPUR > ALAT DAPUR & AKSESORIS DAPUR > PISAU > PISAU BIASA,28,26,28
1704,PISAU BUAH,,8,0,true,A003-02-05-01-03-01-30-02,02,true,true,000B000A0007000100030001000U0002,1649,PISAU,Perawatan Diri & Rumah Tangga > Rumah Tangga > Peralatan & Perlengkapan Rumah Tangga > PERALATAN RUMAH TANGGA > PERALATAN DAN PENYIMPANAN DI DAPUR > ALAT DAPUR & AKSESORIS DAPUR > PISAU,Perawatan Diri & Rumah Tangga > Rumah Tangga > Peralatan & Perlengkapan Rumah Tangga > PERALATAN RUMAH TANGGA > PERALATAN DAN PENYIMPANAN DI DAPUR > ALAT DAPUR & AKSESORIS DAPUR > PISAU > PISAU BUAH,26,24,26
1705,PISAU DAGING,,8,0,true,A003-02-05-01-03-01-30-03,03,true,true,000B000A0007000100030001000U0003,1649,PISAU,Perawatan Diri & Rumah Tangga > Rumah Tangga > Peralatan & Perlengkapan Rumah Tangga > PERALATAN RUMAH TANGGA > PERALATAN DAN PENYIMPANAN DI DAPUR > ALAT DAPUR & AKSESORIS DAPUR > PISAU,Perawatan Diri & Rumah Tangga > Rumah Tangga > Peralatan & Perlengkapan Rumah Tangga > PERALATAN RUMAH TANGGA > PERALATAN DAN PENYIMPANAN DI DAPUR > ALAT DAPUR & AKSESORIS DAPUR > PISAU > PISAU DAGING,8,8,8
1650,PLASTIK BENING CLING WRAP,,7,0,true,A003-02-05-01-03-01-31,31,true,true,000B000A0007000100030001000V,1541,ALAT DAPUR & AKSESORIS DAPUR,Perawatan Diri & Rumah Tangga > Rumah Tangga > Peralatan & Perlengkapan Rumah Tangga > PERALATAN RUMAH TANGGA > PERALATAN DAN PENYIMPANAN DI DAPUR > ALAT DAPUR & AKSESORIS DAPUR,Perawatan Diri & Rumah Tangga > Rumah Tangga > Peralatan & Perlengkapan Rumah Tangga > PERALATAN RUMAH TANGGA > PERALATAN DAN PENYIMPANAN DI DAPUR > ALAT DAPUR & AKSESORIS DAPUR > PLASTIK BENING CLING WRAP,23,21,23
1651,POMPA AIR GALON NON-ELEKTRIK,,7,0,true,A003-02-05-01-03-01-32,32,true,true,000B000A0007000100030001000W,1541,ALAT DAPUR & AKSESORIS DAPUR,Perawatan Diri & Rumah Tangga > Rumah Tangga > Peralatan & Perlengkapan Rumah Tangga > PERALATAN RUMAH TANGGA > PERALATAN DAN PENYIMPANAN DI DAPUR > ALAT DAPUR & AKSESORIS DAPUR,Perawatan Diri & Rumah Tangga > Rumah Tangga > Peralatan & Perlengkapan Rumah Tangga > PERALATAN RUMAH TANGGA > PERALATAN DAN PENYIMPANAN DI DAPUR > ALAT DAPUR & AKSESORIS DAPUR > POMPA AIR GALON NON-ELEKTRIK,5,4,5
1652,RAK PENGERING GELAS ,,7,0,true,A003-02-05-01-03-01-33,33,true,true,000B000A0007000100030001000X,1541,ALAT DAPUR & AKSESORIS DAPUR,Perawatan Diri & Rumah Tangga > Rumah Tangga > Peralatan & Perlengkapan Rumah Tangga > PERALATAN RUMAH TANGGA > PERALATAN DAN PENYIMPANAN DI DAPUR > ALAT DAPUR & AKSESORIS DAPUR,Perawatan Diri & Rumah Tangga > Rumah Tangga > Peralatan & Perlengkapan Rumah Tangga > PERALATAN RUMAH TANGGA > PERALATAN DAN PENYIMPANAN DI DAPUR > ALAT DAPUR & AKSESORIS DAPUR > RAK PENGERING GELAS ,4,4,4
1653,RAK PENGERING PIRING,,7,0,true,A003-02-05-01-03-01-34,34,true,true,000B000A0007000100030001000Y,1541,ALAT DAPUR & AKSESORIS DAPUR,Perawatan Diri & Rumah Tangga > Rumah Tangga > Peralatan & Perlengkapan Rumah Tangga > PERALATAN RUMAH TANGGA > PERALATAN DAN PENYIMPANAN DI DAPUR > ALAT DAPUR & AKSESORIS DAPUR,Perawatan Diri & Rumah Tangga > Rumah Tangga > Peralatan & Perlengkapan Rumah Tangga > PERALATAN RUMAH TANGGA > PERALATAN DAN PENYIMPANAN DI DAPUR > ALAT DAPUR & AKSESORIS DAPUR > RAK PENGERING PIRING,39,37,39
1654,ROL KUE / GILINGAN ADONAN (ROLLING PIN),,7,0,true,A003-02-05-01-03-01-35,35,true,true,000B000A0007000100030001000Z,1541,ALAT DAPUR & AKSESORIS DAPUR,Perawatan Diri & Rumah Tangga > Rumah Tangga > Peralatan & Perlengkapan Rumah Tangga > PERALATAN RUMAH TANGGA > PERALATAN DAN PENYIMPANAN DI DAPUR > ALAT DAPUR & AKSESORIS DAPUR,Perawatan Diri & Rumah Tangga > Rumah Tangga > Peralatan & Perlengkapan Rumah Tangga > PERALATAN RUMAH TANGGA > PERALATAN DAN PENYIMPANAN DI DAPUR > ALAT DAPUR & AKSESORIS DAPUR > ROL KUE / GILINGAN ADONAN (ROLLING PIN),9,9,9
1655,SCOOP ICE CREAM (ES KRIM),,7,0,true,A003-02-05-01-03-01-36,36,true,true,000B000A00070001000300010010,1541,ALAT DAPUR & AKSESORIS DAPUR,Perawatan Diri & Rumah Tangga > Rumah Tangga > Peralatan & Perlengkapan Rumah Tangga > PERALATAN RUMAH TANGGA > PERALATAN DAN PENYIMPANAN DI DAPUR > ALAT DAPUR & AKSESORIS DAPUR,Perawatan Diri & Rumah Tangga > Rumah Tangga > Peralatan & Perlengkapan Rumah Tangga > PERALATAN RUMAH TANGGA > PERALATAN DAN PENYIMPANAN DI DAPUR > ALAT DAPUR & AKSESORIS DAPUR > SCOOP ICE CREAM (ES KRIM),6,4,6
1656,SENDOK DAPUR,,7,3,false,A003-02-05-01-03-01-37,37,true,true,000B000A00070001000300010011,1541,ALAT DAPUR & AKSESORIS DAPUR,Perawatan Diri & Rumah Tangga > Rumah Tangga > Peralatan & Perlengkapan Rumah Tangga > PERALATAN RUMAH TANGGA > PERALATAN DAN PENYIMPANAN DI DAPUR > ALAT DAPUR & AKSESORIS DAPUR,Perawatan Diri & Rumah Tangga > Rumah Tangga > Peralatan & Perlengkapan Rumah Tangga > PERALATAN RUMAH TANGGA > PERALATAN DAN PENYIMPANAN DI DAPUR > ALAT DAPUR & AKSESORIS DAPUR > SENDOK DAPUR,31,29,70
1706,SENDOK PENYARING (SKIMMER),,8,0,true,A003-02-05-01-03-01-37-01,01,true,true,000B000A000700010003000100110001,1656,SENDOK DAPUR,Perawatan Diri & Rumah Tangga > Rumah Tangga > Peralatan & Perlengkapan Rumah Tangga > PERALATAN RUMAH TANGGA > PERALATAN DAN PENYIMPANAN DI DAPUR > ALAT DAPUR & AKSESORIS DAPUR > SENDOK DAPUR,Perawatan Diri & Rumah Tangga > Rumah Tangga > Peralatan & Perlengkapan Rumah Tangga > PERALATAN RUMAH TANGGA > PERALATAN DAN PENYIMPANAN DI DAPUR > ALAT DAPUR & AKSESORIS DAPUR > SENDOK DAPUR > SENDOK PENYARING (SKIMMER),15,12,15
1707,SENDOK PASTA ,,8,0,true,A003-02-05-01-03-01-37-02,02,true,true,000B000A000700010003000100110002,1656,SENDOK DAPUR,Perawatan Diri & Rumah Tangga > Rumah Tangga > Peralatan & Perlengkapan Rumah Tangga > PERALATAN RUMAH TANGGA > PERALATAN DAN PENYIMPANAN DI DAPUR > ALAT DAPUR & AKSESORIS DAPUR > SENDOK DAPUR,Perawatan Diri & Rumah Tangga > Rumah Tangga > Peralatan & Perlengkapan Rumah Tangga > PERALATAN RUMAH TANGGA > PERALATAN DAN PENYIMPANAN DI DAPUR > ALAT DAPUR & AKSESORIS DAPUR > SENDOK DAPUR > SENDOK PASTA ,9,5,9
1708,SENDOK TAKAR,,8,0,true,A003-02-05-01-03-01-37-03,03,true,true,000B000A000700010003000100110003,1656,SENDOK DAPUR,Perawatan Diri & Rumah Tangga > Rumah Tangga > Peralatan & Perlengkapan Rumah Tangga > PERALATAN RUMAH TANGGA > PERALATAN DAN PENYIMPANAN DI DAPUR > ALAT DAPUR & AKSESORIS DAPUR > SENDOK DAPUR,Perawatan Diri & Rumah Tangga > Rumah Tangga > Peralatan & Perlengkapan Rumah Tangga > PERALATAN RUMAH TANGGA > PERALATAN DAN PENYIMPANAN DI DAPUR > ALAT DAPUR & AKSESORIS DAPUR > SENDOK DAPUR > SENDOK TAKAR,15,10,15
1657,SHAKER STAINLESS STEEL,,7,0,true,A003-02-05-01-03-01-38,38,true,true,000B000A00070001000300010012,1541,ALAT DAPUR & AKSESORIS DAPUR,Perawatan Diri & Rumah Tangga > Rumah Tangga > Peralatan & Perlengkapan Rumah Tangga > PERALATAN RUMAH TANGGA > PERALATAN DAN PENYIMPANAN DI DAPUR > ALAT DAPUR & AKSESORIS DAPUR,Perawatan Diri & Rumah Tangga > Rumah Tangga > Peralatan & Perlengkapan Rumah Tangga > PERALATAN RUMAH TANGGA > PERALATAN DAN PENYIMPANAN DI DAPUR > ALAT DAPUR & AKSESORIS DAPUR > SHAKER STAINLESS STEEL,2,2,2
1658,SPIRITUS,,7,0,true,A003-02-05-01-03-01-39,39,true,true,000B000A00070001000300010013,1541,ALAT DAPUR & AKSESORIS DAPUR,Perawatan Diri & Rumah Tangga > Rumah Tangga > Peralatan & Perlengkapan Rumah Tangga > PERALATAN RUMAH TANGGA > PERALATAN DAN PENYIMPANAN DI DAPUR > ALAT DAPUR & AKSESORIS DAPUR,Perawatan Diri & Rumah Tangga > Rumah Tangga > Peralatan & Perlengkapan Rumah Tangga > PERALATAN RUMAH TANGGA > PERALATAN DAN PENYIMPANAN DI DAPUR > ALAT DAPUR & AKSESORIS DAPUR > SPIRITUS,3,3,3
1659,TEMPAT PENYIMPAN ALAT MAKAN,,7,0,true,A003-02-05-01-03-01-40,40,true,true,000B000A00070001000300010014,1541,ALAT DAPUR & AKSESORIS DAPUR,Perawatan Diri & Rumah Tangga > Rumah Tangga > Peralatan & Perlengkapan Rumah Tangga > PERALATAN RUMAH TANGGA > PERALATAN DAN PENYIMPANAN DI DAPUR > ALAT DAPUR & AKSESORIS DAPUR,Perawatan Diri & Rumah Tangga > Rumah Tangga > Peralatan & Perlengkapan Rumah Tangga > PERALATAN RUMAH TANGGA > PERALATAN DAN PENYIMPANAN DI DAPUR > ALAT DAPUR & AKSESORIS DAPUR > TEMPAT PENYIMPAN ALAT MAKAN,33,28,33
1660,TIMBANGAN MAKANAN,,7,0,true,A003-02-05-01-03-01-41,41,true,true,000B000A00070001000300010015,1541,ALAT DAPUR & AKSESORIS DAPUR,Perawatan Diri & Rumah Tangga > Rumah Tangga > Peralatan & Perlengkapan Rumah Tangga > PERALATAN RUMAH TANGGA > PERALATAN DAN PENYIMPANAN DI DAPUR > ALAT DAPUR & AKSESORIS DAPUR,Perawatan Diri & Rumah Tangga > Rumah Tangga > Peralatan & Perlengkapan Rumah Tangga > PERALATAN RUMAH TANGGA > PERALATAN DAN PENYIMPANAN DI DAPUR > ALAT DAPUR & AKSESORIS DAPUR > TIMBANGAN MAKANAN,23,18,23
1661,TIMER DAPUR,,7,0,true,A003-02-05-01-03-01-42,42,true,true,000B000A00070001000300010016,1541,ALAT DAPUR & AKSESORIS DAPUR,Perawatan Diri & Rumah Tangga > Rumah Tangga > Peralatan & Perlengkapan Rumah Tangga > PERALATAN RUMAH TANGGA > PERALATAN DAN PENYIMPANAN DI DAPUR > ALAT DAPUR & AKSESORIS DAPUR,Perawatan Diri & Rumah Tangga > Rumah Tangga > Peralatan & Perlengkapan Rumah Tangga > PERALATAN RUMAH TANGGA > PERALATAN DAN PENYIMPANAN DI DAPUR > ALAT DAPUR & AKSESORIS DAPUR > TIMER DAPUR,1,1,1
1662,TUDUNG SAJI,,7,0,true,A003-02-05-01-03-01-43,43,true,true,000B000A00070001000300010017,1541,ALAT DAPUR & AKSESORIS DAPUR,Perawatan Diri & Rumah Tangga > Rumah Tangga > Peralatan & Perlengkapan Rumah Tangga > PERALATAN RUMAH TANGGA > PERALATAN DAN PENYIMPANAN DI DAPUR > ALAT DAPUR & AKSESORIS DAPUR,Perawatan Diri & Rumah Tangga > Rumah Tangga > Peralatan & Perlengkapan Rumah Tangga > PERALATAN RUMAH TANGGA > PERALATAN DAN PENYIMPANAN DI DAPUR > ALAT DAPUR & AKSESORIS DAPUR > TUDUNG SAJI,32,32,32
1663,TUSUK SATE,,7,0,true,A003-02-05-01-03-01-44,44,true,true,000B000A00070001000300010018,1541,ALAT DAPUR & AKSESORIS DAPUR,Perawatan Diri & Rumah Tangga > Rumah Tangga > Peralatan & Perlengkapan Rumah Tangga > PERALATAN RUMAH TANGGA > PERALATAN DAN PENYIMPANAN DI DAPUR > ALAT DAPUR & AKSESORIS DAPUR,Perawatan Diri & Rumah Tangga > Rumah Tangga > Peralatan & Perlengkapan Rumah Tangga > PERALATAN RUMAH TANGGA > PERALATAN DAN PENYIMPANAN DI DAPUR > ALAT DAPUR & AKSESORIS DAPUR > TUSUK SATE,9,9,9
1664,WADAH AIR / TEKO AIR MINUM (JUG),,7,0,true,A003-02-05-01-03-01-45,45,true,true,000B000A00070001000300010019,1541,ALAT DAPUR & AKSESORIS DAPUR,Perawatan Diri & Rumah Tangga > Rumah Tangga > Peralatan & Perlengkapan Rumah Tangga > PERALATAN RUMAH TANGGA > PERALATAN DAN PENYIMPANAN DI DAPUR > ALAT DAPUR & AKSESORIS DAPUR,Perawatan Diri & Rumah Tangga > Rumah Tangga > Peralatan & Perlengkapan Rumah Tangga > PERALATAN RUMAH TANGGA > PERALATAN DAN PENYIMPANAN DI DAPUR > ALAT DAPUR & AKSESORIS DAPUR > WADAH AIR / TEKO AIR MINUM (JUG),49,47,49
1857,TALENAN,,7,0,true,A003-02-05-01-03-01-46,46,true,true,000B000A0007000100030001001A,1541,ALAT DAPUR & AKSESORIS DAPUR,Perawatan Diri & Rumah Tangga > Rumah Tangga > Peralatan & Perlengkapan Rumah Tangga > PERALATAN RUMAH TANGGA > PERALATAN DAN PENYIMPANAN DI DAPUR > ALAT DAPUR & AKSESORIS DAPUR,Perawatan Diri & Rumah Tangga > Rumah Tangga > Peralatan & Perlengkapan Rumah Tangga > PERALATAN RUMAH TANGGA > PERALATAN DAN PENYIMPANAN DI DAPUR > ALAT DAPUR & AKSESORIS DAPUR > TALENAN,50,39,50
1890,CETAKAN MAKANAN,,7,0,true,A003-02-05-01-03-01-047,047,true,true,000B000A0007000100030001001B,1541,ALAT DAPUR & AKSESORIS DAPUR,Perawatan Diri & Rumah Tangga > Rumah Tangga > Peralatan & Perlengkapan Rumah Tangga > PERALATAN RUMAH TANGGA > PERALATAN DAN PENYIMPANAN DI DAPUR > ALAT DAPUR & AKSESORIS DAPUR,Perawatan Diri & Rumah Tangga > Rumah Tangga > Peralatan & Perlengkapan Rumah Tangga > PERALATAN RUMAH TANGGA > PERALATAN DAN PENYIMPANAN DI DAPUR > ALAT DAPUR & AKSESORIS DAPUR > CETAKAN MAKANAN,85,46,85
1542,ALAT MASAK,,6,8,false,A003-02-05-01-03-02,02,true,true,000B000A0007000100030002,1436,PERALATAN DAN PENYIMPANAN DI DAPUR,Perawatan Diri & Rumah Tangga > Rumah Tangga > Peralatan & Perlengkapan Rumah Tangga > PERALATAN RUMAH TANGGA > PERALATAN DAN PENYIMPANAN DI DAPUR,Perawatan Diri & Rumah Tangga > Rumah Tangga > Peralatan & Perlengkapan Rumah Tangga > PERALATAN RUMAH TANGGA > PERALATAN DAN PENYIMPANAN DI DAPUR > ALAT MASAK,64,62,684
1665,ALAT UNTUK BAKAR SATE,,7,1,false,A003-02-05-01-03-02-01,01,true,true,000B000A00070001000300020001,1542,ALAT MASAK,Perawatan Diri & Rumah Tangga > Rumah Tangga > Peralatan & Perlengkapan Rumah Tangga > PERALATAN RUMAH TANGGA > PERALATAN DAN PENYIMPANAN DI DAPUR > ALAT MASAK,Perawatan Diri & Rumah Tangga > Rumah Tangga > Peralatan & Perlengkapan Rumah Tangga > PERALATAN RUMAH TANGGA > PERALATAN DAN PENYIMPANAN DI DAPUR > ALAT MASAK > ALAT UNTUK BAKAR SATE,9,8,160
1889,SPATULA,,8,0,true,A003-02-05-01-03-02-01-08,08,true,true,000B000A000700010003000200010001,1665,ALAT UNTUK BAKAR SATE,Perawatan Diri & Rumah Tangga > Rumah Tangga > Peralatan & Perlengkapan Rumah Tangga > PERALATAN RUMAH TANGGA > PERALATAN DAN PENYIMPANAN DI DAPUR > ALAT MASAK > ALAT UNTUK BAKAR SATE,Perawatan Diri & Rumah Tangga > Rumah Tangga > Peralatan & Perlengkapan Rumah Tangga > PERALATAN RUMAH TANGGA > PERALATAN DAN PENYIMPANAN DI DAPUR > ALAT MASAK > ALAT UNTUK BAKAR SATE > SPATULA,151,131,151
1666,ARANG,,7,0,true,A003-02-05-01-03-02-02,02,true,true,000B000A00070001000300020002,1542,ALAT MASAK,Perawatan Diri & Rumah Tangga > Rumah Tangga > Peralatan & Perlengkapan Rumah Tangga > PERALATAN RUMAH TANGGA > PERALATAN DAN PENYIMPANAN DI DAPUR > ALAT MASAK,Perawatan Diri & Rumah Tangga > Rumah Tangga > Peralatan & Perlengkapan Rumah Tangga > PERALATAN RUMAH TANGGA > PERALATAN DAN PENYIMPANAN DI DAPUR > ALAT MASAK > ARANG,6,6,6
1667,KOMPOR GAS,,7,8,false,A003-02-05-01-03-02-03,03,true,true,000B000A00070001000300020003,1542,ALAT MASAK,Perawatan Diri & Rumah Tangga > Rumah Tangga > Peralatan & Perlengkapan Rumah Tangga > PERALATAN RUMAH TANGGA > PERALATAN DAN PENYIMPANAN DI DAPUR > ALAT MASAK,Perawatan Diri & Rumah Tangga > Rumah Tangga > Peralatan & Perlengkapan Rumah Tangga > PERALATAN RUMAH TANGGA > PERALATAN DAN PENYIMPANAN DI DAPUR > ALAT MASAK > KOMPOR GAS,38,35,130
1709,KARET TABUNG GAS,,8,0,true,A003-02-05-01-03-02-03-01,01,true,true,000B000A000700010003000200030001,1667,KOMPOR GAS,Perawatan Diri & Rumah Tangga > Rumah Tangga > Peralatan & Perlengkapan Rumah Tangga > PERALATAN RUMAH TANGGA > PERALATAN DAN PENYIMPANAN DI DAPUR > ALAT MASAK > KOMPOR GAS,Perawatan Diri & Rumah Tangga > Rumah Tangga > Peralatan & Perlengkapan Rumah Tangga > PERALATAN RUMAH TANGGA > PERALATAN DAN PENYIMPANAN DI DAPUR > ALAT MASAK > KOMPOR GAS > KARET TABUNG GAS,1,1,1
1710,KLEM SELANG GAS,,8,0,true,A003-02-05-01-03-02-03-02,02,true,true,000B000A000700010003000200030002,1667,KOMPOR GAS,Perawatan Diri & Rumah Tangga > Rumah Tangga > Peralatan & Perlengkapan Rumah Tangga > PERALATAN RUMAH TANGGA > PERALATAN DAN PENYIMPANAN DI DAPUR > ALAT MASAK > KOMPOR GAS,Perawatan Diri & Rumah Tangga > Rumah Tangga > Peralatan & Perlengkapan Rumah Tangga > PERALATAN RUMAH TANGGA > PERALATAN DAN PENYIMPANAN DI DAPUR > ALAT MASAK > KOMPOR GAS > KLEM SELANG GAS,16,16,16
1711,KOMPOR GAS PORTABLE,,8,0,true,A003-02-05-01-03-02-03-03,03,true,true,000B000A000700010003000200030003,1667,KOMPOR GAS,Perawatan Diri & Rumah Tangga > Rumah Tangga > Peralatan & Perlengkapan Rumah Tangga > PERALATAN RUMAH TANGGA > PERALATAN DAN PENYIMPANAN DI DAPUR > ALAT MASAK > KOMPOR GAS,Perawatan Diri & Rumah Tangga > Rumah Tangga > Peralatan & Perlengkapan Rumah Tangga > PERALATAN RUMAH TANGGA > PERALATAN DAN PENYIMPANAN DI DAPUR > ALAT MASAK > KOMPOR GAS > KOMPOR GAS PORTABLE,20,20,20
1712,KOMPOR GAS RUMAH,,8,0,true,A003-02-05-01-03-02-03-04,04,true,true,000B000A000700010003000200030004,1667,KOMPOR GAS,Perawatan Diri & Rumah Tangga > Rumah Tangga > Peralatan & Perlengkapan Rumah Tangga > PERALATAN RUMAH TANGGA > PERALATAN DAN PENYIMPANAN DI DAPUR > ALAT MASAK > KOMPOR GAS,Perawatan Diri & Rumah Tangga > Rumah Tangga > Peralatan & Perlengkapan Rumah Tangga > PERALATAN RUMAH TANGGA > PERALATAN DAN PENYIMPANAN DI DAPUR > ALAT MASAK > KOMPOR GAS > KOMPOR GAS RUMAH,23,23,23
1713,RODA UNTUK TABUNG GAS,,8,0,true,A003-02-05-01-03-02-03-05,05,true,true,000B000A000700010003000200030005,1667,KOMPOR GAS,Perawatan Diri & Rumah Tangga > Rumah Tangga > Peralatan & Perlengkapan Rumah Tangga > PERALATAN RUMAH TANGGA > PERALATAN DAN PENYIMPANAN DI DAPUR > ALAT MASAK > KOMPOR GAS,Perawatan Diri & Rumah Tangga > Rumah Tangga > Peralatan & Perlengkapan Rumah Tangga > PERALATAN RUMAH TANGGA > PERALATAN DAN PENYIMPANAN DI DAPUR > ALAT MASAK > KOMPOR GAS > RODA UNTUK TABUNG GAS,3,3,3
1714,SELANG KOMPOR GAS,,8,0,true,A003-02-05-01-03-02-03-06,06,true,true,000B000A000700010003000200030006,1667,KOMPOR GAS,Perawatan Diri & Rumah Tangga > Rumah Tangga > Peralatan & Perlengkapan Rumah Tangga > PERALATAN RUMAH TANGGA > PERALATAN DAN PENYIMPANAN DI DAPUR > ALAT MASAK > KOMPOR GAS,Perawatan Diri & Rumah Tangga > Rumah Tangga > Peralatan & Perlengkapan Rumah Tangga > PERALATAN RUMAH TANGGA > PERALATAN DAN PENYIMPANAN DI DAPUR > ALAT MASAK > KOMPOR GAS > SELANG KOMPOR GAS,13,12,13
1715,SUMBU KOMPOR,,8,0,true,A003-02-05-01-03-02-03-07,07,true,true,000B000A000700010003000200030007,1667,KOMPOR GAS,Perawatan Diri & Rumah Tangga > Rumah Tangga > Peralatan & Perlengkapan Rumah Tangga > PERALATAN RUMAH TANGGA > PERALATAN DAN PENYIMPANAN DI DAPUR > ALAT MASAK > KOMPOR GAS,Perawatan Diri & Rumah Tangga > Rumah Tangga > Peralatan & Perlengkapan Rumah Tangga > PERALATAN RUMAH TANGGA > PERALATAN DAN PENYIMPANAN DI DAPUR > ALAT MASAK > KOMPOR GAS > SUMBU KOMPOR,1,1,1
1872,TATAKAN KOMPOR,,8,0,true,A003-02-05-01-03-02-03-08,08,true,true,000B000A000700010003000200030008,1667,KOMPOR GAS,Perawatan Diri & Rumah Tangga > Rumah Tangga > Peralatan & Perlengkapan Rumah Tangga > PERALATAN RUMAH TANGGA > PERALATAN DAN PENYIMPANAN DI DAPUR > ALAT MASAK > KOMPOR GAS,Perawatan Diri & Rumah Tangga > Rumah Tangga > Peralatan & Perlengkapan Rumah Tangga > PERALATAN RUMAH TANGGA > PERALATAN DAN PENYIMPANAN DI DAPUR > ALAT MASAK > KOMPOR GAS > TATAKAN KOMPOR,15,14,15
1668,KUKUSAN DARI ANYAMAN,,7,0,true,A003-02-05-01-03-02-04,04,true,true,000B000A00070001000300020004,1542,ALAT MASAK,Perawatan Diri & Rumah Tangga > Rumah Tangga > Peralatan & Perlengkapan Rumah Tangga > PERALATAN RUMAH TANGGA > PERALATAN DAN PENYIMPANAN DI DAPUR > ALAT MASAK,Perawatan Diri & Rumah Tangga > Rumah Tangga > Peralatan & Perlengkapan Rumah Tangga > PERALATAN RUMAH TANGGA > PERALATAN DAN PENYIMPANAN DI DAPUR > ALAT MASAK > KUKUSAN DARI ANYAMAN,2,2,2
1669,PANCI,,7,5,false,A003-02-05-01-03-02-05,05,true,true,000B000A00070001000300020005,1542,ALAT MASAK,Perawatan Diri & Rumah Tangga > Rumah Tangga > Peralatan & Perlengkapan Rumah Tangga > PERALATAN RUMAH TANGGA > PERALATAN DAN PENYIMPANAN DI DAPUR > ALAT MASAK,Perawatan Diri & Rumah Tangga > Rumah Tangga > Peralatan & Perlengkapan Rumah Tangga > PERALATAN RUMAH TANGGA > PERALATAN DAN PENYIMPANAN DI DAPUR > ALAT MASAK > PANCI,35,33,147
1716,PANCI ANTI LENGKET,,8,0,true,A003-02-05-01-03-02-05-01,01,true,true,000B000A000700010003000200050001,1669,PANCI,Perawatan Diri & Rumah Tangga > Rumah Tangga > Peralatan & Perlengkapan Rumah Tangga > PERALATAN RUMAH TANGGA > PERALATAN DAN PENYIMPANAN DI DAPUR > ALAT MASAK > PANCI,Perawatan Diri & Rumah Tangga > Rumah Tangga > Peralatan & Perlengkapan Rumah Tangga > PERALATAN RUMAH TANGGA > PERALATAN DAN PENYIMPANAN DI DAPUR > ALAT MASAK > PANCI > PANCI ANTI LENGKET,9,9,9
1717,PANCI KUKUSAN,,8,0,true,A003-02-05-01-03-02-05-02,02,true,true,000B000A000700010003000200050002,1669,PANCI,Perawatan Diri & Rumah Tangga > Rumah Tangga > Peralatan & Perlengkapan Rumah Tangga > PERALATAN RUMAH TANGGA > PERALATAN DAN PENYIMPANAN DI DAPUR > ALAT MASAK > PANCI,Perawatan Diri & Rumah Tangga > Rumah Tangga > Peralatan & Perlengkapan Rumah Tangga > PERALATAN RUMAH TANGGA > PERALATAN DAN PENYIMPANAN DI DAPUR > ALAT MASAK > PANCI > PANCI KUKUSAN,25,21,25
1718,PANCI PANGGANGAN,,8,0,true,A003-02-05-01-03-02-05-03,03,true,true,000B000A000700010003000200050003,1669,PANCI,Perawatan Diri & Rumah Tangga > Rumah Tangga > Peralatan & Perlengkapan Rumah Tangga > PERALATAN RUMAH TANGGA > PERALATAN DAN PENYIMPANAN DI DAPUR > ALAT MASAK > PANCI,Perawatan Diri & Rumah Tangga > Rumah Tangga > Peralatan & Perlengkapan Rumah Tangga > PERALATAN RUMAH TANGGA > PERALATAN DAN PENYIMPANAN DI DAPUR > ALAT MASAK > PANCI > PANCI PANGGANGAN,2,2,2
1719,PANCI SAYUR,,8,0,true,A003-02-05-01-03-02-05-04,04,true,true,000B000A000700010003000200050004,1669,PANCI,Perawatan Diri & Rumah Tangga > Rumah Tangga > Peralatan & Perlengkapan Rumah Tangga > PERALATAN RUMAH TANGGA > PERALATAN DAN PENYIMPANAN DI DAPUR > ALAT MASAK > PANCI,Perawatan Diri & Rumah Tangga > Rumah Tangga > Peralatan & Perlengkapan Rumah Tangga > PERALATAN RUMAH TANGGA > PERALATAN DAN PENYIMPANAN DI DAPUR > ALAT MASAK > PANCI > PANCI SAYUR,39,32,39
1720,PANCI SUSU,,8,0,true,A003-02-05-01-03-02-05-05,05,true,true,000B000A000700010003000200050005,1669,PANCI,Perawatan Diri & Rumah Tangga > Rumah Tangga > Peralatan & Perlengkapan Rumah Tangga > PERALATAN RUMAH TANGGA > PERALATAN DAN PENYIMPANAN DI DAPUR > ALAT MASAK > PANCI,Perawatan Diri & Rumah Tangga > Rumah Tangga > Peralatan & Perlengkapan Rumah Tangga > PERALATAN RUMAH TANGGA > PERALATAN DAN PENYIMPANAN DI DAPUR > ALAT MASAK > PANCI > PANCI SUSU,37,36,37
1670,TEKO,,7,0,true,A003-02-05-01-03-02-06,06,true,true,000B000A00070001000300020006,1542,ALAT MASAK,Perawatan Diri & Rumah Tangga > Rumah Tangga > Peralatan & Perlengkapan Rumah Tangga > PERALATAN RUMAH TANGGA > PERALATAN DAN PENYIMPANAN DI DAPUR > ALAT MASAK,Perawatan Diri & Rumah Tangga > Rumah Tangga > Peralatan & Perlengkapan Rumah Tangga > PERALATAN RUMAH TANGGA > PERALATAN DAN PENYIMPANAN DI DAPUR > ALAT MASAK > TEKO,31,29,31
1671,WAJAN,,7,0,true,A003-02-05-01-03-02-07,07,true,true,000B000A00070001000300020007,1542,ALAT MASAK,Perawatan Diri & Rumah Tangga > Rumah Tangga > Peralatan & Perlengkapan Rumah Tangga > PERALATAN RUMAH TANGGA > PERALATAN DAN PENYIMPANAN DI DAPUR > ALAT MASAK,Perawatan Diri & Rumah Tangga > Rumah Tangga > Peralatan & Perlengkapan Rumah Tangga > PERALATAN RUMAH TANGGA > PERALATAN DAN PENYIMPANAN DI DAPUR > ALAT MASAK > WAJAN,136,125,136
1873,ALAT MASAK LAINNYA,,7,0,true,A003-02-05-01-03-02-08,08,true,true,000B000A00070001000300020008,1542,ALAT MASAK,Perawatan Diri & Rumah Tangga > Rumah Tangga > Peralatan & Perlengkapan Rumah Tangga > PERALATAN RUMAH TANGGA > PERALATAN DAN PENYIMPANAN DI DAPUR > ALAT MASAK,Perawatan Diri & Rumah Tangga > Rumah Tangga > Peralatan & Perlengkapan Rumah Tangga > PERALATAN RUMAH TANGGA > PERALATAN DAN PENYIMPANAN DI DAPUR > ALAT MASAK > ALAT MASAK LAINNYA,8,5,8
1543,TEMPAT PENYIMPANAN MAKANAN & MINUMAN,,6,2,false,A003-02-05-01-03-03,03,true,true,000B000A0007000100030003,1436,PERALATAN DAN PENYIMPANAN DI DAPUR,Perawatan Diri & Rumah Tangga > Rumah Tangga > Peralatan & Perlengkapan Rumah Tangga > PERALATAN RUMAH TANGGA > PERALATAN DAN PENYIMPANAN DI DAPUR,Perawatan Diri & Rumah Tangga > Rumah Tangga > Peralatan & Perlengkapan Rumah Tangga > PERALATAN RUMAH TANGGA > PERALATAN DAN PENYIMPANAN DI DAPUR > TEMPAT PENYIMPANAN MAKANAN & MINUMAN,59,52,2154
1672,TEMPAT PENYIMPANAN MAKANAN,,7,7,false,A003-02-05-01-03-03-01,01,true,true,000B000A00070001000300030001,1543,TEMPAT PENYIMPANAN MAKANAN & MINUMAN,Perawatan Diri & Rumah Tangga > Rumah Tangga > Peralatan & Perlengkapan Rumah Tangga > PERALATAN RUMAH TANGGA > PERALATAN DAN PENYIMPANAN DI DAPUR > TEMPAT PENYIMPANAN MAKANAN & MINUMAN,Perawatan Diri & Rumah Tangga > Rumah Tangga > Peralatan & Perlengkapan Rumah Tangga > PERALATAN RUMAH TANGGA > PERALATAN DAN PENYIMPANAN DI DAPUR > TEMPAT PENYIMPANAN MAKANAN & MINUMAN > TEMPAT PENYIMPANAN MAKANAN,88,82,1180
1721,KOTAK MAKAN PLASTIK,,8,0,true,A003-02-05-01-03-03-01-01,01,true,true,000B000A000700010003000300010001,1672,TEMPAT PENYIMPANAN MAKANAN,Perawatan Diri & Rumah Tangga > Rumah Tangga > Peralatan & Perlengkapan Rumah Tangga > PERALATAN RUMAH TANGGA > PERALATAN DAN PENYIMPANAN DI DAPUR > TEMPAT PENYIMPANAN MAKANAN & MINUMAN > TEMPAT PENYIMPANAN MAKANAN,Perawatan Diri & Rumah Tangga > Rumah Tangga > Peralatan & Perlengkapan Rumah Tangga > PERALATAN RUMAH TANGGA > PERALATAN DAN PENYIMPANAN DI DAPUR > TEMPAT PENYIMPANAN MAKANAN & MINUMAN > TEMPAT PENYIMPANAN MAKANAN > KOTAK MAKAN PLASTIK,467,409,467
1722,RANTANG STAINLESS,,8,0,true,A003-02-05-01-03-03-01-02,02,true,true,000B000A000700010003000300010002,1672,TEMPAT PENYIMPANAN MAKANAN,Perawatan Diri & Rumah Tangga > Rumah Tangga > Peralatan & Perlengkapan Rumah Tangga > PERALATAN RUMAH TANGGA > PERALATAN DAN PENYIMPANAN DI DAPUR > TEMPAT PENYIMPANAN MAKANAN & MINUMAN > TEMPAT PENYIMPANAN MAKANAN,Perawatan Diri & Rumah Tangga > Rumah Tangga > Peralatan & Perlengkapan Rumah Tangga > PERALATAN RUMAH TANGGA > PERALATAN DAN PENYIMPANAN DI DAPUR > TEMPAT PENYIMPANAN MAKANAN & MINUMAN > TEMPAT PENYIMPANAN MAKANAN > RANTANG STAINLESS,4,3,4
1723,TOPLES,,8,0,true,A003-02-05-01-03-03-01-03,03,true,true,000B000A000700010003000300010003,1672,TEMPAT PENYIMPANAN MAKANAN,Perawatan Diri & Rumah Tangga > Rumah Tangga > Peralatan & Perlengkapan Rumah Tangga > PERALATAN RUMAH TANGGA > PERALATAN DAN PENYIMPANAN DI DAPUR > TEMPAT PENYIMPANAN MAKANAN & MINUMAN > TEMPAT PENYIMPANAN MAKANAN,Perawatan Diri & Rumah Tangga > Rumah Tangga > Peralatan & Perlengkapan Rumah Tangga > PERALATAN RUMAH TANGGA > PERALATAN DAN PENYIMPANAN DI DAPUR > TEMPAT PENYIMPANAN MAKANAN & MINUMAN > TEMPAT PENYIMPANAN MAKANAN > TOPLES,377,309,377
1724,ZIPPER BAG,,8,0,true,A003-02-05-01-03-03-01-04,04,true,true,000B000A000700010003000300010004,1672,TEMPAT PENYIMPANAN MAKANAN,Perawatan Diri & Rumah Tangga > Rumah Tangga > Peralatan & Perlengkapan Rumah Tangga > PERALATAN RUMAH TANGGA > PERALATAN DAN PENYIMPANAN DI DAPUR > TEMPAT PENYIMPANAN MAKANAN & MINUMAN > TEMPAT PENYIMPANAN MAKANAN,Perawatan Diri & Rumah Tangga > Rumah Tangga > Peralatan & Perlengkapan Rumah Tangga > PERALATAN RUMAH TANGGA > PERALATAN DAN PENYIMPANAN DI DAPUR > TEMPAT PENYIMPANAN MAKANAN & MINUMAN > TEMPAT PENYIMPANAN MAKANAN > ZIPPER BAG,37,35,37
1725,KOTAK MAKAN KERTAS UNTUK CATERING,,8,0,true,A003-02-05-01-03-03-01-05,05,true,true,000B000A000700010003000300010005,1672,TEMPAT PENYIMPANAN MAKANAN,Perawatan Diri & Rumah Tangga > Rumah Tangga > Peralatan & Perlengkapan Rumah Tangga > PERALATAN RUMAH TANGGA > PERALATAN DAN PENYIMPANAN DI DAPUR > TEMPAT PENYIMPANAN MAKANAN & MINUMAN > TEMPAT PENYIMPANAN MAKANAN,Perawatan Diri & Rumah Tangga > Rumah Tangga > Peralatan & Perlengkapan Rumah Tangga > PERALATAN RUMAH TANGGA > PERALATAN DAN PENYIMPANAN DI DAPUR > TEMPAT PENYIMPANAN MAKANAN & MINUMAN > TEMPAT PENYIMPANAN MAKANAN > KOTAK MAKAN KERTAS UNTUK CATERING,19,17,19
1858,BOX PENYIMPANAN MAKANAN,,8,0,true,A003-02-05-01-03-03-01-08,08,true,true,000B000A000700010003000300010006,1672,TEMPAT PENYIMPANAN MAKANAN,Perawatan Diri & Rumah Tangga > Rumah Tangga > Peralatan & Perlengkapan Rumah Tangga > PERALATAN RUMAH TANGGA > PERALATAN DAN PENYIMPANAN DI DAPUR > TEMPAT PENYIMPANAN MAKANAN & MINUMAN > TEMPAT PENYIMPANAN MAKANAN,Perawatan Diri & Rumah Tangga > Rumah Tangga > Peralatan & Perlengkapan Rumah Tangga > PERALATAN RUMAH TANGGA > PERALATAN DAN PENYIMPANAN DI DAPUR > TEMPAT PENYIMPANAN MAKANAN & MINUMAN > TEMPAT PENYIMPANAN MAKANAN > BOX PENYIMPANAN MAKANAN,144,125,144
1874,TEMPAT BUMBU,,8,0,true,A003-02-05-01-03-03-01-09,09,true,true,000B000A000700010003000300010007,1672,TEMPAT PENYIMPANAN MAKANAN,Perawatan Diri & Rumah Tangga > Rumah Tangga > Peralatan & Perlengkapan Rumah Tangga > PERALATAN RUMAH TANGGA > PERALATAN DAN PENYIMPANAN DI DAPUR > TEMPAT PENYIMPANAN MAKANAN & MINUMAN > TEMPAT PENYIMPANAN MAKANAN,Perawatan Diri & Rumah Tangga > Rumah Tangga > Peralatan & Perlengkapan Rumah Tangga > PERALATAN RUMAH TANGGA > PERALATAN DAN PENYIMPANAN DI DAPUR > TEMPAT PENYIMPANAN MAKANAN & MINUMAN > TEMPAT PENYIMPANAN MAKANAN > TEMPAT BUMBU,44,38,44
1673,TEMPAT PENYIMPANAN MINUMAN / CAIRAN,,7,4,false,A003-02-05-01-03-03-02,02,true,true,000B000A00070001000300030002,1543,TEMPAT PENYIMPANAN MAKANAN & MINUMAN,Perawatan Diri & Rumah Tangga > Rumah Tangga > Peralatan & Perlengkapan Rumah Tangga > PERALATAN RUMAH TANGGA > PERALATAN DAN PENYIMPANAN DI DAPUR > TEMPAT PENYIMPANAN MAKANAN & MINUMAN,Perawatan Diri & Rumah Tangga > Rumah Tangga > Peralatan & Perlengkapan Rumah Tangga > PERALATAN RUMAH TANGGA > PERALATAN DAN PENYIMPANAN DI DAPUR > TEMPAT PENYIMPANAN MAKANAN & MINUMAN > TEMPAT PENYIMPANAN MINUMAN / CAIRAN,6,4,915
1726,ANEKA BOTOL KOSONG,,8,0,true,A003-02-05-01-03-03-02-01,01,true,true,000B000A000700010003000300020001,1673,TEMPAT PENYIMPANAN MINUMAN / CAIRAN,Perawatan Diri & Rumah Tangga > Rumah Tangga > Peralatan & Perlengkapan Rumah Tangga > PERALATAN RUMAH TANGGA > PERALATAN DAN PENYIMPANAN DI DAPUR > TEMPAT PENYIMPANAN MAKANAN & MINUMAN > TEMPAT PENYIMPANAN MINUMAN / CAIRAN,Perawatan Diri & Rumah Tangga > Rumah Tangga > Peralatan & Perlengkapan Rumah Tangga > PERALATAN RUMAH TANGGA > PERALATAN DAN PENYIMPANAN DI DAPUR > TEMPAT PENYIMPANAN MAKANAN & MINUMAN > TEMPAT PENYIMPANAN MINUMAN / CAIRAN > ANEKA BOTOL KOSONG,127,114,127
1727,BOTOL MINUM PLASTIK,,8,0,true,A003-02-05-01-03-03-02-02,02,true,true,000B000A000700010003000300020002,1673,TEMPAT PENYIMPANAN MINUMAN / CAIRAN,Perawatan Diri & Rumah Tangga > Rumah Tangga > Peralatan & Perlengkapan Rumah Tangga > PERALATAN RUMAH TANGGA > PERALATAN DAN PENYIMPANAN DI DAPUR > TEMPAT PENYIMPANAN MAKANAN & MINUMAN > TEMPAT PENYIMPANAN MINUMAN / CAIRAN,Perawatan Diri & Rumah Tangga > Rumah Tangga > Peralatan & Perlengkapan Rumah Tangga > PERALATAN RUMAH TANGGA > PERALATAN DAN PENYIMPANAN DI DAPUR > TEMPAT PENYIMPANAN MAKANAN & MINUMAN > TEMPAT PENYIMPANAN MINUMAN / CAIRAN > BOTOL MINUM PLASTIK,583,524,583
1728,TERMOS AIR PANAS,,8,0,true,A003-02-05-01-03-03-02-03,03,true,true,000B000A000700010003000300020003,1673,TEMPAT PENYIMPANAN MINUMAN / CAIRAN,Perawatan Diri & Rumah Tangga > Rumah Tangga > Peralatan & Perlengkapan Rumah Tangga > PERALATAN RUMAH TANGGA > PERALATAN DAN PENYIMPANAN DI DAPUR > TEMPAT PENYIMPANAN MAKANAN & MINUMAN > TEMPAT PENYIMPANAN MINUMAN / CAIRAN,Perawatan Diri & Rumah Tangga > Rumah Tangga > Peralatan & Perlengkapan Rumah Tangga > PERALATAN RUMAH TANGGA > PERALATAN DAN PENYIMPANAN DI DAPUR > TEMPAT PENYIMPANAN MAKANAN & MINUMAN > TEMPAT PENYIMPANAN MINUMAN / CAIRAN > TERMOS AIR PANAS,154,134,154
1729,TEMPAT KECAP,,8,0,true,A003-02-05-01-03-03-02-04,04,true,true,000B000A000700010003000300020004,1673,TEMPAT PENYIMPANAN MINUMAN / CAIRAN,Perawatan Diri & Rumah Tangga > Rumah Tangga > Peralatan & Perlengkapan Rumah Tangga > PERALATAN RUMAH TANGGA > PERALATAN DAN PENYIMPANAN DI DAPUR > TEMPAT PENYIMPANAN MAKANAN & MINUMAN > TEMPAT PENYIMPANAN MINUMAN / CAIRAN,Perawatan Diri & Rumah Tangga > Rumah Tangga > Peralatan & Perlengkapan Rumah Tangga > PERALATAN RUMAH TANGGA > PERALATAN DAN PENYIMPANAN DI DAPUR > TEMPAT PENYIMPANAN MAKANAN & MINUMAN > TEMPAT PENYIMPANAN MINUMAN / CAIRAN > TEMPAT KECAP,45,44,45
1544,KERANJANG & TEMPAT SAMPAH,,6,4,false,A003-02-05-01-03-04,04,true,true,000B000A0007000100030004,1436,PERALATAN DAN PENYIMPANAN DI DAPUR,Perawatan Diri & Rumah Tangga > Rumah Tangga > Peralatan & Perlengkapan Rumah Tangga > PERALATAN RUMAH TANGGA > PERALATAN DAN PENYIMPANAN DI DAPUR,Perawatan Diri & Rumah Tangga > Rumah Tangga > Peralatan & Perlengkapan Rumah Tangga > PERALATAN RUMAH TANGGA > PERALATAN DAN PENYIMPANAN DI DAPUR > KERANJANG & TEMPAT SAMPAH,21,21,353
1674,KERANJANG DAPUR,,7,4,false,A003-02-05-01-03-04-01,01,true,true,000B000A00070001000300040001,1544,KERANJANG & TEMPAT SAMPAH,Perawatan Diri & Rumah Tangga > Rumah Tangga > Peralatan & Perlengkapan Rumah Tangga > PERALATAN RUMAH TANGGA > PERALATAN DAN PENYIMPANAN DI DAPUR > KERANJANG & TEMPAT SAMPAH,Perawatan Diri & Rumah Tangga > Rumah Tangga > Peralatan & Perlengkapan Rumah Tangga > PERALATAN RUMAH TANGGA > PERALATAN DAN PENYIMPANAN DI DAPUR > KERANJANG & TEMPAT SAMPAH > KERANJANG DAPUR,102,100,165
1730,BESEK ANYAMAN,,8,0,true,A003-02-05-01-03-04-01-01,01,true,true,000B000A000700010003000400010001,1674,KERANJANG DAPUR,Perawatan Diri & Rumah Tangga > Rumah Tangga > Peralatan & Perlengkapan Rumah Tangga > PERALATAN RUMAH TANGGA > PERALATAN DAN PENYIMPANAN DI DAPUR > KERANJANG & TEMPAT SAMPAH > KERANJANG DAPUR,Perawatan Diri & Rumah Tangga > Rumah Tangga > Peralatan & Perlengkapan Rumah Tangga > PERALATAN RUMAH TANGGA > PERALATAN DAN PENYIMPANAN DI DAPUR > KERANJANG & TEMPAT SAMPAH > KERANJANG DAPUR > BESEK ANYAMAN,4,4,4
1731,KERANJANG ANYAMAN,,8,0,true,A003-02-05-01-03-04-01-02,02,true,true,000B000A000700010003000400010002,1674,KERANJANG DAPUR,Perawatan Diri & Rumah Tangga > Rumah Tangga > Peralatan & Perlengkapan Rumah Tangga > PERALATAN RUMAH TANGGA > PERALATAN DAN PENYIMPANAN DI DAPUR > KERANJANG & TEMPAT SAMPAH > KERANJANG DAPUR,Perawatan Diri & Rumah Tangga > Rumah Tangga > Peralatan & Perlengkapan Rumah Tangga > PERALATAN RUMAH TANGGA > PERALATAN DAN PENYIMPANAN DI DAPUR > KERANJANG & TEMPAT SAMPAH > KERANJANG DAPUR > KERANJANG ANYAMAN,38,31,38
1732,KERANJANG TELUR BESI,,8,0,true,A003-02-05-01-03-04-01-03,03,true,true,000B000A000700010003000400010003,1674,KERANJANG DAPUR,Perawatan Diri & Rumah Tangga > Rumah Tangga > Peralatan & Perlengkapan Rumah Tangga > PERALATAN RUMAH TANGGA > PERALATAN DAN PENYIMPANAN DI DAPUR > KERANJANG & TEMPAT SAMPAH > KERANJANG DAPUR,Perawatan Diri & Rumah Tangga > Rumah Tangga > Peralatan & Perlengkapan Rumah Tangga > PERALATAN RUMAH TANGGA > PERALATAN DAN PENYIMPANAN DI DAPUR > KERANJANG & TEMPAT SAMPAH > KERANJANG DAPUR > KERANJANG TELUR BESI,4,4,4
1733,KERANJANG UNTUK AIR MINERAL GELAS,,8,0,true,A003-02-05-01-03-04-01-04,04,true,true,000B000A000700010003000400010004,1674,KERANJANG DAPUR,Perawatan Diri & Rumah Tangga > Rumah Tangga > Peralatan & Perlengkapan Rumah Tangga > PERALATAN RUMAH TANGGA > PERALATAN DAN PENYIMPANAN DI DAPUR > KERANJANG & TEMPAT SAMPAH > KERANJANG DAPUR,Perawatan Diri & Rumah Tangga > Rumah Tangga > Peralatan & Perlengkapan Rumah Tangga > PERALATAN RUMAH TANGGA > PERALATAN DAN PENYIMPANAN DI DAPUR > KERANJANG & TEMPAT SAMPAH > KERANJANG DAPUR > KERANJANG UNTUK AIR MINERAL GELAS,17,15,17
1675,PLASTIK SAMPAH,,7,0,true,A003-02-05-01-03-04-02,02,true,true,000B000A00070001000300040002,1544,KERANJANG & TEMPAT SAMPAH,Perawatan Diri & Rumah Tangga > Rumah Tangga > Peralatan & Perlengkapan Rumah Tangga > PERALATAN RUMAH TANGGA > PERALATAN DAN PENYIMPANAN DI DAPUR > KERANJANG & TEMPAT SAMPAH,Perawatan Diri & Rumah Tangga > Rumah Tangga > Peralatan & Perlengkapan Rumah Tangga > PERALATAN RUMAH TANGGA > PERALATAN DAN PENYIMPANAN DI DAPUR > KERANJANG & TEMPAT SAMPAH > PLASTIK SAMPAH,32,32,32
1676,TEMPAT SAMPAH,,7,0,true,A003-02-05-01-03-04-03,03,true,true,000B000A00070001000300040003,1544,KERANJANG & TEMPAT SAMPAH,Perawatan Diri & Rumah Tangga > Rumah Tangga > Peralatan & Perlengkapan Rumah Tangga > PERALATAN RUMAH TANGGA > PERALATAN DAN PENYIMPANAN DI DAPUR > KERANJANG & TEMPAT SAMPAH,Perawatan Diri & Rumah Tangga > Rumah Tangga > Peralatan & Perlengkapan Rumah Tangga > PERALATAN RUMAH TANGGA > PERALATAN DAN PENYIMPANAN DI DAPUR > KERANJANG & TEMPAT SAMPAH > TEMPAT SAMPAH,123,109,123
1891,KERANJANG BUAH,,7,0,true,A003-02-05-01-03-04-04,04,true,true,000B000A00070001000300040004,1544,KERANJANG & TEMPAT SAMPAH,Perawatan Diri & Rumah Tangga > Rumah Tangga > Peralatan & Perlengkapan Rumah Tangga > PERALATAN RUMAH TANGGA > PERALATAN DAN PENYIMPANAN DI DAPUR > KERANJANG & TEMPAT SAMPAH,Perawatan Diri & Rumah Tangga > Rumah Tangga > Peralatan & Perlengkapan Rumah Tangga > PERALATAN RUMAH TANGGA > PERALATAN DAN PENYIMPANAN DI DAPUR > KERANJANG & TEMPAT SAMPAH > KERANJANG BUAH,12,11,12
1545,PERALATAN MAKAN,,6,12,false,A003-02-05-01-03-05,05,true,true,000B000A0007000100030005,1436,PERALATAN DAN PENYIMPANAN DI DAPUR,Perawatan Diri & Rumah Tangga > Rumah Tangga > Peralatan & Perlengkapan Rumah Tangga > PERALATAN RUMAH TANGGA > PERALATAN DAN PENYIMPANAN DI DAPUR,Perawatan Diri & Rumah Tangga > Rumah Tangga > Peralatan & Perlengkapan Rumah Tangga > PERALATAN RUMAH TANGGA > PERALATAN DAN PENYIMPANAN DI DAPUR > PERALATAN MAKAN,17,11,1260
1677,GARPU,,7,2,false,A003-02-05-01-03-05-01,01,true,true,000B000A00070001000300050001,1545,PERALATAN MAKAN,Perawatan Diri & Rumah Tangga > Rumah Tangga > Peralatan & Perlengkapan Rumah Tangga > PERALATAN RUMAH TANGGA > PERALATAN DAN PENYIMPANAN DI DAPUR > PERALATAN MAKAN,Perawatan Diri & Rumah Tangga > Rumah Tangga > Peralatan & Perlengkapan Rumah Tangga > PERALATAN RUMAH TANGGA > PERALATAN DAN PENYIMPANAN DI DAPUR > PERALATAN MAKAN > GARPU,8,7,43
1734,GARPU PLASTIK,,8,0,true,A003-02-05-01-03-05-01-01,01,true,true,000B000A000700010003000500010001,1677,GARPU,Perawatan Diri & Rumah Tangga > Rumah Tangga > Peralatan & Perlengkapan Rumah Tangga > PERALATAN RUMAH TANGGA > PERALATAN DAN PENYIMPANAN DI DAPUR > PERALATAN MAKAN > GARPU,Perawatan Diri & Rumah Tangga > Rumah Tangga > Peralatan & Perlengkapan Rumah Tangga > PERALATAN RUMAH TANGGA > PERALATAN DAN PENYIMPANAN DI DAPUR > PERALATAN MAKAN > GARPU > GARPU PLASTIK,16,15,16
1735,GARPU STAINLESS,,8,0,true,A003-02-05-01-03-05-01-02,02,true,true,000B000A000700010003000500010002,1677,GARPU,Perawatan Diri & Rumah Tangga > Rumah Tangga > Peralatan & Perlengkapan Rumah Tangga > PERALATAN RUMAH TANGGA > PERALATAN DAN PENYIMPANAN DI DAPUR > PERALATAN MAKAN > GARPU,Perawatan Diri & Rumah Tangga > Rumah Tangga > Peralatan & Perlengkapan Rumah Tangga > PERALATAN RUMAH TANGGA > PERALATAN DAN PENYIMPANAN DI DAPUR > PERALATAN MAKAN > GARPU > GARPU STAINLESS,19,17,19
1678,SENDOK,,7,2,false,A003-02-05-01-03-05-02,02,true,true,000B000A00070001000300050002,1545,PERALATAN MAKAN,Perawatan Diri & Rumah Tangga > Rumah Tangga > Peralatan & Perlengkapan Rumah Tangga > PERALATAN RUMAH TANGGA > PERALATAN DAN PENYIMPANAN DI DAPUR > PERALATAN MAKAN,Perawatan Diri & Rumah Tangga > Rumah Tangga > Peralatan & Perlengkapan Rumah Tangga > PERALATAN RUMAH TANGGA > PERALATAN DAN PENYIMPANAN DI DAPUR > PERALATAN MAKAN > SENDOK,39,38,90
1736,SENDOK PLASTIK,,8,0,true,A003-02-05-01-03-05-02-01,01,true,true,000B000A000700010003000500020001,1678,SENDOK,Perawatan Diri & Rumah Tangga > Rumah Tangga > Peralatan & Perlengkapan Rumah Tangga > PERALATAN RUMAH TANGGA > PERALATAN DAN PENYIMPANAN DI DAPUR > PERALATAN MAKAN > SENDOK,Perawatan Diri & Rumah Tangga > Rumah Tangga > Peralatan & Perlengkapan Rumah Tangga > PERALATAN RUMAH TANGGA > PERALATAN DAN PENYIMPANAN DI DAPUR > PERALATAN MAKAN > SENDOK > SENDOK PLASTIK,15,15,15
1737,SENDOK STAINLESS ,,8,0,true,A003-02-05-01-03-05-02-02,02,true,true,000B000A000700010003000500020002,1678,SENDOK,Perawatan Diri & Rumah Tangga > Rumah Tangga > Peralatan & Perlengkapan Rumah Tangga > PERALATAN RUMAH TANGGA > PERALATAN DAN PENYIMPANAN DI DAPUR > PERALATAN MAKAN > SENDOK,Perawatan Diri & Rumah Tangga > Rumah Tangga > Peralatan & Perlengkapan Rumah Tangga > PERALATAN RUMAH TANGGA > PERALATAN DAN PENYIMPANAN DI DAPUR > PERALATAN MAKAN > SENDOK > SENDOK STAINLESS ,36,32,36
1679,PIRING,,7,8,false,A003-02-05-01-03-05-03,03,true,true,000B000A00070001000300050003,1545,PERALATAN MAKAN,Perawatan Diri & Rumah Tangga > Rumah Tangga > Peralatan & Perlengkapan Rumah Tangga > PERALATAN RUMAH TANGGA > PERALATAN DAN PENYIMPANAN DI DAPUR > PERALATAN MAKAN,Perawatan Diri & Rumah Tangga > Rumah Tangga > Peralatan & Perlengkapan Rumah Tangga > PERALATAN RUMAH TANGGA > PERALATAN DAN PENYIMPANAN DI DAPUR > PERALATAN MAKAN > PIRING,22,21,330
1738,PIRING ANYAMAN,,8,0,true,A003-02-05-01-03-05-03-01,01,true,true,000B000A000700010003000500030001,1679,PIRING,Perawatan Diri & Rumah Tangga > Rumah Tangga > Peralatan & Perlengkapan Rumah Tangga > PERALATAN RUMAH TANGGA > PERALATAN DAN PENYIMPANAN DI DAPUR > PERALATAN MAKAN > PIRING,Perawatan Diri & Rumah Tangga > Rumah Tangga > Peralatan & Perlengkapan Rumah Tangga > PERALATAN RUMAH TANGGA > PERALATAN DAN PENYIMPANAN DI DAPUR > PERALATAN MAKAN > PIRING > PIRING ANYAMAN,9,8,9
1739,PIRING ENAMEL,,8,0,true,A003-02-05-01-03-05-03-02,02,true,true,000B000A000700010003000500030002,1679,PIRING,Perawatan Diri & Rumah Tangga > Rumah Tangga > Peralatan & Perlengkapan Rumah Tangga > PERALATAN RUMAH TANGGA > PERALATAN DAN PENYIMPANAN DI DAPUR > PERALATAN MAKAN > PIRING,Perawatan Diri & Rumah Tangga > Rumah Tangga > Peralatan & Perlengkapan Rumah Tangga > PERALATAN RUMAH TANGGA > PERALATAN DAN PENYIMPANAN DI DAPUR > PERALATAN MAKAN > PIRING > PIRING ENAMEL,3,3,3
1740,PIRING KERAMIK,,8,0,true,A003-02-05-01-03-05-03-03,03,true,true,000B000A000700010003000500030003,1679,PIRING,Perawatan Diri & Rumah Tangga > Rumah Tangga > Peralatan & Perlengkapan Rumah Tangga > PERALATAN RUMAH TANGGA > PERALATAN DAN PENYIMPANAN DI DAPUR > PERALATAN MAKAN > PIRING,Perawatan Diri & Rumah Tangga > Rumah Tangga > Peralatan & Perlengkapan Rumah Tangga > PERALATAN RUMAH TANGGA > PERALATAN DAN PENYIMPANAN DI DAPUR > PERALATAN MAKAN > PIRING > PIRING KERAMIK,33,20,33
1741,PIRING KERTAS,,8,0,true,A003-02-05-01-03-05-03-04,04,true,true,000B000A000700010003000500030004,1679,PIRING,Perawatan Diri & Rumah Tangga > Rumah Tangga > Peralatan & Perlengkapan Rumah Tangga > PERALATAN RUMAH TANGGA > PERALATAN DAN PENYIMPANAN DI DAPUR > PERALATAN MAKAN > PIRING,Perawatan Diri & Rumah Tangga > Rumah Tangga > Peralatan & Perlengkapan Rumah Tangga > PERALATAN RUMAH TANGGA > PERALATAN DAN PENYIMPANAN DI DAPUR > PERALATAN MAKAN > PIRING > PIRING KERTAS,8,8,8
1742,PIRING MELAMIN,,8,0,true,A003-02-05-01-03-05-03-05,05,true,true,000B000A000700010003000500030005,1679,PIRING,Perawatan Diri & Rumah Tangga > Rumah Tangga > Peralatan & Perlengkapan Rumah Tangga > PERALATAN RUMAH TANGGA > PERALATAN DAN PENYIMPANAN DI DAPUR > PERALATAN MAKAN > PIRING,Perawatan Diri & Rumah Tangga > Rumah Tangga > Peralatan & Perlengkapan Rumah Tangga > PERALATAN RUMAH TANGGA > PERALATAN DAN PENYIMPANAN DI DAPUR > PERALATAN MAKAN > PIRING > PIRING MELAMIN,112,98,112
1743,PIRING PLASTIK,,8,0,true,A003-02-05-01-03-05-03-06,06,true,true,000B000A000700010003000500030006,1679,PIRING,Perawatan Diri & Rumah Tangga > Rumah Tangga > Peralatan & Perlengkapan Rumah Tangga > PERALATAN RUMAH TANGGA > PERALATAN DAN PENYIMPANAN DI DAPUR > PERALATAN MAKAN > PIRING,Perawatan Diri & Rumah Tangga > Rumah Tangga > Peralatan & Perlengkapan Rumah Tangga > PERALATAN RUMAH TANGGA > PERALATAN DAN PENYIMPANAN DI DAPUR > PERALATAN MAKAN > PIRING > PIRING PLASTIK,116,113,116
1744,PIRING PORSELEN,,8,0,true,A003-02-05-01-03-05-03-07,07,true,true,000B000A000700010003000500030007,1679,PIRING,Perawatan Diri & Rumah Tangga > Rumah Tangga > Peralatan & Perlengkapan Rumah Tangga > PERALATAN RUMAH TANGGA > PERALATAN DAN PENYIMPANAN DI DAPUR > PERALATAN MAKAN > PIRING,Perawatan Diri & Rumah Tangga > Rumah Tangga > Peralatan & Perlengkapan Rumah Tangga > PERALATAN RUMAH TANGGA > PERALATAN DAN PENYIMPANAN DI DAPUR > PERALATAN MAKAN > PIRING > PIRING PORSELEN,26,20,26
1745,PIRING STAINLESS STEEL,,8,0,true,A003-02-05-01-03-05-03-08,08,true,true,000B000A000700010003000500030008,1679,PIRING,Perawatan Diri & Rumah Tangga > Rumah Tangga > Peralatan & Perlengkapan Rumah Tangga > PERALATAN RUMAH TANGGA > PERALATAN DAN PENYIMPANAN DI DAPUR > PERALATAN MAKAN > PIRING,Perawatan Diri & Rumah Tangga > Rumah Tangga > Peralatan & Perlengkapan Rumah Tangga > PERALATAN RUMAH TANGGA > PERALATAN DAN PENYIMPANAN DI DAPUR > PERALATAN MAKAN > PIRING > PIRING STAINLESS STEEL,1,1,1
1680,MANGKUK,,7,7,false,A003-02-05-01-03-05-04,04,true,true,000B000A00070001000300050004,1545,PERALATAN MAKAN,Perawatan Diri & Rumah Tangga > Rumah Tangga > Peralatan & Perlengkapan Rumah Tangga > PERALATAN RUMAH TANGGA > PERALATAN DAN PENYIMPANAN DI DAPUR > PERALATAN MAKAN,Perawatan Diri & Rumah Tangga > Rumah Tangga > Peralatan & Perlengkapan Rumah Tangga > PERALATAN RUMAH TANGGA > PERALATAN DAN PENYIMPANAN DI DAPUR > PERALATAN MAKAN > MANGKUK,31,30,305
1746,MANGKUK ENAMEL,,8,0,true,A003-02-05-01-03-05-04-01,01,true,true,000B000A000700010003000500040001,1680,MANGKUK,Perawatan Diri & Rumah Tangga > Rumah Tangga > Peralatan & Perlengkapan Rumah Tangga > PERALATAN RUMAH TANGGA > PERALATAN DAN PENYIMPANAN DI DAPUR > PERALATAN MAKAN > MANGKUK,Perawatan Diri & Rumah Tangga > Rumah Tangga > Peralatan & Perlengkapan Rumah Tangga > PERALATAN RUMAH TANGGA > PERALATAN DAN PENYIMPANAN DI DAPUR > PERALATAN MAKAN > MANGKUK > MANGKUK ENAMEL,0,0,0
1747,MANGKUK KERAMIK,,8,0,true,A003-02-05-01-03-05-04-02,02,true,true,000B000A000700010003000500040002,1680,MANGKUK,Perawatan Diri & Rumah Tangga > Rumah Tangga > Peralatan & Perlengkapan Rumah Tangga > PERALATAN RUMAH TANGGA > PERALATAN DAN PENYIMPANAN DI DAPUR > PERALATAN MAKAN > MANGKUK,Perawatan Diri & Rumah Tangga > Rumah Tangga > Peralatan & Perlengkapan Rumah Tangga > PERALATAN RUMAH TANGGA > PERALATAN DAN PENYIMPANAN DI DAPUR > PERALATAN MAKAN > MANGKUK > MANGKUK KERAMIK,34,27,34
1748,MANGKUK KERTAS,,8,0,true,A003-02-05-01-03-05-04-03,03,true,true,000B000A000700010003000500040003,1680,MANGKUK,Perawatan Diri & Rumah Tangga > Rumah Tangga > Peralatan & Perlengkapan Rumah Tangga > PERALATAN RUMAH TANGGA > PERALATAN DAN PENYIMPANAN DI DAPUR > PERALATAN MAKAN > MANGKUK,Perawatan Diri & Rumah Tangga > Rumah Tangga > Peralatan & Perlengkapan Rumah Tangga > PERALATAN RUMAH TANGGA > PERALATAN DAN PENYIMPANAN DI DAPUR > PERALATAN MAKAN > MANGKUK > MANGKUK KERTAS,27,27,27
1749,MANGKUK MELAMIN,,8,0,true,A003-02-05-01-03-05-04-04,04,true,true,000B000A000700010003000500040004,1680,MANGKUK,Perawatan Diri & Rumah Tangga > Rumah Tangga > Peralatan & Perlengkapan Rumah Tangga > PERALATAN RUMAH TANGGA > PERALATAN DAN PENYIMPANAN DI DAPUR > PERALATAN MAKAN > MANGKUK,Perawatan Diri & Rumah Tangga > Rumah Tangga > Peralatan & Perlengkapan Rumah Tangga > PERALATAN RUMAH TANGGA > PERALATAN DAN PENYIMPANAN DI DAPUR > PERALATAN MAKAN > MANGKUK > MANGKUK MELAMIN,72,64,72
1750,MANGKUK PLASTIK,,8,0,true,A003-02-05-01-03-05-04-05,05,true,true,000B000A000700010003000500040005,1680,MANGKUK,Perawatan Diri & Rumah Tangga > Rumah Tangga > Peralatan & Perlengkapan Rumah Tangga > PERALATAN RUMAH TANGGA > PERALATAN DAN PENYIMPANAN DI DAPUR > PERALATAN MAKAN > MANGKUK,Perawatan Diri & Rumah Tangga > Rumah Tangga > Peralatan & Perlengkapan Rumah Tangga > PERALATAN RUMAH TANGGA > PERALATAN DAN PENYIMPANAN DI DAPUR > PERALATAN MAKAN > MANGKUK > MANGKUK PLASTIK,104,101,104
1751,MANGKUK PORSELEN,,8,0,true,A003-02-05-01-03-05-04-06,06,true,true,000B000A000700010003000500040006,1680,MANGKUK,Perawatan Diri & Rumah Tangga > Rumah Tangga > Peralatan & Perlengkapan Rumah Tangga > PERALATAN RUMAH TANGGA > PERALATAN DAN PENYIMPANAN DI DAPUR > PERALATAN MAKAN > MANGKUK,Perawatan Diri & Rumah Tangga > Rumah Tangga > Peralatan & Perlengkapan Rumah Tangga > PERALATAN RUMAH TANGGA > PERALATAN DAN PENYIMPANAN DI DAPUR > PERALATAN MAKAN > MANGKUK > MANGKUK PORSELEN,24,17,24
1752,MANGKUK STAINLESS STEEL,,8,0,true,A003-02-05-01-03-05-04-07,07,true,true,000B000A000700010003000500040007,1680,MANGKUK,Perawatan Diri & Rumah Tangga > Rumah Tangga > Peralatan & Perlengkapan Rumah Tangga > PERALATAN RUMAH TANGGA > PERALATAN DAN PENYIMPANAN DI DAPUR > PERALATAN MAKAN > MANGKUK,Perawatan Diri & Rumah Tangga > Rumah Tangga > Peralatan & Perlengkapan Rumah Tangga > PERALATAN RUMAH TANGGA > PERALATAN DAN PENYIMPANAN DI DAPUR > PERALATAN MAKAN > MANGKUK > MANGKUK STAINLESS STEEL,13,6,13
1681,GELAS/CUP,,7,7,false,A003-02-05-01-03-05-05,05,true,true,000B000A00070001000300050005,1545,PERALATAN MAKAN,Perawatan Diri & Rumah Tangga > Rumah Tangga > Peralatan & Perlengkapan Rumah Tangga > PERALATAN RUMAH TANGGA > PERALATAN DAN PENYIMPANAN DI DAPUR > PERALATAN MAKAN,Perawatan Diri & Rumah Tangga > Rumah Tangga > Peralatan & Perlengkapan Rumah Tangga > PERALATAN RUMAH TANGGA > PERALATAN DAN PENYIMPANAN DI DAPUR > PERALATAN MAKAN > GELAS/CUP,47,46,201
1753,GELAS / CUP ENAMEL,,8,0,true,A003-02-05-01-03-05-05-01,01,true,true,000B000A000700010003000500050001,1681,GELAS/CUP,Perawatan Diri & Rumah Tangga > Rumah Tangga > Peralatan & Perlengkapan Rumah Tangga > PERALATAN RUMAH TANGGA > PERALATAN DAN PENYIMPANAN DI DAPUR > PERALATAN MAKAN > GELAS/CUP,Perawatan Diri & Rumah Tangga > Rumah Tangga > Peralatan & Perlengkapan Rumah Tangga > PERALATAN RUMAH TANGGA > PERALATAN DAN PENYIMPANAN DI DAPUR > PERALATAN MAKAN > GELAS/CUP > GELAS / CUP ENAMEL,0,0,0
1754,GELAS / CUP KERAMIK,,8,0,true,A003-02-05-01-03-05-05-02,02,true,true,000B000A000700010003000500050002,1681,GELAS/CUP,Perawatan Diri & Rumah Tangga > Rumah Tangga > Peralatan & Perlengkapan Rumah Tangga > PERALATAN RUMAH TANGGA > PERALATAN DAN PENYIMPANAN DI DAPUR > PERALATAN MAKAN > GELAS/CUP,Perawatan Diri & Rumah Tangga > Rumah Tangga > Peralatan & Perlengkapan Rumah Tangga > PERALATAN RUMAH TANGGA > PERALATAN DAN PENYIMPANAN DI DAPUR > PERALATAN MAKAN > GELAS/CUP > GELAS / CUP KERAMIK,47,45,47
1755,GELAS / CUP KERTAS,,8,0,true,A003-02-05-01-03-05-05-03,03,true,true,000B000A000700010003000500050003,1681,GELAS/CUP,Perawatan Diri & Rumah Tangga > Rumah Tangga > Peralatan & Perlengkapan Rumah Tangga > PERALATAN RUMAH TANGGA > PERALATAN DAN PENYIMPANAN DI DAPUR > PERALATAN MAKAN > GELAS/CUP,Perawatan Diri & Rumah Tangga > Rumah Tangga > Peralatan & Perlengkapan Rumah Tangga > PERALATAN RUMAH TANGGA > PERALATAN DAN PENYIMPANAN DI DAPUR > PERALATAN MAKAN > GELAS/CUP > GELAS / CUP KERTAS,15,13,15
1756,GELAS / CUP MELAMIN,,8,0,true,A003-02-05-01-03-05-05-04,04,true,true,000B000A000700010003000500050004,1681,GELAS/CUP,Perawatan Diri & Rumah Tangga > Rumah Tangga > Peralatan & Perlengkapan Rumah Tangga > PERALATAN RUMAH TANGGA > PERALATAN DAN PENYIMPANAN DI DAPUR > PERALATAN MAKAN > GELAS/CUP,Perawatan Diri & Rumah Tangga > Rumah Tangga > Peralatan & Perlengkapan Rumah Tangga > PERALATAN RUMAH TANGGA > PERALATAN DAN PENYIMPANAN DI DAPUR > PERALATAN MAKAN > GELAS/CUP > GELAS / CUP MELAMIN,23,21,23
1757,GELAS / CUP PLASTIK,,8,0,true,A003-02-05-01-03-05-05-05,05,true,true,000B000A000700010003000500050005,1681,GELAS/CUP,Perawatan Diri & Rumah Tangga > Rumah Tangga > Peralatan & Perlengkapan Rumah Tangga > PERALATAN RUMAH TANGGA > PERALATAN DAN PENYIMPANAN DI DAPUR > PERALATAN MAKAN > GELAS/CUP,Perawatan Diri & Rumah Tangga > Rumah Tangga > Peralatan & Perlengkapan Rumah Tangga > PERALATAN RUMAH TANGGA > PERALATAN DAN PENYIMPANAN DI DAPUR > PERALATAN MAKAN > GELAS/CUP > GELAS / CUP PLASTIK,66,61,66
1758,GELAS / CUP PORSELEN,,8,0,true,A003-02-05-01-03-05-05-06,06,true,true,000B000A000700010003000500050006,1681,GELAS/CUP,Perawatan Diri & Rumah Tangga > Rumah Tangga > Peralatan & Perlengkapan Rumah Tangga > PERALATAN RUMAH TANGGA > PERALATAN DAN PENYIMPANAN DI DAPUR > PERALATAN MAKAN > GELAS/CUP,Perawatan Diri & Rumah Tangga > Rumah Tangga > Peralatan & Perlengkapan Rumah Tangga > PERALATAN RUMAH TANGGA > PERALATAN DAN PENYIMPANAN DI DAPUR > PERALATAN MAKAN > GELAS/CUP > GELAS / CUP PORSELEN,2,2,2
1759,GELAS / CUP STAINLESS STEEL,,8,0,true,A003-02-05-01-03-05-05-07,07,true,true,000B000A000700010003000500050007,1681,GELAS/CUP,Perawatan Diri & Rumah Tangga > Rumah Tangga > Peralatan & Perlengkapan Rumah Tangga > PERALATAN RUMAH TANGGA > PERALATAN DAN PENYIMPANAN DI DAPUR > PERALATAN MAKAN > GELAS/CUP,Perawatan Diri & Rumah Tangga > Rumah Tangga > Peralatan & Perlengkapan Rumah Tangga > PERALATAN RUMAH TANGGA > PERALATAN DAN PENYIMPANAN DI DAPUR > PERALATAN MAKAN > GELAS/CUP > GELAS / CUP STAINLESS STEEL,1,1,1
1682,MUG,,7,6,false,A003-02-05-01-03-05-06,06,true,true,000B000A00070001000300050006,1545,PERALATAN MAKAN,Perawatan Diri & Rumah Tangga > Rumah Tangga > Peralatan & Perlengkapan Rumah Tangga > PERALATAN RUMAH TANGGA > PERALATAN DAN PENYIMPANAN DI DAPUR > PERALATAN MAKAN,Perawatan Diri & Rumah Tangga > Rumah Tangga > Peralatan & Perlengkapan Rumah Tangga > PERALATAN RUMAH TANGGA > PERALATAN DAN PENYIMPANAN DI DAPUR > PERALATAN MAKAN > MUG,12,11,93
1760,MUG ENAMEL,,8,0,true,A003-02-05-01-03-05-06-01,01,true,true,000B000A000700010003000500060001,1682,MUG,Perawatan Diri & Rumah Tangga > Rumah Tangga > Peralatan & Perlengkapan Rumah Tangga > PERALATAN RUMAH TANGGA > PERALATAN DAN PENYIMPANAN DI DAPUR > PERALATAN MAKAN > MUG,Perawatan Diri & Rumah Tangga > Rumah Tangga > Peralatan & Perlengkapan Rumah Tangga > PERALATAN RUMAH TANGGA > PERALATAN DAN PENYIMPANAN DI DAPUR > PERALATAN MAKAN > MUG > MUG ENAMEL,8,6,8
1761,MUG KERAMIK,,8,0,true,A003-02-05-01-03-05-06-02,02,true,true,000B000A000700010003000500060002,1682,MUG,Perawatan Diri & Rumah Tangga > Rumah Tangga > Peralatan & Perlengkapan Rumah Tangga > PERALATAN RUMAH TANGGA > PERALATAN DAN PENYIMPANAN DI DAPUR > PERALATAN MAKAN > MUG,Perawatan Diri & Rumah Tangga > Rumah Tangga > Peralatan & Perlengkapan Rumah Tangga > PERALATAN RUMAH TANGGA > PERALATAN DAN PENYIMPANAN DI DAPUR > PERALATAN MAKAN > MUG > MUG KERAMIK,29,27,29
1762,MUG MELAMIN,,8,0,true,A003-02-05-01-03-05-06-03,03,true,true,000B000A000700010003000500060003,1682,MUG,Perawatan Diri & Rumah Tangga > Rumah Tangga > Peralatan & Perlengkapan Rumah Tangga > PERALATAN RUMAH TANGGA > PERALATAN DAN PENYIMPANAN DI DAPUR > PERALATAN MAKAN > MUG,Perawatan Diri & Rumah Tangga > Rumah Tangga > Peralatan & Perlengkapan Rumah Tangga > PERALATAN RUMAH TANGGA > PERALATAN DAN PENYIMPANAN DI DAPUR > PERALATAN MAKAN > MUG > MUG MELAMIN,8,7,8
1763,MUG PLASTIK,,8,0,true,A003-02-05-01-03-05-06-04,04,true,true,000B000A000700010003000500060004,1682,MUG,Perawatan Diri & Rumah Tangga > Rumah Tangga > Peralatan & Perlengkapan Rumah Tangga > PERALATAN RUMAH TANGGA > PERALATAN DAN PENYIMPANAN DI DAPUR > PERALATAN MAKAN > MUG,Perawatan Diri & Rumah Tangga > Rumah Tangga > Peralatan & Perlengkapan Rumah Tangga > PERALATAN RUMAH TANGGA > PERALATAN DAN PENYIMPANAN DI DAPUR > PERALATAN MAKAN > MUG > MUG PLASTIK,12,11,12
1764,MUG PORSELEN,,8,0,true,A003-02-05-01-03-05-06-05,05,true,true,000B000A000700010003000500060005,1682,MUG,Perawatan Diri & Rumah Tangga > Rumah Tangga > Peralatan & Perlengkapan Rumah Tangga > PERALATAN RUMAH TANGGA > PERALATAN DAN PENYIMPANAN DI DAPUR > PERALATAN MAKAN > MUG,Perawatan Diri & Rumah Tangga > Rumah Tangga > Peralatan & Perlengkapan Rumah Tangga > PERALATAN RUMAH TANGGA > PERALATAN DAN PENYIMPANAN DI DAPUR > PERALATAN MAKAN > MUG > MUG PORSELEN,2,2,2
1765,MUG STAINLESS STEEL,,8,0,true,A003-02-05-01-03-05-06-06,06,true,true,000B000A000700010003000500060006,1682,MUG,Perawatan Diri & Rumah Tangga > Rumah Tangga > Peralatan & Perlengkapan Rumah Tangga > PERALATAN RUMAH TANGGA > PERALATAN DAN PENYIMPANAN DI DAPUR > PERALATAN MAKAN > MUG,Perawatan Diri & Rumah Tangga > Rumah Tangga > Peralatan & Perlengkapan Rumah Tangga > PERALATAN RUMAH TANGGA > PERALATAN DAN PENYIMPANAN DI DAPUR > PERALATAN MAKAN > MUG > MUG STAINLESS STEEL,22,21,22
1683,CANGKIR,,7,6,false,A003-02-05-01-03-05-07,07,true,true,000B000A00070001000300050007,1545,PERALATAN MAKAN,Perawatan Diri & Rumah Tangga > Rumah Tangga > Peralatan & Perlengkapan Rumah Tangga > PERALATAN RUMAH TANGGA > PERALATAN DAN PENYIMPANAN DI DAPUR > PERALATAN MAKAN,Perawatan Diri & Rumah Tangga > Rumah Tangga > Peralatan & Perlengkapan Rumah Tangga > PERALATAN RUMAH TANGGA > PERALATAN DAN PENYIMPANAN DI DAPUR > PERALATAN MAKAN > CANGKIR,17,17,107
1766,CANGKIR ENAMEL,,8,0,true,A003-02-05-01-03-05-07-01,01,true,true,000B000A000700010003000500070001,1683,CANGKIR,Perawatan Diri & Rumah Tangga > Rumah Tangga > Peralatan & Perlengkapan Rumah Tangga > PERALATAN RUMAH TANGGA > PERALATAN DAN PENYIMPANAN DI DAPUR > PERALATAN MAKAN > CANGKIR,Perawatan Diri & Rumah Tangga > Rumah Tangga > Peralatan & Perlengkapan Rumah Tangga > PERALATAN RUMAH TANGGA > PERALATAN DAN PENYIMPANAN DI DAPUR > PERALATAN MAKAN > CANGKIR > CANGKIR ENAMEL,0,0,0
1767,CANGKIR KERAMIK,,8,0,true,A003-02-05-01-03-05-07-02,02,true,true,000B000A000700010003000500070002,1683,CANGKIR,Perawatan Diri & Rumah Tangga > Rumah Tangga > Peralatan & Perlengkapan Rumah Tangga > PERALATAN RUMAH TANGGA > PERALATAN DAN PENYIMPANAN DI DAPUR > PERALATAN MAKAN > CANGKIR,Perawatan Diri & Rumah Tangga > Rumah Tangga > Peralatan & Perlengkapan Rumah Tangga > PERALATAN RUMAH TANGGA > PERALATAN DAN PENYIMPANAN DI DAPUR > PERALATAN MAKAN > CANGKIR > CANGKIR KERAMIK,38,34,38
1768,CANGKIR MELAMIN,,8,0,true,A003-02-05-01-03-05-07-03,03,true,true,000B000A000700010003000500070003,1683,CANGKIR,Perawatan Diri & Rumah Tangga > Rumah Tangga > Peralatan & Perlengkapan Rumah Tangga > PERALATAN RUMAH TANGGA > PERALATAN DAN PENYIMPANAN DI DAPUR > PERALATAN MAKAN > CANGKIR,Perawatan Diri & Rumah Tangga > Rumah Tangga > Peralatan & Perlengkapan Rumah Tangga > PERALATAN RUMAH TANGGA > PERALATAN DAN PENYIMPANAN DI DAPUR > PERALATAN MAKAN > CANGKIR > CANGKIR MELAMIN,2,2,2
1769,CANGKIR PLASTIK,,8,0,true,A003-02-05-01-03-05-07-04,04,true,true,000B000A000700010003000500070004,1683,CANGKIR,Perawatan Diri & Rumah Tangga > Rumah Tangga > Peralatan & Perlengkapan Rumah Tangga > PERALATAN RUMAH TANGGA > PERALATAN DAN PENYIMPANAN DI DAPUR > PERALATAN MAKAN > CANGKIR,Perawatan Diri & Rumah Tangga > Rumah Tangga > Peralatan & Perlengkapan Rumah Tangga > PERALATAN RUMAH TANGGA > PERALATAN DAN PENYIMPANAN DI DAPUR > PERALATAN MAKAN > CANGKIR > CANGKIR PLASTIK,45,41,45
1770,CANGKIR PORSELEN,,8,0,true,A003-02-05-01-03-05-07-05,05,true,true,000B000A000700010003000500070005,1683,CANGKIR,Perawatan Diri & Rumah Tangga > Rumah Tangga > Peralatan & Perlengkapan Rumah Tangga > PERALATAN RUMAH TANGGA > PERALATAN DAN PENYIMPANAN DI DAPUR > PERALATAN MAKAN > CANGKIR,Perawatan Diri & Rumah Tangga > Rumah Tangga > Peralatan & Perlengkapan Rumah Tangga > PERALATAN RUMAH TANGGA > PERALATAN DAN PENYIMPANAN DI DAPUR > PERALATAN MAKAN > CANGKIR > CANGKIR PORSELEN,1,1,1
1771,CANGKIR STAINLESS STEEL,,8,0,true,A003-02-05-01-03-05-07-06,06,true,true,000B000A000700010003000500070006,1683,CANGKIR,Perawatan Diri & Rumah Tangga > Rumah Tangga > Peralatan & Perlengkapan Rumah Tangga > PERALATAN RUMAH TANGGA > PERALATAN DAN PENYIMPANAN DI DAPUR > PERALATAN MAKAN > CANGKIR,Perawatan Diri & Rumah Tangga > Rumah Tangga > Peralatan & Perlengkapan Rumah Tangga > PERALATAN RUMAH TANGGA > PERALATAN DAN PENYIMPANAN DI DAPUR > PERALATAN MAKAN > CANGKIR > CANGKIR STAINLESS STEEL,4,4,4
1684,PISAU MAKAN,,7,2,false,A003-02-05-01-03-05-08,08,true,true,000B000A00070001000300050008,1545,PERALATAN MAKAN,Perawatan Diri & Rumah Tangga > Rumah Tangga > Peralatan & Perlengkapan Rumah Tangga > PERALATAN RUMAH TANGGA > PERALATAN DAN PENYIMPANAN DI DAPUR > PERALATAN MAKAN,Perawatan Diri & Rumah Tangga > Rumah Tangga > Peralatan & Perlengkapan Rumah Tangga > PERALATAN RUMAH TANGGA > PERALATAN DAN PENYIMPANAN DI DAPUR > PERALATAN MAKAN > PISAU MAKAN,2,2,5
1772,PISAU MAKAN PLASTIK,,8,0,true,A003-02-05-01-03-05-08-01,01,true,true,000B000A000700010003000500080001,1684,PISAU MAKAN,Perawatan Diri & Rumah Tangga > Rumah Tangga > Peralatan & Perlengkapan Rumah Tangga > PERALATAN RUMAH TANGGA > PERALATAN DAN PENYIMPANAN DI DAPUR > PERALATAN MAKAN > PISAU MAKAN,Perawatan Diri & Rumah Tangga > Rumah Tangga > Peralatan & Perlengkapan Rumah Tangga > PERALATAN RUMAH TANGGA > PERALATAN DAN PENYIMPANAN DI DAPUR > PERALATAN MAKAN > PISAU MAKAN > PISAU MAKAN PLASTIK,2,2,2
1773,PISAU MAKAN STAINLESS STEEL,,8,0,true,A003-02-05-01-03-05-08-02,02,true,true,000B000A000700010003000500080002,1684,PISAU MAKAN,Perawatan Diri & Rumah Tangga > Rumah Tangga > Peralatan & Perlengkapan Rumah Tangga > PERALATAN RUMAH TANGGA > PERALATAN DAN PENYIMPANAN DI DAPUR > PERALATAN MAKAN > PISAU MAKAN,Perawatan Diri & Rumah Tangga > Rumah Tangga > Peralatan & Perlengkapan Rumah Tangga > PERALATAN RUMAH TANGGA > PERALATAN DAN PENYIMPANAN DI DAPUR > PERALATAN MAKAN > PISAU MAKAN > PISAU MAKAN STAINLESS STEEL,1,1,1
1685,SUMPIT,,7,4,false,A003-02-05-01-03-05-09,09,true,true,000B000A00070001000300050009,1545,PERALATAN MAKAN,Perawatan Diri & Rumah Tangga > Rumah Tangga > Peralatan & Perlengkapan Rumah Tangga > PERALATAN RUMAH TANGGA > PERALATAN DAN PENYIMPANAN DI DAPUR > PERALATAN MAKAN,Perawatan Diri & Rumah Tangga > Rumah Tangga > Peralatan & Perlengkapan Rumah Tangga > PERALATAN RUMAH TANGGA > PERALATAN DAN PENYIMPANAN DI DAPUR > PERALATAN MAKAN > SUMPIT,4,4,23
1774,SUMPIT BAMBU,,8,0,true,A003-02-05-01-03-05-09-01,01,true,true,000B000A000700010003000500090001,1685,SUMPIT,Perawatan Diri & Rumah Tangga > Rumah Tangga > Peralatan & Perlengkapan Rumah Tangga > PERALATAN RUMAH TANGGA > PERALATAN DAN PENYIMPANAN DI DAPUR > PERALATAN MAKAN > SUMPIT,Perawatan Diri & Rumah Tangga > Rumah Tangga > Peralatan & Perlengkapan Rumah Tangga > PERALATAN RUMAH TANGGA > PERALATAN DAN PENYIMPANAN DI DAPUR > PERALATAN MAKAN > SUMPIT > SUMPIT BAMBU,3,3,3
1775,SUMPIT KAYU,,8,0,true,A003-02-05-01-03-05-09-02,02,true,true,000B000A000700010003000500090002,1685,SUMPIT,Perawatan Diri & Rumah Tangga > Rumah Tangga > Peralatan & Perlengkapan Rumah Tangga > PERALATAN RUMAH TANGGA > PERALATAN DAN PENYIMPANAN DI DAPUR > PERALATAN MAKAN > SUMPIT,Perawatan Diri & Rumah Tangga > Rumah Tangga > Peralatan & Perlengkapan Rumah Tangga > PERALATAN RUMAH TANGGA > PERALATAN DAN PENYIMPANAN DI DAPUR > PERALATAN MAKAN > SUMPIT > SUMPIT KAYU,5,5,5
1776,SUMPIT PLASTIK,,8,0,true,A003-02-05-01-03-05-09-03,03,true,true,000B000A000700010003000500090003,1685,SUMPIT,Perawatan Diri & Rumah Tangga > Rumah Tangga > Peralatan & Perlengkapan Rumah Tangga > PERALATAN RUMAH TANGGA > PERALATAN DAN PENYIMPANAN DI DAPUR > PERALATAN MAKAN > SUMPIT,Perawatan Diri & Rumah Tangga > Rumah Tangga > Peralatan & Perlengkapan Rumah Tangga > PERALATAN RUMAH TANGGA > PERALATAN DAN PENYIMPANAN DI DAPUR > PERALATAN MAKAN > SUMPIT > SUMPIT PLASTIK,7,6,7
1777,SUMPIT STAINLESS STEEL,,8,0,true,A003-02-05-01-03-05-09-04,04,true,true,000B000A000700010003000500090004,1685,SUMPIT,Perawatan Diri & Rumah Tangga > Rumah Tangga > Peralatan & Perlengkapan Rumah Tangga > PERALATAN RUMAH TANGGA > PERALATAN DAN PENYIMPANAN DI DAPUR > PERALATAN MAKAN > SUMPIT,Perawatan Diri & Rumah Tangga > Rumah Tangga > Peralatan & Perlengkapan Rumah Tangga > PERALATAN RUMAH TANGGA > PERALATAN DAN PENYIMPANAN DI DAPUR > PERALATAN MAKAN > SUMPIT > SUMPIT STAINLESS STEEL,4,4,4
1686,SEDOTAN,,7,3,false,A003-02-05-01-03-05-10,10,true,true,000B000A0007000100030005000A,1545,PERALATAN MAKAN,Perawatan Diri & Rumah Tangga > Rumah Tangga > Peralatan & Perlengkapan Rumah Tangga > PERALATAN RUMAH TANGGA > PERALATAN DAN PENYIMPANAN DI DAPUR > PERALATAN MAKAN,Perawatan Diri & Rumah Tangga > Rumah Tangga > Peralatan & Perlengkapan Rumah Tangga > PERALATAN RUMAH TANGGA > PERALATAN DAN PENYIMPANAN DI DAPUR > PERALATAN MAKAN > SEDOTAN,0,0,20
1778,SEDOTAN KERTAS,,8,0,true,A003-02-05-01-03-05-10-01,01,true,true,000B000A0007000100030005000A0001,1686,SEDOTAN,Perawatan Diri & Rumah Tangga > Rumah Tangga > Peralatan & Perlengkapan Rumah Tangga > PERALATAN RUMAH TANGGA > PERALATAN DAN PENYIMPANAN DI DAPUR > PERALATAN MAKAN > SEDOTAN,Perawatan Diri & Rumah Tangga > Rumah Tangga > Peralatan & Perlengkapan Rumah Tangga > PERALATAN RUMAH TANGGA > PERALATAN DAN PENYIMPANAN DI DAPUR > PERALATAN MAKAN > SEDOTAN > SEDOTAN KERTAS,1,1,1
1779,SEDOTAN PLASTIK,,8,0,true,A003-02-05-01-03-05-10-02,02,true,true,000B000A0007000100030005000A0002,1686,SEDOTAN,Perawatan Diri & Rumah Tangga > Rumah Tangga > Peralatan & Perlengkapan Rumah Tangga > PERALATAN RUMAH TANGGA > PERALATAN DAN PENYIMPANAN DI DAPUR > PERALATAN MAKAN > SEDOTAN,Perawatan Diri & Rumah Tangga > Rumah Tangga > Peralatan & Perlengkapan Rumah Tangga > PERALATAN RUMAH TANGGA > PERALATAN DAN PENYIMPANAN DI DAPUR > PERALATAN MAKAN > SEDOTAN > SEDOTAN PLASTIK,15,15,15
1780,SEDOTAN STAINLESS STEEL,,8,0,true,A003-02-05-01-03-05-10-03,03,true,true,000B000A0007000100030005000A0003,1686,SEDOTAN,Perawatan Diri & Rumah Tangga > Rumah Tangga > Peralatan & Perlengkapan Rumah Tangga > PERALATAN RUMAH TANGGA > PERALATAN DAN PENYIMPANAN DI DAPUR > PERALATAN MAKAN > SEDOTAN,Perawatan Diri & Rumah Tangga > Rumah Tangga > Peralatan & Perlengkapan Rumah Tangga > PERALATAN RUMAH TANGGA > PERALATAN DAN PENYIMPANAN DI DAPUR > PERALATAN MAKAN > SEDOTAN > SEDOTAN STAINLESS STEEL,4,3,4
1687,TUTUP GELAS,,7,2,false,A003-02-05-01-03-05-11,11,true,true,000B000A0007000100030005000B,1545,PERALATAN MAKAN,Perawatan Diri & Rumah Tangga > Rumah Tangga > Peralatan & Perlengkapan Rumah Tangga > PERALATAN RUMAH TANGGA > PERALATAN DAN PENYIMPANAN DI DAPUR > PERALATAN MAKAN,Perawatan Diri & Rumah Tangga > Rumah Tangga > Peralatan & Perlengkapan Rumah Tangga > PERALATAN RUMAH TANGGA > PERALATAN DAN PENYIMPANAN DI DAPUR > PERALATAN MAKAN > TUTUP GELAS,5,5,24
1781,TUTUP GELAS PLASTIK,,8,0,true,A003-02-05-01-03-05-11-01,01,true,true,000B000A0007000100030005000B0001,1687,TUTUP GELAS,Perawatan Diri & Rumah Tangga > Rumah Tangga > Peralatan & Perlengkapan Rumah Tangga > PERALATAN RUMAH TANGGA > PERALATAN DAN PENYIMPANAN DI DAPUR > PERALATAN MAKAN > TUTUP GELAS,Perawatan Diri & Rumah Tangga > Rumah Tangga > Peralatan & Perlengkapan Rumah Tangga > PERALATAN RUMAH TANGGA > PERALATAN DAN PENYIMPANAN DI DAPUR > PERALATAN MAKAN > TUTUP GELAS > TUTUP GELAS PLASTIK,16,14,16
1782,TUTUP GELAS STAINLESS STEEL,,8,0,true,A003-02-05-01-03-05-11-02,02,true,true,000B000A0007000100030005000B0002,1687,TUTUP GELAS,Perawatan Diri & Rumah Tangga > Rumah Tangga > Peralatan & Perlengkapan Rumah Tangga > PERALATAN RUMAH TANGGA > PERALATAN DAN PENYIMPANAN DI DAPUR > PERALATAN MAKAN > TUTUP GELAS,Perawatan Diri & Rumah Tangga > Rumah Tangga > Peralatan & Perlengkapan Rumah Tangga > PERALATAN RUMAH TANGGA > PERALATAN DAN PENYIMPANAN DI DAPUR > PERALATAN MAKAN > TUTUP GELAS > TUTUP GELAS STAINLESS STEEL,3,2,3
1688,STIK KAYU UNTUK ESKRIM,,7,2,false,A003-02-05-01-03-05-12,12,true,true,000B000A0007000100030005000C,1545,PERALATAN MAKAN,Perawatan Diri & Rumah Tangga > Rumah Tangga > Peralatan & Perlengkapan Rumah Tangga > PERALATAN RUMAH TANGGA > PERALATAN DAN PENYIMPANAN DI DAPUR > PERALATAN MAKAN,Perawatan Diri & Rumah Tangga > Rumah Tangga > Peralatan & Perlengkapan Rumah Tangga > PERALATAN RUMAH TANGGA > PERALATAN DAN PENYIMPANAN DI DAPUR > PERALATAN MAKAN > STIK KAYU UNTUK ESKRIM,0,0,2
1783,SENDOK ES KRIM KAYU,,8,0,true,A003-02-05-01-03-05-12-01,01,true,true,000B000A0007000100030005000C0001,1688,STIK KAYU UNTUK ESKRIM,Perawatan Diri & Rumah Tangga > Rumah Tangga > Peralatan & Perlengkapan Rumah Tangga > PERALATAN RUMAH TANGGA > PERALATAN DAN PENYIMPANAN DI DAPUR > PERALATAN MAKAN > STIK KAYU UNTUK ESKRIM,Perawatan Diri & Rumah Tangga > Rumah Tangga > Peralatan & Perlengkapan Rumah Tangga > PERALATAN RUMAH TANGGA > PERALATAN DAN PENYIMPANAN DI DAPUR > PERALATAN MAKAN > STIK KAYU UNTUK ESKRIM > SENDOK ES KRIM KAYU,2,2,2
1784,STIK ES KRIM KAYU,,8,0,true,A003-02-05-01-03-05-12-02,02,true,true,000B000A0007000100030005000C0002,1688,STIK KAYU UNTUK ESKRIM,Perawatan Diri & Rumah Tangga > Rumah Tangga > Peralatan & Perlengkapan Rumah Tangga > PERALATAN RUMAH TANGGA > PERALATAN DAN PENYIMPANAN DI DAPUR > PERALATAN MAKAN > STIK KAYU UNTUK ESKRIM,Perawatan Diri & Rumah Tangga > Rumah Tangga > Peralatan & Perlengkapan Rumah Tangga > PERALATAN RUMAH TANGGA > PERALATAN DAN PENYIMPANAN DI DAPUR > PERALATAN MAKAN > STIK KAYU UNTUK ESKRIM > STIK ES KRIM KAYU,0,0,0
1546,TEMPAT PENYIMPANAN LAINNYA,,6,4,false,A003-02-05-01-03-06,06,true,true,000B000A0007000100030006,1436,PERALATAN DAN PENYIMPANAN DI DAPUR,Perawatan Diri & Rumah Tangga > Rumah Tangga > Peralatan & Perlengkapan Rumah Tangga > PERALATAN RUMAH TANGGA > PERALATAN DAN PENYIMPANAN DI DAPUR,Perawatan Diri & Rumah Tangga > Rumah Tangga > Peralatan & Perlengkapan Rumah Tangga > PERALATAN RUMAH TANGGA > PERALATAN DAN PENYIMPANAN DI DAPUR > TEMPAT PENYIMPANAN LAINNYA,169,155,270
1689,JERIGEN ,,7,0,true,A003-02-05-01-03-06-01,01,true,true,000B000A00070001000300060001,1546,TEMPAT PENYIMPANAN LAINNYA,Perawatan Diri & Rumah Tangga > Rumah Tangga > Peralatan & Perlengkapan Rumah Tangga > PERALATAN RUMAH TANGGA > PERALATAN DAN PENYIMPANAN DI DAPUR > TEMPAT PENYIMPANAN LAINNYA,Perawatan Diri & Rumah Tangga > Rumah Tangga > Peralatan & Perlengkapan Rumah Tangga > PERALATAN RUMAH TANGGA > PERALATAN DAN PENYIMPANAN DI DAPUR > TEMPAT PENYIMPANAN LAINNYA > JERIGEN ,6,6,6
1690,TONG AIR,,7,0,true,A003-02-05-01-03-06-02,02,true,true,000B000A00070001000300060002,1546,TEMPAT PENYIMPANAN LAINNYA,Perawatan Diri & Rumah Tangga > Rumah Tangga > Peralatan & Perlengkapan Rumah Tangga > PERALATAN RUMAH TANGGA > PERALATAN DAN PENYIMPANAN DI DAPUR > TEMPAT PENYIMPANAN LAINNYA,Perawatan Diri & Rumah Tangga > Rumah Tangga > Peralatan & Perlengkapan Rumah Tangga > PERALATAN RUMAH TANGGA > PERALATAN DAN PENYIMPANAN DI DAPUR > TEMPAT PENYIMPANAN LAINNYA > TONG AIR,9,9,9
1691,KONTAINER,,7,0,true,A003-02-05-01-03-06-03,03,true,true,000B000A00070001000300060003,1546,TEMPAT PENYIMPANAN LAINNYA,Perawatan Diri & Rumah Tangga > Rumah Tangga > Peralatan & Perlengkapan Rumah Tangga > PERALATAN RUMAH TANGGA > PERALATAN DAN PENYIMPANAN DI DAPUR > TEMPAT PENYIMPANAN LAINNYA,Perawatan Diri & Rumah Tangga > Rumah Tangga > Peralatan & Perlengkapan Rumah Tangga > PERALATAN RUMAH TANGGA > PERALATAN DAN PENYIMPANAN DI DAPUR > TEMPAT PENYIMPANAN LAINNYA > KONTAINER,74,64,74
1865,BOTOL SPRAYER,,7,0,true,A003-02-05-01-03-06-04,04,true,true,000B000A00070001000300060004,1546,TEMPAT PENYIMPANAN LAINNYA,Perawatan Diri & Rumah Tangga > Rumah Tangga > Peralatan & Perlengkapan Rumah Tangga > PERALATAN RUMAH TANGGA > PERALATAN DAN PENYIMPANAN DI DAPUR > TEMPAT PENYIMPANAN LAINNYA,Perawatan Diri & Rumah Tangga > Rumah Tangga > Peralatan & Perlengkapan Rumah Tangga > PERALATAN RUMAH TANGGA > PERALATAN DAN PENYIMPANAN DI DAPUR > TEMPAT PENYIMPANAN LAINNYA > BOTOL SPRAYER,12,11,12
1437,PERALATAN DAN PENYIMPANAN PAKAIAN DAN CUCIAN,,5,9,false,A003-02-05-01-04,04,true,true,000B000A000700010004,955,PERALATAN RUMAH TANGGA,Perawatan Diri & Rumah Tangga > Rumah Tangga > Peralatan & Perlengkapan Rumah Tangga > PERALATAN RUMAH TANGGA,Perawatan Diri & Rumah Tangga > Rumah Tangga > Peralatan & Perlengkapan Rumah Tangga > PERALATAN RUMAH TANGGA > PERALATAN DAN PENYIMPANAN PAKAIAN DAN CUCIAN,1,1,356
1547,ALAS SETRIKAAN,,6,0,true,A003-02-05-01-04-01,01,true,true,000B000A0007000100040001,1437,PERALATAN DAN PENYIMPANAN PAKAIAN DAN CUCIAN,Perawatan Diri & Rumah Tangga > Rumah Tangga > Peralatan & Perlengkapan Rumah Tangga > PERALATAN RUMAH TANGGA > PERALATAN DAN PENYIMPANAN PAKAIAN DAN CUCIAN,Perawatan Diri & Rumah Tangga > Rumah Tangga > Peralatan & Perlengkapan Rumah Tangga > PERALATAN RUMAH TANGGA > PERALATAN DAN PENYIMPANAN PAKAIAN DAN CUCIAN > ALAS SETRIKAAN,35,33,35
1548,GANTUNGAN / JEMURAN BAJU,,6,0,true,A003-02-05-01-04-02,02,true,true,000B000A0007000100040002,1437,PERALATAN DAN PENYIMPANAN PAKAIAN DAN CUCIAN,Perawatan Diri & Rumah Tangga > Rumah Tangga > Peralatan & Perlengkapan Rumah Tangga > PERALATAN RUMAH TANGGA > PERALATAN DAN PENYIMPANAN PAKAIAN DAN CUCIAN,Perawatan Diri & Rumah Tangga > Rumah Tangga > Peralatan & Perlengkapan Rumah Tangga > PERALATAN RUMAH TANGGA > PERALATAN DAN PENYIMPANAN PAKAIAN DAN CUCIAN > GANTUNGAN / JEMURAN BAJU,148,139,148
1549,GANTUNGAN / JEMURAN HANDUK,,6,0,true,A003-02-05-01-04-03,03,true,true,000B000A0007000100040003,1437,PERALATAN DAN PENYIMPANAN PAKAIAN DAN CUCIAN,Perawatan Diri & Rumah Tangga > Rumah Tangga > Peralatan & Perlengkapan Rumah Tangga > PERALATAN RUMAH TANGGA > PERALATAN DAN PENYIMPANAN PAKAIAN DAN CUCIAN,Perawatan Diri & Rumah Tangga > Rumah Tangga > Peralatan & Perlengkapan Rumah Tangga > PERALATAN RUMAH TANGGA > PERALATAN DAN PENYIMPANAN PAKAIAN DAN CUCIAN > GANTUNGAN / JEMURAN HANDUK,7,7,7
1550,JEPIT UNTUK JEMURAN,,6,0,true,A003-02-05-01-04-04,04,true,true,000B000A0007000100040004,1437,PERALATAN DAN PENYIMPANAN PAKAIAN DAN CUCIAN,Perawatan Diri & Rumah Tangga > Rumah Tangga > Peralatan & Perlengkapan Rumah Tangga > PERALATAN RUMAH TANGGA > PERALATAN DAN PENYIMPANAN PAKAIAN DAN CUCIAN,Perawatan Diri & Rumah Tangga > Rumah Tangga > Peralatan & Perlengkapan Rumah Tangga > PERALATAN RUMAH TANGGA > PERALATAN DAN PENYIMPANAN PAKAIAN DAN CUCIAN > JEPIT UNTUK JEMURAN,14,13,14
1551,KERANJANG LAUNDRY,,6,0,true,A003-02-05-01-04-05,05,true,true,000B000A0007000100040005,1437,PERALATAN DAN PENYIMPANAN PAKAIAN DAN CUCIAN,Perawatan Diri & Rumah Tangga > Rumah Tangga > Peralatan & Perlengkapan Rumah Tangga > PERALATAN RUMAH TANGGA > PERALATAN DAN PENYIMPANAN PAKAIAN DAN CUCIAN,Perawatan Diri & Rumah Tangga > Rumah Tangga > Peralatan & Perlengkapan Rumah Tangga > PERALATAN RUMAH TANGGA > PERALATAN DAN PENYIMPANAN PAKAIAN DAN CUCIAN > KERANJANG LAUNDRY,100,95,100
1552,LAUNDRY BAG JARING,,6,0,true,A003-02-05-01-04-06,06,true,true,000B000A0007000100040006,1437,PERALATAN DAN PENYIMPANAN PAKAIAN DAN CUCIAN,Perawatan Diri & Rumah Tangga > Rumah Tangga > Peralatan & Perlengkapan Rumah Tangga > PERALATAN RUMAH TANGGA > PERALATAN DAN PENYIMPANAN PAKAIAN DAN CUCIAN,Perawatan Diri & Rumah Tangga > Rumah Tangga > Peralatan & Perlengkapan Rumah Tangga > PERALATAN RUMAH TANGGA > PERALATAN DAN PENYIMPANAN PAKAIAN DAN CUCIAN > LAUNDRY BAG JARING,10,10,10
1553,LEMARI PENYIMPANAN SUSUN,,6,0,true,A003-02-05-01-04-07,07,true,true,000B000A0007000100040007,1437,PERALATAN DAN PENYIMPANAN PAKAIAN DAN CUCIAN,Perawatan Diri & Rumah Tangga > Rumah Tangga > Peralatan & Perlengkapan Rumah Tangga > PERALATAN RUMAH TANGGA > PERALATAN DAN PENYIMPANAN PAKAIAN DAN CUCIAN,Perawatan Diri & Rumah Tangga > Rumah Tangga > Peralatan & Perlengkapan Rumah Tangga > PERALATAN RUMAH TANGGA > PERALATAN DAN PENYIMPANAN PAKAIAN DAN CUCIAN > LEMARI PENYIMPANAN SUSUN,37,37,37
1554,MEJA SETRIKA,,6,0,true,A003-02-05-01-04-08,08,true,true,000B000A0007000100040008,1437,PERALATAN DAN PENYIMPANAN PAKAIAN DAN CUCIAN,Perawatan Diri & Rumah Tangga > Rumah Tangga > Peralatan & Perlengkapan Rumah Tangga > PERALATAN RUMAH TANGGA > PERALATAN DAN PENYIMPANAN PAKAIAN DAN CUCIAN,Perawatan Diri & Rumah Tangga > Rumah Tangga > Peralatan & Perlengkapan Rumah Tangga > PERALATAN RUMAH TANGGA > PERALATAN DAN PENYIMPANAN PAKAIAN DAN CUCIAN > MEJA SETRIKA,1,1,1
1555,PAPAN CUCIAN (PENGGILESAN),,6,3,false,A003-02-05-01-04-09,09,true,true,000B000A0007000100040009,1437,PERALATAN DAN PENYIMPANAN PAKAIAN DAN CUCIAN,Perawatan Diri & Rumah Tangga > Rumah Tangga > Peralatan & Perlengkapan Rumah Tangga > PERALATAN RUMAH TANGGA > PERALATAN DAN PENYIMPANAN PAKAIAN DAN CUCIAN,Perawatan Diri & Rumah Tangga > Rumah Tangga > Peralatan & Perlengkapan Rumah Tangga > PERALATAN RUMAH TANGGA > PERALATAN DAN PENYIMPANAN PAKAIAN DAN CUCIAN > PAPAN CUCIAN (PENGGILESAN),2,2,3
1692,PAPAN CUCIAN (PENGGILESAN) PLASTIK,,7,0,true,A003-02-05-01-04-09-01,01,true,true,000B000A00070001000400090001,1555,PAPAN CUCIAN (PENGGILESAN),Perawatan Diri & Rumah Tangga > Rumah Tangga > Peralatan & Perlengkapan Rumah Tangga > PERALATAN RUMAH TANGGA > PERALATAN DAN PENYIMPANAN PAKAIAN DAN CUCIAN > PAPAN CUCIAN (PENGGILESAN),Perawatan Diri & Rumah Tangga > Rumah Tangga > Peralatan & Perlengkapan Rumah Tangga > PERALATAN RUMAH TANGGA > PERALATAN DAN PENYIMPANAN PAKAIAN DAN CUCIAN > PAPAN CUCIAN (PENGGILESAN) > PAPAN CUCIAN (PENGGILESAN) PLASTIK,1,1,1
1693,PAPAN CUCIAN (PENGGILESAN) KAYU,,7,0,true,A003-02-05-01-04-09-02,02,true,true,000B000A00070001000400090002,1555,PAPAN CUCIAN (PENGGILESAN),Perawatan Diri & Rumah Tangga > Rumah Tangga > Peralatan & Perlengkapan Rumah Tangga > PERALATAN RUMAH TANGGA > PERALATAN DAN PENYIMPANAN PAKAIAN DAN CUCIAN > PAPAN CUCIAN (PENGGILESAN),Perawatan Diri & Rumah Tangga > Rumah Tangga > Peralatan & Perlengkapan Rumah Tangga > PERALATAN RUMAH TANGGA > PERALATAN DAN PENYIMPANAN PAKAIAN DAN CUCIAN > PAPAN CUCIAN (PENGGILESAN) > PAPAN CUCIAN (PENGGILESAN) KAYU,0,0,0
1694,PAPAN CUCIAN (PENGGILESAN) KARET,,7,0,true,A003-02-05-01-04-09-03,03,true,true,000B000A00070001000400090003,1555,PAPAN CUCIAN (PENGGILESAN),Perawatan Diri & Rumah Tangga > Rumah Tangga > Peralatan & Perlengkapan Rumah Tangga > PERALATAN RUMAH TANGGA > PERALATAN DAN PENYIMPANAN PAKAIAN DAN CUCIAN > PAPAN CUCIAN (PENGGILESAN),Perawatan Diri & Rumah Tangga > Rumah Tangga > Peralatan & Perlengkapan Rumah Tangga > PERALATAN RUMAH TANGGA > PERALATAN DAN PENYIMPANAN PAKAIAN DAN CUCIAN > PAPAN CUCIAN (PENGGILESAN) > PAPAN CUCIAN (PENGGILESAN) KARET,0,0,0
956,PERLENGKAPAN RUMAH TANGGA,,4,5,false,A003-02-05-02,02,true,true,000B000A00070002,1831,Peralatan & Perlengkapan Rumah Tangga,Perawatan Diri & Rumah Tangga > Rumah Tangga > Peralatan & Perlengkapan Rumah Tangga,Perawatan Diri & Rumah Tangga > Rumah Tangga > Peralatan & Perlengkapan Rumah Tangga > PERLENGKAPAN RUMAH TANGGA,71,70,2927
1438,KURSI,,5,0,true,A003-02-05-02-01,01,true,true,000B000A000700020001,956,PERLENGKAPAN RUMAH TANGGA,Perawatan Diri & Rumah Tangga > Rumah Tangga > Peralatan & Perlengkapan Rumah Tangga > PERLENGKAPAN RUMAH TANGGA,Perawatan Diri & Rumah Tangga > Rumah Tangga > Peralatan & Perlengkapan Rumah Tangga > PERLENGKAPAN RUMAH TANGGA > KURSI,114,108,114
1439,MEJA ,,5,2,false,A003-02-05-02-02,02,true,true,000B000A000700020002,956,PERLENGKAPAN RUMAH TANGGA,Perawatan Diri & Rumah Tangga > Rumah Tangga > Peralatan & Perlengkapan Rumah Tangga > PERLENGKAPAN RUMAH TANGGA,Perawatan Diri & Rumah Tangga > Rumah Tangga > Peralatan & Perlengkapan Rumah Tangga > PERLENGKAPAN RUMAH TANGGA > MEJA ,22,21,95
1556,MEJA BESAR,,6,0,true,A003-02-05-02-02-01,01,true,true,000B000A0007000200020001,1439,MEJA ,Perawatan Diri & Rumah Tangga > Rumah Tangga > Peralatan & Perlengkapan Rumah Tangga > PERLENGKAPAN RUMAH TANGGA > MEJA ,Perawatan Diri & Rumah Tangga > Rumah Tangga > Peralatan & Perlengkapan Rumah Tangga > PERLENGKAPAN RUMAH TANGGA > MEJA  > MEJA BESAR,1,1,1
1557,MEJA LIPAT,,6,0,true,A003-02-05-02-02-02,02,true,true,000B000A0007000200020002,1439,MEJA ,Perawatan Diri & Rumah Tangga > Rumah Tangga > Peralatan & Perlengkapan Rumah Tangga > PERLENGKAPAN RUMAH TANGGA > MEJA ,Perawatan Diri & Rumah Tangga > Rumah Tangga > Peralatan & Perlengkapan Rumah Tangga > PERLENGKAPAN RUMAH TANGGA > MEJA  > MEJA LIPAT,72,70,72
1440,PERLENGKAPAN KAMAR & KAMAR MANDI,,5,13,false,A003-02-05-02-03,03,true,true,000B000A000700020003,956,PERLENGKAPAN RUMAH TANGGA,Perawatan Diri & Rumah Tangga > Rumah Tangga > Peralatan & Perlengkapan Rumah Tangga > PERLENGKAPAN RUMAH TANGGA,Perawatan Diri & Rumah Tangga > Rumah Tangga > Peralatan & Perlengkapan Rumah Tangga > PERLENGKAPAN RUMAH TANGGA > PERLENGKAPAN KAMAR & KAMAR MANDI,10,10,2283
1558,BANTAL DEWASA,,6,0,true,A003-02-05-02-03-01,01,true,true,000B000A0007000200030001,1440,PERLENGKAPAN KAMAR & KAMAR MANDI,Perawatan Diri & Rumah Tangga > Rumah Tangga > Peralatan & Perlengkapan Rumah Tangga > PERLENGKAPAN RUMAH TANGGA > PERLENGKAPAN KAMAR & KAMAR MANDI,Perawatan Diri & Rumah Tangga > Rumah Tangga > Peralatan & Perlengkapan Rumah Tangga > PERLENGKAPAN RUMAH TANGGA > PERLENGKAPAN KAMAR & KAMAR MANDI > BANTAL DEWASA,20,20,20
1559,CERMIN,,6,0,true,A003-02-05-02-03-02,02,true,true,000B000A0007000200030002,1440,PERLENGKAPAN KAMAR & KAMAR MANDI,Perawatan Diri & Rumah Tangga > Rumah Tangga > Peralatan & Perlengkapan Rumah Tangga > PERLENGKAPAN RUMAH TANGGA > PERLENGKAPAN KAMAR & KAMAR MANDI,Perawatan Diri & Rumah Tangga > Rumah Tangga > Peralatan & Perlengkapan Rumah Tangga > PERLENGKAPAN RUMAH TANGGA > PERLENGKAPAN KAMAR & KAMAR MANDI > CERMIN,222,207,222
1560,GULING DEWASA,,6,0,true,A003-02-05-02-03-03,03,true,true,000B000A0007000200030003,1440,PERLENGKAPAN KAMAR & KAMAR MANDI,Perawatan Diri & Rumah Tangga > Rumah Tangga > Peralatan & Perlengkapan Rumah Tangga > PERLENGKAPAN RUMAH TANGGA > PERLENGKAPAN KAMAR & KAMAR MANDI,Perawatan Diri & Rumah Tangga > Rumah Tangga > Peralatan & Perlengkapan Rumah Tangga > PERLENGKAPAN RUMAH TANGGA > PERLENGKAPAN KAMAR & KAMAR MANDI > GULING DEWASA,13,13,13
1561,HANDUK,,6,0,true,A003-02-05-02-03-04,04,true,true,000B000A0007000200030004,1440,PERLENGKAPAN KAMAR & KAMAR MANDI,Perawatan Diri & Rumah Tangga > Rumah Tangga > Peralatan & Perlengkapan Rumah Tangga > PERLENGKAPAN RUMAH TANGGA > PERLENGKAPAN KAMAR & KAMAR MANDI,Perawatan Diri & Rumah Tangga > Rumah Tangga > Peralatan & Perlengkapan Rumah Tangga > PERLENGKAPAN RUMAH TANGGA > PERLENGKAPAN KAMAR & KAMAR MANDI > HANDUK,156,141,156
1562,JAM,,6,2,false,A003-02-05-02-03-05,05,true,true,000B000A0007000200030005,1440,PERLENGKAPAN KAMAR & KAMAR MANDI,Perawatan Diri & Rumah Tangga > Rumah Tangga > Peralatan & Perlengkapan Rumah Tangga > PERLENGKAPAN RUMAH TANGGA > PERLENGKAPAN KAMAR & KAMAR MANDI,Perawatan Diri & Rumah Tangga > Rumah Tangga > Peralatan & Perlengkapan Rumah Tangga > PERLENGKAPAN RUMAH TANGGA > PERLENGKAPAN KAMAR & KAMAR MANDI > JAM,53,51,183
1695,JAM BEKER,,7,0,true,A003-02-05-02-03-05-01,01,true,true,000B000A00070002000300050001,1562,JAM,Perawatan Diri & Rumah Tangga > Rumah Tangga > Peralatan & Perlengkapan Rumah Tangga > PERLENGKAPAN RUMAH TANGGA > PERLENGKAPAN KAMAR & KAMAR MANDI > JAM,Perawatan Diri & Rumah Tangga > Rumah Tangga > Peralatan & Perlengkapan Rumah Tangga > PERLENGKAPAN RUMAH TANGGA > PERLENGKAPAN KAMAR & KAMAR MANDI > JAM > JAM BEKER,28,23,28
1696,JAM DINDING,,7,0,true,A003-02-05-02-03-05-02,02,true,true,000B000A00070002000300050002,1562,JAM,Perawatan Diri & Rumah Tangga > Rumah Tangga > Peralatan & Perlengkapan Rumah Tangga > PERLENGKAPAN RUMAH TANGGA > PERLENGKAPAN KAMAR & KAMAR MANDI > JAM,Perawatan Diri & Rumah Tangga > Rumah Tangga > Peralatan & Perlengkapan Rumah Tangga > PERLENGKAPAN RUMAH TANGGA > PERLENGKAPAN KAMAR & KAMAR MANDI > JAM > JAM DINDING,102,99,102
1563,KAPSTOK,,6,0,true,A003-02-05-02-03-06,06,true,true,000B000A0007000200030006,1440,PERLENGKAPAN KAMAR & KAMAR MANDI,Perawatan Diri & Rumah Tangga > Rumah Tangga > Peralatan & Perlengkapan Rumah Tangga > PERLENGKAPAN RUMAH TANGGA > PERLENGKAPAN KAMAR & KAMAR MANDI,Perawatan Diri & Rumah Tangga > Rumah Tangga > Peralatan & Perlengkapan Rumah Tangga > PERLENGKAPAN RUMAH TANGGA > PERLENGKAPAN KAMAR & KAMAR MANDI > KAPSTOK,79,71,79
1564,KASUR,,6,0,true,A003-02-05-02-03-07,07,true,true,000B000A0007000200030007,1440,PERLENGKAPAN KAMAR & KAMAR MANDI,Perawatan Diri & Rumah Tangga > Rumah Tangga > Peralatan & Perlengkapan Rumah Tangga > PERLENGKAPAN RUMAH TANGGA > PERLENGKAPAN KAMAR & KAMAR MANDI,Perawatan Diri & Rumah Tangga > Rumah Tangga > Peralatan & Perlengkapan Rumah Tangga > PERLENGKAPAN RUMAH TANGGA > PERLENGKAPAN KAMAR & KAMAR MANDI > KASUR,24,24,24
1565,KIMONO HANDUK (BATHROBE),,6,0,true,A003-02-05-02-03-08,08,true,true,000B000A0007000200030008,1440,PERLENGKAPAN KAMAR & KAMAR MANDI,Perawatan Diri & Rumah Tangga > Rumah Tangga > Peralatan & Perlengkapan Rumah Tangga > PERLENGKAPAN RUMAH TANGGA > PERLENGKAPAN KAMAR & KAMAR MANDI,Perawatan Diri & Rumah Tangga > Rumah Tangga > Peralatan & Perlengkapan Rumah Tangga > PERLENGKAPAN RUMAH TANGGA > PERLENGKAPAN KAMAR & KAMAR MANDI > KIMONO HANDUK (BATHROBE),7,7,7
1566,MATRAS LIPAT,,6,0,true,A003-02-05-02-03-09,09,true,true,000B000A0007000200030009,1440,PERLENGKAPAN KAMAR & KAMAR MANDI,Perawatan Diri & Rumah Tangga > Rumah Tangga > Peralatan & Perlengkapan Rumah Tangga > PERLENGKAPAN RUMAH TANGGA > PERLENGKAPAN KAMAR & KAMAR MANDI,Perawatan Diri & Rumah Tangga > Rumah Tangga > Peralatan & Perlengkapan Rumah Tangga > PERLENGKAPAN RUMAH TANGGA > PERLENGKAPAN KAMAR & KAMAR MANDI > MATRAS LIPAT,4,3,4
1567,SELIMUT (BEDCOVER),,6,0,true,A003-02-05-02-03-10,10,true,true,000B000A000700020003000A,1440,PERLENGKAPAN KAMAR & KAMAR MANDI,Perawatan Diri & Rumah Tangga > Rumah Tangga > Peralatan & Perlengkapan Rumah Tangga > PERLENGKAPAN RUMAH TANGGA > PERLENGKAPAN KAMAR & KAMAR MANDI,Perawatan Diri & Rumah Tangga > Rumah Tangga > Peralatan & Perlengkapan Rumah Tangga > PERLENGKAPAN RUMAH TANGGA > PERLENGKAPAN KAMAR & KAMAR MANDI > SELIMUT (BEDCOVER),335,332,335
1568,SPREI,,6,0,true,A003-02-05-02-03-11,11,true,true,000B000A000700020003000B,1440,PERLENGKAPAN KAMAR & KAMAR MANDI,Perawatan Diri & Rumah Tangga > Rumah Tangga > Peralatan & Perlengkapan Rumah Tangga > PERLENGKAPAN RUMAH TANGGA > PERLENGKAPAN KAMAR & KAMAR MANDI,Perawatan Diri & Rumah Tangga > Rumah Tangga > Peralatan & Perlengkapan Rumah Tangga > PERLENGKAPAN RUMAH TANGGA > PERLENGKAPAN KAMAR & KAMAR MANDI > SPREI,1186,1166,1186
1569,TIRAI,,6,0,true,A003-02-05-02-03-12,12,true,true,000B000A000700020003000C,1440,PERLENGKAPAN KAMAR & KAMAR MANDI,Perawatan Diri & Rumah Tangga > Rumah Tangga > Peralatan & Perlengkapan Rumah Tangga > PERLENGKAPAN RUMAH TANGGA > PERLENGKAPAN KAMAR & KAMAR MANDI,Perawatan Diri & Rumah Tangga > Rumah Tangga > Peralatan & Perlengkapan Rumah Tangga > PERLENGKAPAN RUMAH TANGGA > PERLENGKAPAN KAMAR & KAMAR MANDI > TIRAI,43,39,43
1570,PEMUKUL ROTAN,,6,0,true,A003-02-05-02-03-13,13,true,true,000B000A000700020003000D,1440,PERLENGKAPAN KAMAR & KAMAR MANDI,Perawatan Diri & Rumah Tangga > Rumah Tangga > Peralatan & Perlengkapan Rumah Tangga > PERLENGKAPAN RUMAH TANGGA > PERLENGKAPAN KAMAR & KAMAR MANDI,Perawatan Diri & Rumah Tangga > Rumah Tangga > Peralatan & Perlengkapan Rumah Tangga > PERLENGKAPAN RUMAH TANGGA > PERLENGKAPAN KAMAR & KAMAR MANDI > PEMUKUL ROTAN,1,1,1
1441,SOFA,,5,0,true,A003-02-05-02-04,04,true,true,000B000A000700020004,956,PERLENGKAPAN RUMAH TANGGA,Perawatan Diri & Rumah Tangga > Rumah Tangga > Peralatan & Perlengkapan Rumah Tangga > PERLENGKAPAN RUMAH TANGGA,Perawatan Diri & Rumah Tangga > Rumah Tangga > Peralatan & Perlengkapan Rumah Tangga > PERLENGKAPAN RUMAH TANGGA > SOFA,1,1,1
1442,PERLENGKAPAN LAINNYA,,5,4,false,A003-02-05-02-05,05,true,true,000B000A000700020005,956,PERLENGKAPAN RUMAH TANGGA,Perawatan Diri & Rumah Tangga > Rumah Tangga > Peralatan & Perlengkapan Rumah Tangga > PERLENGKAPAN RUMAH TANGGA,Perawatan Diri & Rumah Tangga > Rumah Tangga > Peralatan & Perlengkapan Rumah Tangga > PERLENGKAPAN RUMAH TANGGA > PERLENGKAPAN LAINNYA,107,98,363
1571,BENDERA MERAH PUTIH,,6,0,true,A003-02-05-02-05-01,01,true,true,000B000A0007000200050001,1442,PERLENGKAPAN LAINNYA,Perawatan Diri & Rumah Tangga > Rumah Tangga > Peralatan & Perlengkapan Rumah Tangga > PERLENGKAPAN RUMAH TANGGA > PERLENGKAPAN LAINNYA,Perawatan Diri & Rumah Tangga > Rumah Tangga > Peralatan & Perlengkapan Rumah Tangga > PERLENGKAPAN RUMAH TANGGA > PERLENGKAPAN LAINNYA > BENDERA MERAH PUTIH,19,19,19
1572,RAK SIKU,,6,0,true,A003-02-05-02-05-02,02,true,true,000B000A0007000200050002,1442,PERLENGKAPAN LAINNYA,Perawatan Diri & Rumah Tangga > Rumah Tangga > Peralatan & Perlengkapan Rumah Tangga > PERLENGKAPAN RUMAH TANGGA > PERLENGKAPAN LAINNYA,Perawatan Diri & Rumah Tangga > Rumah Tangga > Peralatan & Perlengkapan Rumah Tangga > PERLENGKAPAN RUMAH TANGGA > PERLENGKAPAN LAINNYA > RAK SIKU,26,25,26
1573,TAPLAK MEJA,,6,0,true,A003-02-05-02-05-03,03,true,true,000B000A0007000200050003,1442,PERLENGKAPAN LAINNYA,Perawatan Diri & Rumah Tangga > Rumah Tangga > Peralatan & Perlengkapan Rumah Tangga > PERLENGKAPAN RUMAH TANGGA > PERLENGKAPAN LAINNYA,Perawatan Diri & Rumah Tangga > Rumah Tangga > Peralatan & Perlengkapan Rumah Tangga > PERLENGKAPAN RUMAH TANGGA > PERLENGKAPAN LAINNYA > TAPLAK MEJA,110,97,110
1574,TIKAR,,6,0,true,A003-02-05-02-05-04,04,true,true,000B000A0007000200050004,1442,PERLENGKAPAN LAINNYA,Perawatan Diri & Rumah Tangga > Rumah Tangga > Peralatan & Perlengkapan Rumah Tangga > PERLENGKAPAN RUMAH TANGGA > PERLENGKAPAN LAINNYA,Perawatan Diri & Rumah Tangga > Rumah Tangga > Peralatan & Perlengkapan Rumah Tangga > PERLENGKAPAN RUMAH TANGGA > PERLENGKAPAN LAINNYA > TIKAR,101,97,101
1785,INVENTORY KANTOR,,1,0,true,Z001,Z001,false,true,000D,,,,INVENTORY KANTOR,78,76,78
1787,BELUM DISORTIR,,1,1,false,Z002,Z002,false,true,000E,,,,BELUM DISORTIR,19,6,1401
1788,BARANG OBRAL,,2,0,true,Z002-01,01,true,false,000E0001,1787,BELUM DISORTIR,BELUM DISORTIR,BELUM DISORTIR > BARANG OBRAL,1382,1272,1382
3,UNUSED,,1,8,false,Z003,Z003,false,true,000F,,,,UNUSED,0,0,1923
152,UNUSED 2,,2,1,false,Z003-01,01,true,false,000F0001,3,UNUSED,UNUSED,UNUSED > UNUSED 2,0,0,33
1839,PENGGARIS,,3,0,true,Z003-01-07,07,false,true,000F00010001,152,UNUSED 2,UNUSED > UNUSED 2,UNUSED > UNUSED 2 > PENGGARIS,33,28,33
28,UNUSED 3,,2,0,true,Z003-02,02,true,false,000F0002,3,UNUSED,UNUSED,UNUSED > UNUSED 3,0,0,0
1073,UNUSED 4,,2,1,false,Z003-04,04,true,false,000F0003,3,UNUSED,UNUSED,UNUSED > UNUSED 4,0,0,0
526,----,,3,0,true,Z003-04-03,03,false,false,000F00030001,1073,UNUSED 4,UNUSED > UNUSED 4,UNUSED > UNUSED 4 > ----,0,0,0
257,UNUSED 5,,2,1,false,Z003-05,05,true,false,000F0004,3,UNUSED,UNUSED,UNUSED > UNUSED 5,0,0,0
1860,PERAWATAN KAKI,,3,0,true,Z003-05-14,14,false,true,000F00040001,257,UNUSED 5,UNUSED > UNUSED 5,UNUSED > UNUSED 5 > PERAWATAN KAKI,0,0,0
1826,-,-,2,0,true,Z003-00,00,false,false,000F0005,3,UNUSED,UNUSED,UNUSED > -,0,0,0
1827,---,----,2,0,true,Z003-000,000,false,false,000F0006,3,UNUSED,UNUSED,UNUSED > ---,0,0,0
1790,AREA DISPLAY,,2,7,false,Z003-B001,B001,false,false,000F0007,3,UNUSED,UNUSED,UNUSED > AREA DISPLAY,0,0,1882
1825,GAME MASTER,,3,0,true,Z003-B001-07,07,true,false,000F00070001,1790,AREA DISPLAY,UNUSED > AREA DISPLAY,UNUSED > AREA DISPLAY > GAME MASTER,7,7,7
1814,ARTEMEDIA,,3,0,true,Z003-B001-06,06,true,false,000F00070002,1790,AREA DISPLAY,UNUSED > AREA DISPLAY,UNUSED > AREA DISPLAY > ARTEMEDIA,830,772,830
1794,CARDINAL,,3,2,false,Z003-B001-05,05,true,false,000F00070003,1790,AREA DISPLAY,UNUSED > AREA DISPLAY,UNUSED > AREA DISPLAY > CARDINAL,10,10,700
1796,CARDINAL OBRAL,,4,8,false,Z003-B001-05-02,02,true,false,000F000700030001,1794,CARDINAL,UNUSED > AREA DISPLAY > CARDINAL,UNUSED > AREA DISPLAY > CARDINAL > CARDINAL OBRAL,353,353,357
1812,JEANS OBRAL,,5,0,true,Z003-B001-05-02-01,01,true,false,000F0007000300010001,1796,CARDINAL OBRAL,UNUSED > AREA DISPLAY > CARDINAL > CARDINAL OBRAL,UNUSED > AREA DISPLAY > CARDINAL > CARDINAL OBRAL > JEANS OBRAL,0,0,0
1811,FORMAL OBRAL,,5,0,true,Z003-B001-05-02-02,02,true,false,000F0007000300010002,1796,CARDINAL OBRAL,UNUSED > AREA DISPLAY > CARDINAL > CARDINAL OBRAL,UNUSED > AREA DISPLAY > CARDINAL > CARDINAL OBRAL > FORMAL OBRAL,0,0,0
1810,COTTON OBRAL,,5,0,true,Z003-B001-05-02-03,03,true,false,000F0007000300010003,1796,CARDINAL OBRAL,UNUSED > AREA DISPLAY > CARDINAL > CARDINAL OBRAL,UNUSED > AREA DISPLAY > CARDINAL > CARDINAL OBRAL > COTTON OBRAL,4,4,4
1809,FEMME OBRAL,,5,0,true,Z003-B001-05-02-04,04,true,false,000F0007000300010004,1796,CARDINAL OBRAL,UNUSED > AREA DISPLAY > CARDINAL > CARDINAL OBRAL,UNUSED > AREA DISPLAY > CARDINAL > CARDINAL OBRAL > FEMME OBRAL,0,0,0
1808,LADIES OBRAL,,5,0,true,Z003-B001-05-02-05,05,true,false,000F0007000300010005,1796,CARDINAL OBRAL,UNUSED > AREA DISPLAY > CARDINAL > CARDINAL OBRAL,UNUSED > AREA DISPLAY > CARDINAL > CARDINAL OBRAL > LADIES OBRAL,0,0,0
1807,KEMEJA OBRAL,,5,0,true,Z003-B001-05-02-06,06,true,false,000F0007000300010006,1796,CARDINAL OBRAL,UNUSED > AREA DISPLAY > CARDINAL > CARDINAL OBRAL,UNUSED > AREA DISPLAY > CARDINAL > CARDINAL OBRAL > KEMEJA OBRAL,0,0,0
1806,CASUAL OBRAL,,5,0,true,Z003-B001-05-02-07,07,true,false,000F0007000300010007,1796,CARDINAL OBRAL,UNUSED > AREA DISPLAY > CARDINAL > CARDINAL OBRAL,UNUSED > AREA DISPLAY > CARDINAL > CARDINAL OBRAL > CASUAL OBRAL,0,0,0
1805,GIRL OBRAL,,5,0,true,Z003-B001-05-02-08,08,true,false,000F0007000300010008,1796,CARDINAL OBRAL,UNUSED > AREA DISPLAY > CARDINAL > CARDINAL OBRAL,UNUSED > AREA DISPLAY > CARDINAL > CARDINAL OBRAL > GIRL OBRAL,0,0,0
1795,CARDINAL NORMAL,,4,8,false,Z003-B001-05-01,01,true,false,000F000700030002,1794,CARDINAL,UNUSED > AREA DISPLAY > CARDINAL,UNUSED > AREA DISPLAY > CARDINAL > CARDINAL NORMAL,166,166,333
1804,JEANS,,5,0,true,Z003-B001-05-01-01,01,true,false,000F0007000300020001,1795,CARDINAL NORMAL,UNUSED > AREA DISPLAY > CARDINAL > CARDINAL NORMAL,UNUSED > AREA DISPLAY > CARDINAL > CARDINAL NORMAL > JEANS,56,56,56
1803,FORMAL,,5,0,true,Z003-B001-05-01-02,02,true,false,000F0007000300020002,1795,CARDINAL NORMAL,UNUSED > AREA DISPLAY > CARDINAL > CARDINAL NORMAL,UNUSED > AREA DISPLAY > CARDINAL > CARDINAL NORMAL > FORMAL,38,38,38
1802,COTTON,,5,0,true,Z003-B001-05-01-03,03,true,false,000F0007000300020003,1795,CARDINAL NORMAL,UNUSED > AREA DISPLAY > CARDINAL > CARDINAL NORMAL,UNUSED > AREA DISPLAY > CARDINAL > CARDINAL NORMAL > COTTON,29,29,29
1801,FEMME,,5,0,true,Z003-B001-05-01-04,04,true,false,000F0007000300020004,1795,CARDINAL NORMAL,UNUSED > AREA DISPLAY > CARDINAL > CARDINAL NORMAL,UNUSED > AREA DISPLAY > CARDINAL > CARDINAL NORMAL > FEMME,0,0,0
1800,LADIES,,5,0,true,Z003-B001-05-01-05,05,true,false,000F0007000300020005,1795,CARDINAL NORMAL,UNUSED > AREA DISPLAY > CARDINAL > CARDINAL NORMAL,UNUSED > AREA DISPLAY > CARDINAL > CARDINAL NORMAL > LADIES,0,0,0
1799,KEMEJA,,5,0,true,Z003-B001-05-01-06,06,true,false,000F0007000300020006,1795,CARDINAL NORMAL,UNUSED > AREA DISPLAY > CARDINAL > CARDINAL NORMAL,UNUSED > AREA DISPLAY > CARDINAL > CARDINAL NORMAL > KEMEJA,43,43,43
1798,CASUAL,,5,0,true,Z003-B001-05-01-07,07,true,false,000F0007000300020007,1795,CARDINAL NORMAL,UNUSED > AREA DISPLAY > CARDINAL > CARDINAL NORMAL,UNUSED > AREA DISPLAY > CARDINAL > CARDINAL NORMAL > CASUAL,1,1,1
1797,GIRL,,5,0,true,Z003-B001-05-01-08,08,true,false,000F0007000300020008,1795,CARDINAL NORMAL,UNUSED > AREA DISPLAY > CARDINAL > CARDINAL NORMAL,UNUSED > AREA DISPLAY > CARDINAL > CARDINAL NORMAL > GIRL,0,0,0
1793,KIRIN,,3,0,true,Z003-B001-04,04,true,false,000F00070004,1790,AREA DISPLAY,UNUSED > AREA DISPLAY,UNUSED > AREA DISPLAY > KIRIN,0,0,0
1792,LADY AMERICA,,3,0,true,Z003-B001-03,03,true,false,000F00070005,1790,AREA DISPLAY,UNUSED > AREA DISPLAY,UNUSED > AREA DISPLAY > LADY AMERICA,0,0,0
1791,OLYMPIC,,3,0,true,Z003-B001-02,02,true,false,000F00070006,1790,AREA DISPLAY,UNUSED > AREA DISPLAY,UNUSED > AREA DISPLAY > OLYMPIC,264,264,264
1786,FOOD COURT,,3,0,true,Z003-B001-01,01,true,false,000F00070007,1790,AREA DISPLAY,UNUSED > AREA DISPLAY,UNUSED > AREA DISPLAY > FOOD COURT,81,80,81
1824,MINUMAN BUBUK,,2,0,true,Z003-34,34,false,false,000F0008,3,UNUSED,UNUSED,UNUSED > MINUMAN BUBUK,8,4,8
