id,name,name_en,depth,numchild,full_code,ancestor_names,products,products_active,products_subtree,children_sample,title_sample
955,PERALATAN RUMAH TANGGA,,4,4,A003-02-05-01,Perawatan Diri & Rumah Tangga > Rumah Tangga > Peralatan & Perlengkapan Rumah Tangga,1143,1113,10280,PERALATAN KEBERSIHAN RUMAH TANGGA | PERALATAN DAN PENYIMPANAN DI KAMAR MANDI | PERALATAN DAN PENYIMPANAN DI DAPUR | PERALATAN DAN PENYIMPANAN PAKAIAN DAN CUCIAN,BASI BULAT DHALIA 1.8 LTR BSD 084 :: FRC-13 FOOD CONT RECTANGULAR 800 ML :: TOP W.B NAVY 1000ML :: WB1.2 KOMAX WATER BOTTLE 1.2L :: R41 RECTAGULAR CONTAINER 2.4L :: R4 ORANGE RECTAGULAR CONTAINER1.1L :: FASHION WATER BOTTLE GREEN/ORG 7708 :: 35019 AZALEA TOILET BRUSH 2IN1 :: TRAVEL WATER BOTTLE BLUE/PINK/DARK GREY 9211 :: PC-S PARTY CUP SET - S 4PCS :: LAP PROWAY SERBAGUNA :: SPONGE PROWAY HIJAU :: TEFLON MAGIC COM 528 1.8 LTR :: REGULATOR STAR CAM METER
10,Mainan dan Alat Lainnya,Toys and Tools,1,8,A010,,1048,1040,4528,BONEKA  | MAINAN ANAK LAKI-LAKI | MAINAN ANAK PEREMPUAN | MAINAN BAYI & BALITA | MAINAN DENGAN PAPAN (BOARD GAME) | MAINAN OLAHRAGA DAN AKTIVITAS | PERMAINAN KARTU | ALAT LAINNYA,JX67 BERINGIN TOYS STICKER PUZZLE PAINTING :: HYB11 BERINGIN TOYS DINOSAUR THEME 3D PUZZLE :: 9152 HEROES BLOK :: YN58 RUBIK KANTONG SATUAN :: MK25 MASAK KITCHEN KTG :: IG11407 DIE CAST SPEED RACER 8 :: OCT5739 MOTOR GP KTG :: OCT2600 DOKTER SET :: OCT5109 GAJAH DRUM :: MC514 ANIMAL SERIES CRAB :: 11027B LEGO CONSTRUCTION :: 24G46 MAX GUN PREMIUM :: YG21 ARCHERY SPORT GAME :: LH2SR BOLA KARET GMBR SANRIO
450,TAS WANITA,,3,10,A008-14-04,Fashion > TAS & KOPER,784,742,1916,DOMPET WANITA | TAS ANYAMAN | TAS BAHU WANITA | TAS CLUTCHES WANITA | TAS LAPTOP WANITA | TAS POUCH WANITA | TAS RANSEL WANITA | TAS SATCHEL WANITA | TAS TANGAN WANITA | TAS TOTE WANITA,FOGO PUFFY :: MIU :: MINSOO :: RSD-115 :: RICHYS :: RSL MINI-50 :: SUNNY PUFFY :: CROFFLE :: JISOO HOLO :: TOTEPACK TWIZLE :: TAS TS-4/5 :: TAS TC-4/5 :: CASSEY-K CASSEY BELLE CARINE CREAM :: CASSEY-P CASSEY BELLE CARINE PEACH
72,MAINAN OLAHRAGA DAN AKTIVITAS,,2,4,A010-06,Mainan dan Alat Lainnya,683,669,771,KARPET PUZZLE | MANDI BOLA | PEROSOTAN | SEPEDA ANAK,"387100 MODELING MATERIALS, TERACOTA 500G :: 789-32C NEXO KNIGHT BLOCK :: PMJL KELERENG 100P MTLK :: 22658 SAINLINIAO BLOCK 12P :: 28003 FDOH 4P 28003 :: 6628 WALKIE SPIDERMAN :: X640-1/8 METAL MODEL BLOCK :: Y6-4 SPEED PUSH GAME :: 1111-322 CARROT PULL :: 682 DANCING OCTOPUS K :: P579 SPORT SET TENNIS GAME :: GUITAR HERO :: 8510C LCD WRITING TABLE :: X631 METAL MODEL BLOCK MINI"
53,KACAMATA,,2,3,A008-07,Fashion,642,636,1038,KACAMATA ANAK | KACAMATA BACA | KACAMATA HITAM,F TULANG :: 690 KACAMATA WANITA :: 6638 KACAMATA :: KA-297 KACAMATA OLAHRAGA PRIA :: KA-327 KACAMATA SPORTY :: KA-207 KACAMATA :: KA-296 KACAMATA OLAHRAGA :: KA-336 KACAMATA OVAL WANITA :: KA-304 KACAMATA PRIA :: KM-70 KACAMATA ANTI RADIASI :: PINK - KACAMATA WANITA PRIA FRAME FASHION :: BLACK/GREY - KACAMATA PRIA SPORT :: BIRU - KACAMATA WANITA PRIA FRAME FASHION :: HITAM/ABU-ABU - KACAMATA PRIA WANITA
49,FASHION ANAK & BAYI,,2,3,A008-03,Fashion,596,590,6791,PAKAIAN ANAK LAKI-LAKI | PAKAIAN ANAK PEREMPUAN | PAKAIAN BAYI,KATUN TG BONEKA :: BATIK TERA XXL :: BATIK TERA XL :: BATIK TERA L :: SINGLET LIEB NO 3L :: SINGLET LIEB NO XL :: SINGLET LIEB NO 0 WARNA :: SINGLET LIEB NO 5 [6] WARNA :: SINGLET LIEB NO 3 [6] WARNA :: SINGLET LIEB NO 9 [6] PUTIH :: SINGLET LIEB NO 5 WARNA :: SINGLET LIEB 7 [6] WARNA :: SINGLET LIEB NO M :: SINGLET LIEB NO 5 [6] PUTIH
58,SEPATU PRIA,,2,8,A008-12,Fashion,558,555,1924,KAUS KAKI PRIA | SANDAL GUNUNG PRIA | SANDAL PRIA | SEPATU BOOTS PRIA | SEPATU FORMAL PRIA | SEPATU LOAFER PRIA | SEPATU SLIP ON PRIA | SEPATU SNEAKERS PRIA,CANVAS C2503 KHAKI 39-44 :: CANVAS 25023 GREY 39-44 :: CANVAS 25X-21 BEIGE 39-44 :: CANVAS C2503 BLACK 39-44 :: CANVAS 25023 BLACK 39-44 :: CANVAS 25X-21 BLACK 39-44 :: SEPATU DRAGUNE-SM :: SANDAL SINABUNG-GM BLACK :: SEPATU DAGAN DI-SM BLACK/WHITE :: SANDAL ALEXANDRA-M BROWN/BEIGE :: SEPATU LUMINA SL :: SEPATU ESME-LL TOSCA :: SEPATU ADNAR-01 ST BLACK/WHITE 35-38 :: SANDAL GERALDTON-M BLACK/RED
398,ATASAN WANITA,,3,6,A008-05-01,Fashion > FASHION WANITA,523,523,2251,BLOUSE WANITA | KAMISOL / KEMBEN WANITA | KAUS POLO WANITA | KAUS WANITA | KEMEJA WANITA | TANK TOP WANITA,ZALMORE LONGSLEEVE LOOSE TEE WANITA BLACK M :: ZALMORE LONGSLEEVE LOOSE TEE WANITA BLACK XL :: ZALMORE LONGSLEEVE LOOSE TEE WANITA RED VELVET M :: ZALMORE LONGSLEEVE LOOSE TEE WANITA WHITE L :: ZALMORE LONGSLEEVE LOOSE TEE WANITA ASH GREY XL :: ZALMORE OVERSIZE LADIES - SLIT WARNA DUSTY LILAC L :: ZALMORE MIDI LONGSLEEVE BLACK XL :: ZALMORE OVERSIZE LADIES - SLIT WARNA DUSTY LILAC M :: ZALMORE LONGSLEEVE LOOSE TEE WANITA RED VELVET XL :: ZALMORE LONGSLEEVE LOOSE TEE WANITA POWDER BLUE XL :: ZALMORE LONGSLEEVE LOOSE TEE WANITA DUSTY LILAC XL :: ZALMORE LONGSLEEVE LOOSE TEE WANITA ASH GREY L :: ZALMORE LONGSLEEVE LOOSE TEE WANITA BLACK L :: ZALMORE LONGSLEEVE LOOSE TEE WANITA WHITE M
59,SEPATU WANITA,,2,9,A008-13,Fashion,481,472,2046,KAUS KAKI WANITA | SANDAL GUNUNG WANITA | SANDAL WANITA | SEPATU BOOTS WANITA | SEPATU FLAT DAN SEPATU BALET WANITA | SEPATU HAK TINGGI WANITA | SEPATU SLIP ON WANITA | SEPATU SNEAKERS WANITA | SEPATU WEDGES WANITA,CANVAS NA39-352 BLACK 36-41 :: ACKP-2 MAROON 36-40 :: ACKP-2 GREY 36-40 :: ATT SWN 524 [MM/UM/BM] (37-40) :: ATT SNK 035 (AM/MM/UM) :: ATT PSW 823 (K/MM/UM) 37-40 :: 1107 SEPATU WANITA HITAM 36-40 :: PEKKO TG WHITE/RED 30-33 :: RULLIEF MNM 505 HITAM 36-40 :: RULLIEF MBM 109 HITAM 36-40 :: RULLIEF MNM 540 HITAM 36-40 :: RULLIEF CXM 292 HITAM 36-40 :: SEPATU R JM-KEISHA L HITAM/PUTIH 37-40 :: SEPATU R JM-KYLIE L HITAM/HITAM 37-40
60,TAS & KOPER,,2,4,A008-14,Fashion,456,417,4839,TAS ANAK | TAS PRIA | TAS TRAVEL & KOPER | TAS WANITA,16805 TAS ABG (I) 2017 :: 16805 TAS ABG (I) A11 :: 16805 TAS ABG (I) 2260 :: 16805 TAS ABG (I) A12 :: 16805 TAS ABG (I) A13 :: 16805 TAS ABG (I) A24 :: 16805 TAS ABG (I) 503-1 :: 16805 TAS ABG (I) 5710 :: 16805 TAS ABG (I) A07 :: 16805 TAS ABG (I) 8621 :: 60698 JOLIE :: HERBIE 60665 :: 60669 POSH :: 60657 BRUSH
48,AKSESORIS FASHION DEWASA,,2,12,A008-02,Fashion,385,366,3227,AKSESORIS FASHION DEWASA LAINNYA | AKSESORIS RAMBUT DEWASA | DASI DEWASA | IKAT PINGGANG | JEPIT DASI  | KIPAS TANGAN LIPAT | KUPLUK DEWASA | UNTUK HUJAN | ROLL (GULUNGAN) RAMBUT DEWASA | SAPU TANGAN DEWASA | SYAL DEWASA | TOPI DEWASA,T4 CREAM :: T4 CREAM SET :: W907 PUFF BULAT 3 :: SPONGE SET 2 B :: TEMPAT CREAM KUPING :: SPONGE JELLY :: A0206 CETAK EYELINER :: KUAS BATIK :: ALAT SILET ALIS :: STICKER ALIS :: SPON BEDAK TABUR LC BULU :: T4 SPONGE BEDAK :: F041 PUFF KOTAK & BULAT :: B0974 PUFF KOTAK
57,SEPATU ANAK & BAYI,,2,2,A008-11,Fashion,379,374,1857,SEPATU ANAK & BAYI LAKI-LAKI | SEPATU ANAK & BAYI PEREMPUAN,SEPATU VANEL :: PS-2134 SEPATU SOL MANGKOK BUNYI NO 20-22 :: PS-1224 SANDAL BUNYI NO 20.21.22 :: PS-1225 SANDAL BUNYI NO 20.21.22 :: PS-0177 SEPATU BABY BALIK NO 2.3.4 KOMBINASI :: PS-1221 SANDAL BUNYI NO 20.21.22 :: PS-1229 SANDAL BUNYI NO 20.21.22 :: PS-1231 SANDAL BUNYI NO 20.21.22 :: PS-1220 SANDAL BUNYI NO 20.21.22 :: PS-1219 SANDAL BUNYI NO 20.21.22 :: PS-2128 SEPATU SOL MANGKOK BUNYI NO 20-22 :: PS-0183 SEPATU BABY BALIK NO 2.3.4 :: PS-2126 SEPATU SOL MANGKOK BUNYI NO 20.21.22 :: PS-21333 SEPATU SOL MANGKOK BUNYI NO 20-22
42,DEKORASI & KELENGKAPAN PESTA,,2,12,A007-05,Alat dan Buku Tulis,378,338,1021,BALON | CAPING TOPI PETANI | FRAME FOTO | KEMBANG API | LILIN | PELUIT LIDAH | STIKER | STRING SPRAY | TEROMPET | TOPENG PESTA | TOPI PESTA/TOPI ULANG TAHUN | AKSESORIS ULANG TAHUN LAINNYA,"KOKORU FP STRIPE ICHI :: BENNER TULISAN :: BENNER ENGAGEMENT :: GANTUNGAN TIPIS :: TOPER BOLA :: SLEMPANG WISUDA :: AMPAU POHON :: KETUPAT EMAS K/3 :: AMPAU B :: SLINGER K.. :: POM-POM 14"" :: POM-POM 10"" :: KETUPAT EMAS ST :: SLINGER MERAH PUTIH"
1541,ALAT DAPUR & AKSESORIS DAPUR,,6,47,A003-02-05-01-03-01,Perawatan Diri & Rumah Tangga > Rumah Tangga > Peralatan & Perlengkapan Rumah Tangga > PERALATAN RUMAH TANGGA > PERALATAN DAN PENYIMPANAN DI DAPUR,361,307,2134,ALAT PEMBUAT KOPI | ASBAK | BAKARAN / PANGGANGAN IKAN | BASKOM SAYUR | CELEMEK | CEMPAL | CENTONG | CETAKAN / LOYANG KUE | CETAKAN AGAR/PUDDING | CETAKAN ES BATU | COBEK/COWET/ULEKAN | COFFEE PLUNGER (ALAT PENYEDUH BUBUK KOPI),HOMLIV PILATO PENGASUH PISAU 2 SISI :: FILER 2 MATA :: FRUITS PEELER :: IRISAN BAWANG FUJIKA :: ICE BUCKET IB - 2LITER :: ICE BUCKET IB-3LITER :: S807-26 STEAM WARE 26CM :: S807-28 STEAM WARE 28CM :: STEAM WARE BUNGA :: STEAM WARE 22 CM S807-22 :: S807-24 STEAM WARE 24 CM :: KERTAS DOILY 5.5 INCH (/10) :: KERTAS DOILY 3.5 INCH ISI 10 :: KERTAS DOILY 7.5 INCH ISI 10
1796,CARDINAL OBRAL,,4,8,Z003-B001-05-02,UNUSED > AREA DISPLAY > CARDINAL,353,353,357,JEANS OBRAL | FORMAL OBRAL | COTTON OBRAL | FEMME OBRAL | LADIES OBRAL | KEMEJA OBRAL | CASUAL OBRAL | GIRL OBRAL,TBUBICA084K 04G :: TBCBIJ0260K 14B :: TBCBIC0148K 12C :: RAGART0014P 02H :: TBCBICA078B 01A :: HAIAR00130P 04D :: HAKAI00268P 03B :: TBUBICA080B 06E :: IAKAI00216J 02H :: FBSBI00001X XXX :: TAKAIC0718O 11B :: HAIAR00080P 04A :: RBCBPJ0027B 15D :: HAIAR00087P 09G
404,PAKAIAN DALAM WANITA,,3,4,A008-05-07,Fashion > FASHION WANITA,299,288,2839,BRA WANITA | CELANA DALAM WANITA | KORSET WANITA | SET BRA WANITA,MINISET SHANGMEI :: MINISET M 31 XIANSHIN :: MINISET F 829 :: MINISET F 825 :: MINISET F 455 :: MINISET F 833 :: MINISET F 827 :: MINISET F 838 :: MINISET F 721 :: 907 XL :: 907 L :: M 732 :: M 1335 :: M 213
391,PAKAIAN BAYI,,3,8,A008-03-03,Fashion > FASHION ANAK & BAYI,277,277,1050,ATASAN BAYI | BAWAHAN BAYI | KAIN ALAS | KAIN BEDONG | SARUNG KAKI BAYI | SARUNG TANGAN BAYI | SETELAN BAYI | TOPI BAYI,ZIPPER POLOS BAMBOO 0-3 :: BM FULL PRINT BUNGA BIRU 2Y :: MILLIE SLEEPSUIT 3-6 :: MILLIE PLAYSUIT 3-6 :: LBC-BKDJPR1 LBC BAJU KODOK PANJANG PRINT RIB BZ :: LBC BAJU KODOK SEGIEMPAT PRINT TX :: LBC-BKD3PR_BZ LBC BAJU KODOK SEGITIGA  PRINT :: DAS7238-SETELAN OVERALL BAYI BRIELLE 6-12 BULAN :: KD-SA131-A JUMPER TUTUP KAKI :: DLS7234 STK NECI PREM EARTHTONE CVC :: 23050 KDK PJ MIX BOY TK 0-3 :: 35102 W OBL PDK WARNA S :: 40348 OBL PJ L LITTLE STRIPE :: 37302 W OBL PDK WARNA L
40,BUKU BACAAN,,2,4,A007-03,Alat dan Buku Tulis,252,249,812,BUKU ANAK-ANAK | BUKU FIKSI | BUKU NON FIKSI | BUKU ROHANI,BUKAN MAU MERINDU TM229086 :: SELEPAS LUKA GE229622 :: MAP 9.0 :: SI PANDA BERUANG VEGETARIAN MI :: IQRO HITAM BESAR MI :: BELAJAR M.M.M DINOSAURUS MI :: BELAJAR MENULIS ANGKA&BERHITUNG :: AL-QUR'AN AL-HUFAZ A5 REGULER MI :: AKU BISA BACA TULIS HURUF AL-QURAN MI :: KUMPULAN CERITA 25 NABI & ROSUL MI :: AL-QU'RAN AL-MUTTAQIN A5 NEW :: AL MALIK BIRU USTMANI :: AYO BELAJAR MENULIS A-Z MI :: TYRANNNOSAURUS SI SOMBONG YANG MALANG MI
51,FASHION WANITA,,2,9,A008-05,Fashion,252,249,9371,ATASAN WANITA | BAJU LUARAN WANITA | BAJU MUSLIM WANITA | BATIK WANITA | BAWAHAN WANITA | GAUN | PAKAIAN DALAM WANITA | PAKAIAN HAMIL & MENYUSUI WANITA | PAKAIAN TIDUR WANITA,307-30002C LRG GRY L ONE SET :: SEKAR MEKAR BATIK ONE SET SZ M 76639 :: STELAN DWS MOTIF BUNGA TANGKAI BIRU NAVY DSR CREAM :: STELAN DWS MOTIF BUNGA KECIL HIJAU NAVY :: STL 13259 A/C 13169B CRINCLE :: PAMELA SETELAN RAYON KULOT JUMBO :: SENSO SETELAN RAYON  KULOT JUMBO :: BUNGA MATARAM - SETELAN KULOT JUMBO PENDEK :: RUMPUT PIRAMIDA - SETELAN KULOT JUMBO PENDEK :: KEMBANG API - SETELAN KULOT JUMBO PENDEK :: MATAHARI - SETELAN KULOT JUMBO PENDEK :: DIANA - SETELAN KULOT JUMBO PENDEK :: COKELAT JMB 130 - SETELAN ONE SET JUMBO :: HITAM JMB 130 - SETELAN ONE SET JUMBO
7,Alat dan Buku Tulis,Stationary and Books,1,9,A007,,241,209,6470,ALAT MENGGAMBAR / MELUKIS | ALAT TULIS | BUKU BACAAN | BUKU TULIS | DEKORASI & KELENGKAPAN PESTA | FILE ORGANIZER | KERTAS | PERALATAN UMUM | KARTU UCAPAN,"POTENTATE CONCERTINA BOOK 300GSM :: ARTO GLITTERING COLOUR CARD SILVER ISI 10 LEMBAR :: BAMBI COLOUR INDEX A4 :: MICROTOP MILIMETER BLOCK FOLIO (MC-51) :: RHODIA ORANGE STAPLED PAD N""11 A7 L 80 GRAM :: RHODIA BLACK STAPLED PAD A7 90 GRAM :: RHODIA BLACK STAPLED PAD A7 80 GRAM :: RHODIA ORANGE STAPLED PAD N""12 L 80 GRAM :: RHODIA ORANGE STAPLED PAD N""12 DOT 80GRAM :: RHODIA ORANGE STAPLED PAD N""13 A6 L 80 GRAM :: RHODIA ORANGE STAPLED PAD N""14 L 80 GRAM :: RHODIA BLACK STAPLED PAD ""N""14 5/5 80GRAM :: RHODIA ORANGE STAPLED PAD N""14 5/5 80GRAM :: RHODIA BLACK STAPLED PAD ""N""16 A5 5/5 80GRAM"
256,PERAWATAN HEWAN PELIHARAAN,,3,5,A005-08-01,"Hobi, Ibadah, dan Olahraga > HEWAN PELIHARAAN",230,179,398,PERALATAN PERAWATAN ANJING | PERALATAN PERAWATAN BURUNG | PERALATAN PERAWATAN HAMSTER | PERALATAN PERAWATAN IKAN | PERALATAN PERAWATAN KUCING,"DOGGIE MEDICATED SHAMPOO 240 ML :: DOGGIE TICK SHAMPOO 240 ML :: HIMA PET CAT LAVENDER 3IN1 100 ML :: HIMA PET CAT MIRACLE BLUE 3IN1 100 ML :: HIMA PET DOG LAVENDER 3IN1 100 ML :: HIMA PET DOG LAVENDER 3IN1 100 ML :: HIMA PET DOG SAKURA 3IN1 100 ML :: PAWSTORY DOG SHAMPOO ANTI FUNGAL & ITCH 600 ML :: PAWSTORY DOG 2 IN 1 SHAMPOO & CONDITIONER 600 ML :: PAWSTORY KITTEN FRESH SHAMPOO MILD, GENTLE & TEARLESS 600 ML :: BIO NATURAL CAT SHAMPOO LEMON 100 ML :: BIO NATURAL CAT SHAMPOO STRAWBERRY 100 ML :: BIO NATURAL DOG SHAMPOO STRAWBERRY :: BIO NATURAL CAT SHAMPOO APPLE"
29,MENJAHIT,,2,15,A005-03,"Hobi, Ibadah, dan Olahraga",225,178,991,BENANG | BIDAL | EMROIDERY HOOP (ALAS MERAJUT) | GUNTING JAHIT | JARUM | KAIN FELT | KAPUR JAHIT | MATA PLASTIK UNTUK PRAKARYA | NEEDLE THREADER (MATA NENEK) | PENDEDEL | PENITI | PITA,KOREK KUPING BESI :: KANCING CETET BESAR PUTIH :: KANCINGC CETET BESAR HITAM :: KAIT MASSAG :: OLI SINGER :: KANCING CETET HITAM 555 :: KANCING CETET PUTIH 555 :: KANCING KAIT NEMOTO :: PALLET MESIN BIRU :: KANCING JAS BSR ABU MUDA :: HOOK&LOOP COKLAT :: KANCING PDH HITAM :: KANCING PDH COKLAT :: KANCING LB 4 UNGU
111,SAYURAN SEGAR,,3,90,A001-06-05,Makanan dan Minuman > FRESH,222,192,582,ALANG-ALANG | ARAGULA | ASAM JAWA | ASPARAGUS | BAWANG BOMBAY | BAWANG MERAH | BAWANG PUTIH | BAYAM | BIT/BEETROOT | BROKOLI | BUNCIS | CABE,ONE FRESH SAMBELEN PACK :: ONE FRESH JERUK SAMBAL PACK :: ONE FRESH SURAWUNG PACK :: ONE FRESH LEUNCA PACK :: JERUK LIMO LF LEMBANG FARM :: LEMBANG FARM KLUWEK PACK :: JERUK NIPIS LF LEMBANG FARM PACK :: LUMBUNG PADI JERUK NIPIS :: WANGUNSARI FARM BASIL PACK :: WANGUNSARI FARM DAUN KETUMBAR PACK :: BUKIT PAKAR LOLOROSA ORGANIK PACK :: BUKIT PAKAR SIOMAK ORGANIK PACK :: GINGSENG ORGANIK 250 GR BARUKAI LEAF :: BLESS FARM BAYAM MERAH 250 GR
14,MAKANAN KECIL ,,2,7,A001-04,Makanan dan Minuman,220,40,4077,"COKLAT MAKANAN KECIL | COOKIES, BISKUIT DAN LAIN LAIN | KERIPIK | KACANG DAN SNACK LAINNYA | PERMEN MARSHMALLOW DAN LAIN LAIN | BINGKISAN SNACK | PUDDING & JELLY",EAST BALI CHOCO-LAH COCO CHIPS 30 GR :: EAST BALI CHOCO-LAH POP & CHOC 30 GR :: MAYASI BAWANG 12 GR :: KWACI GAJAH B :: KWACI BIJI SEMANGKA 200 GR :: MAYASI KWACI MILK FLAVOR 150 GR :: BHIMA KUACI SEA SALT 150 GR :: NARAYA SUNFLOWER SEEDS SPICES POUCH 150 GR :: BHIMA KUACI CAFELATTE 150 GR :: KWACI CHA CHA ORIGINAL 100 GR :: CHEEBHOT CUANKI KARI AYAM :: SEBLAK CINTA ORIGINAL 80 GR :: CHEETOS PUFFS CHEDDAR CHEESE 60 GR :: LAY'S SOUR CREAM ONION 55 GR
41,BUKU TULIS,,2,7,A007-04,Alat dan Buku Tulis,219,172,527,BUKU AGENDA / JURNAL | BUKU FOLIO | BUKU GAMBAR | BUKU KAS | BUKU KWITANSI | BUKU NOTA | BUKU TULIS,BUKU TULIS BIG BOSS CAMPUS 50 LEMBAR ISI 10 :: BUKU TULIS KIKY BOXY 42 LEMBAR ISI 10 :: BUKU TULIS KIKY BOXY 50 LEMBAR ISI 10 :: BUKU TULIS KIKY DIKTAT 40 LEMBAR ISI 5 :: BUKU TULIS VISION 38 LEMBAR ISI 10 :: BUKU TULIS VISION 58 LEMBAR ISI 10 :: BUKU TULIS VISION B5 42 LEMBAR ISI 6 :: BUKU TULIS OKEY 58 LEMBAR ISI 10 :: BUKU TULIS SIDU 38 LEMBAR ISI 10 :: BUKU TULIS SIDU 32 LEMBAR ISI 10 :: BUKU TULIS SIDU 58 LEMBAR ISI 10 :: BUKU TULIS MAXI CAMPUS 50 LEMBAR ISI 10 :: BUKU TULIS BIG BOSS 42 LEMBAR ISI 6 :: BUKU TULIS SIDU 100 LEMBAR ISI 5
1410,DETERJEN CAIR,,5,3,A003-02-02-01-02,Perawatan Diri & Rumah Tangga > Rumah Tangga > BAHAN LAUNDRY > DETERJEN PAKAIAN,218,147,246,DETERJEN CAIR UNTUK PAKAIAN ANAK ATAU BAYI | DETERJEN CAIR UNTUK PAKAIAN BATIK | DETERJEN CAIR UNTUK PAKAIAN DEWASA,MAX KLEEN DETERJEN LIQUID COLOR PROTECTION 600 ML :: MAX KLEEN DETERJEN LIQUID ANTI ODOR 700 ML :: BIOSOFT 375 ML :: RINSO GENTLE LIQUID 700 ML :: RINSO LIQUID ACTIVE FRESH 700 ML :: RINSO MOLTO LIQUID ROYAL GOLD LIQUID 700 ML :: ATTACK EASY LIQUID DETERGENT SPARKLING BLOOMING REFILL 1.2 LT :: RINSO MOLTO PERFUME ESSENCE LIQUID 1.65 LT :: RINSO MOLTO ANTI NODA LIQUID CLASSIC FRESH REFILL 700 ML :: ATTACK EASY LIQUID DETERGENT SWEET GLAMOUR REFILL 1.2 LT :: ATTACK PLUS SOFTENER LIQUID 1.2 LT :: RINSO MOLTO LIQUID ROSE FRESH REFILL 200 ML :: ATTACK EASY DETERJEN LIQUID LIVELY ENERGETIC REFILL 750 ML :: MOLTO CARE DETERGENT SPARKLING GLAMOUR REFILL 700 ML
449,TAS TRAVEL & KOPER,,3,3,A008-14-03,Fashion > TAS & KOPER,199,197,392,AKSESORIS TRAVEL & KOPER | KOPER KABIN | KOPER BAGASI,"TAS KARUNG JUMBO.. :: TAS KARUNG  40X45 :: TAS KARUNG B. :: TAS KARUNG A3 :: TAS KARUNG 50X55 :: KOPER POLO 18"" :: TAS BELANJA MOTIF UKURAN BESAR :: TAS BELANJA MOTIF UKURAN KECIL :: TAS BELANJA MOTIF UKURAN JUMBO :: TAS BELANJA MOTIF UKURAN SEDANG :: 1546 TAS TRAVEL :: 1535 TAS TRAVEL :: 1905-25 TRAVEL BAG :: COKLAT KECIL 38X38"
44,KERTAS,,2,9,A007-07,Alat dan Buku Tulis,173,153,446,KERTAS CONCORD | KERTAS CREPE | KERTAS FOLIO | KERTAS KADO | KERTAS KARTON | KERTAS MANILA | KERTAS MINYAK | KERTAS PRINTER | KERTAS STIKER,BIG BOSS LOOSE LEAF B5 ISI 100 LEMBAR :: BIG BOSS LOOSE LEAF PINK B5 ISI 100 LEMBAR :: BIG BOSS LOOSE LEAF YELLOW B5 ISI 50 LEMBAR :: BIG BOSS LOOSE LEAF RAINBOW B5 ISI 50 LEMBAR :: BIG BOSS LOOSE LEAF YELLOW A5 ISI 50 LEMBAR :: BIG BOSS LOOSE LEAF BLUE A5 ISI 50 LEMBAR :: BIG BOSS LOOSE LEAF GREEN A5 ISI 50 LEMBAR :: BIG BOSS LOOSE LEAF PINK A5 ISI 100 LEMBAR :: JOYKO LOOSE LEAF TITIK A5 ISI 50 LEMBAR :: JOYKO LOOSE LEAF KOTAK A5 ISI 50 LEMBAR :: JOYKO LOOSE LEAF A5 ISI 50 LEMBAR :: KENKO LOOSE LEAF GARIS A5 ISI 100 LEMBAR :: KENKO LOOSE LEAF GARIS A5 ISI 50 LEMBAR :: JOYKO LOOSE LEAF PLAIN B5 ISI 50 LEMBAR
2,Keperluan Anak dan Bayi,Baby and Kids,1,4,A002,,170,167,2894,PERAWATAN ANAK & BAYI | PERALATAN UNTUK ANAK & BAYI | PERLENGKAPAN ANAK & BAYI | GIFT SET ANAK & BAYI,ZWITSAL NATURAL BASIC PACK 350 GR :: ZWITSAL BABY NATURAL CARE SMALL BOX :: CB MILK BOTTLE BPA FREE 125ML RL :: TL-3665 TL DS. WARNA PRINT+APLIKASI DBK :: DMM 8011 HITAM DISNEY XBUNNY MM CHARACTER BOTTLE BRUSH WITH FOAM :: GL-1289 BIRU GELAS BAYI GAGANG 2 TINGGI :: TB-1600 PUTIH TEMPAT BEDAK SEGI ANTI PECAH :: TB-1521 PINK TEMPAT BDK DOBEL+KAPAS+C.BUDS :: TB-1507 PINK TEMPAT BEDAK KACANG :: BS-8004 MERAH BABY SET NEW BORN (SLIM) STK CAP :: PT-0001 NASAL ASPIRATOR :: GL-1286 BIRU GELAS BAYI GAGANG 2 :: TB-1518 PINK TEMPAT BEDAK KECIL :: TB-1600 PINK TEMPAT BEDAK SEGI ANTI PECAH
1546,TEMPAT PENYIMPANAN LAINNYA,,6,4,A003-02-05-01-03-06,Perawatan Diri & Rumah Tangga > Rumah Tangga > Peralatan & Perlengkapan Rumah Tangga > PERALATAN RUMAH TANGGA > PERALATAN DAN PENYIMPANAN DI DAPUR,169,155,270,JERIGEN  | TONG AIR | KONTAINER | BOTOL SPRAYER,TRAVESSA LONG 0563 :: TRAVESSA LARGE 0562 :: TRAVESSA MEDIUM 0561 :: TIDY MESH LARGE 0558 :: TRAVESSA SMALL 0560 :: TIDY MESH SMALL 0556 :: CA-13 REVO STORAGE BOX 10LTR :: KOTAK TEMPAT ANTIBACTERIAL MASK :: GREEN LEAF TEMPAT PENSIL 1421 :: GREEN LEAF TEMPAT PENSIL 1422 :: TEMPAT TUSUK GIGI :: TEMPAT TUSUK GIGI PORTABLE :: TEMPAT TUSUK GIGI JACKY 5220 :: 0670 KERANJANG PULL N PUSH (WARNA RANDOM)
428,SEPATU ANAK & BAYI LAKI-LAKI,,3,7,A008-11-01,Fashion > SEPATU ANAK & BAYI,168,161,886,KAUS KAKI ANAK & BAYI LAKI-LAKI | SANDAL ANAK LAKI-LAKI | SANDAL GUNUNG ANAK LAKI-LAKI | SEPATU BOOTS ANAK LAKI-LAKI | SEPATU OLAHRAGA ANAK LAKI-LAKI | SEPATU SLIP ON ANAK LAKI-LAKI | SEPATU SNEAKERS ANAK LAKI-LAKI,SEPATU ZEIN-01 SC BLACK/WHITE 31-34 :: SEPATU GLASGOW-01 LC BLACK/WHITE 31-34 :: MOTIK SCHOOL LOW B/W :: SEPATU R CG CONFERO M PUTIH/ABU 34-37 :: SEPATU R SUPER KIDS 19 SITRUN/BIRU MUDA 26-31 :: SEPATU R SUPER KIDS 17-B ABU/BIRU MUDA 26-30 :: SEPATU R SUPER KIDS 17-B ABU/BIRU MUDA 31 :: SEPATU R SUPER KIDS 04-B BIRU/SITRUN 26-31 :: SEPATU R SUPER KIDS 17-B HITAM/MERAH 26-31 :: SEPATU R HM-ALVEZ M HITAM/PUTIH 34-37 :: RENO JR COKLAT 32-37 :: NICHOLAS JR BIRU 32-37 :: RENO JR HITAM 32-37 :: NICHOLAS JR ABU 32-37
1795,CARDINAL NORMAL,,4,8,Z003-B001-05-01,UNUSED > AREA DISPLAY > CARDINAL,166,166,333,JEANS | FORMAL | COTTON | FEMME | LADIES | KEMEJA | CASUAL | GIRL,EBCBR00908B 03K :: CAPAR00480P 02H :: EAIAR02296P 01A :: EBCBS01002B 03F :: CAKAR02920P 07D :: EAIAR02183P 11F :: EBCBR00911B 03D :: CAPAR00358P 02H :: FAHAI00398J 08A :: EAKAR01825P 04B :: EBUBR00339B 01B :: GAGADG0076J 05Z :: EBUBR00339K 01B :: EAKAR01737P 02H
93,BUMBU DAPUR,,3,9,A001-05-03,Makanan dan Minuman > MAKANAN & BAHAN MAKANAN,148,59,856,BUMBU MASAK INSTAN | BUMBU PENYEDAP | GARAM | BUMBU REMPAH | BAWANG GORENG | SANTAN | BUMBU DAPUR LAINNYA | TEPUNG BUMBU INSTAN | CABAI BUBUK,CHILLIQU SAMBAL TABUR BOTOL 90 GR :: SASA BONTABUR SACHET LEVEL 20 ISI 12 @7GR :: SASA BONTABUR  ORI LV 35 ISI 12 @4.5GR :: DAESANG CANARY SAUCE 500 ML :: SESAME OIL MINYAK WIJEN MATAHARI 300 ML :: SAORI SAUS PEDAS ALA SZECHUAN 33 ML :: TEPUNG TEMPE KRIUK KOBE 30 GR :: OC CABAI BUBUK LV.10 80 GR :: TEPUNG BUMBU SERBAGUNA SAJIKU 40 GR :: OC CABAI BUBUK LV.7 60GR :: POCKET CHEF YELLOW CURRY :: BUMBU TAHU & TEMPE GORENG SAJIKU 10 GR :: MAMASUKA BUMBU RENDANG 25 GR :: MAMASUKA AYAM GORENG 35 GR
448,TAS PRIA,,3,9,A008-14-02,Fashion > TAS & KOPER,142,133,1216,DOMPET PRIA | TAS CLUTCH PRIA | TAS DUFFLE PRIA | TAS KANTOR PRIA | TAS MESSENGER PRIA | TAS PINGGANG PRIA | TAS RANSEL LAPTOP PRIA | TAS RANSEL PRIA | TAS SELEMPANG PRIA,16803 TAS ABG (I) 2014 :: 16803 TAS ABG (I) 507 :: 16803 TAS ABG (I) 8933 :: 16803 TAS ABG (I) 2606 :: 16803 TAS ABG (I) ZJY506 :: 16803 TAS ABG (I) 8706 :: 16803 TAS ABG (I) 935 :: 16803 TAS ABG (I) 934 :: 16803 TAS ABG (I) 40630 :: 931029999 KALIBRE TOILETRIES PACKING :: 931042999 KALIBRE DRAWSTRING POUCH SIZE :: 931060999 KALIBRE TOILETRIES TRAVEL :: 300821BR PALAZZO BACKPACK :: 34685BR PALAZZO MULTI FUNGSI
26,PERLENGKAPAN PERBAIKAN RUMAH,,2,24,A004-03,Perbaikan Rumah,136,127,1040,ALAT PEMADAM KEBAKARAN | BRACKET DINDING UNTUK TV | DUCT KABEL (RUMAH KABEL) | ENGSEL SIKU DINDING | FLOOR DRAIN (LUBANG PENUTUP SALURAN PEMBUANGAN AIR / SARINGAN GOT) | GEMBOK RUMAH | HELM KESELAMATAN / HELM PROYEK (SAFETY) | KERAN AIR | KLEM KABEL | KOTAK PERKAKAS (TOOL BOX) | LAMPU DARURAT (EMERGENCY LAMP) | PIPA,HANDLE PINTU 513 :: HANDLE LACI 2PCS :: TARIKAN PINTU 61 :: TARIKAN PINTU 2PC 4 :: TARIKAN HUBEN TPS-10 128 :: TARIKAN PINTU 515 :: HANDLE LACI KT 64 :: HANDLE LACI 2PC 3 :: BALVALVE TJ 3/4 :: WATER LEVEL CONTROL SWITCH ONDA (RADAR) :: INT RDR-2 SYNOTT RADARING (ISI AIR) :: RADAR ST 70 AB DEAPUMP :: GANTUNG SMALL 4PC :: KARUNG 60@100
107,BUAH,,3,30,A001-06-01,Makanan dan Minuman > FRESH,136,119,346,ALPUKAT | ANGGUR | APEL  | BELIMBING | BENGKUANG | BLEWAH | DURIAN | JAMBU | JERUK | JERUK BALI | KIWI | KURMA,"ONE FRESH GOLDEN BERRY :: PEAR CENTURY CHINA 60S :: ANGGUR SHINE MUSCAT 500gr :: SNOW WHITE MUSHROOM ""IF"" :: JERUK PONKAM ""IF"" :: LENGKENG PACK 1KG IF :: ANGGUR RED GLOBE AUSTRALIA :: JERUK MANDARIN WOGAN ""IF"" :: APEL ROYAL GALA USA :: APEL ENVY NZ ENZA ""IF"" :: ANGGUR RUBY GEM CHINA 500GR :: JERUK SHANTANG DAUN ""IF"" :: LEMON AUST VITOR ""IF"" :: JERUK HONEY MURCOT ARGT"
151,PENGHARUM RUANGAN,,3,3,A003-02-04,Perawatan Diri & Rumah Tangga > Rumah Tangga,135,107,258,PENGHARUM RUANGAN ELEKTRIK | PENGHARUM RUANGAN GANTUNG | SEMPROTAN PENGHARUM RUANGAN,STELLA CLIP ON POCKET LUXURIOUS FLOWER GARDENIA SET 14 GR :: STELLA CLIP ON POCKET EXOTIC FRUIT INFUSION SET 14 GR :: STELLA CLIP ON POCKET LUXURIOUS FLOWER GARDENIA REFILL 14 GR :: STELLA CLIP ON POCKET EXOTIC FRUIT INFUSION REFILL 14 GR :: STELLA POCKET BATHROOM ISI 3 66 GR :: PENGHARUM RUANGAN DAHLIA JERUK BUY 2 GET 1 :: STELLA BATHROOM FRESH GREEN 42 GR :: STELLA FINESSE PENGHARUM LEMARI LAVENDER 20 GR :: STELLA FINESSE PENGHARUM LEMARI ROSE 20 GR :: FRESHGO AMAZING VIOLA 30 GR :: FRESHGO LOVELY YELLOW 30 GR :: FRESHGO NATURAL WOODY 30 GR :: FRESHGO SUNNY FRESH 30 GR :: GLADE HANG IT FRESH LAVENDER 8 GR
1649,PISAU,,7,3,A003-02-05-01-03-01-30,Perawatan Diri & Rumah Tangga > Rumah Tangga > Peralatan & Perlengkapan Rumah Tangga > PERALATAN RUMAH TANGGA > PERALATAN DAN PENYIMPANAN DI DAPUR > ALAT DAPUR & AKSESORIS DAPUR,133,124,195,PISAU BIASA | PISAU BUAH | PISAU DAGING,HOMLIV ORENO PANJANG PISAU SELAI :: GOBED :: PISAU DONY 105 BUNGA/BASS :: PISAU 301 FRUIT KNIFE :: PISAU SAYUR  DONY DN 45 :: PISAU LIPAT MINI (WARNA RANDOM) :: PISAU BAGUS YAMAZAKI UTILITY KNIFE 5 INCH W-22543 :: PISAU BUTTERFLY/ GAGANG BULAT K A-501 :: PISAU IDEAL ID119  ( WARNA RANDOM) :: F02-03 PISAU STEAK PEGANGAN WIJEN DA YANG :: PISAU DAPUR STAINLESS SARUNG :: PISAU UNIVERSAL PEGANGAN WIJEN DA YANG F02-05 :: PISAU SARUNG LUBANG (WARNA RANDOM) :: PISAU SARUNG GARIS (WARNA RANDOM)
78,MINUMAN DALAM KEMASAN,,3,16,A001-02-01,Makanan dan Minuman > MINUMAN,131,83,2251,AIR MINERAL | SUSU | JUS BUAH & SAYURAN | MINUMAN BERPROTEIN | MINUMAN DENGAN AGAR/ JELLY | MINUMAN DENGAN CINCAU | MINUMAN DENGAN LIDAH BUAYA | MINUMAN DENGAN NATA DE COCO (KELAPA) | MINUMAN ENERGI | MINUMAN KESEHATAN | MINUMAN RASA BUAH | MINUMAN RINGAN (SODA),ULTRA SARI KACANG IJO 150 ML :: TEH KOTAK APEL 300 ML :: TEH KOTAK JASMINE 500 ML :: ULTRA SARI ASEM ASLI  250 ML :: TEH KOTAK LEMON 300 ML :: ULTRA SARI KACANG IJO 250 ML :: TEH KOTAK BLACKCURRANT 300 ML :: TEH KOTAK JASMINE 300 ML :: TEH KOTAK JASMINE LESS SUGAR 300 ML :: SCHWEPPES GINGER ALE CAN 330 ML :: SCHWEPPES AIR TONIK CAN 330 ML :: RAUCH FRUIT JUICE RED GRAPE 900 ML :: COUNTRY CHOICE APPLE 1 LT :: COUNTRY CHOICE GUAVA 1 LT
390,PAKAIAN ANAK PEREMPUAN,,3,8,A008-03-02,Fashion > FASHION ANAK & BAYI,124,124,2681,ATASAN ANAK PEREMPUAN | BAJU LUARAN ANAK PEREMPUAN | BAWAHAN ANAK PEREMPUAN | PAKAIAN DALAM ANAK PEREMPUAN | PAKAIAN MUSLIM ANAK PEREMPUAN | PLAYSUIT / JUMPSUIT ANAK PEREMPUAN | SET PAKAIAN ANAK PEREMPUAN | TERUSAN ANAK PEREMPUAN,2563006 M STL CE CP KCG MIX GBR OVD LRS :: 811211 KY YUNYNY BAN BINTANG BDR :: SL 83558 MIHI2 STL TPDK CW SBL CUTE :: BK 83565 IGLOO ROK TPDK RMP APL BUNGA :: SL 83434 CHILLY.W STL TPJG SBL 19898 :: BK 83564 IGLOO ROK TPDK RMP PITA PRIN :: BLUS BABY :: OVERALL CE 125 :: BLUS LE 5608 :: DRESS BABY :: DRESS 2535/2525 :: DRESS ROMPI RAJUT :: OVERALL BALON :: STL CLN CE
395,BATIK PRIA,,3,2,A008-04-04,Fashion > FASHION PRIA,123,123,332,BATIK LENGAN PANJANG PRIA | BATIK LENGAN PENDEK PRIA,16180130 KMJ BATIK KTN :: 16180101 KMJ BTK KTN :: 16180095 KMJ BATIK KTN :: 16180146 KMJ BATIK KTN :: 16190024 KMJ BATIK KTN :: 16190045 KMJ BATIK KTN :: 16080058 KMJ BATIK KTN :: 16080070 KMJ BATIK KTN :: 16180133 KMJ BATIK KTN :: 16190044 KMJ BATIK KTN :: 32.09.507 KMJ BATIK L/S (DG) :: HEM ALB :: HEM ALB 2XL :: HEM 2XL KZ
452,SERAGAM SEKOLAH,,3,5,A008-15-02,Fashion > SERAGAM & ATRIBUT SEKOLAH,118,107,843,SERAGAM SD | SERAGAM SMP | SERAGAM SMA | SERAGAM PANGSI | SERAGAM PRAMUKA,"CELANA PDL COKLAT 24 25 26 :: CLN PDL HITAM 24,25,26 :: CLN PDL HITAM 31,32,33,34 :: CELANA PDL HITAM 27,28,29,30 :: CELANA PDL COKLAT 27,28,29,30 :: ATASAN  KEBAYA PUTIH 10/12 :: ATASAN KEBAYA 7/9 :: ROK PJG REMPEL ATAS HITAM M :: ROK PJG REMPEL BAWAH HITAM 4L :: ROK PANJANG REMPEL ATAS PUTIH 4L :: CELANA PANJANG HITAM 30 :: KEMEJA PANJANG POLOS XL :: ROK PJG REMPEL  ATAS HITAM S :: ROK PANJANG REMPEL ATAS PUTIH L"
402,BAWAHAN WANITA,,3,9,A008-05-05,Fashion > FASHION WANITA,109,108,1599,CELANA CROP WANITA | CELANA PANJANG WANITA | CELANA PENDEK WANITA | JEANS WANITA | LEGGING WANITA | ROK MAXI WANITA | ROK MIDI WANITA | ROK MINI WANITA | STOCKING WANITA,CLN SHORT 2L PTH DWS :: CLN SHORT L PTH LB DWS :: CLN SHORT 3L ABU DWS :: CLN SHORT 2L MILO DWS :: LEGING PJ XL MERAH DWS :: CLN SHORT 5L ABU DWS :: CLN SHORT 2L HTM DWS :: CLN SHORT 5L PTH DWS :: CLN SHORT 4L PTH DWS :: CLN SHORT 1L PTH DWS :: CLN SHORT 4L MILO DWS :: CLN SHORT 3L HTM DWS :: CLN SHORT 1L HTM DWS :: CLN SHORT 3L NAVY LB DWS
37,ALAT ELEKTRONIK RUMAH LAINNYA,,2,23,A006-03,Elektronik,107,102,1126,ALAT PRESS PLASTIK (IMPULSE SEALER) | AMPEREMETER | ANTENA TV | BATERAI | BOHLAM | DOOR BELL (BEL RUMAH) | EMERGENCY LAMP (LAMPU DARURAT) | GLUE GUN | HAIR CLIPPER | HAIR CURLING  | HAIR DRYER | HAIR STRAIGHTENER (CATOKAN RAMBUT),LAMPU TIDUR DORAEMON :: LAMPU TIDUR BUNGA KZ-123 :: LAMPU TIDUR ANTENA PAYUNG :: PIOLINE FLOOF LIGHT NANO 10 WATT :: SOLDER LISTRIK KENMASTER 40 WATT :: MCB POWELL 1 FASE 4A BIRU :: R.AC JOKER 6000 :: CHARGER MS 07 :: LP TDR DALMANTION :: LP TDR ATN TULIP :: R TV PREMIO 51 :: LP TDR HELLO KITTY B :: R TV 52 PREMIO :: LAMPU BELAJAR VDR 008 + LP
1442,PERLENGKAPAN LAINNYA,,5,4,A003-02-05-02-05,Perawatan Diri & Rumah Tangga > Rumah Tangga > Peralatan & Perlengkapan Rumah Tangga > PERLENGKAPAN RUMAH TANGGA,107,98,363,BENDERA MERAH PUTIH | RAK SIKU | TAPLAK MEJA | TIKAR,GANTUNGAN TEMPEL DINDING HITAM :: ALAT PEMUKUL LALAT ( WARNA RANDOM ) :: KOTAK SEPATU UKURAN  BESAR 31.5 ( WARNA RANDOM ) :: RAK JASMINE SS 4 :: RAK JASMINE SS 5 :: RAK SEPATU RAINBOW SS4 :: RAK SEPATU RAINBOW SS5 :: RAK JASMINE SS 3 :: RAK SEPATU FIGARO SS 4 :: GANTUNGAN TARIK DORONG :: GANTUNGAN TUTUP CLOSED :: GANTUNGAN KIBLAT :: GANTUNGAN DILARANG PARKIR :: GANTUNGAN MUSHOLA
50,FASHION PRIA,,2,7,A008-04,Fashion,105,105,6502,PAKAIAN TIDUR PRIA | ATASAN PRIA | BAJU LUARAN PRIA | BAJU MUSLIM PRIA | BATIK PRIA | BAWAHAN PRIA | PAKAIAN DALAM PRIA,25E CTP M 840 HT 35 :: 25H 596 M 542 HT 50 :: 25I CBIG F 964 IV 35 :: 25J CRP F 974 PI 31 :: 24L CTP M 767 AB 35 :: 25I CBIG F 964 BR 35 :: 25E 575 F 366 KH 52 :: 25E CTP M 839 HT 35 :: 25J CRP F 968 PI 31 :: 25G CGP F 877 CK 35 :: 256 CGP F 895 HT 35 :: 24K 579 M 348 AB 52 :: 25I CTP M 932 KH 35 :: 25G CTD M 874 HT 35
270,PERLENGKAPAN KOMPUTER,,3,14,A006-02-01,Elektronik > ALAT ELEKTRONIK KANTOR & GADGET,104,84,487,ALAT PEMBERSIH KOMPUTER (LCD CLEANER) | BLUETOOTH DONGLE | CD DVD | GAMING PAD (STICK UNTUK MAIN GAME) | HARD DISK EXTERNAL | HEADPHONE | HEADSET | KEYBOARD | MOUSE | MOUSE MAT | PENGUAT SINYAL WIFI (WIFI BOOSTER/EXTENDER) | ROUTER WIFI,NA COOLPAD LIPAT MINI 919 :: KABEL TESTER/LAN TESTER :: WEB CAMERA LOGITECH C 270 HD :: HAVIT WEBCAM HV-N5086 :: NA COOLPAD 1 BIG FAN-BC198/MCP19 BESI :: MEDIA POINTER WIRELLES RLP801 :: LASER POINTER PP-1000 :: CARD READER 4 SLOT USB :: WIRELESS PRESENTER PP-1000 :: CRIMPING TOOLS. :: CARD READER 4 SLOT PUTAR :: CR 4 SLOT TRANSP :: ILLUSION GAMING MOUSE PAD 35@25 :: MOUSEPAD GAMING RGB
429,SEPATU ANAK & BAYI PEREMPUAN,,3,9,A008-11-02,Fashion > SEPATU ANAK & BAYI,104,98,592,KAUS KAKI ANAK & BAYI PEREMPUAN | SANDAL ANAK PEREMPUAN | SANDAL GUNUNG ANAK PEREMPUAN | SEPATU BOOTS ANAK PEREMPUAN | SEPATU FLAT DAN SEPATU BALET ANAK PEREMPUAN | SEPATU OLAHRAGA ANAK PEREMPUAN | SEPATU SLIP ON ANAK PEREMPUAN | SEPATU SNEAKERS ANAK PEREMPUAN | SEPATU WEDGES ANAK PEREMPUAN,SEPATU R JM-KYLIE M HITAM/HITAM 33-36 :: SEPATU R JM-KYLIE M HITAM/PUTIH 33-36 :: SEPATU R JM-KEISHA M HITAM/HITAM 33-36 :: SEPATU R JM-DONNA M HITAM/HITAM 33-36 :: SEPATU R JM-DONNA M HITAM/PUTIH 33-36 :: SPORT A 008 UNGU 26-30 :: COLLIN G874-T SPT LOL 32-36 :: ELKANA HITAM 32-37. :: ELKANA HITAM/FUSHIA 32-37. :: SLAVA PUTIH 23-27 DANS :: SPT SP19 SP14 :: SPT SR07 SR11 :: SPT SI09 SI421 :: SPT SP20 SP21
1674,KERANJANG DAPUR,,7,4,A003-02-05-01-03-04-01,Perawatan Diri & Rumah Tangga > Rumah Tangga > Peralatan & Perlengkapan Rumah Tangga > PERALATAN RUMAH TANGGA > PERALATAN DAN PENYIMPANAN DI DAPUR > KERANJANG & TEMPAT SAMPAH,102,100,165,BESEK ANYAMAN | KERANJANG ANYAMAN | KERANJANG TELUR BESI | KERANJANG UNTUK AIR MINERAL GELAS,KERANJANG ROTUNDA 0565 :: KERANJANG ROTUNDA 0564 :: KERANJANG DAICHI OVAL :: GREEN LEAF KERANJANG GABBY 1733 ( WARNA RANDOM ) :: GREEN LEAF KERANJANG GABBY 1732 ( WARNA RANDOM ) :: GREEN LEAF KERANJANG GABBY 1731 ( WARNA RANDOM ) :: WAKUL TULIP 10 ( WARNA RANDOM ) :: RC-012 MONOCHROME STORAGE BASKET SMALL ( WARNA RANDOM ) :: KONTAINER MINI DOROTA 3301 ( WARNA RANDOM ) :: BW-26 SQUARE BASKET SMALL ( WARNA RANDOM ) :: KONTAINER MINI DOROTA 3302 ( WARNA RANDOM ) :: VIOLA WAKUL TULIP 12 ( WARNA RANDOM ) :: 3303 GREEN LEAF KONTAINER MINI DOROTA ( WARNA RANDOM ) :: MONOCHROME STORAGE BASKET LARGE 340@168@122 MM ( WARNA RANDOM )
1275,KOPER BAGASI,,4,2,A008-14-03-03,Fashion > TAS & KOPER > TAS TRAVEL & KOPER,100,91,100,KOPER BAGASI HARD CASE | KOPER BAGASI SOFT CASE,"TRAVEL BAG DBZ 9007 28"" GOLD :: TRAVEL BAG M6989 20'' ROSE GOLD :: TRAVEL BAG M6989 28"" L.BLUE :: TRAVEL BAG M6989 28"" ROSE GOLD :: TRAVEL BAG M6910 24"" D GREEN :: TRAVEL BAG TB-PP03 19'' ROSE GOLD :: TRAVEL BAG M6910 28"" L BLUE :: TRAVEL BAG 9019 24"" ROSE GOLD :: TRAVEL BAG TB-PP01 21'' D.BLUE :: TRAVEL BAG M6910 24"" L BLUE :: TRAVEL BAG 9015 24 LT GREEN :: TRAVEL BAG M6989 20"" L.BLUE :: TRAVEL BAG M6910 24"" ROSE GOLD :: TRAVEL BAG M6939 28"" D. GREY"
45,PERALATAN UMUM,,2,30,A007-08,Alat dan Buku Tulis,98,84,1632,AMPLOP | BAKI KERTAS (PAPER TRAY) | BINDER CLIP | BOOK END (PENYANGGAH BUKU) | CAP/STEMPEL | CELENGAN | CUTTER & REFILL | CUTTING MAT | DESK SET | GUNTING KERTAS | HOLE PUNCHER | KALKULATOR,KEY RING JOYKO KR-6 :: DELIE MAGNET 7824 :: PUSH PIN JOYKO PP-30 :: 8868 08 BANTEX ID CARD TRANSPARANT PORTRAIT + LANYARD :: NAME TAGE MULTI (PAK/50) :: PUSH PIN JOYKO PP-30TR :: ID CARD TEGAK 2MK T017/5BJ :: TALI JD KILAP BIRU :: PLASTIK NAME TAGE UK BSR (100/PAK) :: AJ-10 DESK SPEAR CD-7008 TUSUKAN BON :: DRAFTING TUBE V-TEC NO. 5003 :: KACA PEMBESAR JOY-ART MF-90 :: KACA PEMBESAR MF - 60 :: KACA PEMBESAR JOY-ART MF-50
939,KAMPER / KAPUR BARUS (CAMPHOR/NAPHTALENE BALL),,4,2,A003-02-01-03,Perawatan Diri & Rumah Tangga > Rumah Tangga > ANTI HAMA & SERANGGA,97,81,140,KAMPER / KAPUR BARUS (CAMPHOR/NAPHTALENE BALL) DENGAN GANTUNGAN | KAMPER / KAPUR BARUS (CAMPHOR/NAPHTALENE BALL) TANPA GANTUNGAN,DAHLIA TOILET BALL FRESH LAVENDER ISI 3 120 GR :: SWAN TWIN BALL ISI 2 @ 150GR :: SWALLOW TWIN BALL ISI 2 @ 150GR :: SWALLOW PENGHARUM MY FLOWER POISSON KAMPER 70 GR :: SWALLOW MY FLOWER AMARO KAMPER 71 GR :: SWALLOW MY FLOWER LAVENDER KAMPER 72 GR :: DAHLIA NAPHTHALENE PUTIH 25 GR :: DAHLIA NAPHTHALENE 100 GR :: DAHLIA NAPHTHALENE 300 GR :: SWALLOW NAPHTHALENE BAG WARNA 35 GR :: SEA GULL NAPHTHALENE 150 GR :: SWAN NAPHTHALENE DISK BALL 100 GR :: BAGUS NAPHTHALENE BALL 150 GR :: NAPHTHALENE BAGUS 300 GR
406,PAKAIAN TIDUR WANITA,,3,4,A008-05-09,Fashion > FASHION WANITA,96,96,628,DASTER WANITA | PIYAMA ATASAN WANITA | PIYAMA BAWAHAN WANITA | PIYAMA SET WANITA,A 715 D OBL :: A857 D.OBL :: A 747 3/4 :: A864 3/4 :: A840 3/4 :: A 859 CP :: A854 3/4 :: A 717 D OBL :: A864 CP :: A857 3/4 :: A869 OPDK XL2L :: A857 HP :: A 735 HP :: A 562 PP XL-2L
88,KACANG DAN SNACK LAINNYA,,3,5,A001-04-04,Makanan dan Minuman > MAKANAN KECIL ,94,41,629,"GRANOLA BAR & NUTRISI BAR | KACANG, BIJI BIJAN, DAN BUAH KERING | POPCORN | RUMPUT LAUT | JAJANAN TRADISIONAL",MAYASI SNACK HOT SENZA SAMBAL MATAH 65 GR :: MAYASI SNACK LOMBOK HIJAU 65 GR :: MAYASI PEDAS 12 GR :: MAYASI KORO-KORO KEJU 12 GR :: DUA KELINCI KACANG OVEN JAGUNG BAKAR 65 GR :: DUA KELINCI KACANG OVEN BAWANG 65 GR :: DUA KELINCI KACANG OVEN PEDAS 65 GR :: DUA KELINCI MARNINGKU BAWANG PUTIH 65 GR :: TONG GARDEN HONEY ROASTED CASHEW NUTS 40 GR :: TONG GARDEN SALTED MACADAMIAS 35 GR :: TONG GARDEN PARTY SNACK 40 GR :: TONG GARDEN BBQ SUNFLOWER 30GR :: TONG GARDEN SALTED PUMPKIN 30 GR :: TONG GARDEN SALTED SUNFLOWER 30 GR
653,ROTI,,4,2,A001-05-15-05,Makanan dan Minuman > MAKANAN & BAHAN MAKANAN > SEREAL & SARAPAN,94,66,193,ROTI TAWAR | ROTI LAINNYA,SHARON BAGELEN ROOMBUTTER 200 GR :: SHARON STEAMED CHEESE BANANA 80 GR :: SHARON STEAMED CHEESE CAKE 80 GR :: SHARON STEAMED CHEESE CAKE COKLAT 80 GR :: SHARON SANDWICH BLUEBERRY CREAM 65 GR :: SHARON SANDWICH CHEESE CREAM 65 GR :: SHARON SANDWICH CHOCOLATE CREAM 65 GR :: SHARON SANDWICH STRAWBERRY CREAM 65 GR :: SHARON CREAM MESSES 200 GR :: SHARON ROTI SISIR MENTEGA 140 GR :: SHARON DORAYAKI COKLAT 65 GR :: SARI ROTI CHOCO BUN :: SARI ROTI CHOCO CHEESE BUN :: SARI ROTI SANDWICH BLUEBERRY
1672,TEMPAT PENYIMPANAN MAKANAN,,7,7,A003-02-05-01-03-03-01,Perawatan Diri & Rumah Tangga > Rumah Tangga > Peralatan & Perlengkapan Rumah Tangga > PERALATAN RUMAH TANGGA > PERALATAN DAN PENYIMPANAN DI DAPUR > TEMPAT PENYIMPANAN MAKANAN & MINUMAN,88,82,1180,KOTAK MAKAN PLASTIK | RANTANG STAINLESS | TOPLES | ZIPPER BAG | KOTAK MAKAN KERTAS UNTUK CATERING | BOX PENYIMPANAN MAKANAN | TEMPAT BUMBU,BN015 FOOD TRAY FIESTA M :: C41 ANGOLA KOTAK PENYIMPANAN DENGAN SARINGAN :: WADAH SARINGAN KOTAK :: KOTAK ROTI IMPERIAL 7010 :: FG-CR009.TIRS/6P RICE STORAGE 8KG :: FOOD CASE KECIL BF001 ( WARNA RANDOM ) :: MASPION CUTLERY SET STAR BCK009 :: ALUMUNIUM FOIL TRAY - OX-6005  ISI 5 PCS :: OX-1400 ALUMUNIUM FOIL TRAY TANPA TUTUP :: ALUMUNIUM FOIL - OX1233 ISI 5 PCS :: ALUMUNIUM FOIL TRAY - OX-8550 ISI 5 PCS :: OX-1225 ALUMUNIUM FOIL TRAY TANPA TUTUP ISI 5 PCS :: OX-250 ALUMUNIUM FOIL TRAY TANPA TUTUP ISI 5 PCS :: CUP SAUS KLIP 25 ML ISI 5 PCS
403,GAUN,,3,4,A008-05-06,Fashion > FASHION WANITA,83,83,87,GAUN KASUAL | GAUN KERJA | GAUN MALAM | GAUN PESTA,DRESS :: D9252 HT DRESS POLOS :: D9252 MOCCA DREES POLOS :: D9252 TERRA DREES POLOS :: D62511 DRESS :: DRESS SERA :: TM-55000 MAXI DRESS SHETTY :: TM-52502 DRESS MIDI SARAH :: DRESS 59000 :: DRESS 59006 :: DRESS MOTIF STELLA :: DRESS BLUDRU KRAH :: DRESS CORDUROY :: DRESS BLUDRU
39,ALAT TULIS,,2,8,A007-02,Alat dan Buku Tulis,77,69,1038,PEN | PENGHAPUS | PENSIL | SPIDOL | STABILO | TIPPEX | SERUTAN | CLIPBOARD,KAPUR TULIS WARNA SARJANA :: SUPERFINE LEADS 0.7 2B :: SUPERFINE LEAD 0.5 2B ECO BLUE/GREEN/PINK/YELLOW TUBE :: ISI PENSIL JOYKO 2B 12G :: SUPERFINE LEADS 0.5 2B :: PAKET BELAJAR ONLINE 119059 :: 119057 PAKET UJIAN MANTAP :: LEAD SUPERFINE GRIP 2B 0.5MM TUBE (DARK BLUE/ LIGHT BLUE/ PINK) :: 12872032 LEAD SUPERFINE GRIP 2B 0.5MM TUBE PINK :: KAPUR TULIS PUTIH/SARJANA :: LABEL 103(PK/25) :: NAME CARD SET + TALI ID :: NAME TAG LANYARD :: ISI GEL JOYKO GPR-200 HT ISI 24
80,KOPI INSTAN (RTD),,3,2,A001-03-02,"Makanan dan Minuman > COKLAT, KOPI & TEH",77,40,130,KOPI RTD KEMASAN BOTOL/ PACK | KOPI RTD KEMASAN KALENG,NESCAFE UHT COFFEE CREAM 200 ML :: FRESTEA LYCHEE 500 ML :: KAPAL API WHITE COFFEE RTD 200 ML :: JAVACAFE LATTE 240 ML :: ABC KOPI SUSU NOW ISI 10 @ 28GR :: ABC MIX ISI 10 @ 25GR :: KAPAL API SPECIAL MIX ISI 20 @ 24GR :: KAPAL API MOCHA ISI 10 @ 30GR :: KAPAL API LAMPUNG 185 GR :: KAPAL API KOPI SUSU BOX ISI 5 @ 31GR :: KAPAL API SIGNATURE 2IN1 ISI 5 @ 25GR BOX :: KAPAL API FLORES MANGGARAI EASY DRIP ISI 5 @ 10GR :: KAPAL API LUWAK BLEND EASY DRIP ISI 3 @ 10GR :: TOP KOPI MOCCA ISI 20 @30GR
74,ALAT LAINNYA,,2,10,A010-08,Mainan dan Alat Lainnya,76,76,197,ALAT REFLEKSI | BUBBLE WRAP  | KOMPAS | PENGGARUK PUNGGUNG | SENDAL KESEHATAN | SLEEPING BAG | TENDA | TERPAL | TONGKAT JALAN | TONGKAT PATROLI,28082 FUNDOH BIG COMBO 2PC REFILL :: 21026P MOBIL POLISI BO SIRINE :: DE101 PISTOL POLICE + ACC 5 :: MD3613 SUPER YOYO KARET METALIC :: OCT201 ANIMAL KTG :: S6882C PISTOL SWAT WARNA :: 888 XG25 GANSING BOLA :: TY03200066 VINYL ISI 12 ANIMAL :: JM2222C BARBIE KEMBAR :: 8889B BARBIE SET SHOPPING :: IM2101 BUBBLE GUN 6 MATA :: UB23 RUBBER STICK LABUBU :: RKC020461 FC MOBIL POLISI (M) KTG :: WM919 ROBOT DANCE SPIDER
378,AKSESORIS RAMBUT DEWASA,,3,4,A008-02-02,Fashion > AKSESORIS FASHION DEWASA,75,64,1195,BANDO & BANDANA DEWASA | IKAT RAMBUT DEWASA | JEPIT RAMBUT DEWASA | SISIR DEWASA,BORMA PUFF BESAR :: BORMA SPON ISI 2 :: BORMA SPON BULAT :: BORMA SPON PERSEGI :: BANDO TANPA BUSA :: SIRKAM PLASTIK A :: JP PSG HARNET :: BD SIRKAM MT :: BANDANA MANDI B :: JP HARNET MT :: JP HARNET PENGKOLAN :: BD SIRKAM :: BANDANA REKAT KC :: SIRKAM W
394,BAJU MUSLIM PRIA,,3,4,A008-04-03,Fashion > FASHION PRIA,75,75,690,BAJU KOKO LENGAN PANJANG PRIA | BAJU KOKO LENGAN PENDEK PRIA | PECI | SARUNG,SPORT C NLB KN CR :: TS WL MN SET :: M COTT TYB 33 :: SPORT C PTH NTA :: SPORT C RMJ NTA :: M COTT PTH NTA :: JUBAH TOYOBO :: JUBAH AL ZULFA :: JUBAH TOYOBO JMB :: 11280477 KMJ DWS KOTAK :: ACKJ 2536104 AL COCO :: AQKJ 2530402 AL AQLUS :: AQKP 2531204 AL AQLUS :: KEMKO NIZAR 13-15
956,PERLENGKAPAN RUMAH TANGGA,,4,5,A003-02-05-02,Perawatan Diri & Rumah Tangga > Rumah Tangga > Peralatan & Perlengkapan Rumah Tangga,71,70,2927,KURSI | MEJA  | PERLENGKAPAN KAMAR & KAMAR MANDI | SOFA | PERLENGKAPAN LAINNYA,TS-12 NAPOLI CUTLERY KEEPER :: DUS 3X4 P :: DUS 3X2 P :: DUS 3X3 P :: TAPLAK LONG LACE DS 8015B [20M] 1/2 :: TAPLAK LONG LACE DS 8031B [20M] 1/2 :: IMITOSI [40M} 1/2 :: A-21 BASKET LETTER 208-2 :: ZEFA KARPET CALIFORNIA :: JACOB KARPET CALIFORNIA :: RIVERA KARPET CALIFORNIA :: MADHAVA KARPET CALIFORNIA :: XANDER KARPET CALIFORNIA :: XAVI KARPET CALIFORNIA
190,KERAN AIR,,3,3,A004-03-08,Perbaikan Rumah > PERLENGKAPAN PERBAIKAN RUMAH,70,63,206,KERAN AIR DAPUR | KERAN AIR KAMAR MANDI | KERAN AIR WASTAFEL,FILTER AIR TINGGI KENMASTER FA01 :: FILTER AIR A323-2 :: SAMBUNGAN KRAN AIR FLEKSIBEL DISPENSER :: FILTER AIR KENMASTER KM-29 :: FILTER AIR DAIYU :: FILTER AIR KOREA. :: KERAN TAMAN IZAMO :: KRAN TAMAN LESSO :: KRAN HISHUKA OP 768 :: KRAN PVC HSS :: KRAN SHISUKA BULAT 510 :: KRAN TEMBOK EXECUTIVE KE-927 :: KRAN HASTON TAMAN 101 :: KRAN PVC TAMAN GZR 1/2
392,ATASAN PRIA,,3,3,A008-04-01,Fashion > FASHION PRIA,70,70,2906,KAUS POLO PRIA | KAUS PRIA | KEMEJA PRIA,OB JMB :: POLO KNIT KRON 2L-4L CATALOG :: OB BIG SIZE :: OB SPR JMB :: OB BODY SIZE M/XL :: 21510931A T-SHIRT :: 22310703B REGULAR FIT :: 22710119A BIG SIZE :: 22310717B REGULAR FIT :: 22710154A BIG SIZE :: 6B25.54 OBL SPNDX PLAT GIORAMINO :: 2F25.05 OBL RIB CORDUROY GIORAMINO :: 6D25.13 OBL S/S SPNDX TERY BORDIR GIORAMINO :: 5G25.40 OBL OVERSIZE PARAGON GIORAMINO
52,JAM TANGAN,,2,3,A008-06,Fashion,68,51,452,JAM TANGAN ANAK | JAM TANGAN PRIA | JAM TANGAN WANITA,RM-117 JAM TANGAN WANITA PRIA COUPLE :: WBS JAM TANGAN WANITA PRIA COUPLE :: RM-157 JAM TANGAN WANITA PRIA COUPLE :: RM-164 JAM TANGAN WANITA PRIA COUPLE :: WBS JAM TANGAN WANITA PRIA COUPLE SEGI :: RM-059 JAM TANGAN WANITA PRIA :: JAM TANGAN WANITA PRIA COUPLE WBS :: Q12 JAM TANGAN WANITA PRIA :: RM-144 JAM TANGAN WANITA PRIA COUPLE :: Q6 JAM TANGAN WANITA PRIA :: RM-152 JAM TANGAN WANITA PRIA COUPLE :: RM055 JAM TANGAN WANITA PRIA ANALOG :: JAM TANGAN WANITA & PRIA RUBBER QUART CASUAL RETRO :: JAM TANGAN WANITA PRIA RUBBER STRAP
451,ATRIBUT SEKOLAH & KELENGKAPAN LAINNYA,,3,8,A008-15-01,Fashion > SERAGAM & ATRIBUT SEKOLAH,67,67,243,ATRIBUT LAINNYA | BADGE (BET)  | CINCIN PRAMUKA (RING KACU) | DASI | PELUIT | TALI PRAMUKA | TONGKAT PRAMUKA | TOPI SEKOLAH,KITRI MERAH :: BUKU SKU KUNING :: PINRU 2 GARIS :: BUKU SKU MERAH :: EMBLIM PA/PI :: KITRI COKLAT :: SYAL MRH/PTH :: PINRU 1 GARIS :: TOPI SD BESAR GESPER :: SABUK PRA LOGO KECIL RING :: BUKU SKU HIJAU :: TOPI SD KARET B :: RAMU RAKIT :: KK 25-26 HTM SMA
1274,KOPER KABIN,,4,2,A008-14-03-02,Fashion > TAS & KOPER > TAS TRAVEL & KOPER,64,64,64,KOPER KABIN HARD CASE | KOPER KABIN SOFT CASE,"TRAVEL BAG DBZ 9008 20"" GOLD :: TRAVEL BAG DBZ 9006 20"" GOLD :: TRAVEL BAG DBZ 8023 19"" BLACK :: TRAVEL BAG DBZ 9009 20"" BLACK :: TRAVEL BAG DBZ 9007 20"" ROSE GOLD :: TRAVEL BAG DBZ 8012 19"" D.GREY :: TRAVEL BAG DBZ 9003 18"" BLACK :: TRAVEL BAG DBZ 9007 20"" GOLD :: TRAVEL BAG DBZ 9013 18"" BRONZE GOLD :: TRAVEL BAG DBZ 9008 20"" BLACK :: TRAVEL BAG DBZ 8012 19"" BRONZE GOLD :: TRAVEL BAG DBZ 8022 19"" D. GREY :: TRAVEL BAG DBZ 9003 18 BLACK :: TRAVEL BAG DBZ 8012 19 BRONZE GOLD"
1542,ALAT MASAK,,6,8,A003-02-05-01-03-02,Perawatan Diri & Rumah Tangga > Rumah Tangga > Peralatan & Perlengkapan Rumah Tangga > PERALATAN RUMAH TANGGA > PERALATAN DAN PENYIMPANAN DI DAPUR,64,62,684,ALAT UNTUK BAKAR SATE | ARANG | KOMPOR GAS | KUKUSAN DARI ANYAMAN | PANCI | TEKO | WAJAN | ALAT MASAK LAINNYA,"HOMLIV DOMINO SCRAPPER PEMOTONG ADONAN :: CHOPPER LISTRIK STEELE :: SUSUK TRIJAYA K :: NS01L03005 25CM ULTRA GRILL MAXIM WOK&SET :: MAXIM VALENTINO 17CM MIE WOK +ALM COVER :: PAN TELUR CASABLANCA 24CM MS :: MAXIM VALENTINO 2PCS SET :: LOYANG CAKE POLOS 24 :: SPATULA 9"" :: SPATULA 7"" :: SUSUK CARABIKA :: POLES VELVET :: SEROK STEAMER 18 :: SEROK QUATRO KOMODO 18"
125,PERALATAN MAKAN ANAK & BAYI,,3,3,A002-02-03,Keperluan Anak dan Bayi > PERALATAN UNTUK ANAK & BAYI,61,61,93,BOOSTER SEAT | KURSI MAKAN (HIGH CHAIR) | PERALATAN MAKAN ANAK & BAYI ,LB-1405 BIRU FEEDING SET ND ISI 5PC :: LB-1867 BIRU FS B2 9PC+I SET :: LB-1405 PINK FEEDING SET ND ISI 5PC :: LB-1411 BIRU F.SET ISI 5PC :: LB-1404 BIRU F.SET ND ISI 5PC :: LB-1403 BIRU F.SET ND ISI 5PC :: LB-1839 PUTIH F.SET B1 ISI 7PC :: ADN-5604 L DOT GEPENG UK.L :: LB-1873 PTH F.SET B2 ISI 9PC PUTIH :: LB-1417 BIRU F.SET ND ISI 5PC MEDIUM :: ADN-5604 S DOT GEPENG UK.S :: LB-1406 PTH FEEDING SET ND ISI 5PC :: LB-1405 PUTIH FEEDING SET ND ISI 5PC :: ADN-5604 M DOT GEPENG UK.M
206,AKSESORIS MOTOR,,3,4,A005-02-01,"Hobi, Ibadah, dan Olahraga > Perawatan & Suku Cadang Motor",61,52,321,HELM | JAS HUJAN/PONCO | KARET / GRIP STANG MOTOR | SARUNG TANGAN UNTUK MOTOR,K140 TENKAI KARET STEP DEPAN SMASH/SHOGUN :: K141 TENKAI KARET STEP DEPAN SUPRA :: K138 TENKAI KARET STEP DEPAN JUPITER/VEGA R :: K100 TENKAI FOOT STEP BELAKANG SUPRA :: K142 TENKAI KARET STEP DEPAN THUNDER :: K135 TENKAI KARET STEP DEPAN BLADE/NEW REVO :: K139 TENKAI KARET STEP DEPAN RX KING/FORCE 1 :: GANTUNGAN BARANG MATIC :: TALI BAGASI PANJANG :: TATAKAN PLAT NO MOTOR HITAM :: TALI BAGASI  PENDEK :: TALI BAGASI 60CM :: ALAT BAN TUBLES BISON :: ALAT BAN TUBLES
1543,TEMPAT PENYIMPANAN MAKANAN & MINUMAN,,6,2,A003-02-05-01-03-03,Perawatan Diri & Rumah Tangga > Rumah Tangga > Peralatan & Perlengkapan Rumah Tangga > PERALATAN RUMAH TANGGA > PERALATAN DAN PENYIMPANAN DI DAPUR,59,52,2154,TEMPAT PENYIMPANAN MAKANAN | TEMPAT PENYIMPANAN MINUMAN / CAIRAN,3204 SB MELVINA LUNCH BOX SET ( WARNA RANDOM ) :: LUNCH BOXCOLORFUN SEALWARE WITH CUTLERY SET :: S106SW107.TIFD/24S ROBOT CIRCUS VALUE PACK :: LUNCH BOX BABY BLUE SHARK VALUE PACK :: PA616SW107.TSCF2/48S COLORFUN JOY VALUE SET ( WARNA RANDOM ) :: TECHNOPLAST LUNGO TRAVEL PARIS PREMIUM SOFT LUNCH KIT :: TECHNOPLAST LUNGO TRAVEL USA PREMIUM SOFT LUNCH KIT :: TECHNOPLAST PROF GIRRA VALUE PACK :: TECHNOPLAST CRANE & BEAR VALUE PACK :: TECHNOPLAST KISSES & CUDDLES VALUE PACK :: TECHNOPLAST HAPPY DINO VALUE PACK :: TECHNOPLAST DINO ADVENTURE SCHOOL BOX :: TECHNOPLAST UNICORN DREAMS SCHOOL BOX :: TECHNOPLAST COOL TRUCK SCHOOL BOX ( WARNA RANDOM )
54,PAKAIAN OLAHRAGA,,2,3,A008-08,Fashion,56,56,590,PAKAIAN OLAHRAGA PRIA | PAKAIAN OLAHRAGA WANITA | PAKAIAN PELINDUNG OLAHRAGA,"5320 C SONTOG BHN MICRO :: 7235 BAJU SELAM ANAK PJG 4.6.8 :: 7232 BAJU SELAM KOMB SAMPING TGG 10.12.14 :: 4403 STL BASKET ANAK TGG CHIODA :: 5366 C SONTOG CHIODA :: 7298 BAJU SELAM ANAK TGG SUBLIME BATMAN CHIODA :: 7292 BAJU SELAM ANAK TGG 12.14 :: 7297 BJ SELAM ANAK SUBLIME SUPER HERO 6,8 :: 5177 CPD BHN MICRO :: 6738 SINGLET BASKET :: 7069 C RENANG ANAK SUBLIME IKAN S.M :: 5191 CPD KTK-KTK :: 7251 BAJU SELAM LYCRA ANAK 6.8 :: 5733 CELANA BASKET DRIFIRT BORDIR PLAYOFFS"
61,SERAGAM & ATRIBUT SEKOLAH,,2,2,A008-15,Fashion,54,48,1140,ATRIBUT SEKOLAH & KELENGKAPAN LAINNYA | SERAGAM SEKOLAH,PECI PASKIBRA PI :: LOGO PEMDA :: PLUIT HATONG :: PIN KUJANG :: SARUNG TANGAN BESAR :: TOPI SMP GESPER :: TOPI BONI LAKEN KECIL :: TOPI SMA KARET :: SABUK PRA EMAS :: DASI SMP BIRU SILANG :: BENDERA SEMAPUR :: PIN GARUDA :: KWARDA :: BUKU SKU M/H/K
1831,Peralatan & Perlengkapan Rumah Tangga,,3,2,A003-02-05,Perawatan Diri & Rumah Tangga > Rumah Tangga,54,52,13261,PERALATAN RUMAH TANGGA | PERLENGKAPAN RUMAH TANGGA,TATAKAN TABUNG GAS 3KG HERCULES :: TATAKAN TABUNG GAS 12KG HERCULES :: REGULATOR WIN GAS METER 118 :: REGULATOR STAR CAM NON METER :: KARPET UNICA PASIR [20M] 1/2 :: TAPLAK MTC 061 [20M]1/2M PUTIH :: TAPLAK MT 57 RED GOLD [20M] 1/2M :: WADAH BUMBU MASAKU :: ROLAND KARPET CALIFORNIA :: PIERE KARPET MY LOVE :: DAVIN KARPET MY LOVE :: ZENO KARPET MY LOVE :: LEON KARPET MY LOVE :: ZELVIN KARPET MY LOVE
447,TAS ANAK,,3,3,A008-14-01,Fashion > TAS & KOPER,53,48,859,TAS SELEMPANG ANAK | TAS RANSEL / PUNGGUNG ANAK | DOMPET ANAK,TAS BULU :: TAS 3 IN 1 CAPYBARA :: TAS JINJING SANRIO :: 1808K BLUE :: 1808K BROWN :: D02-2D BLACK :: TKR-88138 TAS KOREA :: 5507044 TAS ANAK :: 5507041 TAS ANAK :: 5507042 TAS ANAK :: TS-551110 TAS ANAK :: TS-550696 TAS ANAK :: TKR-830518 TAS KOREA :: LOTSO L
1562,JAM,,6,2,A003-02-05-02-03-05,Perawatan Diri & Rumah Tangga > Rumah Tangga > Peralatan & Perlengkapan Rumah Tangga > PERLENGKAPAN RUMAH TANGGA > PERLENGKAPAN KAMAR & KAMAR MANDI,53,51,183,JAM BEKER | JAM DINDING,JAM SS17063 :: JAM PRESS SA-080 :: JAM AY-17198 :: JAM AY-17196 :: JAM AY-17197 :: JAM AY-17194 :: JAM AY-17202 :: JAM 5622 :: JAM 121 :: JAM 2830-PL :: JAM 9826 :: JAM 8429 :: JAM 9688 :: JAM B2902
104,SELAI & OLESAN,,3,2,A001-05-14,Makanan dan Minuman > MAKANAN & BAHAN MAKANAN,52,0,163,OLESAN | SELAI,HERO RASPBERRY 340 GR :: HERO BLACK CHERRY 340 GR :: HERO APRICOT 340 GR :: MARIZA SARIKAYA JAM 350 GR :: MARIZA PEANUT BUTTER JAM 325 GR :: MARIZA CRUNCHY CHOCOMALT SPREAD 350 GR :: MARIZA SRIKAYA SPREAD 250 GR :: MARIZA STRAWBERRY ISI 10 @ 14.2GR :: MARIZA CHOCONUT SPREAD 350 GR :: MARIZA CRUNCHY CHOCOMALT SPREAD 160 GR :: MORISCA STRAWBERRY 250 GR :: MARIZA SRIKAYA PANDAN JAM 250 GR :: MARIZA PINEAPPLE 250 GR :: MORISCA STRAWBERRY JAM 350 ML
27,Perawatan & Suku Cadang Mobil,,2,3,A005-01,"Hobi, Ibadah, dan Olahraga",51,34,467,AKSESORIS MOBIL | SUKU CADANG MOBIL | PERAWATAN MOBIL,SUMOTO COMPOUND STRONG 50 GR :: SUMOTO COMPOUND MEDIUM 50 GR :: REXCO 25 CHAIN LUBE 120 ML :: KX AUTOCARE CHAIN LUBRICAN 300 ML :: BRAKE & PARTS CLEANER 500 ML :: PRIMAX CARBURATOR CLEANER 500 ML :: CASTROL MANUAL GL-4 80W-90 1 LT :: ENEOS CITY AUTOMATIC 4CYCLE OIL 1 LT :: ENEOS 5W 30 1 LT :: ENEOS SAE 0W20 MOTOR OIL  1 LT :: KIT PROTECTANT NATURAL SHINE LOW PUMP 300 ML :: KIT GRAND PRIX PREMIUM COMPOUND 500 ML :: CARRERA POLES MOTOR SERBAGUNA REFILL 100 ML :: CARRERA XP-1000 200 ML
47,AKSESORIS FASHION ANAK,,2,2,A008-01,Fashion,49,48,721,"AKSESORIS RAMBUT ANAK | DASI, SYAL, DAN TALI SUSPENDER ANAK",STRAP MASKER ANAK :: STRAP MASKER ANAK A :: SAYAP PERI :: TALI MASKER ANAK :: SAYAP PELANGI LED :: SAYAP PLS :: SAYAP WRN :: SAYAP PELANGI :: SL 83732 L TPDK SK SBL LAQILAI :: SL 83740 1/3 TPDK SBL BEST BEAR  TOP :: SL 83746 1/3 TPDK SBL SPORT AVANCER :: SL 83759 KMJ TPDK SBL FOREST OGATA :: SL 83757 KMJ TPDK SBL HELLO STEP.O :: SL 83737 1/3 TPDK K3 SBL BE PRITALY
384,UNTUK HUJAN,,3,3,A008-02-08,Fashion > AKSESORIS FASHION DEWASA,48,47,384,PAYUNG | PAYUNG LIPAT | JAS HUJAN,MR CHADER SEPATU JAS HUJAN UK. L :: COVER SEPATU ANTI AIR HUJAN M-L :: PUTIH TRANSPARAN XL - C898 PELINDUNG SEPATU ANTI AIR :: BIRU XXL - C898 PELINDUNG SEPATU ANTI AIR :: PUTIH TRANSPARAN L - C898 PELINDUNG SEPATU ANTI AIR :: BIRU XL C898 PELINDUNG SEPATU ANTI AIR :: PUTIH TRANSPARAN XXL - C898 PELINDUNG SEPATU ANTI AIR :: WARS COVER SHOES JAS HUJAN :: TAS TABUNG JAS HUJAN LORENG :: MR CHADER SEPATU JAS HUJAN UK.S :: MR CHADER COVER BAG TAS :: MR CHADER SEPATU JAS HUJAN UK.M :: PLV810 STL POLKADOT :: 210115 UPR ST DIMENSI CARBON FIT
389,PAKAIAN ANAK LAKI-LAKI,,3,6,A008-03-01,Fashion > FASHION ANAK & BAYI,48,47,2464,ATASAN ANAK LAKI-LAKI | BAJU LUARAN ANAK LAKI-LAKI | BAWAHAN ANAK LAKI-LAKI | PAKAIAN DALAM ANAK LAKI-LAKI | PAKAIAN MUSLIM ANAK LAKI-LAKI | SET PAKAIAN ANAK LAKI-LAKI,01005.0111 BATIK ANAK NUGRAHA :: SL 82926 AVANCER STL TPDK SBL GO FISH :: SL 83526 4/8 STL TPDK SBL SPD 3 MOBIL :: OBTB81962 COUNTRY OBL TPJG SBL CITY 16/20 :: DRESS BELLA UMUMU :: STL TIMMY UMUMU :: STL LEONARD :: STL DILLAN UMUMU :: ST KMJ SEYO 3PC (324) :: SCM03NK 16/20 STL BOLA :: SCM03NP 16/20 STL BOLA :: SCM03JB 16/20 STL BOLA :: SCM03UH 16/20 STL BOLA :: KDK KOKO LITTLE J
1681,GELAS/CUP,,7,7,A003-02-05-01-03-05-05,Perawatan Diri & Rumah Tangga > Rumah Tangga > Peralatan & Perlengkapan Rumah Tangga > PERALATAN RUMAH TANGGA > PERALATAN DAN PENYIMPANAN DI DAPUR > PERALATAN MAKAN,47,46,201,GELAS / CUP ENAMEL | GELAS / CUP KERAMIK | GELAS / CUP KERTAS | GELAS / CUP MELAMIN | GELAS / CUP PLASTIK | GELAS / CUP PORSELEN | GELAS / CUP STAINLESS STEEL,ARTEMEDIA COLLAPSIBLE WATERCUP BLUE :: PBA02 GELAS SLOKI :: H015 GELAS MINUM H-015 :: DFN8 GELAS MINUM DFN-8 POLOS :: CMV300 GELAS BIR CMV-300 :: RBT300 GELAS BIR :: AC125 GELAS ICE CREAM AC-125R :: PHT9NR GELAS MINUM :: GL-63 GELAS C-3+TUTUP :: PLA-8 GELAS BIR :: CM255 GELAS BIR CM-255 POLOS :: GL-16 MEASURING CUP SUPER 1000ML :: D200 GELAS MINUM D-200 :: HP6 GELAS MINUM
31,OLAHRAGA,,2,12,A005-05,"Hobi, Ibadah, dan Olahraga",45,42,536,ALAT MUSIK | PERALATAN & PERLENGKAPAN BADMINTON | PERALATAN & PERLENGKAPAN BASKET | PERALATAN & PERLENGKAPAN RENANG | PERALATAN & PERLENGKAPAN FITNESS | PERALATAN & PERLENGKAPAN PING PONG | PERALATAN & PERLENGKAPAN SEPAK BOLA | PERALATAN & PERLENGKAPAN SEPEDA | PERALATAN & PERLENGKAPAN TENNIS | PERALATAN & PERLENGKAPAN VOLLEY | PERALATAN & PERLENGKAPAN WASIT | PERALATAN & PERLENGKAPAN YOGA,BRIEF SUPPORTER AGNESIS :: GRIP FIESTA MICROFIBER RANDOM :: BAND CAPTAIN ( WARNA RANDOM ) :: GRIP ATHLET SPORT HANDUK ( WARNA RANDOM ) :: HEADBAND NIKE ( WARNA RANDOM ) :: GRIP YONEX BULAT ( WARNA RANDOM ) :: INTEX LEM TEMPEL ISI 6 59631 :: FINGER JARI BIASA :: RESISTEN BAND ROX :: BENDING 1.5 KG :: RESISTEN BANDS ISI 5 :: SAMPEL WRIST TGN :: DOUBLE STIK M :: BRIEF SUPPORT ATHLETE
346,AMPLOP,,3,2,A007-08-01,Alat dan Buku Tulis > PERALATAN UMUM,45,45,83,AMPLOP DOKUMEN | AMPLOP SURAT,"KIKY AMPLOP MERPATI SLK 90 ISI 10 PCS :: AMPLOP MINI ISI 10 LEMBAR :: AMPLOP PPL EV 110 PPS ISI 10 PCS :: AMPLOP PPL EV 110 APS ISI 10 PCS :: AMPLOP PPL EV 90 APS ISI 10 :: AMPLOP ANGPAU LEBARAN/6 BESTWAY :: AMPLOP IMLB SUPER PROMO PKG 10 :: AMPLOP AMIK PKG 10 :: AMPLOP LEBARAN AMPF, PKG : 5 :: AMPLOP AMIK/5 PKG 5 :: AMPLOP LEBARAN AMPFB, PKG : 5 :: AMPLOP LEBARAN AMPFK:5 :: KOYA - AMPLOP LEBARAN :: LOOKY SMALL ISI 8PCS - AMPLOP LEBARAN"
6,Elektronik,Electronics,1,3,A006,,43,37,2443,ALAT ELEKTRONIK DAPUR | ALAT ELEKTRONIK KANTOR & GADGET | ALAT ELEKTRONIK RUMAH LAINNYA,ARTIC CAT SPRAY- A84 BLACK DOFF 300 CC :: PYLOX - 104 GREY 300 CC :: PYLOX - 124 SILVER 300 CC :: PYLOX - 128 CLEAR 300 CC :: PYLOX - 1729 YAMAHA ORANGE 300 CC :: ARTIC CAT SPRAY A173 NINJA GREEN 300 CC :: SHELL ADVANCED  SCOOTER GEAR OIL 120 ML :: WATER DISPENSER WD 290 PHC MIYAKO :: SAMBUNGAN BAUD SPION OBRAL :: TENKAI ROLLER RACING VARIO TECHNO 17 G :: KABEL TIES FRT 20 MERAH :: RANTAI BESI 8 1M :: I SANLY S/C ARDE 3L SY 3503 :: BG F PLAFON SEGI 8 508
9,Kosmetik dan Alat Kecantikan,Cosmetics and Beauty,1,5,A009,,43,27,1880,ALAT KECANTIKAN | MAKE UP BIBIR | MAKE UP KUKU | MAKE UP MATA | MAKE UP WAJAH,VIVA WHITE GENTLE CARE FACE&BODY CLEANSER 125 ML :: VIVA WHITE GENTLE CARE FACE&BODY MOISTURIZER 125 ML :: WAXING TOOLS :: THERAPI FOOT CARE :: ALAT PEMBERSIH KAKI :: TUSUK KOMEDO PENGKOLAN :: SPON FOUND MICKEY ISI 2 703 :: T520110 POWDER PUFF MIRABELLA :: SPON FOUND HATI ISI 2 702 :: SARIAYU SPONGE :: YR004 EYELASH KIT :: LANEILA POWDER COMPACT KRIM KRISTAL :: KIKIR HITAM :: SAFI WHITE EXPERT PURIFYING MAKEUP REMOVER 200 ML
25,MATERIAL PERBAIKAN RUMAH,,2,12,A004-02,Perbaikan Rumah,43,41,804,AMPLAS (SAND PAPER) | BAUT/SEKRUP | CAT | FOAM BUTIRAN | LEM MATERIAL | MUR | PAKU | PEREKAT | PYLOX | SEAL TAPE | THINNER | ISI LEM TEMBAK,AGRO TAWAS BENING 500 GR :: AGRO CAUSTIC SODA 250 GR :: PLEDGE AERO LEMON 330 GR :: AGRO H.C.L PEMBERSIH KERAMIK 1LTR :: AGRO FLINKUT 0.8 KG :: AGRO DEMPUL KAYU 0.8 KG :: AGRO ANTI RAYAP 500ML :: AGRO ANTI RAYAP SPRAY 400 ML :: AG OXAL ZUUR PEMBERSIH KERAMIK 100GR :: AGRO ASPAL CAIR 1LT :: AGRO MENI BESI 0.8 KG :: AGRO ANTI RAYAP 1 LTR :: AGRO H.C.L PEMBERSIH KERAMIK 500ML :: AG SERAT FIBER 20X60CM
43,FILE ORGANIZER,,2,3,A007-06,Alat dan Buku Tulis,43,29,251,BOX FILE | CLEAR FOLDER | ORDNER,3180 61 PP DISPLAY BOOK FC 10 POCKETS :: 3600 11 PP EXPANDING FILE A4 12 POCKETS :: 3601 11 EXPANDING FILE FC 12 POCKETS :: MAP TALI JENIA POLOS MERAH :: MAP KANCING JENIA MERAH :: MAP TALI JENIA POLOS BIRU :: DCB-34B4 DOC BAG JOYCO KOMBI ( WARNA RANDOM ) :: MAP KANCING JENIA BIRU :: DCB-32A4 DOC BAG JOYKO SARUNG ( WARNA RANDOM ) :: DCB-44A5 DOC BAG JOYCO 44 A5 LATINO ( WARNA RANDOM ) :: TRANBO PVC ZIPPER BAG A5-2 SLT ( WARNA RANDOM ) :: DCB-36A5 DOC BAG JOYKO 36 A5 SATIN ( WARNA RANDOM ) :: DOCUMEN BAG JOYKO 36 B5 SATIN ( WARNA RANDOM ) :: DOCOUMEN BAG JOYKO 44 BILL LATINO ( WARNA RANDOM )
20,PERLENGKAPAN ANAK & BAYI,,2,7,A002-03,Keperluan Anak dan Bayi,41,40,1452,PERLENGKAPAN BEPERGIAN ANAK & BAYI | PERLENGKAPAN KEBERSIHAN ANAK & BAYI | PERLENGKAPAN ANAK & BAYI LAINNYA  | PERLENGKAPAN MAKAN ANAK & BAYI  | PERLENGKAPAN MANDI ANAK & BAYI | PERLENGKAPAN MENYUSUI ANAK & BAYI | PERLENGKAPAN TIDUR ANAK & BAYI,ZWITSAL MINI TRAVEL PACK :: TB-1516 PINK TEMPAT BEDAK OVAL :: TB-1620 PINK TEMPAT BEDAK DOUBLE PISANG BASIC :: ADT-1008 SILICONE SPOUT :: TB-1620 PUTIH TEMPAT BEDAK DOUBLE PISANG BASIC :: DGW 1230 WASHLAP TANGAN MICROFIBER PR SB ANIMALIA :: DLT1020 TOPI KUNCUNG PRINT BUNNY SERIES :: DLK0279 KOJONG TARIK PRINT SB BEARIE SERIES :: DGA3320 ADAY MICROFIBER PR SB (BEAR&SEA WORLD) :: B2T1210 MEDIUM BAG 2 GO COLORFUL SERIES :: BFG1202 GENDONGAN SAMPING FAMILY FOXIE SERIES :: BFK 1203 KASUR FAMILY FOXIE SERIES :: BST7201 MEDIUM BAG SCOTS NL SERIES :: BFK8103 MATRASS DAKRON BABY FAMILY 08
24,ALAT ALAT PERBAIKAN RUMAH,,2,25,A004-01,Perbaikan Rumah,40,39,1227,BOR LISTRIK & LAINNYA | CATOK MEJA (RAGUM) | GEGEP | GERGAJI | GERINDA (GRINDER) | KALENG OLI | KIKIR | KUAS CAT | KUNCI | METERAN | OBENG | PAHAT,FITTING PLAVON SEGI 4 BROCO :: KENMASTER SENSOR CAHAYA C-E27 :: BAK CAT ROLL :: GUNTING PIPA PVC TORA PC 1042 :: JANGKA SORONG DIGITAL :: TIMAH PATRI KECIL :: TIMAH PATRI BESAR :: POTONG KERAMIK LASER BOND :: CABUTAN PAKU 35CM :: PISAU LIPAT  JUNMA :: PENSIL TUKANG BLAOKTED :: KAMPAK GAGANG SAVIC :: FITTING BUNGA V2609B :: BAK CAT SINAR MAS
130,PERLENGKAPAN ANAK & BAYI LAINNYA ,,3,4,A002-03-03,Keperluan Anak dan Bayi > PERLENGKAPAN ANAK & BAYI,39,37,62,GURITA ANAK & BAYI | MATRAS BAYI | PENITI ANAK & BAYI | TIMBANGAN ANAK & BAYI,CUSSON BABY PACK KALLO :: CLE108000 CLENCY EYEMASK PRINT ANIMALS (WARNA RANDOM) :: ZWITSAL BABY SPA GIFT BOX :: 10 IN 1 PREMIUM ROCKER - BEIGE DEAR BEAR :: 1ST CLASS INFANT SEAT SUGAR BABY - SUGAR SOCCER :: CLK102000 KNEE PADS MOTIF KARAKTER ANIMALS :: TB-1516 BIRU TEMPAT BEDAK OVAL :: TB-1553 PINK TEMPAT BDK SEGI+TEMPAN SABUN :: TB-1600 BIRU TEMPAT BEDAK SEGI ANTI PECAH :: BSG2106 SLINGRIDER BABY CARRIER SCOTS WAFFLE SERIES :: BSG9102 HIPSEAT SCOTS HONEY BEAR SERIES :: BSK9103 MATTRESS DACRON SCOTS HONEY BEAR SERIES :: BST9201 MEDIUM BAG SCOTS HONEY BEAR SERIES :: BSB9101 BABY BLANKET ON THE GO SCOTS HONEY BEAR SERIES
148,ANTI HAMA & SERANGGA,,3,6,A003-02-01,Perawatan Diri & Rumah Tangga > Rumah Tangga,39,1,382,ANTI NYAMUK BAKAR | ANTI NYAMUK ELEKTRIK | KAMPER / KAPUR BARUS (CAMPHOR/NAPHTALENE BALL) | KAPUR ANTI HAMA | LEM/PERANGKAP/JEBAKAN HAMA | SEMPROTAN PEMBASMI HAMA,HIT EXPERT ONE PUSH ORANGE 10 ML :: HIT EXPERT ONE PUSH LILY BLOSSOM 12 ML :: HIT EXPERT ONE PUSH FRESH CITRUS 10 ML :: BAYGON AEROSOL FLOWER GARDEN 10 ML :: FORCE MAGIC MICRONS LEMON SCENT 10 ML :: NOMOS ONE PUSH GREEN TEA 60 JAM 16 ML :: HIT AEROSOL BLOOMING TEA 200 ML :: HIT AEROSOL EXPERT SWEET FLOWER 200 ML :: HIT AEROSOL EXPERT FRESH CITRUS 225 ML :: HIT AEROSOL ORANGE PAKET EKONOMIS ISI 2 @675ML :: HIT AEROSOL EXPERT FRESH CITRUS PAKET EKONOMIS ISI 2 @675ML :: HIT AEROSOL LILY BLOSSOM PAKET EKONOMIS ISI 2 @675ML :: HIT AEROSOL EXPERT SWEET FLOWER PAKET EKONOMIS ISI 2 @675ML :: HIT AEROSOL PAKET EKONOMIS GREEN FOREST ISI 2 @675ML
205,PERAWATAN MOBIL,,3,9,A005-01-03,"Hobi, Ibadah, dan Olahraga > Perawatan & Suku Cadang Mobil",39,37,140,CAIRAN COOLANT (RADIATOR) MOBIL | CAIRAN WIPER MOBIL | KOMPON MOBIL | OLI MOBIL | PEMBERSIH KACA MOBIL | SABUT & SPONS DUA SISI UNTUK MOBIL | SEMIR BAN MOBIL | SHAMPO MOBIL | WAX MOBIL,SANPOLY KECIL 250 CC :: SANPOLY BESAR 500 CC :: BRASSO METAL POLISH 100 ML :: KIT METAL POLISH CREAM 50 GR :: AUTOSOL METAL POLISH 50 GR :: MEGACOOLS CARB CLEAN 300 GR :: MEGACOOLS FULL PENETRATE 500 ML :: KX AUTOCARE CARB CLEANER 500 ML :: KIT WATERLESS CAR WASH REFILL 500 ML :: KIT PROTEC HIGH PUMP 270 ML :: KIT PROTECTANT NATURAL SHINE 160 ML :: KIT LEATHER CARE LOTION 250 ML :: KIT BLACK MAGIC TIRE GEL POUCH 180 ML :: KIT MULTI PURPOSE SUPER CLEANER 500 ML
1678,SENDOK,,7,2,A003-02-05-01-03-05-02,Perawatan Diri & Rumah Tangga > Rumah Tangga > Peralatan & Perlengkapan Rumah Tangga > PERALATAN RUMAH TANGGA > PERALATAN DAN PENYIMPANAN DI DAPUR > PERALATAN MAKAN,39,38,90,SENDOK PLASTIK | SENDOK STAINLESS ,"HOMLIV MUNELA SENDOK KOREA KAYU JATI :: SENDOK BBK 303 AYAM ISI 2 PCS SPF3303AY2/24 :: SENDOK GREEN EMERALD STONE 2 7007 GES002 :: SENDOK BEBEK WHITE PORSELEN 3303 ISI 2 :: SENDOK BEBEK MELAMINE BROWN HARD STONE 7000 BHS :: SENDOK BEBEK MELAMINE BLACK HARD STONE 7000 BHS :: SENDOK BEBEK KERAMIK SPN505 5.5"" :: SPN09 SENDOK BEBEK KERAMIK :: SENDOK BAYI MIL 102 ( WARNA RANDOM ) :: SENDOK BROWN HARD STONE 7007 BHS :: SENDOK PUTIH 7007 :: SEKOP SET - SENDOK DESSERT ISI 12 PCS :: SENDOK SONO :: SENDOK PENDEK KAYU JATI"
1667,KOMPOR GAS,,7,8,A003-02-05-01-03-02-03,Perawatan Diri & Rumah Tangga > Rumah Tangga > Peralatan & Perlengkapan Rumah Tangga > PERALATAN RUMAH TANGGA > PERALATAN DAN PENYIMPANAN DI DAPUR > ALAT MASAK,38,35,130,KARET TABUNG GAS | KLEM SELANG GAS | KOMPOR GAS PORTABLE | KOMPOR GAS RUMAH | RODA UNTUK TABUNG GAS | SELANG KOMPOR GAS | SUMBU KOMPOR | TATAKAN KOMPOR,TUTUP KOMPOR KOTAK :: REGULATOR RMS 206 M MIYAKO :: PENGAMAN REGULATOR 2IN1 KENMASTER :: PENGAMAN REGULATOR GAS 3 KG KENMASTER :: BURNER RINNAI BESAR ORI :: BURNER QUANTUM Q-80 :: BURNER RINNAI TORNADO ORI :: KNOP RINNAI KW :: BURNER RINNAI KECIL ORI :: CABANG Y :: KNOP MULTI KUNIZ :: PELINDUNG KNOP GAS :: KNOB KOMPOR RINNAI 2007 :: REGULATOR WIN OTOMATIS T/189-T118
8,Fashion,Fashion,1,16,A008,,37,36,40887,AKSESORIS FASHION ANAK | AKSESORIS FASHION DEWASA | FASHION ANAK & BAYI | FASHION PRIA | FASHION WANITA | JAM TANGAN | KACAMATA | PAKAIAN OLAHRAGA | PERHIASAN ANAK | PERHIASAN DEWASA | SEPATU ANAK & BAYI | SEPATU PRIA,D.1057 KAOS WAFEL :: D.1063 KAOS KRAH WAFEL :: D.528 SINGLET :: D.1062 KAOS WAFEL :: D.1067 KAOS KRAH WAFEL :: B.9646 SINGLET :: D.1051 OB WAFEL :: D.532 SINGLET :: D.533 SINGLET :: C90909COM TYB COMBINASI LS :: 901918 GLC 0087 MGS :: ANTC BS 2607 :: ANTC R 2602 :: ANTC T 2611
220,PITA,,3,7,A005-03-12,"Hobi, Ibadah, dan Olahraga > MENJAHIT",35,31,235,PITA GROSS GRAIN | PITA JACQUARD | PITA KERTAS | PITA ORGANZA | PITA RENDA | PITA SATIN | PITA UKUR,"PITA BLUDRU POLOS BIRU :: PITA BLUDRU GLITER HIJAU :: PITA BLUDRU GLITTER BIRU :: PITA KAWAT :: PITA BALON B :: PITA 18MM :: PITA 12MM :: PITA  ORGANDI LIST EMAS  1"" :: PITA MERAH PUTIH BSR 1""[PERMETER] 18M :: PITA PERAK 1 :: PITA MERAH PUTIH KECIL 1/2 :: PITA 1/2 KUNING STABILO SATEN :: PITA MERAH PUTIH BSR 1' :: PITA MERAH PUTIH KECIL 1/2 [PER METER] 18M"
1669,PANCI,,7,5,A003-02-05-01-03-02-05,Perawatan Diri & Rumah Tangga > Rumah Tangga > Peralatan & Perlengkapan Rumah Tangga > PERALATAN RUMAH TANGGA > PERALATAN DAN PENYIMPANAN DI DAPUR > ALAT MASAK,35,33,147,PANCI ANTI LENGKET | PANCI KUKUSAN | PANCI PANGGANGAN | PANCI SAYUR | PANCI SUSU,PANCI DUTCH OVEN 24CM + TUTUP KACA :: TWK-30 TUTUP PANCI 30CM :: TWK-32 TUTUP PANCI 32CM :: TWK-34 TUTUP PANCI 34CM :: TWK-38 TUTUP PANCI 38CM :: TWK-36 TUTUP PANCI 36CM :: TWK-28 TUTUP PANCI 28CM :: SAUCE PAN 18CM XJ-15-08 :: MUG LISTRIK Q2 12CM :: PANCI SG 20 :: PANCI SG 24 :: PANCI SUBRON 20 :: PANCI FINGKI 18 :: PANCI GRILL
203,AKSESORIS MOBIL,,3,10,A005-01-01,"Hobi, Ibadah, dan Olahraga > Perawatan & Suku Cadang Mobil",34,34,249,ANTENA MOBIL | BANTAL AKSESORIS | COVER MOBIL | DONGKRAK MOBIL | DUDUKAN PLAT NOMOR MOBIL | KABEL JUMPER ACCU MOBIL | KARPET MOBIL | KUNCI GANDA UNTUK MOBIL | PEWANGI MOBIL | SARUNG SETIR,FIRE STOP MOBIL 500 ML :: TIRE CHUCK COUPLER BENZ :: TIRE CHUCK NIPPLE TAKESHI :: TONGKAT ETOLL STAINLESS :: HALOGEN H4 PHILIPS 100/90W :: LAMPU PHILIPS H4 60/55W :: SILICONE MOULD UCU :: ALAT TEKANAN BAN :: TONGKAT E-TOL :: OSRAM HALOGEN H4 60-55W ORI :: PELINDUNG PANAS DASHBOARD :: TONGKAT ETOLL E-TIKET :: TONGKAT E-TOLL GTO :: SK50028 ANGKOT BAJURI
605,MAKANAN SIAP SAJI,,4,5,A001-05-08-08,Makanan dan Minuman > MAKANAN & BAHAN MAKANAN > MAKANAN DALAM KEMASAN & KALENG,34,23,88,NASI SIAP SAJI | BUBUR SIAP SAJI | SEBLAK SIAP SAJI | SUP SAJI | MAKANAN SIAP SAJI LAINNYA,K-BUNSIK TOK-POKI MILD 140 GR :: JAY'S MASHED POTATO GARLIC PARSLEY 45 GR :: ROYCO CREAM OF CRAB & CORN 44 GR :: UDA GEMBUL RENDANG SAPI LEVEL 1 125 GR :: KANAYAKAN TERI KACANG ORIGINAL 180 GR :: MAMASUKA TOPOKKI CREAMY 134 GR :: MAMASUKA TOPOKKI SPICY 134 GR :: MAMASUKA TOPOKKI ORIGINAL 134 GR :: K-BUNSIK TOK-POKI SPICY CHEESE 150 GR :: KANAYAKAN TERI KACANG PEDAS 180 GR :: ASHIAAP TOPOKKI PEDAS 200 GR :: ASHIAAP RAMEN RABOKKI PEDAS 180 GR :: K-BUNSIK TOK-POKI 140 GR :: MAILBOM ROSE TTEOKBOKKI 125 GR
19,PERALATAN UNTUK ANAK & BAYI,,2,5,A002-02,Keperluan Anak dan Bayi,33,27,478,PERALATAN KEBERSIHAN ANAK & BAYI | PERALATAN BEPERGIAN ANAK & BAYI | PERALATAN MAKAN ANAK & BAYI | PERALATAN MANDI ANAK & BAYI | PERALATAN MENYUSUI ANAK & BAYI,ADC-1110 BIRU BRUSH&COMB SET OVAL :: ADC-1110 PINK BRUSH&COMB SET OVAL :: P12AP008 KUNING FOOD MASHER BOWL :: LB007 SLOW COOKER DIGITAL :: LB003 BABY FOOD MACHINE STEAM & BLEND :: LB 609 FOOD PROCESSOR/BLENDER :: LB317 STERILISER :: DGG4318 BABY SLING NEWBORN TO TODDLERBEARIE SERIES :: BSG5201 BABY SLINGRIDER SCOTS KITTY SERIES :: SEPATU SPORT BUNYI :: NN1001 BEDAK SINGLE :: NN1002 BEDAK OVAL :: ORP7302 PLAYMAT BABY RUNCH DOTTY (DG) :: TRITAN SIPPY CUP 270ML - BLUE
38,ALAT MENGGAMBAR / MELUKIS,,2,8,A007-01,Alat dan Buku Tulis,32,24,405,BUSUR | CAT UNTUK MENGGAMBAR / MELUKIS | CRAYON | JANGKA | KANVAS | KUAS CAT UNTUK MENGGAMBAR / MELUKIS | PEN WARNA WARNI | PENSIL WARNA WARNI,REEVES FLOWER PALETTE :: ARTEMEDIA OVAL PALETTE 23 @ 17CM :: REEVES CIRCLE PALETTE :: PALET BUTTERFLY UFO (WARNA RANDOM) :: PALET BUTTERFLY LION (WARNA RANDOM) :: PALET BUTTERFLY JERUK (WARNA RANDOM) :: PALET BUTTERFLY FANCY KAKI (WARNA RANDOM) :: V-TECH PISAU UKIR 2003-6 :: V-TECH PALETTE KAYU OVAL 2117/NO.4 :: V-TECH PALETTE PLASTIK RD-D7 :: V-TEC PALLET PLASTIK BUNGA VT RD 185 :: V-TEC PALLET PLASTIC 17@22 RD-D5 :: PALET BUTTERFLY BADUT ( WARNA RANDOM ) :: PLAFT CAT AIR YXS-005 ( WARNA RANDOM )
144,OBAT-OBATAN,,3,3,A003-01-10,Perawatan Diri & Rumah Tangga > Perawatan Diri,32,5,592,PEREDA NYERI & OBAT LUAR | OBAT MINUM | PERTOLONGAN PERTAMA (FIRST AID KIT),SARI AYU PELANGSING TEA FOR SLIM ISI 15 @2GR :: VITAL EAR OIL 10 ML :: OBH TROPICA MENTHOL EXTRA 60 ML :: ALLERIN EXPECT 120 ML :: SEVEN SEAS KIDS 100 ML :: HOT IN DCL TUBE 60 GR :: DRAGON MENTHOL HISAP 20 GR :: NOURISHSKIN ULTIMATE ISI 15 TABLET :: NATUR SLIM 90 PIL :: BIOVISION CAPSULE STRIP 7 GR :: BINTANG TOEDJOE PANAS DALAM BIJI SELASIH ISI 6 @ 7GR :: SIDOMUNCUL NATURAL VITAMIN E100 IU SOFT CAPSULE 158 GR :: SIDOMUNCUL NATURAL TOLAK ANGIN SOFT CAPSULE 190 GR :: SIDOMUNCUL NATURAL SARI KUNYIT SOFT CAPSULE 158 GR
230,PERALATAN & PERLENGKAPAN RENANG,,3,6,A005-05-04,"Hobi, Ibadah, dan Olahraga > OLAHRAGA",32,30,99,KACAMATA MENYELAM & SNORKEL | KACAMATA RENANG | PAPAN RENANG | PELAMPUNG RENANG | PENUTUP KUPING RENANG | TOPI RENANG,INTEX BOLA FLOSSY BANEL 59030 :: F11.0258.000.08 :: B61.2334.000.08 :: L87.0004.000.84 :: B13.0417.000.84 :: B05.1420.999.01 :: F11.0335.000.08.XX3L :: B61.2195.000.01 :: B29.0026.000.03 :: F11.0386.000.71 :: B61.2195.000.08 :: B23.0292.000.84 :: INTEX BOLA LIVELY BALL 59040 :: INTEX KOLAM CRYSTAL CLEAR 58426 1.47M X 33CM
87,KERIPIK,,3,5,A001-04-03,Makanan dan Minuman > MAKANAN KECIL ,31,12,315,KERIPIK KENTANG | KERIPIK KENTANG PUTIH | KERIPIK PISANG | KERIPIK SINGKONG | KERIPIK LAINNYA,DORITOS RASA BARBEQUE 150 GR :: DORITOS CORN ROASTED 160 GR :: LAY'S RUMPUT LAUT NOS 35 GR :: CHITATO SAPI PANGGANG 65 GR :: LAY'S FIESTA BBQ 68GR :: CHITATO SAPI PANGGANG 35 GR :: OISHI PANCHOS SAPI PANGGANG 160 GR :: PIATTOS RUMPUT LAUT 35 GR :: POTABEE REGULAR BBQ BEEF 15 GR :: POTABEE GRILLED SEAWEED 15 GR :: PIATTOS SPICY CARBONARA 75GR :: MR POTATO CRISPS BALADO 30 GR :: POTATO Q CHIPS RUMPUT LAUT 22 GR :: KERIPIK KARUHUN LEVEL SEDANG (S) IJO 130 GR
161,KUNCI,,3,9,A004-01-09,Perbaikan Rumah > ALAT ALAT PERBAIKAN RUMAH,31,30,264,KUNCI INGGRIS | KUNCI KOMBINASI | KUNCI L | KUNCI PAS | KUNCI RING | KUNCI RODA | KUNCI SOCKET | KUNCI Y | KUNCI T,KUNCI LACI HUBEN 138-22 :: KUNCI PINTU MOSANO BESAR :: KUNCI PINTU NAPOLI :: KUNCI PINTU MOSANO KECIL :: KUNCI PINTU ELBRUSS KECIL :: KUNCI PINTU STAINLESS KAMAR MANDI :: SLINDER KUNCI VEGAZ :: KUNCI PIPA ABUS 12 :: KUNCI PIPA SHISUKA 12 :: SLINDER KUNCI FALCO 60L :: SLINDER KUNCI BRARUS :: SILINDER KUNCI IGM :: SILINDER KUNCI FALCO 60S :: SLINDER KUNCI EAST
454,AKSESORIS ALAT KECANTIKAN,,3,6,A009-01-02,Kosmetik dan Alat Kecantikan > ALAT KECANTIKAN,31,30,287,KACA & RAUTAN PENSIL  | LEM BULU MATA | MAKEUP & TRAVEL CASE | PENJEPIT BULU MATA | PERALATAN MANICURE & PEDICURE | PINSET & PERALATAN ALIS,TEMPAT CREAM SUSUN :: MANGKOK CAT :: BEAUTY TOOLS C :: MANGKOK MASKER A :: TUSUK KOMEDO BOX :: MANGKOK MASKER :: MANGKOK MASKER B :: TUSUK KOMEDO KUAS :: TUSUK KOMEDO :: EYELID FIBER A101 :: YY018 EYELASH CLIP :: PU595 SILICONE HK + BOX :: MANGKOK MASKER SET 9IN1 :: ICE FACE ROLLER
546,JAJANAN TRADISIONAL,,4,6,A001-04-04-06,Makanan dan Minuman > MAKANAN KECIL  > KACANG DAN SNACK LAINNYA,31,8,154,BASRENG | GURILEM | MAKARONI | RAMBUT NENEK | SNACK SEBLAK | JAJANAN TRADISIONAL LAINNYA,CITOKU POTATO ORI + EKSTRA SAUS SAMBAL 50 GR :: PELANGI PANORAMA MANISAN MANGGA 100 GR :: RENGGINAN ASIN GITA :: RENGGINAN MANIS GITA :: PELANGI MANISAN AGAR AGAR :: PELANGI MANISAN ASEM BULAT 100 GR :: PELANGI PANORAMA STIK KEJU :: PELANGI PANORAMA BANGKET JAHE :: PELANGI PANORAMA SNACK CINCIN :: PELANGI PANORAMA KENTANG KEJU :: MANISAN SIRSAK PELANGI :: PELANGI PANORAMA PANG PANG :: PELANGI PANORAMA MANISAN PALA 100 GR :: PELANGI PANORAMA TELUR IKAN 100 GR
951,PERAWATAN & PEMBERSIH RUMAH TANGGA LAINNYA,,4,7,A003-02-03-05,Perawatan Diri & Rumah Tangga > Rumah Tangga > BAHAN PEMBERSIH RUMAH,31,0,130,PEMBERSIH & SEMIR KAYU UNTUK MEBEL (FURNITURE POLISH) | PEMBERSIH MULTIFUNGSI | PEMBERSIH SEPATU | POLES DAN ANTI KARAT UNTUK LOGAM | SEMIR SEPATU | SERAP AIR & PENYERAP BAU | DISINFECTANT,MOLTO FABRIC HYGIENE SPRAY 100 ML :: SAHAJA SPRAY SAJADAH & MUKENA BOTOL 50 ML :: SAHAJA SPRAY SAJADAH & MUKENA BOTOL 220 ML :: STELLA DISINFECTANT SPRAY FRESH CITRUS 300 ML :: STELLA AEROSOL DISINFECTANT SPRAY FRESH FLORAL 300 ML :: ORIGITA DISINFECTANT SPRAY LEMON 200 ML :: WIZ 24 DISINFECTANT AEROSOL FRESH BOTOL 300 ML :: WIZ24 DISINFECTANT SPRAY & CLEAN ALL SURFACE REFILL 400 ML :: WIZ24 DISINFECTANT SPRAY & CLEAN ALL SURFACE REFILL 400 ML :: WIPOL DISINFECTANT SPRAY REFILL 450 ML :: SECRET CLEAN TOILET SEAT DISINFECTANT 100 ML :: SECRET CLEAN HELMET DISINFECTANT 100 ML :: SANITER DISINFECTANT SPRAY 200 ML :: SANITER AIR SANITIZER AEROSOL 200 ML
1643,NAMPAN,,7,2,A003-02-05-01-03-01-24,Perawatan Diri & Rumah Tangga > Rumah Tangga > Peralatan & Perlengkapan Rumah Tangga > PERALATAN RUMAH TANGGA > PERALATAN DAN PENYIMPANAN DI DAPUR > ALAT DAPUR & AKSESORIS DAPUR,31,29,73,NAMPAN PLASTIK | NAMPAN KAYU,NAMPAN LEGENDA 1 SJ :: HOREKA SERVING TRAY BTT - 1 :: BAKI STAINLES K :: BAKI BULAT 35 :: BAKI BULAT 28 :: BAKI BULAT 30 :: BAKI STAINLES B :: BAKING TRAY 40 :: BAKING TRAY 32 CM :: T-3 NAMPAN NO 3 POLOS ( WARNA RANDOM ) :: T-49 NAMPAN NO.10 ( WARNA RANDOM ) :: BNK004 FOOD TRAY CARNIVAL L ( WARNA RANDOM ) :: BAKING TRAY KOMODO 40 :: BAKI STAINLES S
1656,SENDOK DAPUR,,7,3,A003-02-05-01-03-01-37,Perawatan Diri & Rumah Tangga > Rumah Tangga > Peralatan & Perlengkapan Rumah Tangga > PERALATAN RUMAH TANGGA > PERALATAN DAN PENYIMPANAN DI DAPUR > ALAT DAPUR & AKSESORIS DAPUR,31,29,70,SENDOK PENYARING (SKIMMER) | SENDOK PASTA  | SENDOK TAKAR,HOMLIV ALILA SENDOK TEH JATI :: STIRRING SPOON SILICONE :: S123 SENDOK KAYU MILENIUM :: S124 SENDOK KAYU SONOKELING :: CYPRUZ AM 0934-AU SENDOK LUBANG ABU :: SENDOK PANJANG KAYU MAHONI :: SENDOK SCOOP PENGUPAS BUAH :: SENDOK PENDEK KAYU ISI 2 PCS :: SENDOK PANJANG KAYU ISI 2 PCS :: HOMLIV ROSELA SENDOK JUS PANJANG KAYU JATI :: SENDOK PANJANG KAYU JATI :: HOMLIV SENDOK ANGELA JUMBO KAYU JATI :: S098 SENDOK SOUP RRT MR :: SENDOK MAHONI
1680,MANGKUK,,7,7,A003-02-05-01-03-05-04,Perawatan Diri & Rumah Tangga > Rumah Tangga > Peralatan & Perlengkapan Rumah Tangga > PERALATAN RUMAH TANGGA > PERALATAN DAN PENYIMPANAN DI DAPUR > PERALATAN MAKAN,31,30,305,MANGKUK ENAMEL | MANGKUK KERAMIK | MANGKUK KERTAS | MANGKUK MELAMIN | MANGKUK PLASTIK | MANGKUK PORSELEN | MANGKUK STAINLESS STEEL,HOMLIV HIROSHI SIZE S MANGKOK SAMBEL :: MK 7B MANGKUK :: PM7B/12 MANGKUK :: BKN7B MANGKUK :: STB7R MANGKUK :: GMB650 MANGKOK GMB 650 B :: TUL6.5 MANGKOK TUL-6.5 B :: SJC6 MANGKOK SJC-6 B :: GMB650 MANGKOK TUTUP GMB-650 BC :: PM8B/03 MANGKUK :: MKM-7010 H/U MANGKOK MIE :: KMK8 MANGKOK KMK-8 :: LB222L KOM LB-222L :: SLB6BC MANGKOK TUTUP
1236,BAWAHAN OLAHRAGA WANITA,,4,2,A008-08-02-02,Fashion > PAKAIAN OLAHRAGA > PAKAIAN OLAHRAGA WANITA,30,30,32,CELANA OLAHRAGA PENDEK WANITA | LEGGING OLAHRAGA WANITA,SKS-002 SPORT SKIRT WITH SHORT GEN-X :: ROK TENIS KLOK :: CELANA LURUS :: ROK TENIS PLOII :: CELANA CW LURUS TALI PTH :: CELANA LURUS PITA :: 2368 ROK TENNIS CPJ CHIODA :: 2365 ROK TENNIS CHIODA :: 2367 ROK TENNIS CPJ CHIODA :: CLN JOGER CARGO TALI :: CLN CARGO PITA :: CPJ POLOS BASIC :: CPD PRINT CARGO :: CPJ/ROK PJG
1407,KAMPER / KAPUR BARUS (CAMPHOR/NAPHTALENE BALL) DENGAN GANTUNGAN,,5,2,A003-02-01-03-01,Perawatan Diri & Rumah Tangga > Rumah Tangga > ANTI HAMA & SERANGGA > KAMPER / KAPUR BARUS (CAMPHOR/NAPHTALENE BALL),30,25,40,KAMPER / KAPUR BARUS (CAMPHOR/NAPHTALENE BALL) DENGAN GANTUNGAN DAN ISI | KAMPER / KAPUR BARUS (CAMPHOR/NAPHTALENE BALL) DENGAN GANTUNGAN REFILL SAJA,KAPUR BARUS SWALLOW KOTAK BAJU 104 GR :: SWALLOW DEODORANT LEMON 80GR :: DAHLIA K2409 GANTUNG PINK :: DAHLIA FRESHENER OCEAN BREEZE REFILL 80 GR :: SWALLOW DEODORIZER APPLE 100 GR :: SWALLOW DEODORIZER ORANGE 100 GR :: SWALLOW DEODORIZER LEMON 100 GR :: SWALLOW DEODORIZER LIME 100 GR :: SWALLOW DEODORANT ORANGE 80 GR :: SWALLOW DEODORANT LIME 80 GR :: SWALLOW REFILL WITH NET 80 GR :: SWALLOW DEODORANT APPLE 80 GR :: SWAN DEODORANT LEMON 80 GR :: SWAN DEODORANT LIME 80 GR
136,PERAWATAN WAJAH,,3,14,A003-01-02,Perawatan Diri & Rumah Tangga > Perawatan Diri,29,19,1318,FACE MOISTURIZER | KAPAS KECANTIKAN | KERTAS MINYAK WAJAH | KRIM MATA | KRIM WAJAH | LOTION SCRUB WAJAH | MASKER KECANTIKAN | MICELLAR WATER | PEMBERSIH WAJAH (FACE WASH) | PORE PACK | SABUN ANTI JERAWAT | SERUM WAJAH,PONDS REFRESHING FACE MIST 50 ML :: NEXCARE ACNE COVER LADIES :: DERMA ANGEL ACNE PATCH MIX 11 GR :: DERMA ANGEL ACNE PATCH DAY 10 GR :: DERMA ANGEL ACNE PATCH NIGHT 10 GR :: EMINA ALOE VERA FACE MIST 60 ML :: PONDS CLEANSING BALM 44 ML :: PONDS CLEANSING BALM 100 ML :: SAFI ACNE EXPERT ACNE TREATMENT GEL 15 GR :: WARDAH SUNSCREEN UV SHIELD LIGHT MATTE SUN STICK 22 GR :: OVALE ESSENTIAL FACE VITAMIN REJUVE BLISTER ISI 7 @ 0.35ML :: DERMA ANGEL SALICYLIC ACID ACNE PACTH NIGHT 12 :: DERMA ANGEL SALICYLIC ACID ACNE PATCH DAY 12 :: BLIZANAC TRANEXAMIC ACID GEL 5 ML
208,PERAWATAN MOTOR,,3,6,A005-02-03,"Hobi, Ibadah, dan Olahraga > Perawatan & Suku Cadang Motor",28,28,128,KAMPAS REM MOTOR | KOMPON MOTOR | MINYAK REM | OLI MOTOR | SABUN CUCI MOTOR | SEMIR BAN MOTOR,AUTOMAX CREAM BATU HIJAU :: STEMPET COMBO 100 GR :: KIT MOTOR MULTI GUNA SACHET ISI 12 @ 25ML :: KIT MOTOR PASTE WAX ORI 60 GR :: KIT MOTOR PASTE WAX TUBE 25 GR :: KIT MOTOR MULTI GUNA REFILL 100 ML :: KIT MOTOR QUICK SHINE REFILL 100 ML :: KIT MOTOR CHAIN LUBE AEROSOL 110 ML :: KIT MOTOR QUICK SHINE PUMP 100 ML :: KIT MOTOR MULTI GUNA PUMP 100 ML :: KIT MOTOR PASTE WAX TUBE 60 GR :: CARRERA POLES MOTOR SERBAGUNA DUAL ACTION SPRAY 100 ML :: JUMBO OIL TREATMENT 60 ML :: KIT MOTOR BACK TO BLACK 115 ML
16,FRESH,,2,6,A001-06,Makanan dan Minuman,26,25,1052,BUAH | DAGING AYAM SEGAR | DAGING SAPI SEGAR | IKAN & SEAFOOD SEGAR | SAYURAN SEGAR | TELUR,"ONE FRESH KAYU MANIS PACK :: KAYU MANIS PACK LF LEMBANG FARM :: KULIT LUMPIA :: DONUTS PELANGI UNGU 10'S :: KULIT PANGSIT JUMBO ""CR"" :: KULIT KEBAB 18 CM 10 LEMBAR :: KULIT PANGSIT KUAH 250 GR :: PAPER RICE 22 CM 400 GR :: KULIT PANGSIT ""CR"" :: KULIT DIMSUM ""CR"" :: CIRENG CRISPY SHAZA ORIGINAL 400 GR :: CEDEA MIX CURAH :: KULIT PANGSIT GORENG 250GR :: SUNKIST NAVEL ""CR"""
163,OBENG,,3,2,A004-01-11,Perbaikan Rumah > ALAT ALAT PERBAIKAN RUMAH,26,24,95,OBENG BIASA | OBENG KACAMATA,"OBENG KINFUJI 3 :: OBENG GLORIOUS 5@65 :: OBENG SET TONYONG :: OBENG SET BISON 7PC :: OBENG CUSHION TORA 2X100MM :: OBENG KETOK SET GG KARET MERAH 6 ATS :: OBENG KETOK SET 11 PCS MULTI PRO :: OBENG BB CAMEL 3"" :: OBENG T SET 21 PCS KENMASTER :: OBENG GG KARET HDT 5"" (+) :: OBENG SET 7 PCS TORA BIRU :: OBENG JAM SET 6 PCS KENMASTER :: OBENG KETOK SET 5 PCS MULTIPRO :: OBENG KETOK KNS ATS 3 (+)(-)"
1273,AKSESORIS TRAVEL & KOPER,,4,2,A008-14-03-01,Fashion > TAS & KOPER > TAS TRAVEL & KOPER,25,19,29,BANTAL TRAVEL | GEMBOK & TALI PENGIKAT KOPER,"FLOOR DRAIN MAT :: RODA KOPER MERAH 50 :: RODA KOPER ABU :: RODA KOPER 40 :: RODA KOPER 30 :: RODA KOPER MERAH 40 :: TAS PENYIMPANAN SEPATU TRANSPARAN M :: TAS TRAVEL PENYIMPANAN SEPATU :: PELINDUNG KOPER KAIN MOTIF :: PELINDUNG KOPER KAIN POLOS :: KANTONG TAS SEPATU SERUT TRAVEL 32X44CM :: TEMPAT SIKAT GIGI TRAVEL :: NAVY 20"" - SARUNG KOPER BAHAN MIKA :: LIST SILVER 20"" - SARUNG KOPER BAHAN MIKA"
34,HEWAN PELIHARAAN,,2,2,A005-08,"Hobi, Ibadah, dan Olahraga",24,24,660,PERAWATAN HEWAN PELIHARAAN | MAKANAN HEWAN PELIHARAAN,SENAR TALI PANCING KOHAKU :: PETBOWL STAINLESS XXL 26CM :: BOBO NAIL SCISSORS BO-5301A :: BOTOL 700ML LINGUAGUA :: PETBOWL MELAMINE BOWL BO-3042A :: TALI ANJING PELANGI LEHER :: ZIZIPET BORONGSONG L :: ZIZIPET BORONGSONG M :: TALI ANJING PELANGI :: ZIZIPET BORONGSONG S :: SWEET SISIR BESI L :: KALUNG SEDANG SH :: STAINLESS 18CM MOTIF :: KERINCINGAN BESAR
399,BAJU LUARAN WANITA,,3,5,A008-05-02,Fashion > FASHION WANITA,24,22,523,BLAZER WANITA | JAKET WANITA | KARDIGAN WANITA | ROMPI WANITA | SWEATER WANITA,OVERALL RH 1004 BGE :: OVERALL RH 1004 OLV :: OUTER KEMEJA CARGO SCARLET :: MANTEL MIDI :: MANTEL BULU 210 :: M851A MANTEL IBU IMP :: M8015 MANTEL IBU IMP :: M2215 MANTEL IBU IMP :: M113 MANTEL IBU KRAH BULAT :: BOLERO JMB :: OUTER POLIN :: OUTER BATIK PINK M-XXL :: OUTER BATIK ABU M-XXL :: OUTER BATIK COKLAT M-XXL
23,Perawatan Diri & Rumah Tangga,Personal Care and Household Needs,1,2,A003,,23,9,22722,Perawatan Diri | Rumah Tangga,KLIN PAK ZIP BAG DOUBLE ZIP LOCK 30X38CM :: KLIN PAK ZIP BAG DOUBLE ZIP S 20X28CM :: BLING MICROFIBER GLASS CLOTCH 40X40 CM :: CETAKAN ES CREAM HAGEN 2263 :: HLC646 ONE TOUCH SPORT WATER BOTTLE 630ML PINK :: ABF774 SHAKER BOTTLE 850ML GRAY :: non aktifkan saja :: LKT YOSHIKAWA HOOK PERSEGI H-04 :: IS-04 ICE SHOVEL :: SHOWER RACK 931 :: FLAMINGO :: FL 29 KERANJANG :: DOREMI HAIR&VODY WASH BTL 200ML/LOVELY JINNY :: ISA-03 ICE SHOVEL ACRYLIC
643,SAOS  PEDAS & SAMBAL,,4,4,A001-05-13-06,Makanan dan Minuman > MAKANAN & BAHAN MAKANAN > SAUS,23,3,251,SAOS SAMBAL | SAOS TOMAT | SAOS CABAI | SAOS PEDAS LAINNYA,PANTAI NORASINGH SWEET CHILI SAUCE 730 ML :: PANTAI SRIRACHA CHILI SAUCE 435 ML :: TAI HUA STIR FRY SAUCE 150 ML :: PANTAI BLACKPEPPER SAUCE 200 ML :: TAI HUA BARBEQUE SAUCE 150 ML :: REMIA BARBEQUE SAUCE IN GLASS 250 ML :: SAMBAL NASSI ORIGINAL 140 GR :: INDOFOOD SAMBAL HIJAU 200 GR :: ABC SAMBAL HIJAU 190 GR :: FILIPPO BERIO SAUS TOMATO&RICOTTA PESTO 190 GR :: LEE KUM KEE BLACK PEPPER SAUCE 230 GR :: LEE KUM KEE MAHSURI SAUS 3 RASA 265 GR :: LEE KUM KEE  CHICKEN MARINADE 207 ML :: TROPICANA SLIM SAMBAL TERASI 200 GR
1531,EMBER,,6,2,A003-02-05-01-02-03,Perawatan Diri & Rumah Tangga > Rumah Tangga > Peralatan & Perlengkapan Rumah Tangga > PERALATAN RUMAH TANGGA > PERALATAN DAN PENYIMPANAN DI KAMAR MANDI,23,23,118,EMBER DENGAN TUTUP | EMBER TANPA TUTUP,ERB TEMPAT LILIN ERB :: PL-2 EMBER 2 1/2 GL LUX POLOS :: EMBER 3 GARIS ABU :: EMBER 4 GARIS ABU :: EMBER COR 23 :: EMBER 6 GARIS ABU :: EMBER MAROON 30LT :: EMBER 30 LT PACO 0030 :: E01 EMBER 3 GALON EXCELLENT :: EMBER 4G :: EMBER 3G :: EMBER 6G :: EMBER 4 GL LOVENIA :: EMBER BD HITAM
400,BAJU MUSLIM WANITA,,3,9,A008-05-03,Fashion > FASHION WANITA,22,22,967,ATASAN MUSLIM WANITA | BAWAHAN MUSLIM WANITA | CIPUT WANITA | GAUN MUSLIM WANITA | JILBAB WANITA | KERUDUNG WANITA | LUARAN MUSLIM WANITA | MUKENA WANITA | PASHMINA WANITA,GAMIS NAVY PJG GX 1 XL - XXXL :: GAMIS ABU PJG GM1 S-L :: GAMIS NAVY PJG GM 1 S-L :: GAMIS KOPI PJG GX1 XL - XXXL :: GAMIS ABU PJG GX1 XL - XXXL :: GAMIS KOPI PJG GM1 S-L :: GAMIS MILO PJG GM 1 S-L :: GAMIS PTH PJG GX 1 XL - XXXL :: GAMIS WAFFLE KNIT :: GAMIS KTG JERSEY XL :: MANSET NILON CREAM :: 603 GAMIS GB :: 1120 RMP LPS GMS GB :: 394 PTH GAMIS GB
1439,MEJA ,,5,2,A003-02-05-02-02,Perawatan Diri & Rumah Tangga > Rumah Tangga > Peralatan & Perlengkapan Rumah Tangga > PERLENGKAPAN RUMAH TANGGA,22,21,95,MEJA BESAR | MEJA LIPAT,MEJA DISPENSER LACI :: MEJA PORTABLE COKLAT :: MEJA PORTABLE PUTIH :: MEJA LAPTOP MINIMALIS HITAM :: MEJA LAPTOP MINIMALIS WALNUT :: MEJA LAPTOP MINIMALIS COKLAT :: MEJA BELAJAR ANAK KARAKTER :: PINK HANDLE - MEJA BELAJAR PORTABEL HUGO :: PINE ECO - MEJA BELAJAR ANAK :: WALNUT-HANDLE - MEJA BELAJAR PORTABEL HUGO :: WALNUT - MEJA BELAJAR PORTABEL HUGO :: PINK ECO - MEJA BELAJAR ANAK :: MEJA ROTAN NAPOLY 47.5 :: MEJA LPT BS PORTABLE BIRU MD
1626,CENTONG,,7,2,A003-02-05-01-03-01-07,Perawatan Diri & Rumah Tangga > Rumah Tangga > Peralatan & Perlengkapan Rumah Tangga > PERALATAN RUMAH TANGGA > PERALATAN DAN PENYIMPANAN DI DAPUR > ALAT DAPUR & AKSESORIS DAPUR,22,21,114,CENTONG KUAH (SOUP LADLE) | CENTONG NASI,3389005 CENTONG SAYUR :: C14 CENTONG TRIXI :: CENTONG HOKI :: CUKIL MAXI :: CENTONG BATOK 628 :: CUKIL ONEPLAST :: CUKIL PELANGI :: CUKIL GALAXY :: CENTONG STEFANIE :: CUKIL PENDEK :: CENTONG SUTIL 40CM SUTIL KUDA :: CENTONG KAYU :: SUTIL LUBANG SONOKELING (HITAM) :: CENTONG SUTIL LUBANG
1679,PIRING,,7,8,A003-02-05-01-03-05-03,Perawatan Diri & Rumah Tangga > Rumah Tangga > Peralatan & Perlengkapan Rumah Tangga > PERALATAN RUMAH TANGGA > PERALATAN DAN PENYIMPANAN DI DAPUR > PERALATAN MAKAN,22,21,330,PIRING ANYAMAN | PIRING ENAMEL | PIRING KERAMIK | PIRING KERTAS | PIRING MELAMIN | PIRING PLASTIK | PIRING PORSELEN | PIRING STAINLESS STEEL,PSO9 PIRING KUE PSO-9 :: SP -908 PIRING :: SP-915 PIRING :: SP-949 A PIRING :: SP-909 PIRING :: SP-916 PIRING :: PM505 PISIN PM-505 :: 9 CENTRIS ROUND PLATE/NATUR CFG09AAE NTW01 :: PIRING MAKAN IKOPIN AYAM 9D (GO) :: PR KD 9 BENING :: PIRING SENG MTF :: PIRING MTF AYAM 22CM :: PIRING 8 NEPTUNUS (3) :: BAKUL MANILA CKLT
73,PERMAINAN KARTU,,2,2,A010-07,Mainan dan Alat Lainnya,21,20,26,KARTU DOMINO | KARTU REMI,UNOHOTWHEELS KARTU UNO MOTIF HOTWHEELS :: SP080_KARTU UNO MOTIF POKEMON UNOPOKEMON/144PC :: 0851BX KARTU UNO :: OIU KARTU UNO FLIP :: UNOCAYBARA KARTU UNO MOTIF CAPYBARA :: UNOLABUBU KARTU UNO MOTIF LABUBU :: SP080_KARTU UNO MOTIF MINION UNOMINION/144PC :: SP080_KARTU UNO MOTIF ONE PIECE UNOONEPIECE/144PC :: SP080_KARTU UNO MOTIF SANRIO UNOSANRIO/144PC :: 0129E/144PC KARTU UNO :: SP080_KARTU UNO MOTIF MARIO UNOMARIO/144PC :: UNOMIX KARTU UNO MIX :: SP080_KARTU UNO MOTIF DRAGON BALL UNODRAGONBAL/144PC :: KARTU OUN
83,TEH INSTAN,,3,5,A001-03-05,"Makanan dan Minuman > COKLAT, KOPI & TEH",21,2,187,TEH INSTAN SERBUK BERPERISA | TEH KEMASAN BOTOL | TEH KEMASAN GELAS | TEH KEMASAN KALENG | TEH KEMASAN PACK,YUZU GREEN TEA 350 ML :: YUZU TEA 350 ML :: FRESTEA GREENTEA 500 ML :: FRESTEA JAS LOW CALORIE 500ML :: FRESTEA MARKISA BOTOL 500ML :: FRESTEA LYCHEE 350ML :: FRUIT TEA LEMON 500ML :: SOSRO FRUIT TEA GUAVA 500ML :: MY TEA LESS SUGAR 450 ML :: WINTERMELON TEA ORIGINAL 570 GR :: WINTERMELON TEA STRONG 570 GR :: SARIWANGI MILK TEA CARAMEL BOX ISI 4 @23GR :: SARIWANGI MILK TEA TEH TARIK ISI ISI 4 @ 23GR :: MATCHAMU ABANG TEH TARIK ISI ISI 5 @ 25GR
110,IKAN & SEAFOOD SEGAR,,3,4,A001-06-04,Makanan dan Minuman > FRESH,21,18,31,IKAN SALMON SEGAR | IKAN DORY SEGAR | IKAN SEGAR LAINNYA | SEAFOOD SEGAR LAINNYA,"DELTA FOODS TONGKOL POUCH 250 GR :: SAMARA CARINGIN IKAN TONGKOL :: WINSI AYAM UNGKEP 356 GR :: SEGARA MARKET CUMI RING 1 KG :: WINSI FISHERY IKAN MAS 325 GR :: WINSI FISHERY IKAN BAWAL TAWAR 200 GR :: WINSI FISHERY IKAN LELE 364 GR :: WINSI FISHERY IKAN PATIN 320 GR :: WINSI FISHERY IKAN NILA MERAH 342 GR :: SEGARA MARKET IKAN SALEM :: SEGARA MARKET TUNA FILLET :: SEGARA MARKET IKAN TENGGIRI STEAK 1 KG :: IKAN SALEM ""CR"" :: BANDENG PRESTO CR ""CR"""
401,BATIK WANITA,,3,7,A008-05-04,Fashion > FASHION WANITA,21,21,197,ATASAN BATIK WANITA | CELANA BATIK WANITA | GAUN BATIK WANITA | KAIN BATIK WANITA | KEBAYA WANITA | ROK BATIK WANITA | SYAL BATIK WANITA,JESSA BATIK ONE SET :: BATIK OUTER ONE SET KULOT :: ONE SET BATIK BUNGA SIANTAN :: SETELAN BATIK CAP JUMBO WANITA :: STL CP R SALWA :: STL KULOT MARISA :: BLUS BATIK 60 :: STL HP ELOK :: LTP SLP PRIMADANA :: BLUS BATIK 54 :: RC K WW :: STL CP LP NIKISAY :: STL CP 3IN1 RYN :: STL CP MARISA
1524,SAPU,,6,3,A003-02-05-01-01-09,Perawatan Diri & Rumah Tangga > Rumah Tangga > Peralatan & Perlengkapan Rumah Tangga > PERALATAN RUMAH TANGGA > PERALATAN KEBERSIHAN RUMAH TANGGA,21,21,88,SAPU IJUK | SAPU LIDI | SAPU NILON,NAGATA SCOP + SIKAT 604 S (WARNA RANDOM) :: AZALEA 62518 DUSTPAN W/BRUSH (WARNA RANDOM) :: SAPU MOBIL KAZUKA :: SAPU CIWIDEY SUPER. :: SAPU MOBIL NAGOYA :: SAPU GAGANG :: SAPU MINI :: SAPU INJUK DRAGON HTM B :: SAPU PANDA BIMA :: 638S NAAGATA SAPU KACA :: SAPU NGT 0717 :: SAPU MACAN K :: SAPU LEO :: SP DRAGON TAIWAN
1544,KERANJANG & TEMPAT SAMPAH,,6,4,A003-02-05-01-03-04,Perawatan Diri & Rumah Tangga > Rumah Tangga > Peralatan & Perlengkapan Rumah Tangga > PERALATAN RUMAH TANGGA > PERALATAN DAN PENYIMPANAN DI DAPUR,21,21,353,KERANJANG DAPUR | PLASTIK SAMPAH | TEMPAT SAMPAH | KERANJANG BUAH,BP-2 MINI DUSTPAN SET :: C-12 T SAMPAH C-INJAK BUNDAR 5 LTR (8999979039703) :: C-8 KOTAK SAMPAH CLEAN PAL 3LT :: C-5 KOTAK SAMPAH C-5 :: C-4 KOTAK SAMPAH C-4 :: C-11 TEMPAT SAMPAH C-INJAK BUNDAR 10 LITER :: TEMPAT SAMPAH MPW 65LT :: TEMPAT SAMPAH MPW 20LT :: SPRAY TUDOR SEDANG :: T SAMPAH JMB GE :: C4 T SAMPAH KOMET :: C5 T SAMPAH KOMET :: T SAMPAH SAPSTAR ABU :: C2 T SAMPAH KOMET
937,ANTI NYAMUK BAKAR,,4,1,A003-02-01-01,Perawatan Diri & Rumah Tangga > Rumah Tangga > ANTI HAMA & SERANGGA,20,9,21,ANTI NYAMUK BAKAR,HIT EXPERT PIRAMIDA CLASSIC LILY ISI 6 SACHET @4SHEETS :: HIT EXPERT PIRAMIDA FLORAL BLOSSOM ISI 6 SACHET @ 4SHEETS :: HIT EXPERT PIRAMIDA CLASSY LILY ISI 10 SHEETS :: HIT EXPERT PIRAMIDA FLORAL BLOSSOM ISI 10 SHEETS :: HIT MAGIC FLORAL ISI 10 SHEETS :: HIT MAGIC FRESH ISI 10 SHEETS :: HIT MAGIC LILY BLOSSOM ISI 10 SHEETS :: BAYGON COIL JUMBO LAVENDER ISI 5 PCS :: BAYGON COIL JUMBO FRESH SCENT ISI 5 PCS :: NOMOS 0.031 MC 8 JAM ISI 5 125 GR :: NOMOS JUMBO LAVENDER 10 ISI 5 150 GR :: NOMOS JUMBO 10 JAM ISI 6 180 GR :: VAPE JUMBO LAVENDER ISI 5 150 GR :: VAPE PREMIUM ISI 5 125 GR
1436,PERALATAN DAN PENYIMPANAN DI DAPUR,,5,6,A003-02-05-01-03,Perawatan Diri & Rumah Tangga > Rumah Tangga > Peralatan & Perlengkapan Rumah Tangga > PERALATAN RUMAH TANGGA,20,20,6875,ALAT DAPUR & AKSESORIS DAPUR | ALAT MASAK | TEMPAT PENYIMPANAN MAKANAN & MINUMAN | KERANJANG & TEMPAT SAMPAH | PERALATAN MAKAN | TEMPAT PENYIMPANAN LAINNYA,TAKARAN FAMILY 350ML (S) 5503 :: SUSUK LUBANG TEFLON SJ :: BAKING TRAY 36 KOMODO :: FILER 800 K :: BAKI MELAMIN :: RAK SEGI TESLA PASTELO :: BOTOL KECAP ASTRA 1000ML :: BOTOL MAYO 300 :: PANCI CLASSIC 22 MOCA :: PIRING OMBAK :: BOTOL KECAP CITRA 300ML :: BOTOL KECAP ASTRA 400ML :: BOTOL KECAP ASTRA 500ML :: BOTOL KECAP ASTRA 200ML
5,"Hobi, Ibadah, dan Olahraga","Hobby, Sports, and Religion",1,8,A005,,19,19,3842,Perawatan & Suku Cadang Mobil | MENJAHIT | MEMANCING | OLAHRAGA | BERKEBUN | BERIBADAH | HEWAN PELIHARAAN | Perawatan & Suku Cadang Motor,BOAT BABY FLOAT MIX :: GND-40 GUNINDO MPO-158 :: KALAM TUDING BENING ISI 2 :: KALAM TUDING DOFF ISI 2 :: KALAM TUDING KARAKTER ISI 2 :: TONGSIS R1S LAMP :: TONGSIS R1 LAMP :: PUTIH X - KOMPOR CAMPING KOTAK MINI :: WIND SHIELD - KOMPOR CAMPING PORTABLE :: NON WIND SHIELD - KOMPOR CAMPING PORTABLE :: MERAH B - TREKKING POLE :: MERAH A- TREKKING POLE :: HITAM B - TREKKING POLE :: GIORGIONE AIR CLAY 250 TERRAC
272,PERLENGKAPAN & SUKU CADANG GADGET,,3,9,A006-02-03,Elektronik > ALAT ELEKTRONIK KANTOR & GADGET,19,15,277,CASING HP | CHARGER HP | CHARGER HP UNTUK MOBIL | KABEL CHARGER | KABEL DATA | KABEL MULTI | MEMORY CARD | POWER BANK | SANDARAN HP UNTUK DI MOBIL / MOTOR,TRAVEL ADAPTOR COLO UNIVERSAL :: LL MODOPOD CAMERA (TONGSIS) :: FUF TRIPOD MINI DUAL HOLDER WIHT RING LIGHT 16CM :: TRIPOD 1.1M WITH HOLDER U 3118 :: CRIMPING TOOL :: SARUNG HP ANTI AIR MOTIF POLOS :: TRIPOD GORILLA L. :: MINNIE - PELINDUNG KABEL SET :: BROWN BEAR - PELINDUNG KABEL SET :: STITCH - PELINDUNG KABEL SET :: HOLDER HP TEMPEL DINDING KUNING :: BATOK CHARGER 3.4A LT-CT-47 :: BATOK CHARGER 2.4A LT-CT-37 :: D HP 011
1787,BELUM DISORTIR,,1,1,Z002,,19,6,1401,BARANG OBRAL,"BONEKA PUPPER :: FRESH :: BUAH-BUAHAN :: MUJAZA TANGGUNG BERGARIS/DI :: FREM PER TULANG :: FREM SNAR TULANG :: GELANG POWER BALANCE :: CETAKAN BIBIR 0183 :: SUPP NIKKI S,M,L,XL :: GRENDEL TANAM MORECHI :: KAPSTOK KELELAWAR :: AIR CUP 240 ML :: STIKER 12.0 :: BONEKA PUPPER"
86,"COOKIES, BISKUIT DAN LAIN LAIN",,3,5,A001-04-02,Makanan dan Minuman > MAKANAN KECIL ,18,2,1769,BISKUIT SEASONAL  | COOKIES & BISKUIT | CRACKERS | WAFER | SNACK LAINNYA,CHIZMILL WAFFLE CRANCH CHEESE 130 GR :: CHIZMILL WAFFLE CRANCH CHEESE 35 GR :: VFOODS BISCUIT TASTY STICK 400 GR :: VFOODS BISCUITS COCONUT PINEAPPLE 400 GR :: VFOODS BISCUIT ICED GEM 320 GR :: NARAYA BISCUIT DRUMSTICK BBQ 200 GR :: NARAYA COOKIES BUTTER RING 150 GR :: MUNCHY'S OAT KRUNCH BREAKFAST CRANBERRY 160 GR :: RICHWELL COCONUT COOKIES 160 GR :: RICHWELL CHOCOLATE COOKIES 160 GR :: RICHWELL VANILLA COOKIES 160 GR :: RICHWELL MILK COOKIES 160 GR :: RICHWELL CHOCOMALT COOKIES 100 GR :: RICHWELL SLAMETAN CHOCOLATE CREAM 200 GR
233,PERALATAN & PERLENGKAPAN SEPAK BOLA,,3,2,A005-05-07,"Hobi, Ibadah, dan Olahraga > OLAHRAGA",17,16,38,BOLA SEPAK | BOLA FUTSAL,SHIN GUARD FOOT BALL DEKKER BOLA ( WARNA RANDOM ) :: DEKER TANGAN ROX 0447 :: DEKKER CLUB BOLA :: PENTIL BOLA YOGIKA :: DEKKER BOLA SURABAYA :: DEKER EMBOS :: STL KAOS FUTSAL JERSY :: ST KIPER SIZE 7 TULANG ADIDAS/NIKE :: ST KIPER SIZE 6 TULANG ADIDAS/NIKE :: ST KIPER IMPORT LOGO CLUB :: FASTER INSOLE HTM 39-44 :: DEA INSOLE HTM 36-40 :: DEA TUMIT CREAM INSOLE :: DEA TUMIT HITAM INSOLE
393,BAJU LUARAN PRIA,,3,6,A008-04-02,Fashion > FASHION PRIA,17,16,329,BLAZER PRIA | JAKET PRIA | JAS PRIA | KARDIGAN PRIA | ROMPI PRIA | SWEATER PRIA,MANTEL KOTAK :: MANTEL KOTAK PDK :: MANTEL KOTAK PJG TOPI :: SWEATER HL :: WK1890-23 WANGKY PLS :: WK1890-13 WANGKY PLS :: WK1890-7 WANGKY PLS :: CREWNECK ARCKIES HITAM M :: CREWNECK ARCKIES HITAM L :: CREWNECK ARCKIES HITAM XL :: CREWNECK ARCKIES HIJAU KHAKI M :: CREWNECK ARCKIES HIJAU KHAKI L :: CREWNECK ARCKIES HIJAU KHAKI XL :: CREWNECK RAGLAN SCARLET HITAM XL/XXL
397,PAKAIAN DALAM PRIA,,3,4,A008-04-06,Fashion > FASHION PRIA,17,17,777,CELANA BOXER | CELANA DALAM PRIA | CELANA DALAM PRIA SEKALI PAKAI | KAOS SINGLET PRIA,GTK-07(SP) 2XL MINI BRIEF PKR JUMBO (3) :: 704BW-BX L CLN SPANDEX (2) :: 708-(SP) 3XL CLN MINI SPANDEX JUMBO (3) :: GTM05 M BRIEF PKR MISTY (3) :: 704BW-BX XL CLN SPANDEX (2) :: 704BW-BX(SP) 2XL CLN SPANDEX JUMBO (2) :: 701-BM M MINI BRIEF PKR (3) :: 704BW-BX(SP) 3XL CLN SPANDEX JUMBO (2) :: GTLG01-IDM S-M SHORT PANTS GTLADIES :: 704BW-BX M CLN SPANDEX (2) :: 701-BM L MINI BRIEF PKR (3) :: GTK-09(SP) 2XL MINI BRIEF PKR JUMBO (3) :: GTK-07(SP) 3XL MINI BRIEF PKR  JUMBO (3) :: CD SUNAT S
1539,TEMPAT TISSUE,,6,2,A003-02-05-01-02-11,Perawatan Diri & Rumah Tangga > Rumah Tangga > Peralatan & Perlengkapan Rumah Tangga > PERALATAN RUMAH TANGGA > PERALATAN DAN PENYIMPANAN DI KAMAR MANDI,17,14,75,TEMPAT TISSUE DINDING | TEMPAT TISSUE MEJA,KOTAK TEMPAT TISSUE ROLL :: TEMPAT TISSUE BULAT TTB-1043 :: TEMPAT TISSUE BULAT BT316 :: TEMPAT TISU LIDI HITAM :: TEMPAT TISU LIDI WARNA :: TEMPAT TISU BUAYA1732087688792795 :: TR-11 RATO SQUARE TISSUE DISPENSER :: TR-12 RATO TISSUE DISPENSER SMALL :: TEMPAT TISU KOTAK RB :: KOTAK TISSUE PERSEGI PANJANG/B-1002 FROSTY :: TP TISSUE SIERA :: T TISU KASUBA ALEXIS :: T TISU SALSA O :: TEMPAT TISU DAUN
1545,PERALATAN MAKAN,,6,12,A003-02-05-01-03-05,Perawatan Diri & Rumah Tangga > Rumah Tangga > Peralatan & Perlengkapan Rumah Tangga > PERALATAN RUMAH TANGGA > PERALATAN DAN PENYIMPANAN DI DAPUR,17,11,1260,GARPU | SENDOK | PIRING | MANGKUK | GELAS/CUP | MUG | CANGKIR | PISAU MAKAN | SUMPIT | SEDOTAN | TUTUP GELAS | STIK KAYU UNTUK ESKRIM,SENDOK GARPU SUMPIT PORTABLE SET :: STAINLES GARPU SENDOK SUMPIT SET :: SFS-007 TECHNOPLAST SUAP CUTLERY ( WARNA RANDOM ) :: CATERING SET HITAM :: CATERING SET PUTIH :: SENDOK SET AZ ( WARNA RANDOM ) :: C495 SENDOK SET 3 IN 1 STAINLESS ( WARNA RANDOM ) :: SENDOK GARPU SET JATI :: CUTLERY SENDOK SET STAINLESS ( WARNA RANDOM ) :: SENDOK SET GARPU MAHONI :: SENDOK SET GARPU SONOKELING :: 4IN1 SET SENDOK STAINLESS :: SENDOK STAINLESS SET :: HOMLIV CAROLA SET SENDOK GARPU KAYU
1683,CANGKIR,,7,6,A003-02-05-01-03-05-07,Perawatan Diri & Rumah Tangga > Rumah Tangga > Peralatan & Perlengkapan Rumah Tangga > PERALATAN RUMAH TANGGA > PERALATAN DAN PENYIMPANAN DI DAPUR > PERALATAN MAKAN,17,17,107,CANGKIR ENAMEL | CANGKIR KERAMIK | CANGKIR MELAMIN | CANGKIR PLASTIK | CANGKIR PORSELEN | CANGKIR STAINLESS STEEL,CANGKIR NIKURA KEMBANG/MOTIF (HO/GH) :: GELAS CN POLOS :: CANGKIR ENAMEL :: 3388322 CANGKIR JUS-22 :: CANGKIR SENG PLS :: CANGKIR SENG MTF :: GELAS KRISTAL 028 WS :: ORGANIZER BOX BUNNY S5 :: COOL POP S :: PIRING BUAH CKLT BD :: MISTING SEKAT BACAAN :: CANGKIR CAPPUCINO :: PIRING BUAH CKLT KCL BKA :: HM0141 GELAS JERAMI GANDUM BLUE
71,MAINAN DENGAN PAPAN (BOARD GAME),,2,5,A010-05,Mainan dan Alat Lainnya,16,14,58,CATUR | DART | KARAMBOL | LUDO | MONOPOLI,98000 DRAWING BOARD SAPI :: 2023S DRAWING BOARD KARAKTER :: B16 REVERSI GAME T :: RKCO010011 PAPAN TULIS MAGNET :: JL2002 PAPAN TULIS :: SP003_PAPAN TULIS KUCING RKC010461/120PC :: LKL005 PAPAN TULIS BURUNG :: SP036_PAPAN TULIS SET OCT0016/144PC :: LKL002 PAPAN TULIS KUCING :: SP003_MAGNET HIJAIYAH SET RKC010272/96PC :: LKL001 PAPAN TULIS KELINCI :: MAGIC BOARD RUMAH :: MAGIC BOARD GAJAH :: MON5 MONOPOLI 5IN1
99,"MIE, BIHUN, KWETIAU INSTAN",,3,6,A001-05-09,Makanan dan Minuman > MAKANAN & BAHAN MAKANAN,16,2,439,BIHUN INSTAN BUNGKUS | KWETIAU INSTAN BUNGKUS | MIE INSTAN BUNGKUS | MIE INSTAN DALAM KEMASAN CUP | MIESOA INSTAN BUNGKUS | PASTA INSTAN BUNGKUS,FIT MEE MI KUAH AYAM BAWANG 71GR :: FIT MEE MI GORENG KOREA 78GR :: FIT MEE MI KUAH RASA SOTO 92GR :: AJINOMOTO MIE YUMYUM GORENG AYAM PANGGANG PEDAS 70 GR :: YUM YUM THAILAND'S TOMYUM UDANG KUAH CREAMY 70 GR :: SUPERMI NUTRIMI STEAK AYAM 80 GR :: SARIMI PUASS FRIED CHICKEN 100GR :: MIE LEMONILO KUAH KARI AYAM 73 GR :: SEMPIO WHEAT NOODLES SOFT&THIN 220GR :: MR ISHII SHIRATAKI 200 GR :: SUPERMIE NUTRIMI GORENG 80 GR :: BAKMI SUNDORO GORENG JOGJA 95 GR :: BAKMI SUNDORO GODHOG JOGJA 80 GR :: MIE LEMONILO KUAH SOTO KOYA 60 GR
135,PERAWATAN RAMBUT,,3,11,A003-01-01,Perawatan Diri & Rumah Tangga > Perawatan Diri,16,9,1408,HAIR MOISTURIZER | KONDISIONER RAMBUT (HAIR CONDITIONER) | MASKER RAMBUT (HAIR MASK) | PENATA RAMBUT (WAX/GEL/POMADE/FOAM) | PENYUBUR RAMBUT | PEWARNA RAMBUT | SERUM RAMBUT | SHAMPOO | SPRAY RAMBUT | TONIK RAMBUT (HAIR TONIC) | VITAMIN RAMBUT,ACL CREAMBATH LIDAH BUAYA 1 KG :: ACL CREAMBATH AVOCADO 1 KG :: ACL CREAMBATH SUSU 1 KG :: ACL CREAMBATH STRAWBERRY 1 KG :: GOOD CARROT CREAMBATH EMULSION 250 GR :: VENON HAIR TREATMENT COAT UNGU 160 ML :: NATUR SHAMPOO ALOE VERA 140 ML + HAIR TONIC 90 ML :: SUNSILK CREAMBATH SILKY GLOSS 30 GR :: SUNSILK CREAMBATH SILKY SMOOTH 30 GR :: SUNSILK CREAMBATH SILKY GLOSS 180 GR :: SUNSILK CREAMBATH SILKY SMOOTH 180 GR :: PANTENE INTENSIVE SHOT TREATMENT 4@12 ML :: GATSBY MOVING RUBER SPIKY EDG PK 80G 150443 :: TAN POMADE (S) 40GR 1010
375,AKSESORIS RAMBUT ANAK,,3,6,A008-01-01,Fashion > AKSESORIS FASHION ANAK,16,15,663,BANDO & BANDANA ANAK | IKAT RAMBUT ANAK | JEPIT RAMBUT ANAK | KUPLUK ANAK | SISIR ANAK | TOPI ANAK,F308 SIRKAM RAMBUT ANAK :: KARET SCRUNCHIE 40.0 :: SIRKAM BIASA :: KARET KELINCI :: SIRKAM GIGI 7 :: KARET VARIASI 36.0 :: KARET VARIASI 30.0 :: JEPIT ANAK ISI 3 (10) :: MAHKOTA 25 :: BANDANA BAYI 120.0 :: SPIRAL ANAK 60.0 :: HC F6180 PITA PINK :: BD F5905 BIRU :: HC F6180 PITA BIRU
1233,ATASAN OLAHRAGA PRIA,,4,2,A008-08-01-01,Fashion > PAKAIAN OLAHRAGA > PAKAIAN OLAHRAGA PRIA,16,16,24,KAUS OLAHRAGA PRIA | JAKET OLAHRAGA PRIA,7292 BAJU SELAM ANAK TGG 12-14 :: 7265 BAJU SELAM ANAK TGG 14 :: 7244 BAJU SELAM ANAK PJG LYCRA 6-8 :: 72100 BAJU SELAM SUBLIM :: 72101 BAJU SELAM SUBLIM 6-8 :: 6191 KAOS OBL PJG BABY TERRY :: 7258 BAJU SELAM ANAK 6-8 :: 6196 KAOS OBL DRIFIT :: 7287 BAJU SELAM SUBLIM 6-8 :: 7298 BAJU SELAM ANAK TGG SUBLIME BATMAN :: 7235 BAJU SELAM ANAK PJG 4-8 :: 7239 BAJU SELAM ANAK TGG 12-14 :: 72102 BAJU SELAM SUBLIM 6-8 :: 7285 BAJU SELAM ANAK
134,PERLENGKAPAN TIDUR ANAK & BAYI,,3,5,A002-03-07,Keperluan Anak dan Bayi > PERLENGKAPAN ANAK & BAYI,15,15,135,BANTAL ANAK & BAYI | GULING ANAK & BAYI | KELAMBU | PERLAK ANAK & BAYI | SELIMUT ANAK & BAYI,BC REMPEL BALITA :: DGK9308 BABY MATTRESS + MOSQUITO NET DEERLY SERIES :: PENUTUP MATA NIA :: CBB4014 BANTAL SOFA + BANTAL DOT FOXIE SERIES :: KASUR KELAMBU LIPAT V&V :: KASUR KELAMBU SLETING V&V :: SARUNG BANTAL BALITA V&V :: SARUNG BANTAL GULING BAYI V&V :: SARUNG GULING BAYI V&V :: SARUNG GULING BALITA V&V :: SKT212800 KOJONG TARIK BIBY SERIES :: OB21202 KASUR BAYI LIPAT ALPACA SERIES PEACH :: OB21203 KASUR BAYI LIPAT ALPACA SERIES ABU :: OS65401 SARUNG BANTAL IBU MENYUSUI FOX SERIES BIRU
1027,GITAR,,4,5,A005-05-01-02,"Hobi, Ibadah, dan Olahraga > OLAHRAGA > ALAT MUSIK",15,12,102,CAPO GITAR | GITAR  | SARUNG GITAR (CASE) | SENAR GITAR | UKULELE,NUT GITAR :: STAND GITAR TEMBOK/DINDING :: GS SADEL GITAR :: DRYER GITAR :: STRAP GITAR POLOS :: PAKU GITAR :: PICK GITAR ALICE :: SADEL GITAR GS :: PICK GITAR COWBOY :: PICK GITAR ALICE GS :: SADEL GITAR GS :: PICK GITAR COWBOY :: DRYER GITAR :: NUT GITAR
36,ALAT ELEKTRONIK KANTOR & GADGET,,2,4,A006-02,Elektronik,14,14,1046,PERLENGKAPAN KOMPUTER | SUKU CADANG KOMPUTER | PERLENGKAPAN & SUKU CADANG GADGET | GADGET LAINNYA,"NET RJ-45 NO BRAND PACK ISI 4 PLASTIK(100) :: LAN-04 :: MICRO USB TO 3,5MM :: HDMI 17 :: LAN-05 :: SARUNG HP ANTI AIR KARAKTER LUCU :: 1.3M + RINGLIGHT 26CM TRIPOD HANDPHONE :: 1.3M TRIPOD HANDPHONE :: 2.1M TRIPOD HANDPHONE :: PHONE HOLDER HP S817 :: ZT03 LAMPU-TRIPOD :: TT22 BLACK-TRIPOD :: ZT01 PINK LAMPU-TRIPOD :: TR01 BLACK LAMPU-TRIPOD"
91,BAHAN KUE,,3,6,A001-05-01,Makanan dan Minuman > MAKANAN & BAHAN MAKANAN,14,0,276,TEPUNG KUE INSTANT | BAHAN PEWARNA DAN PERISA KUE | PENGEMBANG KUE | BUBUK PUDDING/JELLY/AGAR-AGAR DAN VLA | RAGI | TEPUNG WHIPPED CREAM | BAHAN KUE LAINNYA,DONAN 315 GR :: MARIZA TEPUNG PREMIKS CHIFFON PANDAN 200 GR :: MARIZA TEPUNG PREMIKS BROWNIES 200 GR :: WIPPY INSTAN CREAM POWDER 400 GR :: TULIP WHITE COMPOUND 250 GR :: PEWARNA NAGA BERLIAN KUNING MUDA 3GR :: DJAGO SUKADE WARNA 140 GR :: DJAGO SAGU DELIMA 150 GR :: NUTRICAKE BROWNIES RED VELVET 230 GR :: NUTRICAKE BROWNIES MOCHA 230 GR :: ELLE & VIRE DAIRY CREAM EXCELLENCE COOKING CREAM 1 LT :: ORGAN PREMIUM BREAD MIX 450 GR :: PRIMSFOOD EGG GLOSS 140 GR :: SPONGE 28 1KG
1817,SAOS SAMBAL,,5,3,A001-05-13-06-01,Makanan dan Minuman > MAKANAN & BAHAN MAKANAN > SAUS > SAOS  PEDAS & SAMBAL,14,5,73,SAMBAL KEMASAN SACHET | SAMBAL KEMASAN POUCH | SAMBAL KEMASAN JAR,BELIBIS SAUS CABE 650 ML :: SAMBAL BANGKOK KOKITA 400 GR :: INDOFOOD SAMBAL PEDAS MANIS 135 ML :: HEINZ KOREAN GOURMET CHILI ALA GOCHUJANG  BOTOL 325 GR :: SAMBAL NASSI TERI CUMI 140 GR :: SAMBAL ASLI JEMPOL 600 ML :: SAMBAL GORENG TRADISIONAL NASSI CUMI 140 GR :: ABC SAMBAL FRUITY NANAS JERUK BOTOL 275 ML :: ABC SAMBAL FRUITY APEL MANGGA BOTOL 135 ML :: ABC SAMBAL FRUITY NANAS JERUK BOTOL 135 ML :: SAMBAL PEDAS MANIS CAP IBU JARI JEMPOL 320 ML :: INDOFOOD SAMBAL BANGKOK REFILL 1 KG :: INDOFOOD SAMBAL EXTRA PEDAS REFILL 1 KG :: ABC SAMBAL MANIS PEDAS 135ML (48)
30,MEMANCING,,2,3,A005-04,"Hobi, Ibadah, dan Olahraga",13,0,19,ALAT PANCING (REEL PANCINGAN) | MATA KAIL | SENAR PANCING,PELAMPUNG PANCING BULAT STARLITE :: UMPAN PANCING IKAN TIRUAN 4.5CM :: PELAMPUNG PANCING POLYCON UK XS :: PELAMPUNG PANCING JARUM POLOS UK 8CM :: UMPAN PANCING IKAN TIRUAN 11CM :: STARLITE LED PANCING LUMICA :: PELAMPUNG PANCING POLYCON UK S :: PELAMPUNG PANCING JARUM WARNA UK 8CM :: PELAMPUNG PANCING POLYCON UK M :: UMPAN PANCING IKAN TIRUAN 9.5CM :: STOPPER PANCING UK S :: STOPPER PANCING OMGA 86819 :: PELAMPUNG PANCING JARUM BATIK UK 8CM
258,MAKANAN HEWAN PELIHARAAN,,3,5,A005-08-03,"Hobi, Ibadah, dan Olahraga > HEWAN PELIHARAAN",13,4,238,MAKANAN ANJING | MAKANAN HAMSTER | MAKANAN IKAN | MAKANAN KUCING | PAKAN BURUNG,"SMARTHEART RABBIT FEED JUNIOR 1 KG :: SMARTHEART RABBIT FEED APPLE 1 KG :: SMARTHEART RABBIT VEGGIES & CEREALS POUCH 1 KG :: SMARTHEART RABBIT RASPBERRY POUCH 1 KG :: SMARTHEART RABBIT FEED WILDBERRY 1 KG :: MAKURA MINI 120 GR :: MAKURA BABY 60 GR :: SMARTHEART 1.1KG ADULT HAIRBALL CONTROL FORMULA :: ALPO ADULT DOG FOOD BEEF, LIVER & VEGETABLE FLAVOUR 3 KG :: ME-O PERSIAN DRY FOOD 400 GR :: MAKURA MINI 30 GR :: EASY FAT ISI 25 :: MAKURA MINI 120GR"
944,PELEMBUT & PEWANGI PAKAIAN (SOFTENER),,4,3,A003-02-02-02,Perawatan Diri & Rumah Tangga > Rumah Tangga > BAHAN LAUNDRY,13,2,231,PELEMBUT & PEWANGI PAKAIAN (SOFTENER) KEMASAN BOTOL | PELEMBUT & PEWANGI PAKAIAN (SOFTENER) KEMASAN REFILL (POUCH) | PELEMBUT & PEWANGI PAKAIAN (SOFTENER) KEMASAN SACHET,DOWNY PLUS COLLECTION ANTI APEK SACHET ISI 6 @ 19ML :: DOWNY PLUS COLLECTION ANTI BAU SACHET ISI 6 @ 19ML :: DOWNY ALLURE SACHET ISI 12 @ 10ML :: DOWNY SWEETHEART SACHET ISI 6 @ 20ML :: MOLTO EAU DE PARFUM K-ROMANCE SACHET ISI 6 @ 20 ML :: MOLTO JAPANESE PEACH SACHET ISI 6 @10ML :: ATTACK SOFTENER FRESH UP DAZZLING LILAC SACHET ISI 6 @ 20 ML :: ATTACK SOFTENER FRESH UP SAKURA BLOSSOM SACHET ISI 6 @ 20ML :: SOKLIN PEWANGI GLAMOUR PURPLE SACHET ISI 6 @15 ML :: SOKLIN PEWANGI GLAMOUR DAZZLING BLUSH SACHET ISI 6 @ 15ML :: MOLTO EAU DE PARFUM ENCHANTING SACHET ISI 6 @ 9ML :: MOLTO PARFUM PROTECT MORNING FRESH 2@550 ML :: SOKLIN ROYALE MATCHA BLOSSOM POUCH 600 ML
1355,SABUN ANAK & BAYI CAIR,,5,2,A002-01-03-07-02,Keperluan Anak dan Bayi > PERAWATAN ANAK & BAYI > PERAWATAN KULIT ANAK & BAYI > SABUN ANAK & BAYI,13,7,110,SABUN ANAK & BAYI CAIR KEMASAN BOTOL | SABUN ANAK & BAYI CAIR KEMASAN REFILL (POUCH),"PROBABY BATH SILKY CUDDLE BOTOL 100 ML :: MITU BABY FRESH & CLEAN MILK BATH REFILL 400 ML :: ZWITSAL RICH HONEY BABY MILKY BATH REFILL 450 ML :: ZWITSAL BABY SHAMPOO ALOE VERA, KEMIRI & SELEDRI REFILL 450 ML :: MITU BABY MILK BATH REFILL 200 ML :: LACTACYD BABY LIQUID SOAP MILK EXTRACT 250 ML :: MY BABY KIDS HAIR&BODY WASH PINK PUMP 280 ML :: CETAPHIL BABY MOISTURIZING BATH & WASH 400 ML :: CETAPHIL BABY WASH & SHAMPOO CALENDULA PUMP 400 ML :: CETAPHIL BABY MOISTURIZING BATH & WASH 230 ML :: CETAPHIL BABY WASH & SHAMPOO CALENDULA BOTOL 230 ML :: JOHNSON BABY HAIR & BODY BATH MILK + RICE REFFIL 600 ML :: MASKIT BABY & KIDS BODY WASH CALAMINE 250 ML"
1363,SABUN BADAN CAIR,,5,2,A003-01-03-09-02,Perawatan Diri & Rumah Tangga > Perawatan Diri > PERAWATAN BADAN > SABUN BADAN,13,3,628,SABUN BADAN CAIR KEMASAN BOTOL | SABUN BADAN CAIR KEMASAN REFILL,DETTOL BODY WASH SENSITIVE LAVENDER & WHITE MUSK BOTOL 100 ML :: DETTOL BODY WASH SKINCARE SAKURA BLOSSOM BOTOL 300 ML :: DETTOL BODY WASH LASTING FRESH BOTOL 300 ML :: VELVY SHOWER CREAM ROYAL JELLY & SUNFLOWER PUMP 1 LT :: KAHF HAIR AND BODY WASH RELAXING 200 ML :: KAHF HAIR AND BODY WASH ENERGIZING 200 ML :: BIODEF NATURAL PROTECTION HAND WASH ANTISEPTIK ALAMI MINT+YUZU REFFIL 200 ML :: BIODEF NATURAL PROTECTION BODY WASH ANTISEPTIK ALAMI MINT+YUZU  BOTOL 275 ML :: ERHA NATURALLY SPEAKING BODY WASH JOY MANGOSTEEN 200 ML :: ERHA NATURALLY SPEAKING BODY WASH HAPPY COCOA 200 ML :: LIFEBUOY BODY WASH COOL FRESH REFFIL 800 ML :: LIFEBUOY BODYWASH MILD CARE 500 + 380 GR :: LIFEBUOY BODY WASH TOTAL 10 500 + 380 GR
396,BAWAHAN PRIA,,3,3,A008-04-05,Fashion > FASHION PRIA,12,12,1355,CELANA PANJANG PRIA | CELANA PENDEK PRIA | JEANS PRIA,C T/G STRET :: 018 WOOD BROWN CLN CARGO PLS :: CPJ 94Z.828.GW 33-38 :: LSP.04 K ABU SCUBA PDK LESLEY :: LTP.02 K ABU TUA TRACKING PANTS LESLEY :: LNA.02 B ABU SKENA PANTS LESLEY :: FJBR.01 K REMPEL FORMAL MAN LESLEY :: FJBR.01 B REMPEL FORMAL MAN LESLEY :: FJB.01 B SLIMFIT FORMAL MAN LESLEY :: CS14000003 HAMLET MEN BOXER PE M-XL SP39 :: CS14000006 HAMLET MEN BOXER PE 2L-4L :: CS14000005 HAMLET MEN BOXER TC 2L-4L
453,KUAS & APLIKATOR MAKE UP,,3,6,A009-01-01,Kosmetik dan Alat Kecantikan > ALAT KECANTIKAN,12,12,210,BRUSH SET | KUAS BIBIR | KUAS MASKER | KUAS MATA | KUAS WAJAH | SPONGE / BLENDER / APLIKATOR MAKE UP,KUAS BLUSH 150.0 :: SPON AC101 :: KOAS DBL BUSA ISI 6 A :: BRUSH 12IN1 PINK :: KUAS 2IN1 PINK :: KUAS MASKER (2) :: KUAS MASKER (3) :: KUAS 2IN1 CREAM :: KUAS MASKER COD :: KUAS 2IN1 HITAM :: BRUSH 12IN1 BIRU :: KUAS 2IN1 PUTIH
1682,MUG,,7,6,A003-02-05-01-03-05-06,Perawatan Diri & Rumah Tangga > Rumah Tangga > Peralatan & Perlengkapan Rumah Tangga > PERALATAN RUMAH TANGGA > PERALATAN DAN PENYIMPANAN DI DAPUR > PERALATAN MAKAN,12,11,93,MUG ENAMEL | MUG KERAMIK | MUG MELAMIN | MUG PLASTIK | MUG PORSELEN | MUG STAINLESS STEEL,GL-76 TORA MUG 300 ML :: GL-35 GOGO MUG 250ML :: GL-19 KIWI MUG (S) 300ML W/COVER :: MUG TP S/S COOKVILLE 10CM :: MUG TP S/S COOKVILLE 8CM :: MUG COVER/BLUE SAPHIRE STONE 8012 BSS :: 3388323 MUG KERAMIK-23 :: MUG TUTUP BENJI :: FG-MG103X1.HMSC MUG WITH HANDLE SET OF 2 :: FG-QYMCRLQB2.T KHM MUG COREL 11 OZ QUOTE 2 :: MUG PYRAMID KOMPAS 8540 :: MUG KOPI 350ML
97,MAKANAN BEKU,,3,16,A001-05-07,Makanan dan Minuman > MAKANAN & BAHAN MAKANAN,11,7,592,ADONAN BEKU | ANEKA DIMSUM BEKU | BAKSO BEKU | DAGING AYAM BEKU | DAGING SAPI BEKU | GYOZA / PANGSIT BEKU | IKAN & SEAFOOD BEKU | KENTANG BEKU | MANTAU BEKU | NUGGET BEKU | PANCAKE BEKU | PIZZA BEKU,KARAWACI OTAK OTAK PANJANG 250 GR :: CEDEA FISH DUMPLING CHEESE 500 GR :: WARUNG DAHAR MENDOAN FROZEN ISI 12 PCS :: BONCHEF KULIT ZUPPA SUP 450 GR :: CEDEA KOREAN ODENG ORIGINAL 480 GR :: CEDEA KOREAN ODENG SPICY 480 GR :: PASKALI EGG CHICKEN ROLL 200 GR :: PASKALI BEEF ROULADE 250 GR :: CEDEA MIX CURAH :: CEDEA FISH DUMPLING CHICKEN 500GR :: CEDEA DUMPLING SPICY CHICKEN 500GR
209,BENANG,,3,5,A005-03-01,"Hobi, Ibadah, dan Olahraga > MENJAHIT",11,11,306,BENANG JAHIT | BENANG KASUR | BENANG RAJUT | BENANG WOL | BENANG LAINNYA,BENANG COKLAT TIMBUL :: BENANG UNGU TUA 500Y :: BENANG KARET PUTIH :: BENANG HTM TIMBUL :: BENANG BLUE BLACK 500Y :: BENANG UNGU MUDA 500Y :: BENANG KARET HITAM :: B RAJUT SUSU NO.25 WILLOW GREEN :: B RAJUT SUSU NO.47 AQUA MARINE :: BENANG SMOK PANDA UNGU TUA :: BENANG SMOK PANDA HIJAU EMERALD
844,POPOK (DIAPERS) ANAK & BAYI,,4,2,A002-03-02-05,Keperluan Anak dan Bayi > PERLENGKAPAN ANAK & BAYI > PERLENGKAPAN KEBERSIHAN ANAK & BAYI,11,7,379,POPOK (DIAPERS) ANAK & BAYI KAIN | POPOK (DIAPERS) ANAK & BAYI SEKALI PAKAI (DISPOSABLE),GOO.N SMILE BABY PANTS COMFORT FIT XL26 :: NEPIA GENKI TAPE NEW BORN NB44 :: MAKUKU AIR DIAPERS COMFORT M34 PANTS :: NEPIA GENKI TAPE M-64 :: MAKUKU AIR DIAPERS COMFORT FIT PANTS M 62 + 4 :: MAKUKU AIR DIAPERS COMFORT FIT PANTS XL44 + 4 :: MAKUKU AIR DIAPERS COMFORT FIT PANTS L54 + 4 :: MERRIES PANTS GOOD SKIN S-11 (12)752799 :: BABY HAPPY PANTS XXL-18 ( 4 ) :: MERRIES PREMIUM PANTS XL 38 (3) :: MERRIES PREMIUM PANTS XXL 24 ( 3 )
1424,CAIRAN PEMBERSIH LANTAI,,5,4,A003-02-03-04-01,Perawatan Diri & Rumah Tangga > Rumah Tangga > BAHAN PEMBERSIH RUMAH > PEMBERSIH LANTAI,11,9,180,CAIRAN PEMBERSIH LANTAI KEMASAN BOTOL | CAIRAN PEMBERSIH LANTAI KEMASAN JERIGEN | CAIRAN PEMBERSIH LANTAI KEMASAN REFILL (POUCH) | CAIRAN PEMBERSIH LANTAI KEMASAN SACHET,SOKLIN LANTAI SWEET LOVE SACHET 25 ML :: HARPIC BATHROOM LIME REFILL 125 ML :: VIXAL EXTRA KUAT BIRU BOTOL BANDED 2@750 ML :: BOLDE LIQUID FLOOR CLEANER APPLE 800 ML :: VIXAL KUAT HARUM HIJAU BOTOL 700 GR :: VIXAL EKSTRA KUAT TRIPLE ACTION BOTOL 700 GR :: VIXAL EKSTRA KUAT TRIPLE ACTION 2X700GR (6) :: HANDSOAP LEMON 5 LT :: PEMBERSIH LANTAI 5 LT :: SOKLIN LANTAI DEGRE NANAS & JERUK NIPIS POUCH 770 ML ( 12 ) :: SOKLIN LANTAI DEGRE JASMINE & JERUK NIPIS POUCH 770 ML ( 12 )
1435,PERALATAN DAN PENYIMPANAN DI KAMAR MANDI,,5,12,A003-02-05-01-02,Perawatan Diri & Rumah Tangga > Rumah Tangga > Peralatan & Perlengkapan Rumah Tangga > PERALATAN RUMAH TANGGA,11,5,560,"BASKOM AIR | DISPENSER SABUN CAIR | EMBER | GAYUNG | HOLDER / RAK PLASTIK DI KAMAR MANDI
 | HOLDER SIKAT GIGI | RAK GANTUNG HANDUK | SHOWER HEAD UNTUK MANDI | SHOWER KLOSET | TEMPAT SABUN BATANG | TEMPAT TISSUE | SPONS MANDI (SHOWER NET)",SIKAT WAJAH TANGKAI :: SPON GAGANG MAKE UP LOOK 3 :: KUAS ALIS+MASCARA+SDW 232.120 :: S624 BATH GLOVE :: DUDUKAN SHOWER :: KARPET ANTI LICIN TOSCA :: KARPET ANTI LICIN PINK :: F3G080-0001 SARUNG BANTAL ISI 2 BIG BASIC MY LOVE :: KRJ MELODI VIOLA :: TEMPAT SIKAT GIGI CKLT BERUANG :: TEMPAT SIKAT GIGI ABU BERUANG
103,SAUS,,3,10,A001-05-13,Makanan dan Minuman > MAKANAN & BAHAN MAKANAN,10,2,614,CUKA | KECAP | MAYONES | SAUS PASTA | SAUS SALAD | SAOS  PEDAS & SAMBAL | SAUS TIRAM | SAUS BUMBU MASAK | TAUCHO | SAUS LAINNYA,SAJO PASTE SOYBEAN 170 GR :: LEE KUM KEE CHAR SIU SAUCE 240 GR :: SAUS KEJU 250 GR :: GOCHUJANG RED PEPPER SAUCE 200 GR :: GOCHUJANG RED PEPPER SAUCE 500 GR :: MAMASUKA DELISAOS HOT LAVA 24 @ 9GR :: MAMASUKA DELISAOS HOT LAVA VOLCANO ISI 24 @ 9GR :: DAESANG O'FOOD TTEOKBOKKI SAUCE 120 GR :: MC LEWIS CHEESE SAUCE 250 GR :: MC LEWIS SAUS PEDAS RASA AYAM ALA KOREA 250 GR
227,ALAT MUSIK,,3,8,A005-05-01,"Hobi, Ibadah, dan Olahraga > OLAHRAGA",10,10,145,DRUM | GITAR | HARMONIKA | JIMBE | PIANIKA | SERULING / RECORDER | TAMBOURINE | TAMTAM KULIT,ALICE CLASSIS MUSICAL GUITAR STRINGS A106-H :: PIANIKA KOPER (HARD COVER) :: FENDER 030 :: FENDER 032 :: FENDER 024 :: FENDER 022 :: FENDER 038 :: FENDER 014 :: SENAR GITAR PYRAMID GOLD NO 5 :: TABLA DANGDUT
1234,BAWAHAN OLAHRAGA PRIA,,4,2,A008-08-01-02,Fashion > PAKAIAN OLAHRAGA > PAKAIAN OLAHRAGA PRIA,10,10,377,CELANA OLAHRAGA PRIA | CELANA RENANG PRIA,CLB0103 TOPTEN 2506 TRAINING PDK BIG HITAM :: CLS0101 TOPTEN 2601 TRAINING PENDEK HITAM :: CLB0102 TOPTEN 2601 TRAINING PDK BIG ABU TUA :: CLN LURUS TALI :: 5197 CPD CHIODA :: 5198 XXL CPD :: 5196 CPD :: 5197 XXL CPD :: 5189 CPD :: CLN SKINNY SPDX
1440,PERLENGKAPAN KAMAR & KAMAR MANDI,,5,13,A003-02-05-02-03,Perawatan Diri & Rumah Tangga > Rumah Tangga > Peralatan & Perlengkapan Rumah Tangga > PERLENGKAPAN RUMAH TANGGA,10,10,2283,BANTAL DEWASA | CERMIN | GULING DEWASA | HANDUK | JAM | KAPSTOK | KASUR | KIMONO HANDUK (BATHROBE) | MATRAS LIPAT | SELIMUT (BEDCOVER) | SPREI | TIRAI,TEPUKAN LALAT  3100 :: F3H0C0-9999 SARUNG BANTAL + GULING CALIFORNIA :: F3H080-9999 SARUNG BANTAL + GULING BIG :: RAK SHAMPOO KAWAT :: SARUNG BANTAL-GULING CAMPUR DLUXE 1PC :: CERCHIO 120X200 SPREI P1 FLAT LITE :: ZENOVIA 100X200 SPREI P1 FLAT LITE :: OLIVIA 120X200 SPREI P1 FLAT LITE :: SARUNG BANTAL CAMPUR DLUXE ISI 2PCS :: JUMEIRA 120X200 SPREI P1 FLAT LITE
1516,FLOOR MOP,,6,4,A003-02-05-01-01-01,Perawatan Diri & Rumah Tangga > Rumah Tangga > Peralatan & Perlengkapan Rumah Tangga > PERALATAN RUMAH TANGGA > PERALATAN KEBERSIHAN RUMAH TANGGA,10,10,106,FLOOR MOP UNTUK MENYAPU | FLOOR MOP UNTUK PEL | REFILL UNTUK FLOOR MOP PEL | REFILL UNTUK FLOOR MOP SAPU,BM-51 LIVINA SPIN MOP HANDLE SET :: BM-56 LIVINA FLAT MOP HANDLE SET :: BM-28 LIVINA FLOOR SCRUBBER NO 281 :: LAP PEL KARET NAGOYA :: BCT-3505 BIRU BONBOX SPIN MOP :: BCT-3505 HIJAU BONBOX SPIN MOP :: BCT-3505 PINK BONBOX SPIN MOP :: BCT-4313 BONBOX CLEANING TOOLS :: BCT-3502 BONBOX CLEANING TOOLS :: 610 ICLEAN SPIN MOP HANDLE SET
1794,CARDINAL,,3,2,Z003-B001-05,UNUSED > AREA DISPLAY,10,10,700,CARDINAL OBRAL | CARDINAL NORMAL,MC6CCZ0963N 01A :: MC6CCZ0870N 03K :: MC6CFZ0960N 03I :: MC7CSZ0357N 03B :: MC6CF00832N 03A :: MC6CF00835N 03B :: MC6CFZ0880N 01A :: MC6CFZ0942N 01A :: MC7CXZ0970N 01A :: MC7CDZ1035N 03K
22,Perawatan Diri,Self-Care,2,14,A003-01,Perawatan Diri & Rumah Tangga,9,4,7340,PERAWATAN RAMBUT | PERAWATAN WAJAH | PERAWATAN BADAN | PERAWATAN MULUT & GIGI | FRAGRANCE & DEODORAN | PENCUKUR & PERONTOK RAMBUT | KEBUTUHAN KHUSUS WANITA | MULTIVITAMIN & SUPLEMEN | DIET | OBAT-OBATAN | KESEHATAN SEKSUAL | KEBUTUHAN KHUSUS LANJUT USIA,CITRA MULTIFUNCTION GEL TOMATO BRIGHT UV 170 ML :: OVALE OLIVE OIL 100 ML :: EMINA ALOE VERA GEL 60 ML :: SARI AYU MINYAK ZAITUN 25 ML :: VASELINE REPAIRING FOOT MASK SP NEW 24 ML :: NURSE CAP ISI 50 :: KOCOKAN TELUR BALON METALIK K :: ALAT PIJAT 9 RODA MANUAL :: BOLA PIJAT 3D MASSAGE
92,BERAS,,3,6,A001-05-02,Makanan dan Minuman > MAKANAN & BAHAN MAKANAN,9,5,124,BERAS CAMPUR | BERAS COKLAT | BERAS HITAM | BERAS MERAH | BERAS PUTIH | BERAS PORANG,BERAS KETAN HITAM PRIMA 1 KG :: MENTARIKU RATU MERAH 2.5 KG :: BERAS LUMBUNG PADI 5 KG :: BERAS PREMIUM LOSARI 5 KG :: DAILY MEAL PORANG CASSAVA RICE 7@40 GR :: BERAS PREMIUM BEFOOD SETRA RAMOS 5KG :: ORIGIN WHITE RICE ORGANIC 900 GR :: BERAS PREMIUM BEFOOD PUNOKAWAN 3KG :: BERAS PUNOKAWAN 10 KG
518,KOPI BUBUK,,4,3,A001-03-01-02,"Makanan dan Minuman > COKLAT, KOPI & TEH > KOPI MENTAH",9,7,220,KOPI BUBUK INSTAN KEMASAN BUNGKUS/SACHET | KOPI INSTAN KEMASAN JAR | KOPI KEMASAN PACK,ARABIKA HALUS KOFFIE FABRIK 250 GR :: ROBUSTA HALUS KOFFIE FABRIK 250 GR :: KOPI DEMPO 250 GR :: KOPI DEMPO 100 GR :: GARIA - ROBUSTA BUBUK 200 GR :: ARABIKA KASAR 250 GR :: KAPAL API SPESIAL 90 GRAM :: ROBUSTA BIJI KOFFIE FABRIEK 250 GR :: KOPI TUBRUK GADJAH ASLI 300 GR ( 8 )
603,KERUPUK ,,4,2,A001-05-08-06,Makanan dan Minuman > MAKANAN & BAHAN MAKANAN > MAKANAN DALAM KEMASAN & KALENG,9,8,140,KERUPUK MENTAH DALAM KEMASAN | KERUPUK SIAP MAKAN,SOPONYONO KERUPUK SAMILER :: KERUPUK GADO-GADO CURAH :: MAKARONI CURAH :: KERUPUK IKAN MERAH CURAH :: KERUPUK IKAN CURAH :: KERUPUK BAWANG CURAH :: KRP. UDANG BULAT 140 (ORANGE) :: KRP. STICK LADA 85 :: KERUPUK JAMUR RASA BARBEQUE 30GR (20)
938,ANTI NYAMUK ELEKTRIK,,4,2,A003-02-01-02,Perawatan Diri & Rumah Tangga > Rumah Tangga > ANTI HAMA & SERANGGA,9,7,47,ANTI NYAMUK ELEKTRIK KEMASAN DENGAN ALAT & ISI | ANTI NYAMUK ELEKTRIK KEMASAN REFILL SAJA,HIT MAT ELEKTRIK KABEL + LAMPU 67 GR :: HIT MAT ELECTRIC MOUSE 5 WATT :: HIT MAT ELECTRIC ALAT N-8 :: VAPE MAT DEVICE 63 GR :: HIT MAT ELEKTRIK GOOD KNIGHT DEVICE TANPA KABEL GREEN TEA 0.566 MV :: HIT LV GOOD KNIGHT XPRESS PINK BLOSSOM REFIL 35 ML :: HIT MAT GOOD KNIGHT PINK BLOSSOM REFIL 18+12S :: HIT XPRESS ELEKTRIC GOOD KNIGHT REF. APPLE 45 HARI :: HIT NONSTOP ELEKTRIC GOOD KNIGHT REFFIL FRESH 45 HARI @ 2
1641,KOREK API,,7,2,A003-02-05-01-03-01-22,Perawatan Diri & Rumah Tangga > Rumah Tangga > Peralatan & Perlengkapan Rumah Tangga > PERALATAN RUMAH TANGGA > PERALATAN DAN PENYIMPANAN DI DAPUR > ALAT DAPUR & AKSESORIS DAPUR,9,8,48,KOREK API GAS | KOREK API KAYU,M-1168 KOREK BBQ TORCH ZET (50) :: KOREK BARA BLK 950 (50) :: KOREK RODA LAMPU 182 :: KOREK BARA 942 :: KOREK ZR 08 :: KOREK BARA 949 :: KOREK BARA SENTER :: KOREK MAGNET 322/TAURUS :: KOREK FOX ZENITH
1665,ALAT UNTUK BAKAR SATE,,7,1,A003-02-05-01-03-02-01,Perawatan Diri & Rumah Tangga > Rumah Tangga > Peralatan & Perlengkapan Rumah Tangga > PERALATAN RUMAH TANGGA > PERALATAN DAN PENYIMPANAN DI DAPUR > ALAT MASAK,9,8,160,SPATULA,BLG-PIMS30 MASPION MULTI SQUARE GRILL :: MR-34M MASPION MAGIC ROASTER BLACK SPECKLE :: SBG-32 SUBRON GRILL PAN 32 CM :: GSF - 4517 GRILL PAN SEGI :: NAGAKO GRILL PAN SQUARE :: GRILL PLATE GSF 7132 :: PANGGANG PORTABLE BULAT 38 CM :: COCOCHA PANGGANGAN SATE KECIL ( 12 ) :: GRILL PLATE GSF 7132
56,PERHIASAN DEWASA,,2,6,A008-10,Fashion,8,7,316,ANTING DEWASA | BROS DEWASA | CINCIN DEWASA | GELANG DEWASA | KALUNG DEWASA | LIONTIN DEWASA,132S SET PERHIASAN WANITA :: RING HURUF :: KLG/GLG/CIN 20.0 :: KLG/GLG/CIN 25.0 :: KLG/GLG/CIN 23.0 :: KLG/GLG/CIN 21.0 :: KLG/GLG/CIN 18.0 :: KLG/GLG/CIN 27.0
106,TEPUNG,,3,7,A001-05-16,Makanan dan Minuman > MAKANAN & BAHAN MAKANAN,8,1,74,TEPUNG BERAS | TEPUNG KETAN | TEPUNG MAIZENA | TEPUNG ROTI | TEPUNG SAGU | TEPUNG TAPIOKA | TEPUNG TERIGU,TEPUNG BUMBU KRISPI MAMASUKA 70 GR :: TEPUNG KRISPI KEJU MAMASUKA 170 GR :: MOM'S RECIPE PERKEDELKU 50GR :: TEPUNG BAKWAN UDANG MAMASUKA 170 GR :: TEPUNG TAPIOKA MEKAR MERAH :: TEPUNG BERAS SUJIWANGI 500 GR :: TEPUNG BAKSO KRISPI MAMASUKA 100 GR :: TPG TAPIOKA PAK TANI (50)
207,SUKU CADANG MOTOR,,3,5,A005-02-02,"Hobi, Ibadah, dan Olahraga > Perawatan & Suku Cadang Motor",8,6,50,BOHLAM LAMPU MOTOR | BUSI MOTOR | PENTIL BAN MOTOR | SPION MOTOR | TUTUP PENTIL MOTOR,DENZO SPR GREASE :: K053 TENKAI BRAKE SHOE VARIO/BEAT :: K197 TENKAI STELAN RANTE GRAND/SUPRA :: K036 TENKAI BRAKE PAD HONDA SUPRA X :: CONGKELAN BAN BISON 10 :: COVER PLAT ORISINIL KING RACING :: KARET TROMOL OSANO RC100 :: TAHANAN OTO KOP MATIC A.TOOL/PROHEX
234,PERALATAN & PERLENGKAPAN SEPEDA,,3,5,A005-05-08,"Hobi, Ibadah, dan Olahraga > OLAHRAGA",8,8,48,HELM SEPEDA | KUNCI SEPEDA | KURSI SEPEDA | LAMPU UNTUK SEPEDA | POMPA BAN SEPEDA,ME-7416 MTR SCOOTR :: T200 STROLLER TURKIYE LABEILLE :: W-348L MTR BMW R1200 :: A-919 STROLLER-LABEILLA OTTA :: POMPA SEPEDA TBG + MTR 141 XP TOOL :: GRIP RCB HG55 2TONE (GP) :: STEP BLKG JAGUNG APRILIA MF :: SPION BLT LIPAT JALU STANG MSX
363,LEM KERTAS,,3,2,A007-08-18,Alat dan Buku Tulis > PERALATAN UMUM,8,6,59,LEM KERTAS CAIR | LEM KERTAS STIK,LEM UHU ALL PURPOSE 35 ML :: LEM SUPER GLUE BAGUS 3 GR :: LEM EROKOL TANGGUNG :: LEM COLEK INIKOL MINI :: DELI EA-71001 GLITTER GLUE :: LEM COLEK INIKOL TANGGUNG :: DL-407 DELIE-7146 SUPER GLUE :: LEM POVINAL 111 [24]
501,AIR MINERAL,,4,3,A001-02-01-01,Makanan dan Minuman > MINUMAN > MINUMAN DALAM KEMASAN,8,4,115,AIR MINERAL KEMASAN BOTOL | AIR MINERAL KEMASAN GALON | AIR MINERAL KEMASAN GELAS,ADEM SARI AIR SEJUK BOTOL 600 ML :: VIT LEVITE BERRIES LIME 350 ML :: VIT LEVITE LEMON CUCUMBER 350 ML :: VIT LEVITE LYCHEE CITRUS 350 ML :: CRYSTALIN PET 1.5 LT :: PRISTINE 1.5 LT :: RON 88 GALON KOSONG :: RON 88 GALON KOSONG
1677,GARPU,,7,2,A003-02-05-01-03-05-01,Perawatan Diri & Rumah Tangga > Rumah Tangga > Peralatan & Perlengkapan Rumah Tangga > PERALATAN RUMAH TANGGA > PERALATAN DAN PENYIMPANAN DI DAPUR > PERALATAN MAKAN,8,7,43,GARPU PLASTIK | GARPU STAINLESS,HOMLIV GARPU ANGELA JUMBO KAYU JATI :: GARPU MAKAN CBDK :: GARPU MAHONI :: GARPU SONO :: ATOZ GARPU KAYU (50/5) :: 633-01 GARPU MAKAN SUNNY :: SK039-FK02 GARPU DESSERT :: GARPU JATI
15,MAKANAN & BAHAN MAKANAN,,2,16,A001-05,Makanan dan Minuman,7,6,5308,"BAHAN KUE | BERAS | BUMBU DAPUR | ES KRIM & LAINNYA | GULA & PEMANIS | MADU | MAKANAN BEKU | MAKANAN DALAM KEMASAN & KALENG | MIE, BIHUN, KWETIAU INSTAN | MIE KERING & PASTA | MINYAK | PRODUK SUSU",KIMLO KURNIA 80 GR :: TAI KY FOOD SENTA PAPER RICE 16 CM 300 GR :: BICH - CHI RICE PAPER 22 CM 200 GR :: DASHIDA BUMBU IKAN TERI 10 @ 10 GR :: HANA KATSUOBUSHI 50 GR :: JAVASUPERFOOD RICE PAPER BULAT 100GR (70) :: JAVASUPERFOOD RICE PAPER KOTAK 100GR (70)
18,PERAWATAN ANAK & BAYI,,2,5,A002-01,Keperluan Anak dan Bayi,7,7,780,PERAWATAN MULUT & GIGI ANAK & BAYI | PERAWATAN KESEHATAN ANAK & BAYI | PERAWATAN KULIT ANAK & BAYI | PERAWATAN MENYELURUH ANAK & BAYI | PERAWATAN RAMBUT ANAK & BAYI,TM602 TOPI MICELLITA :: SMJ600 STELAN MICELLITA :: TM701 TOPI MICELLITA :: TM601 TOPI MICELLITA :: SPM8 (BT) SEPATU MICELLITA :: TM700 TOPI MICELLITA :: TM603 TOPI MICELLITA
63,MAKE UP BIBIR,,2,5,A009-02,Kosmetik dan Alat Kecantikan,7,5,558,LIP BALM | LIP GLOSS | LIP LINER | LIPSTICK | PERAWATAN BIBIR,PIXY GET INKED - #02 MAROON MADNESS 4 GR :: EMINA MAGIC POTION - #06 SASSY 5.5 ML :: WARDAH EVERYDAY! MATTE LIP SHOT 04 1.8GR :: PIXY CD8LC LIP CREAM CHIC ROSE 414145 :: HANASUI LIP CREAM PINK LAVA 04 :: HANASUI LIP CREAM CREAMY PEACH 05 :: HANASUI LIP CREAM FLAME 15
89,PERMEN MARSHMALLOW DAN LAIN LAIN,,3,6,A001-04-05,Makanan dan Minuman > MAKANAN KECIL ,7,1,670,MARSHMALLOW | PERMEN | PERMEN GULA KAPAS | PERMEN JELLY | PERMEN KARET | PERMEN PENYEGAR NAFAS,PERMEN SNACKKU 100 GR :: NARAYA MINI ORANGE CANDY 200 GR :: FUPAIYUAN ORANGE CANDY 248 GR :: NARAYA MIXED NUTS CRISP 200GR :: NARAYA HAW FLAKES SANDWICH SHAPE 180GR :: NARAYA CRISPY CANDY 180 GR :: JUQI WATER GUN CANDY 8 GR
129,PERLENGKAPAN KEBERSIHAN ANAK & BAYI,,3,6,A002-03-02,Keperluan Anak dan Bayi > PERLENGKAPAN ANAK & BAYI,7,7,634,CAIRAN PEMBERSIH PERALATAN DAN PERLENGKAPAN ANAK & BAYI | COTTON BALL ANAK & BAYI | COTTON BUD  | KAPAS ANAK & BAYI | POPOK (DIAPERS) ANAK & BAYI | TISU BASAH (BABY WIPES),TB-1611 TEMPAT BEDAK WARNA NAMPAN 2 :: TB-1531 TEPUKAN BEDAK GAGANG :: TB-1518 TEMPAT BEDAK KECIL :: NN-2002 TEMPAT BEDAK DOUBLE OVAL MINI NANO :: TB-1510 TEMPAT BEDAK SEGI :: TB-1517 TEMPAT BEDAK KECIL :: BD 195 SISIR
1517,KEMOCENG,,6,3,A003-02-05-01-01-02,Perawatan Diri & Rumah Tangga > Rumah Tangga > Peralatan & Perlengkapan Rumah Tangga > PERALATAN RUMAH TANGGA > PERALATAN KEBERSIHAN RUMAH TANGGA,7,6,24,KEMOCENG BULU AYAM | KEMOCENG BULU SINTETIS | KEMOCENG KAIN MICROFIBER,KEMOCENG MICROFIBER ( WARNA RANDOM) :: KEMOCENG SINTETIK BESAR :: KEMOCENG WIG :: KEMOCENG DUSTER B :: KEMOCENG WARNA B :: KEMOCENG SINTETIS :: KEMOCENG TARIK KC ORANGE
1518,KAIN UNTUK LAP & PEL,,6,8,A003-02-05-01-01-03,Perawatan Diri & Rumah Tangga > Rumah Tangga > Peralatan & Perlengkapan Rumah Tangga > PERALATAN RUMAH TANGGA > PERALATAN KEBERSIHAN RUMAH TANGGA,7,7,267,KAIN DUSTER UNTUK MENYAPU | KAIN KESET | KAIN LAP | KAIN LAP TANGAN | KAIN MICROFIBER | KAIN PEL | KAIN SERBET | LAP KANEBO,LAP PEL BERUANG CAPIT :: LAP CAMION :: LAP INOVA :: LAP OKAWA :: LAP KENMASTER BSR :: PEL DRAGON LOBY :: ACACIA KAINPEL
1523,SABUT & SPONS,,6,4,A003-02-05-01-01-08,Perawatan Diri & Rumah Tangga > Rumah Tangga > Peralatan & Perlengkapan Rumah Tangga > PERALATAN RUMAH TANGGA > PERALATAN KEBERSIHAN RUMAH TANGGA,7,6,77,SABUT & SPONS DUA SISI UNTUK DAPUR | SABUT NILON SAJA | SABUT STAINLESS STEEL | SPON / BUSA SAJA,BAGUS KITCHEN MATE SABUT PEMBERSIH ISI 3 :: SCOTCH BRITE SCRUB DOTS HD 1EA/PK 3M :: SCOTCH BRITE SCRUB DOTS NS 2EA/PK 3M :: SCOTCH BRITE SCRUB DOTS NS 12EA/CV 3M :: SHARON TAPAS SPON KUNING BESAR :: ID-30MO SCOTH BRITE SABUT SPONS HIJAU (36) :: SPON PEMBERSIH INDOMOOP
1527,SIKAT,,6,7,A003-02-05-01-01-12,Perawatan Diri & Rumah Tangga > Rumah Tangga > Peralatan & Perlengkapan Rumah Tangga > PERALATAN RUMAH TANGGA > PERALATAN KEBERSIHAN RUMAH TANGGA,7,7,159,SIKAT BAJU | SIKAT CUCI BAJU | SIKAT LANTAI DENGAN GAGANG | SIKAT PEMBERSIH PERALATAN DAPUR | SIKAT SEMIR SEPATU | SIKAT TANGAN | SIKAT TOILET / WC,GARUK 5 KAIT :: SIKAT SETRIKA PPM 885 :: BTC-50501 BONBOX SIKAT :: BCT-50504 BONBOX SIKAT :: BCT-50503 BONBOX SIKAT :: SIKAT PEMBERSIH SEPATU 27AN :: SIKAT PEMBERSIH DISPENSER SABUN
12,MINUMAN,,2,1,A001-02,Makanan dan Minuman,6,2,2257,MINUMAN DALAM KEMASAN,HONEYMON LEMON DRINK 330 ML :: GUNUNG KAWI MARQUISA BLACK 630 ML :: GUNUNG KAWI MARQUISA WHITE 630ML :: KURNIA SYRUP 600 ML :: CHOCOLATOS CHOCOLATE DRINK 190 ML :: SIDOMUNCUL ALANG SARI 300 ML
62,ALAT KECANTIKAN,,2,2,A009-01,Kosmetik dan Alat Kecantikan,6,4,503,KUAS & APLIKATOR MAKE UP | AKSESORIS ALAT KECANTIKAN,KUAS B KOSMETIK :: GUNTING ALIS ADDAHOME :: SPONGE REMOVAL PTH :: SPONGE REMOVAL CKLT :: SPONGE REMOVAL HTM :: MAKE UP BRUSH
64,MAKE UP KUKU,,2,4,A009-03,Kosmetik dan Alat Kecantikan,6,6,113,DEKORASI PEWARNA KUKU | PEMBERSIH KUKU | PERAWATAN KUKU | PEWARNA KUKU,MANGKOK MASKER 150.0 :: KUKU PALSU 60.0 :: KUKU PALSU 72.0 :: KONEKTOR PITA :: KUKU PALSU 120.0 :: LEM KUKU PALSU CAIR
95,GULA & PEMANIS,,3,8,A001-05-05,Makanan dan Minuman > MAKANAN & BAHAN MAKANAN,6,0,103,GULA PASIR | GULA MERAH | GULA AREN | GULA TEPUNG | GULA JAWA | GULA BATU | GULA CAIR | PEMANIS & PENGGANTI GULA,GUREKA SWEETENER STEVIA ISI 25 @3GR :: GUREKA SWEETENER STEVIA ISI 50 @3GR :: GULA KELAPA 500 GR :: GULA KELAPA RANI 500 GR :: GULA KELAPA PELANGI 250 GR :: ORGANIC CENTER NATURAL SORGHUM SUGAR 250 GR
132,PERLENGKAPAN MANDI ANAK & BAYI,,3,4,A002-03-05,Keperluan Anak dan Bayi > PERLENGKAPAN ANAK & BAYI,6,5,56,HANDUK ANAK & BAYI | MAINAN MANDI ANAK & BAYI | SPONS MANDI ANAK & BAYI | WASLAP MANDI ANAK & BAYI,PREMIUM BABY BATHER SUGAR BABY-FLY TO SUGARLAND :: PREMIUM BABY BATHER SUGAR BABY-SUGAR SKY :: PREMIUM BABY BATHER SUGAR BABY-SUGAR FRIENDS :: SIKAT GIGI ANTI SEDAK :: TOPI KERAMAS :: BSC201 UNDER THE SEA BABY BATHER
645,SAUS BUMBU MASAK,,4,5,A001-05-13-08,Makanan dan Minuman > MAKANAN & BAHAN MAKANAN > SAUS,6,0,59,SAUS TERIYAKI | SAUS BARBEQUE | SAOS BULGOGI | SAUS BLACKPAPPER | SAUS BUMBU LAINNYA,DELMONTE TOMATO PASTE 170 GR :: FILIPPO BERIO SAUS TOMAT HOT CHILLI PESTO 190 GR :: MAHSURI SAUS ASAM MANIS 60 GR :: MAHSURI SAUS LADA HITAM 60 GR :: MAHSURI KECAP GURIH SERBAGUNA 50 GR :: MAHSURI SAUS CABE 235 GR
929,OBAT MINUM,,4,6,A003-01-10-02,Perawatan Diri & Rumah Tangga > Perawatan Diri > OBAT-OBATAN,6,2,221,OBAT MINUM UNTUK BATUK & PILEK | OBAT MINUM UNTUK DEMAM | OBAT MINUM UNTUK PENCERNAAN & MAAG | OBAT MINUM UNTUK SAKIT KEPALA | OBAT MINUM UNTUK SULIT TIDUR | OBAT MINUM LAINNYA,OBH NELCO MADU 100 ML :: OBH TROPICA BERDAHAK 100 ML :: PIL RAPET WANGI BLISTER :: NEO HORMOVITON ISI 5 :: CONTREXYN HERBAL MASUK ANGIN 7.5 ML :: IMUGARD JUNIOR ANGGUR SYRUP 60 ML
1528,TISU,,6,5,A003-02-05-01-01-13,Perawatan Diri & Rumah Tangga > Rumah Tangga > Peralatan & Perlengkapan Rumah Tangga > PERALATAN RUMAH TANGGA > PERALATAN KEBERSIHAN RUMAH TANGGA,6,5,237,TISU BASAH NON BABY | TISU DAPUR | TISU FACIAL (HALUS) | TISU GULUNG | TISU NAPKIN (KASAR),TESSA TISSUE FACIAL ISI 2 PACK @300SHEETS :: TEMPAT TISU TBR 088 :: TEMPAT TISU DAKOTA 076 :: TEMPAT TISU KOTAK ROTAN TBK 087 :: TEMPAT TISU SEGI ROTAN 086 :: TEMPAT TISU ROLL TOYO SS
1673,TEMPAT PENYIMPANAN MINUMAN / CAIRAN,,7,4,A003-02-05-01-03-03-02,Perawatan Diri & Rumah Tangga > Rumah Tangga > Peralatan & Perlengkapan Rumah Tangga > PERALATAN RUMAH TANGGA > PERALATAN DAN PENYIMPANAN DI DAPUR > TEMPAT PENYIMPANAN MAKANAN & MINUMAN,6,4,915,ANEKA BOTOL KOSONG | BOTOL MINUM PLASTIK | TERMOS AIR PANAS | TEMPAT KECAP,WATERBAG 1.5 LITER - KANTONG AIR PORTABLE :: WATERBAG 2.5 L - KANTONG AIR PORTABLE :: GALON AQUA 10/12 LT :: GALON AQUA 5/6 LT SJ :: GALON 10 LT :: BOTOL AIR SUEHAT 500ML
98,MAKANAN DALAM KEMASAN & KALENG,,3,12,A001-05-08,Makanan dan Minuman > MAKANAN & BAHAN MAKANAN,5,1,599,ABON | BAHAN MAKANAN KERING LAINNYA | BUAH DALAM KEMASAN | BIJI BIJIAN DAN KACANG MENTAH | IKAN DALAM KEMASAN PACK | KERUPUK  | KORNET | MAKANAN SIAP SAJI | MUTIARA SAGU / PACAR CINA | IKAN DALAM KEMASAN KALENG | SAYUR DALAM KEMASAN | SOSIS SIAP MAKAN,KAF GOLDEN SWEET WHOLE KERNEL CORN 425 GR :: LA COSTENA WHOLE BLACK BEANS 400 GR :: CIP SOPINI COCKTAIL SOSIS SAPI 325 GR :: MUTTI WHOLE PEELED TOMATOES 400 GR :: MYTASTE WHOLE KERNEL CORN 410 GR
112,TELUR,,3,6,A001-06-06,Makanan dan Minuman > FRESH,5,5,36,TELUR ASIN CURAH | TELUR ASIN PACK | TELUR AYAM CURAH | TELUR AYAM KAMPUNG PACK | TELUR AYAM PACK | TELUR PUYUH PACK,TELUR PUYUH HADEA ISI 20 :: TELUR AYAM KAMPUNG ARAB ISI 6 :: ANUGERAH TELUR BEBEK MENTAH ISI 4 PCS :: TELUR AYAM NEGERI CURAH BOBBY :: TELUR BEBEK MENTAH 4'S ANUGRAH
1365,SABUN CUCI TANGAN CAIR,,5,2,A003-01-03-10-02,Perawatan Diri & Rumah Tangga > Perawatan Diri > PERAWATAN BADAN > SABUN CUCI TANGAN,5,3,109,SABUN CUCI TANGAN CAIR KEMASAN BOTOL | SABUN CUCI TANGAN CAIR KEMASAN REFILL (POUCH),LEIVY ANTI BACTERIAL HAND WASH ROSEHIP OIL 500 ML :: LEIVY ANTI BACTERIAL HAND WASH ALOE VERA 500 ML :: MOTTO SABUN CUCI TANGAN LEMON 5 LT :: MOTTO SABUN CUCI TANGAN GREEN TEA 5 LT :: MOTTO SABUN CUCI TANGAN STRAWBERY 5 LITER
1431,SERAP AIR & PENYERAP BAU,,5,2,A003-02-03-05-06,Perawatan Diri & Rumah Tangga > Rumah Tangga > BAHAN PEMBERSIH RUMAH > PERAWATAN & PEMBERSIH RUMAH TANGGA LAINNYA,5,4,40,SERAP AIR & PENYERAP BAU KEMASAN BIASA | SERAP AIR & PENYERAP BAU KEMASAN REFILL (POUCH),DAHLIA SHOE DEODORIZER 100 GR :: REMOV ACTIVE SPRAY STRAWBERRY 100 ML :: REMOV ACTIVE SPRAY LEMON 100 ML :: REMOV ACTIVE SPRAY COFFEE 100 ML :: REMOV ACTIVE SPRAY LAVENDER 100 ML
1687,TUTUP GELAS,,7,2,A003-02-05-01-03-05-11,Perawatan Diri & Rumah Tangga > Rumah Tangga > Peralatan & Perlengkapan Rumah Tangga > PERALATAN RUMAH TANGGA > PERALATAN DAN PENYIMPANAN DI DAPUR > PERALATAN MAKAN,5,5,24,TUTUP GELAS PLASTIK | TUTUP GELAS STAINLESS STEEL,TUTUP MIL 1007 P :: ST 126 TUTUP :: TUTUP GELAS MINNIE PINK :: TUTUP GELAS STRAWBERRY :: TUTUP CANGKIR TC0303
1818,SAOS TOMAT,,5,4,A001-05-13-06-02,Makanan dan Minuman > MAKANAN & BAHAN MAKANAN > SAUS > SAOS  PEDAS & SAMBAL,5,0,41,SAOS TOMAT KEMASAN BOTOL | SAOS TOMAT KEMASAN POUCH | SAOS TOMAT KEMASAN SACHET | SAOS TOMAT KEMASAN JERIGEN,JAWARA SAUS HOT POUCH 250 ML :: HEINZ INDONESIAN GOURMET CHILI POUCH 125 GR :: ABC SAMBAL GEPREK POUCH 180 GR :: ABC SAMBAL RENDANG P\OUCH 180 GR :: ABC SAMBAL TERI PCH 180 GR
1829,Rumah Tangga,Househood,2,5,A003-02,Perawatan Diri & Rumah Tangga,5,4,15359,ANTI HAMA & SERANGGA | BAHAN LAUNDRY | BAHAN PEMBERSIH RUMAH | PENGHARUM RUANGAN | Peralatan & Perlengkapan Rumah Tangga,BK-01KOREAN BOWL :: ALAT PENGASAH PISAU 3 GARIS :: GARLIC CRUSHER :: KTG KOMPRES PUTIH :: PJ OTC 2PL ST2 BOLD BROWN
84,COKLAT & COCOA BUBUK,,3,3,A001-03-06,"Makanan dan Minuman > COKLAT, KOPI & TEH",4,1,56,COKLAT COMPOUND | COCOA POWDER | MINUMAN SERBUK RASA COKLAT,COLATOS DARK COKELAT COMPOUND 250 GR :: COLATTA COMPOUND DARK 1 KG :: BENDICO COCOA POWDER 50 GR :: DF TAKE IT 4F GREENTEA 32G (10)
128,PERLENGKAPAN BEPERGIAN ANAK & BAYI,,3,6,A002-03-01,Keperluan Anak dan Bayi > PERLENGKAPAN ANAK & BAYI,4,4,358,CARRIER | COOLER BAG | GENDONGAN | HIP SEAT | TAS BAYI | TAS PENGHANGAT BOTOL SUSU,MMT7010 TAS BESAR+ TBS BAMBEE SERIES :: OB28171 TAS BAYI RAINBOW SERIES BIRU :: OB28172 TAS BAYI KCL RAINBOW SERIES ABU :: OB17203 GENDONGAN SAMPING ALPACA SERIES ABU
137,PERAWATAN BADAN,,3,12,A003-01-03,Perawatan Diri & Rumah Tangga > Perawatan Diri,4,3,1679,ANTI NYAMUK | BEDAK | BODY BUTTER | BODY LOTION | BODY SCRUB | KRIM STRETCH MARK | KRIM TANGAN & KAKI | LULUR  | SABUN BADAN | SABUN CUCI TANGAN | HAND SANITIZER | BODY SERUM,VERILE ACTIVE ACNE BACK SPRAY 90ML :: HOSPICARE WASH GLOVES 10'S :: MOTTO PEMB. KACA 5 LT :: MOTTO KARBOL 5 LT
146,KEBUTUHAN KHUSUS LANJUT USIA,,3,2,A003-01-12,Perawatan Diri & Rumah Tangga > Perawatan Diri,4,0,155,POPOK (DIAPERS) DEWASA | UNDERPAD,CONFIDENCE ADULT PADS 32 CM ISI 12 :: CONFIDENCE INSERT PADS 600 ML 49 CM ISI 18 :: CONFIDENCE INSERT PADS 800 ML 49 CM ISI 18 :: VIO UNDERPAD 60@90 CM ISI 10
212,GUNTING JAHIT,,3,4,A005-03-04,"Hobi, Ibadah, dan Olahraga > MENJAHIT",4,4,12,GUNTING KAIN | GUNTING BEBEK | GUNTING BENANG | GUNTING BORDIR,GUNTING CATREK KECIL :: GUNTING CATREK BESAR :: GUNTING CATREK K :: GUNTING LIPAT MINI STAINLESS
352,CUTTER & REFILL,,3,2,A007-08-07,Alat dan Buku Tulis > PERALATAN UMUM,4,4,52,ALAT CUTTER | ISI REFILL CUTTER,PISAU CUTTER BISON :: CUTTER KENKO L-500 MSJ :: CUTTER EL-GRADIO/POPEY :: CUTTER TOSCANO
702,BAWANG PUTIH,,4,3,A001-06-05-07,Makanan dan Minuman > FRESH > SAYURAN SEGAR,4,2,5,BAWANG PUTIH BIASA | BAWANG PUTIH HITAM (BAWANG HITAM) | BAWANG PUTIH TUNGGAL,"ONE FRESH BAWANG PUTIH PACK :: BAWANG PUTIH PACK ""LF""LEMBANG FARM :: MR.SPICE BAWANG PUTIH GORENG 100GR :: SUNRISE BAWANG PUTIH 300 GR"
804,SABUN ANAK & BAYI,,4,2,A002-01-03-07,Keperluan Anak dan Bayi > PERAWATAN ANAK & BAYI > PERAWATAN KULIT ANAK & BAYI,4,2,137,SABUN ANAK & BAYI BATANG | SABUN ANAK & BAYI CAIR,ZWITSAL BABY BATH + MINYAK TELON 200 ML :: ZWITSAL BABY BATH NATURAL HAIR & BODY 200 ML :: KODOMO HAIR & BODY WASH MINION TROPICAL FRUIT 300 ML :: ZWITSAL PAKET GEMAS
904,SABUN BADAN,,4,2,A003-01-03-09,Perawatan Diri & Rumah Tangga > Perawatan Diri > PERAWATAN BADAN,4,1,902,SABUN BADAN BATANG | SABUN BADAN CAIR,LACTACYD LIQUID BABY BLUE 60 ML :: PRIMA PROTECT+ TOTAL BAR SOAP 110 GR :: PRIMA PROTECT+ MILD BAR SOAP 110 GR :: LUX BW SOFT ROSE BUNDLE 500GR + 380GR (6)
905,SABUN CUCI TANGAN,,4,3,A003-01-03-10,Perawatan Diri & Rumah Tangga > Perawatan Diri > PERAWATAN BADAN,4,1,123,SABUN CUCI TANGAN BATANG | SABUN CUCI TANGAN CAIR | SABUN CUCI TANGAN FOAMING,SANITER ECOSENSE HANDWASH FRESH CLEAN STARTER KIT 70 GR :: SANITER ECS P2L HANDWASH NOURISHING CLEAN REFILL PACK :: SANITER ECOSENSE HANDWASH NOURISHING CLEAN STARTER KIT 70 GR :: HANDSOAP GREEN TEA 5LT
1391,OBAT MINUM UNTUK BATUK & PILEK,,5,2,A003-01-10-02-01,Perawatan Diri & Rumah Tangga > Perawatan Diri > OBAT-OBATAN > OBAT MINUM,4,4,95,OBAT BATUK & PILEK ANAK | OBAT BATUK & PILEK DEWASA,KOMIX HERBAL PEPPERMINT SACHET 15 ML :: KOMIX HERBAL JAHE SACHET 15 ML :: OB HERBAL ORIGINAL BOX 5@15 ML :: TOLAK ANGIN BATUK CAIR 15 ML
1419,CAIRAN PENCUCI PIRING,,5,3,A003-02-03-01-02,Perawatan Diri & Rumah Tangga > Rumah Tangga > BAHAN PEMBERSIH RUMAH > PEMBERSIH DAPUR,4,1,136,CAIRAN PENCUCI PIRING KEMASAN BOTOL | CAIRAN PENCUCI PIRING KEMASAN JERIGEN | CAIRAN PENCUCI PIRING KEMASAN REFILL (POUCH),SUNLIGHT LIME CREAM SACHET 110 GR :: MR.LEMON PENCUCI PIRING 250 ML :: MR.LEMON PENCUCI PIRING 120 ML :: LIGENT DISHWASH LIME REF 600 (12)
1525,SARUNG TANGAN,,6,4,A003-02-05-01-01-10,Perawatan Diri & Rumah Tangga > Rumah Tangga > Peralatan & Perlengkapan Rumah Tangga > PERALATAN RUMAH TANGGA > PERALATAN KEBERSIHAN RUMAH TANGGA,4,4,124,SARUNG TANGAN KAIN | SARUNG TANGAN KARET | SARUNG TANGAN LATEX | SARUNG TANGAN PLASTIK,SARUTA ANAK CW :: SARUNG TGN GARIS WOOL :: ST RAJUT POLOS :: ST RAJUT BELANG
1685,SUMPIT,,7,4,A003-02-05-01-03-05-09,Perawatan Diri & Rumah Tangga > Rumah Tangga > Peralatan & Perlengkapan Rumah Tangga > PERALATAN RUMAH TANGGA > PERALATAN DAN PENYIMPANAN DI DAPUR > PERALATAN MAKAN,4,4,23,SUMPIT BAMBU | SUMPIT KAYU | SUMPIT PLASTIK | SUMPIT STAINLESS STEEL,SUMPIT MELAMIN GOLD :: SUMPIT KAYU MOTIF :: SUMPIT STAINLESS POLOS :: SUMPIT ANAK
1819,SAOS CABAI,,5,4,A001-05-13-06-03,Makanan dan Minuman > MAKANAN & BAHAN MAKANAN > SAUS > SAOS  PEDAS & SAMBAL,4,2,94,SAOS CABAI KEMASAN POUCH | SAOS CABAI KEMASAN BOTOL | SAOS CABAI KEMASAN JERIGEN | SAUS CABAI KEMASAN SACHET,ABC SAMBAL EXTRA PEDAS SACHET ISI 22 @ 8GR :: SAUS SAMBAL KIKO SACHET ISI 24 @9GR :: SAUS SAMBAL EKSTRA PEDAS SASA ISI 24 @8GR :: ABC SAMBAL NUSANTARA TERI SACHET ISI 10 @ 18GR
13,"COKLAT, KOPI & TEH",,2,6,A001-03,Makanan dan Minuman,3,0,787,KOPI MENTAH | KOPI INSTAN (RTD) | KRIMER | TEH MENTAH | TEH INSTAN | COKLAT & COCOA BUBUK,OH BALI DARK COKLAT 500 GR :: OH BALI MILK CHOCOLATE 500 GR :: EQUAL GOLD ISI 50
33,BERIBADAH,,2,2,A005-07,"Hobi, Ibadah, dan Olahraga",3,3,91,SAJADAH | TASBIH,SORBAN ASAHI :: SORBAN AL MAS :: SORBAN AR RABANI
105,SEREAL & SARAPAN,,3,6,A001-05-15,Makanan dan Minuman > MAKANAN & BAHAN MAKANAN,3,3,585,GRANOLA | KUE | MUESLI | OAT & HAVERMOUT | ROTI | SEREAL,SIMBA MAGIC RAINBOW 300 GR :: KELLOG'S COCO FILLS 300 GR ( 18 ) :: KELLOG'S FROOT LOOPS MINI PACK 75 GR ( 20 )
122,PERAWATAN RAMBUT ANAK & BAYI,,3,6,A002-01-05,Keperluan Anak dan Bayi > PERAWATAN ANAK & BAYI,3,3,132,CONDITIONER ANAK & BAYI | HAIR DETANGLER ANAK & BAYI | HAIR LOTION ANAK & BAYI | MINYAK RAMBUT ANAK & BAYI | SHAMPOO ANAK & BAYI | SPRAY RAMBUT ANAK & BAYI,ESKULIN KIDS HAIR LOTION SPRAY PRINCESS 100 ML :: DOREMI HAIR LOTION ENERGIZING 100 ML :: DOREMI HAIR LOTION COOLING FRESH 100 ML
123,PERALATAN KEBERSIHAN ANAK & BAYI,,3,7,A002-02-01,Keperluan Anak dan Bayi > PERALATAN UNTUK ANAK & BAYI,3,3,158,GUNTING KUKU | PEMBERSIH HIDUNG | PENGHANGAT BOTOL ELEKTRIK | PENJEPIT BOTOL SUSU | SIKAT BOTOL SUSU & DOT | STERILIZER | TERMOMETER,SUGAR BABY NAIL & HAIR KITS 4 IN 1 - GREY :: SUGARBABY 4 IN 1 BABY NAIL & HAIR KITS - BLUE :: MY CHAIR BABY BOOSTER & HIGH CHAIR-PINK NEW
142,MULTIVITAMIN & SUPLEMEN,,3,2,A003-01-08,Perawatan Diri & Rumah Tangga > Perawatan Diri,3,0,161,VITAMIN & MULTIVITAMIN | SUPLEMEN MAKANAN,SIDOMUNCUL SARI KULIT MANGGIS ISI 50 @ 400MG :: SANGOBION VITA-TONIK RASA CRANBERRY 250 ML :: SAKATONIK ACTIV D3-1000 ISI 10
153,BOR LISTRIK & LAINNYA,,3,2,A004-01-01,Perbaikan Rumah > ALAT ALAT PERBAIKAN RUMAH,3,3,40,BOR LISTRIK | MATA BOR LISTRIK,BOR CHARGE TORA 24PCS CSD 3624 :: KUNCI KEPALA BOR 13MM MOLLAR :: KUNCI KEPALA BOR 10MM MOLLAR
413,PAKAIAN OLAHRAGA PRIA,,3,2,A008-08-01,Fashion > PAKAIAN OLAHRAGA,3,3,404,ATASAN OLAHRAGA PRIA | BAWAHAN OLAHRAGA PRIA,6189 KAOS OBL DRIFIT SUBLIM :: 6196 KAOS OBL DRIFIT CHIODA :: 6184 KAOS OBL DRIFIT SUBLIS
502,SUSU,,4,8,A001-02-01-02,Makanan dan Minuman > MINUMAN > MINUMAN DALAM KEMASAN,3,1,1009,SUSU ALMOND | SUSU BUBUK | SUSU CAIR & UHT | SUSU IBU HAMIL | SUSU KACANG (SOY MILK) | SUSU KENTAL MANIS | SUSU KESEHATAN | SUSU LAINNYA,MILKUAT YOGURT PET 180 ML :: MILKUAT ORANGE PET 180 ML :: MILKUAT BTL 65ML ORANGE (60)
947,PEMBERSIH DAPUR,,4,2,A003-02-03-01,Perawatan Diri & Rumah Tangga > Rumah Tangga > BAHAN PEMBERSIH RUMAH,3,2,156,CAIRAN PEMBERSIH DAPUR | CAIRAN PENCUCI PIRING,SUPER KIFA CREAM PEMBERSIH ALAT DAPUR 350 GR :: CLING PEMBERSIH DAPUR REFFIL APPLE FANTASY 400 ML :: CLING PEMBERSIH DAPUR PUMP APPLE FANTASY 450 ML
1427,PEMBERSIH MULTIFUNGSI,,5,3,A003-02-03-05-02,Perawatan Diri & Rumah Tangga > Rumah Tangga > BAHAN PEMBERSIH RUMAH > PERAWATAN & PEMBERSIH RUMAH TANGGA LAINNYA,3,3,29,PEMBERSIH MULTIFUNGSI BUBUK | PEMBERSIH MULTIFUNGSI CAIR | PEMBERSIH MULTIFUNGSI KRIM,SODA API :: AGRO CAUSTIC SODA API CAIR 1 LTR :: AGRO CAUSTIC SODA API CAIR 500ML
1,Makanan dan Minuman,Food and Groceries,1,7,A001,,2,2,14021,"KONSUMSI BAYI | MINUMAN | COKLAT, KOPI & TEH | MAKANAN KECIL  | MAKANAN & BAHAN MAKANAN | FRESH | ROKOK & LAINNYA",STICK JARUM :: borma dago
32,BERKEBUN,,2,15,A005-06,"Hobi, Ibadah, dan Olahraga",2,2,559,ALAT SEMPROT TANAMAN | BUNGA & TANAMAN ARTIFISIAL (BUATAN) | FLORAL FOAM | GACOK | GUNTING RUMPUT | GUNTING TANAMAN | INSEKTISIDA | MEDIA TANAM | POT BUNGA | PUPUK | SEKOP TANAH | SELANG AIR,GARUK BENGKOK GG BUSA :: GARUK GG BUSA
35,ALAT ELEKTRONIK DAPUR,,2,11,A006-01,Elektronik,2,2,228,BLENDER | DISPENSER | JUICER | KETEL AIR LISTRIK | KOMPOR LISTRIK | MIXER | OVEN KECIL | PANCI ELEKTRIK | PEMANGGANG ROTI | RICE COOKER | STEAMER (PENGUKUS) ELEKTRIK,LUNA MINI CHOPPER MFP7 :: DIGITAL TIMER LED
65,MAKE UP MATA,,2,7,A009-04,Kosmetik dan Alat Kecantikan,2,2,182,BULU MATA PALSU | EYE PRIMER | EYEBROW | EYELINER | EYESHADOW | MASKARA | PALET MATA & SET,CAIRAN SOFTLENS X2 120 ML :: CAIRAN SOFTLENS X2 60 ML
66,MAKE UP WAJAH,,2,10,A009-05,Kosmetik dan Alat Kecantikan,2,1,481,BB & CC CREAM | BEDAK WAJAH | BLUSH ON (PERONA PIPI) | BRONZER  | CONCEALER | FACE PAINT | FOUNDATION (DASAR MAKE UP) | HIGHLIGHTER | PRIMER | SETTING SPRAY,MAKE OVER FACE CONTOUR KIT 14 GR :: PIXY 4BB CONTOURING BASE #02 MEDIUM TO TAN 9 GR
101,MINYAK,,3,10,A001-05-11,Makanan dan Minuman > MAKANAN & BAHAN MAKANAN,2,2,192,MINYAK BUNGA MATAHARI | MINYAK GORENG | MINYAK JAGUNG | MINYAK KANOLA | MINYAK KEDELAI | MINYAK KELAPA | MINYAK UNTUK SALAD | MINYAK WIJEN | MINYAK ZAITUN | MINYAK LAINNYA,BAREFOOD BUMBOO CHICKEN FAT OIL 100 ML :: BAREFOOD BUMBOO BEEF FAT OIL 100 ML
133,PERLENGKAPAN MENYUSUI ANAK & BAYI,,3,8,A002-03-06,Keperluan Anak dan Bayi > PERLENGKAPAN ANAK & BAYI,2,2,74,AKSESORIS BOTOL | BANTAL MENYUSUI | BOTOL ASI | CELEMEK MENYUSUI | KANTONG ASI | PERLENGKAPAN UNTUK IBU MENYUSUI | POWDER MILK CONTAINER/DISPENSER | SPARE PART POMPA ASI,ADN-1001 BREATS SHIELD :: PERISTALTIC SLIM NECK NIPPLE 1 BOX 12+
138,PERAWATAN MULUT & GIGI,,3,8,A003-01-04,Perawatan Diri & Rumah Tangga > Perawatan Diri,2,0,551,BENANG GIGI (FLOSS) DEWASA | OBAT KUMUR (MOUTHWASH) DEWASA | PAKET SIKAT GIGI DAN PASTA GIGI DEWASA | PASTA GIGI DEWASA | SIKAT GIGI DEWASA | SPRAY PENYEGAR MULUT | TUSUK GIGI  | PEMBERSIH LIDAH,POLIDENT PEREKAT GIGI FLAVOUR FREE 20 GR :: POLIDENT DAILY CLEANSER 30'S
213,JARUM,,3,3,A005-03-05,"Hobi, Ibadah, dan Olahraga > MENJAHIT",2,2,43,JARUM JAHIT | JARUM PENTUL | JARUM RAJUT / SULAM (HAKPEN),JARUM KARUNG :: JARUM LAYAR PREMIUM
326,LILIN,,3,2,A007-05-05,Alat dan Buku Tulis > DEKORASI & KELENGKAPAN PESTA,2,0,174,LILIN LAINNYA | LILIN ULANG TAHUN,LILIN ULTAH LIDI :: LILIN POHON K.
405,PAKAIAN HAMIL & MENYUSUI WANITA,,3,2,A008-05-08,Fashion > FASHION WANITA,2,2,28,BAJU HAMIL & MENYUSUI WANITA | PAKAIAN DALAM HAMIL & MENYUSUI WANITA,010 CELANA HAMIL BSK KANTOR NEW :: BH 208 MENYUSUI
482,KARAMBOL,,3,2,A010-05-03,Mainan dan Alat Lainnya > MAINAN DENGAN PAPAN (BOARD GAME),2,2,16,KOIN KARAMBOL | PAPAN KARAMBOL,BEDAK CRYSTAL SAKURA KARAMBOL :: KRISTAL KARAMBOL SAKURA YG
840,CAIRAN PEMBERSIH PERALATAN DAN PERLENGKAPAN ANAK & BAYI,,4,2,A002-03-02-01,Keperluan Anak dan Bayi > PERLENGKAPAN ANAK & BAYI > PERLENGKAPAN KEBERSIHAN ANAK & BAYI,2,0,27,CAIRAN PEMBERSIH PERALATAN DAN PERLENGKAPAN ANAK & BAYI KEMASAN BOTOL | CAIRAN PEMBERSIH PERALATAN DAN PERLENGKAPAN ANAK & BAYI KEMASAN REFILL (POUCH),ZWITSAL BABY BOTTLE CLEANER 750 ML :: PIGEON BABY BOTTLES & ACCESSORIES CLEANSER BASIC SLS 450ML
916,DEODORAN,,4,5,A003-01-05-02,Perawatan Diri & Rumah Tangga > Perawatan Diri > FRAGRANCE & DEODORAN,2,2,239,DEODORAN LOTION | DEODORAN POWDER | DEODORAN ROLL-ON | DEODORAN SPRAY | DEODORAN STICK,MARINA DEO FRESH SPARKLE 50ML (36) :: MARINA DEO PINK SWEET ROMANCE 50ML (24)
917,PARFUM (EAU DE TOILETTE),,4,2,A003-01-05-03,Perawatan Diri & Rumah Tangga > Perawatan Diri > FRAGRANCE & DEODORAN,2,2,461,PARFUM LAKI-LAKI | PARFUM WANITA,SPALDING PERFUMED TALC 90 GR :: PARFUM 6ML PERDANA
928,PEREDA NYERI & OBAT LUAR,,4,13,A003-01-10-01,Perawatan Diri & Rumah Tangga > Perawatan Diri > OBAT-OBATAN,2,1,289,BALSEM | BEDAK GATAL | GEL/KRIM PEREDA NYERI | INHALER | KOYO | LOTION GATAL | MINYAK ANGIN | MINYAK KAYU PUTIH | MINYAK TAWON | MINYAK PIJAT / OBAT GOSOK | MINYAK KESEHATAN LAINNYA | OBAT LUAR LAINNYA,KALPANAX KRIM 5 GR :: BETADINE OINTMENT 5GR
943,DETERJEN PAKAIAN,,4,3,A003-02-02-01,Perawatan Diri & Rumah Tangga > Rumah Tangga > BAHAN LAUNDRY,2,0,466,DETERJEN BUBUK | DETERJEN CAIR | DETERJEN KRIM (SABUN COLEK / SABUN KRIM),DAIA PINK DETERGEN BUBUK ISI 6 SACHET @26GR :: DAIA SABUN BATANG 60 GR
1235,ATASAN OLAHRAGA WANITA,,4,2,A008-08-02-01,Fashion > PAKAIAN OLAHRAGA > PAKAIAN OLAHRAGA WANITA,2,2,2,KAUS OLAHRAGA WANITA | JAKET OLAHRAGA WANITA,25106 BLUS WANITA KRAH BHN LACOSTE :: 2596 BLUS WANITA DRIFIT KRAH SLTG
1347,KECAP MANIS,,5,2,A001-05-13-02-04,Makanan dan Minuman > MAKANAN & BAHAN MAKANAN > SAUS > KECAP,2,1,69,KECAP MANIS KEMASAN BOTOL | KECAP MANIS KEMASAN REFILL (POUCH),KECAP MANIS SORGHUM 140 ML :: KECAP MANIS ABC JERIGEN 6 KG
1425,KARBOL,,5,3,A003-02-03-04-02,Perawatan Diri & Rumah Tangga > Rumah Tangga > BAHAN PEMBERSIH RUMAH > PEMBERSIH LANTAI,2,1,61,KARBOL KEMASAN BOTOL | KARBOL KEMASAN REFILL (POUCH) | KARBOL KEMASAN SACHET,SUPERSOL KARBOL WANGI LEMON SACHET ISI 6 @  25ML :: WIPOL KARBOL LEMON REFILL 750ML
1534,HOLDER SIKAT GIGI,,6,2,A003-02-05-01-02-06,Perawatan Diri & Rumah Tangga > Rumah Tangga > Peralatan & Perlengkapan Rumah Tangga > PERALATAN RUMAH TANGGA > PERALATAN DAN PENYIMPANAN DI KAMAR MANDI,2,1,4,HOLDER SIKAT GIGI ANAK | HOLDER SIKAT GIGI DEWASA,TEMPAT SIKAT GIGI 364 L ( WARNA RANDOM ) :: RAK TEMPEL TEMPAT SIKAT GIGI
1538,TEMPAT SABUN BATANG,,6,2,A003-02-05-01-02-10,Perawatan Diri & Rumah Tangga > Rumah Tangga > Peralatan & Perlengkapan Rumah Tangga > PERALATAN RUMAH TANGGA > PERALATAN DAN PENYIMPANAN DI KAMAR MANDI,2,2,25,TEMPAT SABUN BATANG PLASTIK | TEMPAT SABUN BATANG STAINLESS STEEL,LION STAR BATH SOAP CASE 005 MB-10 ( WARNA RANDOM ) :: C SABUN ANGEL
1555,PAPAN CUCIAN (PENGGILESAN),,6,3,A003-02-05-01-04-09,Perawatan Diri & Rumah Tangga > Rumah Tangga > Peralatan & Perlengkapan Rumah Tangga > PERALATAN RUMAH TANGGA > PERALATAN DAN PENYIMPANAN PAKAIAN DAN CUCIAN,2,2,3,PAPAN CUCIAN (PENGGILESAN) PLASTIK | PAPAN CUCIAN (PENGGILESAN) KAYU | PAPAN CUCIAN (PENGGILESAN) KARET,PAPAN CUCI BAJU 5520 ( WARNA RANDOM ) :: PAPAN CUCI ASVITA PG1389 ( WARNA RANDOM )
1684,PISAU MAKAN,,7,2,A003-02-05-01-03-05-08,Perawatan Diri & Rumah Tangga > Rumah Tangga > Peralatan & Perlengkapan Rumah Tangga > PERALATAN RUMAH TANGGA > PERALATAN DAN PENYIMPANAN DI DAPUR > PERALATAN MAKAN,2,2,5,PISAU MAKAN PLASTIK | PISAU MAKAN STAINLESS STEEL,PISAU STEAK IDEAL ID107 :: PISAU ROTI
4,Perbaikan Rumah,Home Improvement,1,3,A004,,1,1,3072,ALAT ALAT PERBAIKAN RUMAH | MATERIAL PERBAIKAN RUMAH | PERLENGKAPAN PERBAIKAN RUMAH,WAKUL PARABOLA SP
102,PRODUK SUSU,,3,5,A001-05-12,Makanan dan Minuman > MAKANAN & BAHAN MAKANAN,1,1,167,KEJU | MARGARIN | MENTEGA (BUTTER) | KRIM  | WHIPPED CREAM CAIR,HILO PLATINUM ORIGINAL 360GR (12)
124,PERALATAN BEPERGIAN ANAK & BAYI,,3,3,A002-02-02,Keperluan Anak dan Bayi > PERALATAN UNTUK ANAK & BAYI,1,1,9,BABY CAR SEAT | BABY WALKER | STROLLER,MMB3019 ON THE GO BLANKET 6IN1 WOODLAND SERIES
127,PERALATAN MENYUSUI ANAK & BAYI,,3,5,A002-02-05,Keperluan Anak dan Bayi > PERALATAN UNTUK ANAK & BAYI,1,1,173,BOTOL SUSU | DOT & EMPENG (PACIFIER) | GIGITAN BAYI (TEETHER) | POMPA ASI MANUAL | POMPA ASI ELEKTRIK,16896S NATURAL FIL SIL NIP SLDL
131,PERLENGKAPAN MAKAN ANAK & BAYI ,,3,5,A002-03-04,Keperluan Anak dan Bayi > PERLENGKAPAN ANAK & BAYI,1,1,92,BIB/SLABER BAYI | BOTOL AIR MINUM ANAK & BAYI | BOTOL FEEDER ANAK & BAYI | KOTAK MAKAN ANAK & BAYI | TATAKAN MAKAN (PLACEMAT) ANAK & BAYI,OK-901 SENDOK BERUBAH WARNA
150,BAHAN PEMBERSIH RUMAH,,3,5,A003-02-03,Perawatan Diri & Rumah Tangga > Rumah Tangga,1,1,641,PEMBERSIH DAPUR | PEMBERSIH KACA | PEMBERSIH KAMAR MANDI | PEMBERSIH LANTAI | PERAWATAN & PEMBERSIH RUMAH TANGGA LAINNYA,KAPORIT
231,PERALATAN & PERLENGKAPAN FITNESS,,3,7,A005-05-05,"Hobi, Ibadah, dan Olahraga > OLAHRAGA",1,1,57,ALAT PUSH UP | BARBEL / DUMBELL | CONE / MANGKOK PLASTIK OLAHRAGA | HAND GRIP BUSA | SARUNG TANGAN OLAHRAGA | SKIPROPE (LOMPAT TALI / ALAT SKIPPING) | TIMBANGAN BADAN,ALAT SIT UP
235,PERALATAN & PERLENGKAPAN TENNIS,,3,1,A005-05-09,"Hobi, Ibadah, dan Olahraga > OLAHRAGA",1,0,6,BOLA TENNIS,BET TENIS MEJA 045
288,LAMPU PERANGKAP NYAMUK,,3,2,A006-03-15,Elektronik > ALAT ELEKTRONIK RUMAH LAINNYA,1,0,35,SETRIKA LISTRIK BIASA | SETRIKA LISTRIK UAP,DINWANG LAMPU ANTI NYAMUK DW-555
369,STAPLER & REFILL,,3,2,A007-08-24,Alat dan Buku Tulis > PERALATAN UMUM,1,1,35,ALAT STAPLER | REFILL STAPLER,HEKTER HD 10 D MAX BIRU
414,PAKAIAN OLAHRAGA WANITA,,3,3,A008-08-02,Fashion > PAKAIAN OLAHRAGA,1,1,116,ATASAN OLAHRAGA WANITA | BAWAHAN OLAHRAGA WANITA | PAKAIAN DALAM OLAHRAGA WANITA,B61.2389.000.01
503,JUS BUAH & SAYURAN,,4,3,A001-02-01-03,Makanan dan Minuman > MINUMAN > MINUMAN DALAM KEMASAN,1,0,102,AIR KELAPA | JUS BUAH | JUS SAYURAN,NUTRIBOOST APEL 300 ML
639,KECAP,,4,5,A001-05-13-02,Makanan dan Minuman > MAKANAN & BAHAN MAKANAN > SAUS,1,1,108,KECAP ASIN | KECAP IKAN | KECAP INGGRIS | KECAP MANIS | KECAP LAINNYA,INDOFOOD KECAP MANIS 135ML (REG/SEASON)
896,ANTI NYAMUK,,4,2,A003-01-03-01,Perawatan Diri & Rumah Tangga > Perawatan Diri > PERAWATAN BADAN,1,1,29,ANTI NYAMUK LOTION | ANTI NYAMUK SPRAY,BAYGON LIQSPRY FRAG FREE 175ML 24X175ML
930,PERTOLONGAN PERTAMA (FIRST AID KIT),,4,6,A003-01-10-03,Perawatan Diri & Rumah Tangga > Perawatan Diri > OBAT-OBATAN,1,1,50,ALKOHOL  | CAIRAN ANTISEPTIC | KASA/PERBAN | PLESTER ANTISEPTIC | SALEP ANTISEPTIC | PERTOLONGAN PERTAMA LAINNYA,TAS P3K MINI PERSEGI
935,POPOK (DIAPERS) DEWASA,,4,2,A003-01-12-01,Perawatan Diri & Rumah Tangga > Perawatan Diri > KEBUTUHAN KHUSUS LANJUT USIA,1,1,142,POPOK (DIAPERS) DEWASA SEKALI PAKAI (DISPOSABLE) MODEL CELANA | POPOK (DIAPERS) DEWASA SEKALI PAKAI (DISPOSABLE) DENGAN PEREKAT,LIFREE PAD REFILL ISI 15 PADS
945,PELICIN PAKAIAN ,,4,3,A003-02-02-03,Perawatan Diri & Rumah Tangga > Rumah Tangga > BAHAN LAUNDRY,1,0,64,PELICIN PAKAIAN KEMASAN REFILL (POUCH) | PELICIN PAKAIAN KEMASAN SPRAY | PELICIN PAKAIAN KEMASAN SACHET,RAPIKA BIANG KOTAK GOLD ISI 4 @22ML
946,PEMUTIH DAN PENGHILANG NODA,,4,3,A003-02-02-04,Perawatan Diri & Rumah Tangga > Rumah Tangga > BAHAN LAUNDRY,1,1,51,PEMUTIH DAN PENGHILANG NODA KEMASAN BOTOL | PEMUTIH DAN PENGHILANG NODA KEMASAN REFILL (POUCH) | PEMUTIH DAN PENGHILANG NODA KEMASAN SACHET,VANISH POWDER PINK TUBE 400 GR ( 12 )
949,PEMBERSIH KAMAR MANDI,,4,3,A003-02-03-03,Perawatan Diri & Rumah Tangga > Rumah Tangga > BAHAN PEMBERSIH RUMAH,1,0,79,ANTI SUMBAT | CAIRAN PEMBERSIH KAMAR MANDI & KLOSET (PORSTEX) | PENGHARUM FLUSH KLOSET,VIXAL BUBUK PEMBERSIH TOILET SACHET 15 GR
950,PEMBERSIH LANTAI,,4,2,A003-02-03-04,Perawatan Diri & Rumah Tangga > Rumah Tangga > BAHAN PEMBERSIH RUMAH,1,1,242,CAIRAN PEMBERSIH LANTAI | KARBOL,PEL BIRU
952,PENGHARUM RUANGAN ELEKTRIK,,4,2,A003-02-04-01,Perawatan Diri & Rumah Tangga > Rumah Tangga > PENGHARUM RUANGAN,1,1,57,PENGHARUM RUANGAN ELEKTRIK ALAT & ISINYA | PENGHARUM RUANGAN ELEKTRIK REFILL SAJA,STELLA ELECTRIC DEVICE SET LAVENDER BLOOM/JASMINE BREEZE
1418,CAIRAN PEMBERSIH DAPUR,,5,2,A003-02-03-01-01,Perawatan Diri & Rumah Tangga > Rumah Tangga > BAHAN PEMBERSIH RUMAH > PEMBERSIH DAPUR,1,0,17,CAIRAN PEMBERSIH DAPUR KEMASAN BOTOL / SPRAY | CAIRAN PEMBERSIH DAPUR KEMASAN REFILL (POUCH),CIF TOTAL FINISH LIMESCALE SPRAY 435 ML
1422,CAIRAN PEMBERSIH KAMAR MANDI & KLOSET (PORSTEX),,5,2,A003-02-03-03-02,Perawatan Diri & Rumah Tangga > Rumah Tangga > BAHAN PEMBERSIH RUMAH > PEMBERSIH KAMAR MANDI,1,0,60,CAIRAN PEMBERSIH KAMAR MANDI & KLOSET (PORSTEX) KEMASAN BOTOL | CAIRAN PEMBERSIH KAMAR MANDI & KLOSET (PORSTEX) KEMASAN REFILL (POUCH),HARPIC POWER PEMBERSIH TOILET 10X 90ML
1423,PENGHARUM FLUSH KLOSET,,5,2,A003-02-03-03-03,Perawatan Diri & Rumah Tangga > Rumah Tangga > BAHAN PEMBERSIH RUMAH > PEMBERSIH KAMAR MANDI,1,1,16,PENGHARUM FLUSH KLOSET CAIR | PENGHARUM FLUSH KLOSET SOLID,DAHLIA CLOSET FRESH REFILL 48 GR
1434,PERALATAN KEBERSIHAN RUMAH TANGGA,,5,14,A003-02-05-01-01,Perawatan Diri & Rumah Tangga > Rumah Tangga > Peralatan & Perlengkapan Rumah Tangga > PERALATAN RUMAH TANGGA,1,1,1346,FLOOR MOP | KEMOCENG | KAIN UNTUK LAP & PEL | MASKER ANTI DEBU | PEMBERSIH KACA (WIPER) | PENGANGKAT DEBU PAKAIAN (LINT ROLLER) | PENGKI | SABUT & SPONS | SAPU | SARUNG TANGAN | SEROK AIR UNTUK LANTAI | SIKAT,ASAHAN PISAU
1437,PERALATAN DAN PENYIMPANAN PAKAIAN DAN CUCIAN,,5,9,A003-02-05-01-04,Perawatan Diri & Rumah Tangga > Rumah Tangga > Peralatan & Perlengkapan Rumah Tangga > PERALATAN RUMAH TANGGA,1,1,356,ALAS SETRIKAAN | GANTUNGAN / JEMURAN BAJU | GANTUNGAN / JEMURAN HANDUK | JEPIT UNTUK JEMURAN | KERANJANG LAUNDRY | LAUNDRY BAG JARING | LEMARI PENYIMPANAN SUSUN | MEJA SETRIKA | PAPAN CUCIAN (PENGGILESAN),KRJ PAKAIAN DX LOVENIA
1832,Perawatan & Suku Cadang Motor,,2,3,A005-02,"Hobi, Ibadah, dan Olahraga",1,1,500,AKSESORIS MOTOR | SUKU CADANG MOTOR | PERAWATAN MOTOR,WIPER WING WRN/CHROME
